source_id,ra,dec,l,b,dist_pc,phot_g_mean_mag,M_G,M_Ks,bp_rp0,A_0,residual,residual_sigma,implied_f,ruwe,cstar_nsigma,side,wise_w1mpro,wise_w2mpro,wise_w3mpro,wise_w4mpro,allwise_designation,tmass_designation,w1w2_colour,w1w2_excess,w1w3_colour,w1w3_excess,w1w4_colour,w1w4_excess,any_ir_excess,ir_measured,ir_no_excess_measured,ir_unknown,abs_sigma,simbad_main_id,simbad_otype,known_contaminant,clean_candidate,unverifiable_no_ir_data
954376436508556160,105.32090185088067,46.21944427635777,170.63103432615324,20.83413332781436,438.6898482329824,15.624899,7.259342019550969,4.652892186983603,1.4960538042402596,0.1976615093695314,5.8095637665533735,58.66067635537773,0.9952790003871542,1.0556129,2.5651822921319694,positive (deficit-like),,,,,,07011700+4613104,,False,,False,,False,False,False,False,True,58.66067635537773,,,False,False,True
3869554328680090368,161.2687461371047,9.90033936351471,236.91793942934729,55.610026261708526,298.4549552800176,14.519261,7.106273823345349,4.467085390540445,1.4997124159872788,0.0491073628005759,5.510259357493712,55.64130310469334,0.993780496329768,0.958653,2.7155863292919906,positive (deficit-like),,,,,,10450454+0954014,,False,,False,,False,False,False,False,True,55.64130310469334,,,False,False,True
5876379515799451520,226.15582991398796,-60.785152230752544,318.48360884227634,-1.999948236857868,407.59177572082,16.109898,7.787247923625693,4.791480648595965,1.7938626017199342,0.3635526989756717,5.422948588666129,54.760514877340015,0.9932596874403204,0.96385044,2.1382970183565853,positive (deficit-like),,,,,,15043745-6047060,,False,,False,,False,False,False,False,True,54.760514877340015,,,False,False,True
1106266477462530432,101.1641974744502,68.97763157999051,146.15746134372864,24.594184710466852,471.7235038803951,15.67515,7.1931468892597845,4.530318217769786,1.537231980638336,0.1457052502156759,4.896960582650729,49.454364792437175,0.9890585409728396,1.0749761,2.0104243315809933,positive (deficit-like),,,,,,06443935+6858397,,False,,False,,False,False,False,False,True,49.454364792437175,,,False,False,True
5253606577783304704,160.30506987051223,-62.22255391285484,288.3869606668688,-3.0861671724509976,436.684435024465,15.187691,6.61183372927273,4.109167779732994,1.377722603058803,0.4743951403574025,4.7356957282707945,47.8275301289584,0.9873065060566606,0.99619883,2.628490229664512,positive (deficit-like),,,,,,10411330-6213213,,False,,False,,False,False,False,False,True,47.8275301289584,,,False,False,True
2251311188142608000,301.1443810858881,70.00755146423916,102.79360589661732,19.45330493574197,345.454728025262,15.833275,8.053306809449442,5.132287666335087,1.821774041509035,0.1175450411451139,4.630105174225742,46.76233601634837,0.9860100100744909,1.0414462,2.510672898660013,positive (deficit-like),,,,,,20043466+7000273,,False,,False,,False,False,False,False,True,46.76233601634837,Gaia DR3 2251311188142608000,HV*,False,False,True
6101124945188819456,223.69570162051303,-41.41551442018462,326.4725803333157,15.749961316503123,413.17071467062806,15.608377,7.42902578822545,4.6756876621762045,1.5739759629474217,0.1272553835205309,4.593407623550076,46.39213230560498,0.9855290706898738,1.0453769,2.6535106845670384,positive (deficit-like),,,,,,14544697-4124557,,False,,False,,False,False,False,False,True,46.39213230560498,,,False,False,True
3031812195872243072,110.8942294315097,-14.558658450023657,229.51528171190785,0.3312569944544677,408.6267591120882,16.224096,8.014693079079056,4.688280956560537,2.1087005495485323,0.2126662867111394,4.581546975305855,46.27248246764607,0.985370122781548,0.9703542,2.949435937346793,positive (deficit-like),,,,,,07233460-1433312,,False,,False,,False,False,False,False,True,46.27248246764607,,,False,False,True
4316796007770848384,294.74172997337723,12.695922046991576,49.67501881430497,-4.505478184679253,446.4301433822576,16.46449,7.991840575895913,4.8433872020153785,1.9094570777412527,0.3041265339766903,4.564953538136264,46.10508840725056,0.985144815290902,1.0528084,1.912550946583956,positive (deficit-like),,,,,,19385800+1241451,,False,,False,,False,False,False,False,True,46.10508840725056,,,False,False,True
1856247142643206272,311.6912338407301,27.39141807763697,70.79410873118943,-9.86257362251181,292.7531227828808,13.867703,6.436644195911613,4.207931841501582,1.273198162810606,0.1214676651370808,4.563893814323001,46.09439794751116,0.9851303089328808,1.188373,2.440885837580797,positive (deficit-like),,,,,,20464589+2723290,,False,,False,,False,False,False,False,True,46.09439794751116,,,False,False,True
4036818355402650624,269.1746198394565,-37.99428456874091,353.35706083011297,-6.589987032104313,412.1542784701229,15.849993,7.554999564102047,4.633236073616304,1.7437448649239018,0.2915437044115223,4.5431885258624565,45.88552366356096,0.984844018688221,0.94288635,2.070094713969948,positive (deficit-like),,,,,,17564191-3759391,,False,,False,,False,False,False,False,True,45.88552366356096,,,False,False,True
5941041244842522624,249.35868539400303,-48.206474220738414,336.69641871337274,-0.7208867064912532,487.304254727088,16.276752,7.541087731879834,4.488761632002381,1.6282000665640184,0.3882743259792121,4.515381093400003,45.60500317937856,0.9844508363613492,1.0120875,2.282779914868698,positive (deficit-like),,,,,,16372614-4812227,,False,,False,,False,False,False,False,True,45.60500317937856,,,False,False,True
3297611675815192832,62.56153901860583,7.531079484957535,184.52101177736628,-30.722630004873725,481.2931468439547,16.99295,8.123029073063833,4.9821014692098,1.8171196478226648,0.6190888282036859,4.375306951621907,44.19193974297241,0.9823096391907238,1.0566096,2.774494989909184,positive (deficit-like),,,,,,04101476+0731519,,False,,False,,False,False,False,False,True,44.19193974297241,,,False,False,True
247627168386556160,62.5491116593617,50.81827319420722,151.73441379960695,-0.590134765591773,405.1717458383384,15.026561,6.681882716478314,4.464805751144549,1.1977012585325135,0.3763240125676869,4.368153977220519,44.11978076730535,0.9821927079866036,1.0327148,2.501065420025706,positive (deficit-like),,,,,,04101178+5049060,,False,,False,,False,False,False,False,True,44.11978076730535,,,False,False,True
4179769572978666496,292.490149222762,-18.02242065169842,20.725552629932185,-16.419206484447713,327.15326771564446,16.56531,8.814400485591138,5.290757197047877,2.2484855747611365,0.2513257805871552,4.360451794835081,44.0420813991619,0.9820659344207914,0.95822215,1.7453590888670534,positive (deficit-like),,,,,,19295764-1801201,,False,,False,,False,False,False,False,True,44.0420813991619,,,False,False,True
3614882554942113152,213.3608049643,-9.765147910798555,334.0453475466472,48.09063150344341,436.2726449813811,13.62102,5.339745096128831,3.744681957523301,0.8729870532249246,0.0954959136423765,4.172831177218992,42.14937064395889,0.9786829550706696,1.00602,0.8477134777393145,positive (deficit-like),,,,,,14132660-0945545,,False,,False,,False,False,False,False,True,42.14937064395889,,,False,False,True
5896740340789443840,211.3315094961672,-53.91534342511797,313.7783804077016,7.393096094226503,403.0345588855446,16.050291,7.7771937129920445,5.028882947152669,1.6317450268403877,0.3220545750552001,4.111848242541679,41.53417676060982,0.9774513692687916,0.9191737,2.9159034343962147,positive (deficit-like),,,,,,14051962-5354549,,False,,False,,False,False,False,False,True,41.53417676060982,,,False,False,True
3041186116610952320,113.80164436587728,-9.82551495529497,226.7061498066395,5.085658050051523,387.0152516539691,15.995198,7.974281890547188,5.011256980736408,1.7639135404538722,0.1089648114944514,4.027991410396018,40.68823173539881,0.9756408063887186,0.9783027,2.4779454209880973,positive (deficit-like),,,,,,07351239-0949320,,False,,False,,False,False,False,False,True,40.68823173539881,,,False,False,True
4414521284099216512,232.0505151431662,-2.122842417692726,1.4871164291724943,42.2537592313796,418.6029833014656,15.246327,6.747623694115718,4.372904415970763,1.2671235782869397,0.4850767359005729,3.989259841041625,40.29750890965397,0.9747561532488892,1.0061897,2.417923342240542,positive (deficit-like),12.926,12.926,11.767,7.719,J152812.06-020722.3,15281212-0207220,0.0,False,1.1590000000000007,True,5.207,True,True,True,False,False,40.29750890965397,,,False,False,False
2024878038445376512,292.3075439873965,26.74582601888288,60.880467587801775,4.286494119344331,408.8104044616284,16.772104,8.220222989614802,5.135692698827442,1.8844818840756812,0.6754051987782016,3.913614967755687,39.53440586126071,0.9729346601755456,1.0300767,1.4342344272313694,positive (deficit-like),,,,,,19291381+2644451,,False,,False,,False,False,False,False,True,39.53440586126071,,,False,False,True
451602136001486976,36.62109187563114,50.81296811979909,137.88156117325812,-9.279181779858982,446.0745894478434,16.410244,7.800301606086419,4.753480132857726,1.88068268932366,0.4933960074044836,3.8997301367228414,39.394336132443286,0.9725863150890376,0.9581548,1.7331445399833891,positive (deficit-like),,,,,,02262901+5048470,,False,,False,,False,False,False,False,True,39.394336132443286,,,False,False,True
3169483764764979328,110.70596650676822,16.178171036596183,201.74329162103768,14.10725123593422,357.5865761385268,16.315617,8.517868799408426,5.365038869532839,1.9122784776549335,0.0416316260425026,3.861959156699856,39.013303700973815,0.971615855522,1.0590122,2.5992499113632763,positive (deficit-like),13.022,13.03,11.739,8.299,J072249.42+161041.2,07224942+1610415,-0.007999999999999119,False,1.2829999999999995,True,4.723000000000001,True,True,True,False,False,39.013303700973815,,,False,False,False
188900122041560960,78.16002255813683,40.08242595983041,166.9709630520898,0.5193111982260641,473.0896090963057,15.787093,7.067751145488374,4.49200274692026,1.444802423223098,0.4398388013176459,3.850517339732014,38.8978790194582,0.97131515314719,1.0314301,1.420486259705413,positive (deficit-like),,,,,,05123836+4004572,,False,,False,,False,False,False,False,True,38.8978790194582,,,False,False,True
5964154864715439872,254.0616464523235,-44.50994347592352,341.6136010998111,-0.7977641330930593,446.8353339634672,16.150612,7.41982299945986,4.404391728066108,1.6472673233140172,0.6341634198779045,3.845956118488689,38.85186556627915,0.9711943934772018,0.99887854,1.2499515445681757,positive (deficit-like),,,,,,16561481-4430354,,False,,False,,False,False,False,False,True,38.85186556627915,,,False,False,True
1795749470255029760,330.35826457032005,25.18320460760964,81.09549636925686,-23.563265236753445,237.4608861954803,13.931167,6.955420133868414,4.479121094846558,1.4268110349011875,0.1233481304220642,3.8424043087041326,38.816035023425805,0.9711000063084848,1.0507361,2.5646809033770386,positive (deficit-like),,,,,,22012597+2510598,,False,,False,,False,False,False,False,True,38.816035023425805,,,False,False,True
5934447679778426112,246.49563011304787,-51.053278480494725,333.35110899561806,-1.3140233661911955,446.1136848266953,14.084309,5.598326831753422,3.7743887177935793,1.0416253709068397,0.2854724917902895,3.79018721902318,38.28927070242367,0.9696761329535522,1.0380036,1.3918648518097787,positive (deficit-like),,,,,,16255896-5103114,,False,,False,,False,False,False,False,True,38.28927070242367,,,False,False,True
6467154191433808000,321.3906225703178,-48.54807193286501,350.1630595900577,-45.13566792049519,466.44162642177264,13.924696,5.507300489579952,3.732374343714215,0.9330273504875471,0.0857629204974596,3.782473847161625,38.2114584552051,0.9694599367214568,1.1763374,2.74239721291595,positive (deficit-like),,,,,,21253370-4832531,,False,,False,,False,False,False,False,True,38.2114584552051,,,False,False,True
2946416765573531776,102.29411388391672,-16.427879469107573,227.3945358701823,-7.896224031186397,424.64045030509806,16.937191,8.621548494929769,5.279871599081087,2.070591059782965,0.2433138602531437,3.780207792019125,38.18859856382115,0.9693961295671426,0.91439843,1.57344712433388,positive (deficit-like),,,,,,06491059-1625403,,False,,False,,False,False,False,False,True,38.18859856382115,,,False,False,True
1790246547704609792,321.0484882442475,20.29575510094476,70.79521903986524,-20.972179954693907,461.2959592501204,14.146692,5.682312045538821,3.7817695657051584,1.0291346103117762,0.1718077799351721,3.769051990688799,38.07605919885636,0.969080057674653,0.9617183,2.8565339145143462,positive (deficit-like),,,,,,21241165+2017448,,False,,False,,False,False,False,False,True,38.07605919885636,,,False,False,True
3841578316169230976,137.79486027400824,-2.1741206297821853,232.7171836944325,29.471354920996145,479.1140191635837,15.231876,6.78690010070647,4.423571856919632,1.2910267781702658,0.0527637433982857,3.76754106195996,38.06081699844281,0.9690369990102276,0.9886314,2.0254010492097096,positive (deficit-like),,,,,,09111077-0210267,,False,,False,,False,False,False,False,True,38.06081699844281,,,False,False,True
1978270152830139648,323.44397962811735,47.521309067680114,92.02558866083898,-3.1359800703527574,456.8287483703204,16.884535,8.491184205380582,4.99205399174395,2.3707876598723208,0.1358894378168453,3.70838716374761,37.46407437611654,0.9673032485508783,1.0689944,2.8055532853525484,positive (deficit-like),13.388,13.244,12.691,8.577,J213346.57+473116.3,21334660+4731174,0.14400000000000013,False,0.6969999999999992,True,4.811,True,True,True,False,False,37.46407437611654,,,False,False,False
1811750727401219328,309.0330087758497,16.763888340693132,60.53391710139442,-14.144241580433292,412.62238529608646,14.872657,6.688589922649877,4.2575306668771296,1.347453311508835,0.1325429806076025,3.68912335346861,37.26974167769285,0.9667179452991036,1.0628945,1.793884132150645,positive (deficit-like),,,,,,20360793+1645508,,False,,False,,False,False,False,False,True,37.26974167769285,,,False,False,True
4517212307202757376,283.70384160033296,17.73985310426522,49.181468355835165,7.26419367796277,447.4241889501851,16.435482,7.908380044068118,4.933337675731744,1.706125934169311,0.36170067803839,3.6831284051650135,37.20926483204937,0.966533668443191,1.0283788,1.1793624830170517,positive (deficit-like),,,,,,18544892+1744242,,False,,False,,False,False,False,False,True,37.20926483204937,,,False,False,True
103108523962872448,36.10659954851753,25.202658788450183,148.15734589263633,-33.07396723562503,448.2325793685128,17.089594,8.633134811261497,5.449789522181565,1.97525796797034,0.2724581573797632,3.6569531349823023,36.94520954844224,0.9657170474619836,1.0252233,2.712464813589875,positive (deficit-like),,,,,,02242557+2512095,,False,,False,,False,False,False,False,True,36.94520954844224,,,False,False,True
2023433967337050112,289.5126952286449,24.70133011959888,57.886256799906654,5.559046602547007,454.546094449251,14.674728,5.93053858801781,3.951138711781783,1.118019577123313,0.556589734871123,3.6366274609188176,36.74016480231829,0.965069203625678,0.9593185,1.2773752410693875,positive (deficit-like),,,,,,19180304+2442047,,False,,False,,False,False,False,False,True,36.74016480231829,,,False,False,True
339804760056394240,36.04850968466403,43.59075299923799,140.2041857666999,-16.148290437588212,460.776293900167,15.757447,7.282670050620028,4.5539825307665645,1.6042166548152037,0.2041669255148537,3.622164770269531,36.59426564427858,0.9646007905465596,1.0660678,2.092762787067613,positive (deficit-like),,,,,,02241165+4335267,,False,,False,,False,False,False,False,True,36.59426564427858,,,False,False,True
1770819143605826048,324.3737118339752,14.545566050963714,68.38336461066156,-27.159055614361623,455.9936386633565,14.203275,5.729513590699678,3.890858095331104,1.0301567484096303,0.2131256930454744,3.6191467006759512,36.56381945530265,0.9645022528860412,1.0535052,0.9502578961154654,positive (deficit-like),,,,,,21372968+1432440,,False,,False,,False,False,False,False,True,36.56381945530265,,,False,False,True
5924916593251413376,260.98825277025605,-52.57914066848947,337.7763842105452,-9.246024980077843,422.2479975790978,16.04405,7.635940230535832,4.578226453965617,1.922460348947211,0.3821533232343105,3.598989249824627,36.36047173953164,0.9638370566116204,1.0290678,1.5922265925443264,positive (deficit-like),,,,,,17235719-5234446,,False,,False,,False,False,False,False,True,36.36047173953164,Gaia DR3 5924916593251413376,*,False,False,True
337752860905497472,41.83083517137982,44.47688126721436,143.76647565849925,-13.65629010132357,447.2956398335125,15.167488,6.681726624362381,4.406208316948576,1.2600456371728943,0.2877760616555279,3.5908534503945235,36.27839805659004,0.9635650572648856,1.0270185,1.3528258884138238,positive (deficit-like),,,,,,02471942+4428368,,False,,False,,False,False,False,False,True,36.27839805659004,,,False,False,True
6373005725167786368,304.67671631659744,-73.3836004004155,321.19743011174216,-32.10873255332246,398.000631977489,16.166422,8.081993725865072,5.078608680617379,1.8200620958879372,0.1134950044236905,3.5872478958287584,36.24202533811269,0.9634438615808384,1.0415016,2.028363502669417,positive (deficit-like),,,,,,20184236-7323005,,False,,False,,False,False,False,False,True,36.24202533811269,,,False,False,True
5672939524935429248,152.65887696472433,-17.60015793051776,257.26443097631653,30.66826099902587,374.2699780830928,15.83576,7.9170287573437585,4.837357493666216,1.8656122936240749,0.07087316341017,3.558100264276372,35.94798496862205,0.9624491851391688,0.9604873,2.1555772448554493,positive (deficit-like),,,,,,10103814-1736004,,False,,False,,False,False,False,False,True,35.94798496862205,,,False,False,True
4086513192918075776,284.23103882657574,-18.80679250251616,16.640192654620105,-9.622995868012229,413.68278579367626,16.381756,7.882676459341865,5.01430529753949,1.7277877754240176,0.5542903459794283,3.538321458574983,35.74845701294348,0.9617588549340282,1.0257739,1.0934487664646062,positive (deficit-like),,,,,,18565543-1848240,,False,,False,,False,False,False,False,True,35.74845701294348,,,False,False,True
4042981397244478976,271.6125553105746,-32.399350660857266,359.2475290137504,-5.610394148487911,465.6173794402827,16.1071,7.473943568025377,4.608849993673325,1.5997942854076657,0.381865046860992,3.527958491850572,35.64391573797956,0.9613921093328536,0.9247849,2.008593070592152,positive (deficit-like),,,,,,18062700-3223574,,False,,False,,False,False,False,False,True,35.64391573797956,,,False,False,True
2938119992566908032,95.40082255714393,-21.40325403171255,229.2161081248977,-15.90031604175412,334.6506419448601,16.178444,8.517657387280238,5.2409119518637,2.1048707170014693,0.0524285734258027,3.486687848567234,35.22757881611548,0.9598963102333972,0.9593391,2.913241707469157,positive (deficit-like),,,,,,06213618-2124116,,False,,False,,False,False,False,False,True,35.22757881611548,,,False,False,True
2055199339287050112,302.5749101300218,33.07984617863706,70.85886997016323,-0.1542437434495095,442.91737235620326,17.30029,8.949923049002836,5.563653195362824,2.0663126214537533,0.1641943834769304,3.474403161814153,35.10365129131949,0.95943997568175,0.9901718,2.300113241193693,positive (deficit-like),,,,,,20101796+3304473,,False,,False,,False,False,False,False,True,35.10365129131949,,,False,False,True
6267677940068286848,236.68826310338292,-12.127491115917826,356.0187999855653,32.13547691627268,421.4729699556726,16.4872,7.939125686542969,5.069665371204053,1.6551167210826456,0.5599335571479813,3.4601377603308467,34.95974238003986,0.958903544407195,1.0243614,1.8464758427979813,positive (deficit-like),13.436,13.439,12.049,8.381,J154645.19-120738.4,15464518-1207388,-0.0030000000000001137,False,1.3870000000000005,True,5.055,True,True,True,False,False,34.95974238003986,,,False,False,False
277447534343742976,69.09750920997898,56.5169529709448,150.4042454261708,6.167985199634406,399.7370046828648,13.774183,5.27072177399322,3.52060909020012,0.9678277470731036,0.5902989139184031,3.4460741294187693,34.81786892379231,0.9583677560527488,0.90698564,1.7742817368898345,positive (deficit-like),,,,,,04362340+5631012,,False,,False,,False,False,False,False,True,34.81786892379231,,,False,False,True
5876825535199686656,231.0437413943042,-58.876251682649816,321.57480397086886,-1.6477565961395575,489.2510809992292,16.68794,7.909553687090733,4.578729681846392,2.121227456228869,0.4639184673891368,3.439509315421235,34.751643291359606,0.9581152675833116,1.0144807,1.684883719824836,positive (deficit-like),,,,,,15241052-5852345,,False,,False,,False,False,False,False,True,34.751643291359606,,,False,False,True
2873546327496842624,0.7728010736042082,31.56267608418587,111.01990541829024,-30.188317707608505,414.8318607936537,14.129247,5.918130458683275,4.069576969301521,1.0285154025320258,0.1446455031737183,3.429398689965393,34.6496476269958,0.9577234055911676,1.0078063,2.9674691670499898,positive (deficit-like),,,,,,00030545+3133460,,False,,False,,False,False,False,False,True,34.6496476269958,,,False,False,True
4546836552041335552,258.82129025128273,16.205223593618772,37.49640175643817,28.38434819378007,399.4450388703252,16.033892,7.929917549689271,4.945856538940901,1.7775442964070438,0.128367234189772,3.404668787818313,34.40017316963806,0.9567494179600704,0.9639822,2.4060568589812137,positive (deficit-like),,,,,,17151713+1612187,,False,,False,,False,False,False,False,True,34.40017316963806,,,False,False,True
2584366312600514304,15.510541269095832,12.20588059241362,127.01459451591208,-50.58178915271167,436.8191079196053,14.544378,6.199649484290811,4.201067047438436,1.104130990475401,0.172291085029719,3.3575743530951487,33.9250860270665,0.954832117586178,0.9882364,1.6371445655293233,positive (deficit-like),,,,,,01020253+1212216,,False,,False,,False,False,False,False,True,33.9250860270665,,,False,False,True
6741791850793753856,295.667239678105,-33.52157464954058,6.324113222707839,-24.600979804850144,244.904879810584,15.650838,8.442203878718654,5.209963108287463,1.9823604682480973,0.3622256655437302,3.3434826378868845,33.782929257342424,0.9542420650803126,1.0089504,2.605169795078437,positive (deficit-like),11.864,11.862,11.692,8.21,J194240.20-333117.6,19424021-3331173,0.002000000000000668,False,0.1720000000000006,False,3.654,True,True,True,False,False,33.782929257342424,,,False,False,False
5844913554551454976,194.00347283639323,-69.34890071284133,303.33795037814696,-6.4807583482305295,339.65756822833663,14.516374,6.573561782078958,4.341261983229329,1.301299912720112,0.3585015036299097,3.34242202781702,33.77222985707493,0.954197344237288,1.0360969,1.756731711443025,positive (deficit-like),,,,,,12560086-6920559,,False,,False,,False,False,False,False,True,33.77222985707493,,,False,False,True
6332436597959488128,223.6975436497037,-8.363634693943311,347.3922872267714,43.60707985760105,392.2075649570288,14.063883,5.954063044686127,4.120557784440065,1.0390147349455894,0.1693873167859746,3.3187014322944925,33.532937252478696,0.9531856606957878,1.0868263,1.865697244413412,positive (deficit-like),,,,,,14544739-0821490,,False,,False,,False,False,False,False,True,33.532937252478696,,,False,False,True
2825189599949357440,349.3192944788476,19.257186681314515,94.21388486394255,-38.30759324545594,406.5608887410462,16.006626,7.760229930355211,4.844631134674642,1.7684551259542112,0.2671857446521584,3.3165081855263567,33.510811849633264,0.9530909975789384,1.0141388,1.7556142944490685,positive (deficit-like),,,,,,23171661+1915260,,False,,False,,False,False,False,False,True,33.510811849633264,,,False,False,True
6638863994632211328,290.5001418561235,-57.557344814226575,339.4310907034525,-26.63453761019078,411.8636043268528,15.94799,7.768102800239548,5.026725798966014,1.5691761839915002,0.1367576750763614,3.313775467395274,33.48324427703193,0.9529727823646564,0.991658,2.282299378118181,positive (deficit-like),,,,,,19220006-5733265,,False,,False,,False,False,False,False,True,33.48324427703193,,,False,False,True
6721251019392734720,275.6784838653852,-43.35363022857226,350.80730666898137,-13.42295681147715,404.7658742223071,13.438812,5.264796607853144,3.560499560230307,0.9586215996725024,0.1622620049817184,3.31320005795532,33.47743956511122,0.9529478526657092,1.1241777,1.7529553381844307,positive (deficit-like),,,,,,18224284-4321127,,False,,False,,False,False,False,False,True,33.47743956511122,,,False,False,True
2052755532954759680,291.52223708426976,38.81405087175167,71.36960792539352,10.44897804750388,212.55813654601877,14.245025,7.576912602981652,4.712804055667479,1.7098624163777087,0.0403017167082385,3.2956271729510678,33.30016486646615,0.9521801067536548,1.04672,2.61261691272776,positive (deficit-like),,,,,,19260531+3848508,,False,,False,,False,False,False,False,True,33.30016486646615,2MASS J19260531+3848508,*,False,False,True
3792249452837644288,174.75501388054283,-3.658979243072649,270.566685960829,54.59743468510965,405.5901522289048,15.152072,7.078325081280336,4.502403514143503,1.452584249266407,0.0420797758896811,3.290568704957686,33.24913520406778,0.9519567930496406,0.9923709,2.266391369434338,positive (deficit-like),,,,,,11390122-0339326,,False,,False,,False,False,False,False,True,33.24913520406778,,,False,False,True
4515460785155851136,291.57594022170224,18.72194994033708,53.49088642612504,1.0670925844050518,361.1593456625241,14.6834755,6.554469158548084,4.036395026424536,1.4335419947665806,0.4337978205387736,3.289468398679507,33.23803534972774,0.9519080804462802,1.0733273,2.805204684380773,positive (deficit-like),,,,,,19261823+1843189,,False,,False,,False,False,False,False,True,33.23803534972774,,,False,False,True
6115278619068624512,206.0987683666186,-37.91360659605096,314.31984928829587,23.784295668662484,251.1812915957248,15.241919,8.183460176938473,5.231008384777755,1.7922329589092196,0.0777523245379116,3.2804729320914685,33.147289372150325,0.9515079774329364,1.0222379,2.614694696797882,positive (deficit-like),,,,,,13442368-3754490,,False,,False,,False,False,False,False,True,33.147289372150325,,,False,False,True
5889195388972237696,235.04555724618533,-51.62577058236327,327.60574008704754,2.975338404452546,419.3963063535704,14.770839,6.446757207699457,4.198352460433415,1.2576355628723803,0.2604830250431499,3.2719742401236447,33.061554840961584,0.9511269125620608,1.0135207,-0.1938270214774961,positive (deficit-like),,,,,,15401091-5137329,,False,,False,,False,False,False,False,True,33.061554840961584,,,False,False,True
3284919390324660736,64.72041438212716,5.453161310925022,187.94345509465944,-30.252483030921997,156.45339615799602,12.981445,6.808742127304285,4.400028398336925,1.3925112541502478,0.2529211078714929,3.227186556076384,32.60973812500586,0.9490686897379218,0.8250444,1.1508164784717436,positive (deficit-like),,,,,,04185288+0527113,,False,,False,,False,False,False,False,True,32.60973812500586,,,False,False,True
1932690894716372480,341.47959040645526,40.9497287942532,98.78618927379948,-15.963497535552376,452.9865114499567,15.950453,7.458650583299263,4.734371594574314,1.5960671009711964,0.2745172724481439,3.2182986989061595,32.52007770777382,0.9486500539232724,1.0256462,2.3954288045888146,positive (deficit-like),,,,,,22455512+4056591,,False,,False,,False,False,False,False,True,32.52007770777382,,,False,False,True
106561716322449024,35.51601547516811,26.943667885332797,146.73709055140492,-31.704903838681805,388.0471270241404,14.931154,6.780673691105572,4.318167278889401,1.4011757426880025,0.2599600064181628,3.209336444365889,32.42966677226594,0.948224429412458,1.0948957,1.0182840755183564,positive (deficit-like),,,,,,02220381+2656373,,False,,False,,False,False,False,False,True,32.42966677226594,,,False,False,True
6026492398005786752,254.57912745453655,-33.22380878852743,350.7160854228537,5.9061347557078525,406.64037039802525,16.107927,7.668843740451019,4.835619647086486,1.6501543877191684,0.5178143824816784,3.1927562423693487,32.26240622787043,0.9474277003647228,0.96716136,2.866184778775989,positive (deficit-like),,,,,,16581899-3313255,,False,,False,,False,False,False,False,True,32.26240622787043,,,False,False,True
5684425568860558720,147.43003740721895,-17.095365736542053,252.74058427051037,27.577224522139392,295.1935552439637,14.971503,7.567987551856871,4.726995116148901,1.7079692842628964,0.0695352362722874,3.191174267283814,32.24644731409592,0.9473510439103986,0.96636283,2.4075534596154218,positive (deficit-like),,,,,,09494323-1705433,,False,,False,,False,False,False,False,True,32.24644731409592,,,False,False,True
3885664368756957184,159.9450626540972,14.398043396399531,228.7856325498346,56.829629479877696,449.04944146264825,14.394118,6.080425047089063,4.027343450925486,1.125037196231337,0.062810872047307,3.190758912136128,32.24225722472705,0.9473308988712608,1.0166421,1.0712788996331972,positive (deficit-like),,,,,,10394684+1423530,,False,,False,,False,False,False,False,True,32.24225722472705,,,False,False,True
5929263551146814720,252.94537633094868,-55.34440892193085,332.709669248628,-7.047977053160362,481.65282735317487,15.434182,6.717117309917802,4.365663735176808,1.2351859405311278,0.3746258677267429,3.1905579530919623,32.24022995635388,0.9473211494387912,1.0191575,2.8526705542939936,positive (deficit-like),,,,,,16514688-5520399,,False,,False,,False,False,False,False,True,32.24022995635388,,,False,False,True
1770174864151411968,324.3068805402997,13.557796777012804,67.49865440421046,-27.76207657342599,483.8887147238418,13.676774,5.005909629777422,3.56083354095901,0.8250266422004705,0.2857482232608828,3.190432881573813,32.23896823890203,0.9473150807424648,0.9892103,1.3677147926563455,positive (deficit-like),,,,,,21371363+1333280,,False,,False,,False,False,False,False,True,32.23896823890203,,,False,False,True
5245542965643916800,154.21420465702568,-65.39853614321687,287.74059638238094,-7.193292258209036,450.4779795134527,15.832134,7.204881284637976,4.493089187671604,1.5755212854620575,0.4671737630933186,3.179765622994025,32.13135727748942,0.94679490509066,0.9507392,1.0586672807198771,positive (deficit-like),,,,,,10165146-6523547,,False,,False,,False,False,False,False,True,32.13135727748942,,,False,False,True
637233714910216448,138.04323945474542,21.620387248607823,206.6480055204917,40.14639121280832,281.7646152424419,14.189104,6.891226880305486,4.486813729916963,1.384402587773416,0.0606109705304717,3.178873121151413,32.12235374761081,0.946751151214196,1.0693213,2.9698668098649423,positive (deficit-like),,,,,,09121039+2137139,,False,,False,,False,False,False,False,True,32.12235374761081,,,False,False,True
4468235970474851328,271.00227066152814,1.9535921447195743,29.22912829353844,11.437975997710993,473.4193993486308,15.533592,6.792850625527688,4.415883681435555,1.3400661835693413,0.4583293124206824,3.176968949223049,32.10314452245015,0.94665768106165,0.98244476,1.8987304183084537,positive (deficit-like),,,,,,18040054+0157131,,False,,False,,False,False,False,False,True,32.10314452245015,,,False,False,True
2826625733934123520,355.9355650608122,21.298035674711496,102.54254155996549,-38.87857439955801,273.79353887572535,13.982487,6.722488001181765,4.368275736570301,1.3496917601629603,0.090791758534405,3.1741163811320847,32.07436790730882,0.9465173498644974,1.0256507,2.8583288332724472,positive (deficit-like),,,,,,23434453+2117529,,False,,False,,False,False,False,False,True,32.07436790730882,,,False,False,True
3655237414820900480,220.8121346268555,1.3304452903581432,353.7451180688415,52.8003094446257,464.3598935374576,15.490379,7.078965242969482,4.639016310722427,1.374875165096219,0.0964766956996065,3.1491493135931363,31.82250093310696,0.945273238900518,0.95697194,0.925617456552742,positive (deficit-like),,,,,,14431491+0119498,,False,,False,,False,False,False,False,True,31.82250093310696,,,False,False,True
6203260852331399040,222.40384748435176,-34.67616107340789,328.9006066445193,22.16751503513836,306.7079591032618,15.119598,7.547941420934069,4.611045425872787,1.7344824096683116,0.1824023260143872,3.1341480265376296,31.67116843184666,0.9445118480399108,0.99502593,0.9952980510295096,positive (deficit-like),11.885,11.883,11.562,7.72,J144936.93-344034.6,14493693-3440345,0.002000000000000668,False,0.3230000000000004,False,4.165,True,True,True,False,False,31.67116843184666,,,False,False,False
5987180287466643456,235.35925309490665,-46.379745725814175,330.9410614670563,7.040821002120583,389.6509141489779,13.339637,5.219664405379955,3.644081608468168,0.8730705462259196,0.1934896826799781,3.1076820120852537,31.4041801293997,0.9431426431505584,1.0115764,1.1813384239591709,positive (deficit-like),,,,,,15412624-4622469,,False,,False,,False,False,False,False,True,31.4041801293997,,,False,False,True
1820777619119297152,297.6902055315508,16.98957785292346,54.83343975013828,-4.854505080793648,479.0361658620826,15.398695,6.821578517795302,4.426425392774037,1.3857266115861666,0.2203630390489022,3.1054329585501863,31.381491749684628,0.9430247436329348,0.9770719,0.237010600666807,positive (deficit-like),,,,,,19504564+1659223,,False,,False,,False,False,False,False,True,31.381491749684628,,,False,False,True
735096816785808384,161.62109733702894,30.423302437535494,198.57215778385165,62.50864951228642,459.8596685249624,16.287693,7.9484095400323795,5.007157001357158,1.7863088744498443,0.0346830069797381,3.0836488991023243,31.161734858715867,0.9418700550334168,1.0350732,2.7246362648782667,positive (deficit-like),,,,,,10462911+3025238,,False,,False,,False,False,False,False,True,31.161734858715867,,,False,False,True
6246480249236995968,244.4797820364549,-17.262492024288235,357.40731814651593,23.10165145049676,367.1012376415011,16.644444,8.390727101570585,5.313936910309496,1.8669025712954284,0.5845688057507423,3.0768849695535145,31.09350055500697,0.941506786186409,1.0354229,1.940983133276116,positive (deficit-like),,,,,,16175516-1715448,,False,,False,,False,False,False,False,True,31.09350055500697,,,False,False,True
1858072057073844352,311.80699242742907,28.624414594467183,71.84548078292481,-9.187573625906358,410.2145469270225,16.11336,7.956920613189198,5.07843156611233,1.7848215105334675,0.1214261108119037,3.065307471732672,30.97670712941081,0.9408797199336444,1.0438379,1.5614686702869978,positive (deficit-like),,,,,,20471367+2837279,,False,,False,,False,False,False,False,True,30.97670712941081,,,False,False,True
1769207122120170752,326.9116093904884,14.905070923505548,70.55512452710505,-28.731866990836416,481.1063253979996,15.275344,6.652917889416116,4.328614103977096,1.3353469120063253,0.2638990016542583,3.048621876602577,30.808383382474247,0.939964142127097,0.98513275,0.3432722028626276,positive (deficit-like),,,,,,21473884+1454190,,False,,False,,False,False,False,False,True,30.808383382474247,,,False,False,True
3331410281002253568,97.11503776176473,12.263152206584056,199.4201450341737,0.5617469234841418,473.4817300292164,15.894871,7.471104592442648,4.757720471171153,1.5609881828685206,0.0606881264391895,3.044794154467704,30.76976944470635,0.9397521144410376,1.0764828,1.8986549086546445,positive (deficit-like),,,,,,06282760+1215471,,False,,False,,False,False,False,False,True,30.76976944470635,,,False,False,True
1972571006107634816,321.5509294654245,47.95775396392689,91.39813830087353,-1.9451006336729977,437.56551611672,15.385087,7.066985949631142,4.34761908066299,1.559810378039732,0.1453115400478717,3.039189846283069,30.713233364016983,0.939440325402438,1.0727586,1.0356825586742138,positive (deficit-like),,,,,,21261221+4757280,,False,,False,,False,False,False,False,True,30.713233364016983,,,False,False,True
1995725449663093504,350.5201504534941,53.825412531925565,109.87486859019334,-6.765608053150897,295.3927874332184,15.924384,8.455471588678042,5.29192609107453,2.0243856224953727,0.1607330409116456,3.024931218239942,30.569392782984004,0.9386397692501725,1.0273374,2.417067119985722,positive (deficit-like),,,,,,23220484+5349316,,False,,False,,False,False,False,False,True,30.569392782984004,Gaia DR3 1995725449663093504,Em*,True,False,True
1530609662920165504,192.40199694302677,45.69867498182105,123.93507400797029,71.42601055185887,429.32670096167504,16.040524,7.850639768133064,4.692333305719893,1.8588200101260968,0.0347546846949571,3.0240831068852074,30.56083706291916,0.9385918196295724,1.0080093,2.9032448626024703,positive (deficit-like),,,,,,12493646+4541554,,False,,False,,False,False,False,False,True,30.56083706291916,,,False,False,True
6199072194066681088,224.93104141721895,-36.8870678919427,329.66311416340204,19.238142190416788,292.8612656404986,15.715657,8.271272772935202,5.170774046325769,1.8665385076869496,0.149401491841701,3.003648794882768,30.354696380761663,0.93742513036671,0.94124925,1.097060678027945,positive (deficit-like),,,,,,14594345-3653133,,False,,False,,False,False,False,False,True,30.354696380761663,,,False,False,True
474009809317830272,55.5914807299994,59.127749734083565,143.34203982385364,3.2063663139230703,298.7325026661755,15.560364,7.7524957478604115,4.752452273694875,1.8372391167825213,0.5844671772437897,3.0015390121088688,30.33341296000525,0.9373034178057744,1.0236567,2.607439978028041,positive (deficit-like),,,,,,03422192+5907405,,False,,False,,False,False,False,False,True,30.33341296000525,,,False,False,True
5958282205653440128,263.62605288874823,-44.65596952235367,345.4547354412718,-6.427070128320041,428.3898354885805,16.466843,8.099677218286892,4.822245028663101,2.185757529637369,0.292980517895985,3.0008338617909898,30.32629942628149,0.9372626851909608,1.1212263,2.400355023544306,positive (deficit-like),,,,,,17343025-4439215,,False,,False,,False,False,False,False,True,30.32629942628149,Gaia DR3 5958282205653440128,Em*,True,False,True
2785330276216682368,16.233014959661105,18.67675899252068,127.38250675678938,-44.07834999203757,461.58005005754825,15.850246,7.426850370031611,4.64996006218468,1.648779049620526,0.1331740470505014,2.999461475922605,30.312454841787616,0.9371833342008172,1.0803837,2.0563714058882425,positive (deficit-like),,,,,,01045593+1840366,,False,,False,,False,False,False,False,True,30.312454841787616,,,False,False,True
2444056091886936448,3.678722948850974,-5.215332777638769,99.54379171221169,-66.4051209450341,305.55379597057527,14.170907,6.691091327109641,4.321358493782958,1.387945873468629,0.0680842780606398,2.9931315573372164,30.24859882671661,0.936816038974356,1.097548,2.349689442589672,positive (deficit-like),,,,,,00144289-0512543,,False,,False,,False,False,False,False,True,30.24859882671661,UCAC4 424-000342,EB?,True,False,True
546626122762230784,37.41842031962637,72.50963474125074,130.24400833138162,11.047260379784904,216.45997790634485,13.594608,6.799361148055485,4.363225945653033,1.4067181625160643,0.1489630926053212,2.992288549115964,30.240094586898177,0.9367669614156652,0.99283594,2.687110167793166,positive (deficit-like),,,,,,02294035+7230348,,False,,False,,False,False,False,False,True,30.240094586898177,,,False,False,True
3555894310162482944,162.3041131768479,-18.54474098930565,266.5987533949087,35.56205972865369,391.7867798309403,14.317457,6.296628984342005,4.256744366283312,1.1431555263661672,0.0670439738375691,2.987136301037987,30.18811887402309,0.9364661825238958,1.0947007,0.6789863232616756,positive (deficit-like),,,,,,10491297-1832403,,False,,False,,False,False,False,False,True,30.18811887402309,,,False,False,True
2072337083455496704,299.8012870713735,38.33796109714297,74.10684926461747,4.555611408284486,469.41192205210575,13.762408,5.267446271513604,3.663163969780973,0.9111895237701106,0.1601177381911598,2.9841940598732783,30.15843763979839,0.9362937784676308,1.2035613,1.969035528398712,positive (deficit-like),,,,,,19591231+3820169,,False,,False,,False,False,False,False,True,30.15843763979839,,,False,False,True
5943838299365421440,247.9424197415694,-45.26896372083709,338.2020179292255,1.981706553793783,235.4099164178984,13.712871,6.358341896721845,4.423066179414606,1.1968180270358535,0.6125124914135405,2.9796850517126274,30.11295091051779,0.9360286595838664,0.96827585,0.2109511439363952,positive (deficit-like),,,,,,16314618-4516077,,False,,False,,False,False,False,False,True,30.11295091051779,,,False,False,True
5523185525850945152,129.0189092635101,-44.113502347098745,262.7787716147664,-2.0456459646447898,444.2883830607647,16.549982,8.25247030426231,4.9178867172827845,2.06855893487107,0.081694048302973,2.978725618511218,30.10327217924465,0.9359721050047344,1.0265108,2.548663398953842,positive (deficit-like),,,,,,08360455-4406487,,False,,False,,False,False,False,False,True,30.10327217924465,Gaia DR3 5523185525850945152,*,False,False,True
3005017131854321664,94.02530155381112,-8.615474013717481,216.6848150806616,-11.738506240616946,491.06169755364095,16.490065,7.923008546082648,4.945668109390396,1.778363880984497,0.1479601038084636,2.969826848066619,30.01350166925177,0.9354451714227584,0.97796136,2.0763717727676285,positive (deficit-like),13.754,13.791,11.515,8.008,J061606.08-083656.8,06160608-0836558,-0.03700000000000081,False,2.238999999999999,True,5.746,True,True,True,False,False,30.01350166925177,,,False,False,False
3081982705282814592,116.05169053737734,-2.1401219002981557,220.9602209212494,10.71606126066742,389.9158041850895,16.23228,8.207443171967268,4.839189360569314,2.190303198102855,0.0981957673232451,2.9686335067466816,30.00146328040319,0.9353741796892878,1.0303391,2.370426457232251,positive (deficit-like),13.004,12.913,12.278,8.294,J074412.36-020824.5,07441241-0208244,0.0909999999999993,False,0.7259999999999991,True,4.709999999999999,True,True,True,False,False,30.00146328040319,,,False,False,False
1810048996939561600,304.19457634242355,17.96989902266071,58.94419847971605,-9.632209363263808,454.42187703108215,15.846243,7.511996012603761,4.880896868069536,1.6317545744193236,0.0609310519253756,2.965444893057465,29.96929664807648,0.935184106205928,1.0299445,0.96197482641723,positive (deficit-like),,,,,,20164669+1758115,,False,,False,,False,False,False,False,True,29.96929664807648,,,False,False,True
6076114251111257856,186.78595784292307,-54.37187619823304,299.36060491849923,8.331327117373467,393.46581735874895,13.250542,5.115595094520066,3.887575566755776,0.8290433067579143,0.1849801259167253,2.952591517673771,29.83963221066822,0.9344122301008718,1.0096573,2.675189079526376,positive (deficit-like),,,,,,12270862-5422187,,False,,False,,False,False,False,False,True,29.83963221066822,Gaia DR3 6076114251111257856,*,False,False,True
3159397944603666688,107.06690977221766,10.620116935745427,205.31177571056847,8.523435678007766,247.18471361074504,14.850563,7.860310835188508,4.914394616173469,1.8331662863779663,0.0335607281507702,2.9525624537714545,29.83933901495657,0.9344104743686384,1.0749091,1.804240867441517,positive (deficit-like),12.154,12.186,11.997,8.264,J070816.00+103712.3,07081605+1037125,-0.03200000000000003,False,0.15700000000000003,False,3.8900000000000006,True,True,True,False,False,29.83933901495657,,,False,False,False
3819731741679279104,147.81891033225008,-7.521589526760843,244.78897190523128,34.317034469644994,230.0741242982625,14.427891,7.460824356574975,4.747059963673253,1.5922182350633556,0.2043320747607995,2.950300188254934,29.8165173531976,0.9342736680119538,0.9801985,1.4405087334035598,positive (deficit-like),,,,,,09511653-0731175,,False,,False,,False,False,False,False,True,29.8165173531976,,,False,False,True
4250994600488019712,304.22681411657493,7.988208163058117,50.286438399143854,-14.936557870132432,454.2146694967841,14.456749,6.034242164342774,4.1793284529195605,1.019539319449441,0.1616686811466426,2.944845042015781,29.76148601341607,0.9339426032483752,1.0037341,1.9361393588504248,positive (deficit-like),,,,,,20165441+0759174,,False,,False,,False,False,False,False,True,29.76148601341607,,,False,False,True
2998986825973153152,91.03027974078071,-11.115919420179663,217.68553898492945,-15.481750905717693,482.6345636075534,16.008923,7.0947127699600685,4.337093771867364,1.5773422475297,0.6491797579593528,2.937615433615531,29.688553956433623,0.9335012781440352,1.0698069,1.901765567586492,positive (deficit-like),,,,,,06040727-1106571,,False,,False,,False,False,False,False,True,29.688553956433623,,,False,False,True
4474786517149513600,270.50863269962207,6.426426798763587,33.09087583703063,13.898755820481146,411.02612614330826,16.792038,8.380385678963618,5.060941668630347,2.1147365092404438,0.4799359812183535,2.93715805179704,29.68393990336157,0.9334732587102756,0.96198195,2.2890004628939886,positive (deficit-like),,,,,,18020206+0625353,,False,,False,,False,False,False,False,True,29.68393990336157,,,False,False,True
6760335771552559616,284.22560837687786,-31.104045896442354,5.176813831993199,-14.698119745050416,471.0832234866607,16.403902,7.770064086369736,4.873996564001369,1.683327284209286,0.3536610847990815,2.934444681952283,29.656567515650305,0.9333067934125484,1.066072,2.150705886210528,positive (deficit-like),,,,,,18565414-3106146,,False,,False,,False,False,False,False,True,29.656567515650305,,,False,False,True
6870990896625066368,300.7265193114068,-16.997523809551076,25.026872183617616,-23.23021545802387,490.7607589674221,16.753366,7.890235867338847,4.957232150281375,1.719820553447295,0.5442601716041049,2.925644057607103,29.56778710035124,0.9327640031149936,1.0577791,2.915617117849051,positive (deficit-like),,,,,,20025433-1659506,,False,,False,,False,False,False,False,True,29.56778710035124,,,False,False,True
4085196424663297024,284.2779186519922,-20.527570539310343,15.080639468579845,-10.40041047065588,394.3845344381842,15.941725,7.571031277619431,4.698555220861834,1.7234898213891126,0.5206567668717479,2.924865646579323,29.559934514942626,0.932715781450187,0.9935854,0.3771583813147318,positive (deficit-like),,,,,,18570668-2031389,,False,,False,,False,False,False,False,True,29.559934514942626,,,False,False,True
5639459602038673152,130.2352113171019,-32.63509564159202,254.2128191539309,5.665587633193374,392.4150511001962,15.069217,7.000400732239698,4.445500369372466,1.5069670888602176,0.1277775627078196,2.9237394040611964,29.548573016648294,0.932645950800972,1.0344161,0.7397477966903979,positive (deficit-like),12.559,12.676,11.944,8.069,J084056.44-323807.0,08405647-3238067,-0.11700000000000088,False,0.6149999999999984,True,4.489999999999998,True,True,True,False,False,29.548573016648294,,,False,False,False
3457050443915251712,90.117472139876,38.17857311466904,173.55982680617512,7.327659411633561,488.4871523937409,16.834265,8.089391641070852,5.03505429628292,1.857468339234717,0.4065059062516374,2.9060446404691023,29.370068810729624,0.931539255888252,0.9940484,2.425643409145984,positive (deficit-like),,,,,,06002819+3810431,,False,,False,,False,False,False,False,True,29.370068810729624,,,False,False,True
5698361917408314624,120.49997742774656,-24.72260457144908,242.83062278115855,3.111591003260078,479.5057590502385,15.207914,6.662403592018809,4.5124923525674046,1.2038576965468073,0.1728932498634773,2.8979427024050377,29.28833672015937,0.9310264799837216,1.0492043,0.8750554674141887,positive (deficit-like),,,,,,08020000-2443211,,False,,False,,False,False,False,False,True,29.28833672015937,,,False,False,True
5194832699075903104,116.0370481235056,-82.22197753973127,294.56437003964857,-25.10828592242345,425.4182003235375,16.04656,7.431846693808046,4.65920351845319,1.6054459070171272,0.6177801670182173,2.8968039361728497,29.276848883040454,0.9309540996761606,1.0120553,1.8088904597186144,positive (deficit-like),,,,,,07440889-8213187,,False,,False,,False,False,False,False,True,29.276848883040454,,,False,False,True
4882342457852455808,61.74748547679075,-33.970746314145394,234.6315743120772,-47.74051144894946,270.5781063857786,13.804987,6.623378303480394,4.231659736155178,1.3760927063069677,0.0251467191341401,2.8946078967643545,29.254695308128916,0.9308143042416548,1.0216169,1.597708789113728,positive (deficit-like),,,,,,04065939-3358146,,False,,False,,False,False,False,False,True,29.254695308128916,,,False,False,True
321822105649285632,18.460851597866757,37.27957922675423,127.86311860399474,-25.377548260973523,349.04339831223405,16.7521,8.970138907744401,5.492071227802739,2.298075394123244,0.0961099622547011,2.881939612814569,29.126898067151977,0.9300023231758184,0.99412626,2.894406993091013,positive (deficit-like),,,,,,01135060+3716466,,False,,False,,False,False,False,False,True,29.126898067151977,,,False,False,True
4484442909311098368,276.79415802833483,12.848179833675989,41.78062418716694,11.13258783460903,490.6492059837486,15.211067,6.260024439588587,4.079392614711457,1.224900045047823,0.6173887271457021,2.881592649497701,29.1233979123724,0.929979950791984,0.99641335,1.0967260847737008,positive (deficit-like),12.584,12.65,12.027,8.361,J182710.57+125053.4,18271059+1250533,-0.06600000000000072,False,0.5570000000000004,True,4.222999999999999,True,True,True,False,False,29.1233979123724,,,False,False,False
2028647885869971584,297.5545168183336,28.595583086036275,64.77787049594295,1.1469642492918666,483.1288590698784,14.075063,5.540195020860851,3.8675874729833337,0.955603571142615,0.1345135170547719,2.866210883954073,28.968227156363017,0.9289809076013876,1.1299249,1.4867061389275025,positive (deficit-like),,,,,,19501308+2835440,,False,,False,,False,False,False,False,True,28.968227156363017,,,False,False,True
6558577105814491264,328.29659517195506,-50.97029156790552,345.16356655897533,-48.896587326820686,323.0017017292431,13.23677,5.65508466547433,3.8197963837374656,1.0177805217432954,0.042157437372474,2.849379645242241,28.79843416165889,0.9278713816267308,1.0898982,2.3958097836813206,positive (deficit-like),,,,,,21531120-5058131,,False,,False,,False,False,False,False,True,28.79843416165889,,,False,False,True
4045508654789068288,275.1597667713378,-33.24384322706216,359.8950978462028,-8.641103839314011,336.74804699273864,16.229189,8.368893039782387,5.2134655997673605,1.9346389932593129,0.3050270307797347,2.8491579389404285,28.796197595617965,0.9278566515274798,0.9612419,1.1684526568260225,positive (deficit-like),,,,,,18203836-3314380,,False,,False,,False,False,False,False,True,28.796197595617965,,,False,False,True
2800388912592992384,5.048094666433168,22.51355998191593,113.5281406144283,-39.78697747863355,485.2700788020542,16.052176,7.397701122253557,4.708786524224496,1.564899476202196,0.2904486644745622,2.843973413085134,28.743896265563595,0.9275113342260692,1.0200471,0.2615366590735187,positive (deficit-like),,,,,,00201154+2230489,,False,,False,,False,False,False,False,True,28.743896265563595,,,False,False,True
305464258845832320,26.47487033811553,32.91256487005862,135.93731159307538,-28.580076205148277,473.8351798399354,13.196316,4.704774316506556,3.297668348249587,0.7959504118328367,0.1298613712734142,2.8406859721547306,28.710732667206823,0.9272915171643584,1.0469217,0.8577861842251755,positive (deficit-like),,,,,,01455398+3254455,,False,,False,,False,False,False,False,True,28.710732667206823,,,False,False,True
2166453144165332864,312.51463264463274,46.51857959495959,86.1893396411526,1.5958586065603972,366.4873713010846,16.761467,8.777237403662074,5.492333725241203,2.158198415482063,0.229783134456824,2.840372635589484,28.707571738015904,0.927270530930414,1.048881,2.1827463052303586,positive (deficit-like),,,,,,20500351+4631066,,False,,False,,False,False,False,False,True,28.707571738015904,,,False,False,True
2017651803171997824,292.96540622028886,19.97957727946805,55.22265500122703,0.5177799080942035,214.72598814136813,12.5730915,5.8166582555623725,4.016314682035001,1.0064572012292792,0.1147457890330578,2.835901293362356,28.662464981461063,0.9269703945894092,0.8464095,1.7243510690984345,positive (deficit-like),10.914,11.128,11.378,7.691,J193151.69+195846.7,19315168+1958462,-0.2140000000000004,False,-0.4640000000000004,False,3.223,True,True,True,False,False,28.662464981461063,,,False,False,False
2003415433994738944,340.0054965436952,54.88196517157383,104.71652439441476,-3.2738752715801045,426.6519985504912,15.184224,6.581673527157053,4.182428433766078,1.31467468957884,0.5682301087669378,2.8351781488202663,28.6551699225823,0.9269217376952548,0.95488775,1.629595762415768,positive (deficit-like),,,,,,22400128+5452551,,False,,False,,False,False,False,False,True,28.6551699225823,,,False,False,True
1924503106502368768,349.5095126172477,41.82200954604858,104.86496728150728,-17.749735746452412,414.9058009520557,15.310379,6.995221632266148,4.536081073318187,1.3996817293346486,0.2845124222349555,2.833752852231526,28.64079157644348,0.9268257414540804,1.0191711,1.7748057025712227,positive (deficit-like),,,,,,23180229+4149191,,False,,False,,False,False,False,False,True,28.64079157644348,,,False,False,True
2214574717956845568,359.9992909196357,70.5355413030787,118.63572995369154,8.094076339467037,441.5603367727367,15.518706,6.88406792441039,4.005020926205156,1.676669360754473,0.5421386489381554,2.819492819502289,28.496936824982207,0.925858333484258,1.0539567,2.242883625533844,positive (deficit-like),,,,,,23595973+7032077,,False,,False,,False,False,False,False,True,28.496936824982207,,,False,False,True
6769278718074872832,288.78709268523164,-25.87394090381456,11.79383164880975,-16.360811105222876,489.0296912732463,16.59821,7.858764266549889,4.863462055376388,1.784573646166232,0.3917804883789453,2.80300191225815,28.33057708317651,0.9247236233630732,0.9591571,1.219316806360448,positive (deficit-like),,,,,,19150890-2552259,,False,,False,,False,False,False,False,True,28.33057708317651,,,False,False,True
5889918592716488832,229.5276043632388,-51.31305577732703,324.9442597611073,5.179963227692809,434.5073056166513,13.761995,5.338207462791023,3.6308606463701896,0.9133979420080802,0.2739685993543007,2.796564152074638,28.26563316553264,0.9242759540046316,0.9289268,0.4093206757787332,positive (deficit-like),11.907,12.073,11.782,7.942,J151806.58-511846.7,15180661-5118468,-0.16600000000000037,False,0.125,False,3.965,True,True,True,False,False,28.26563316553264,,,False,False,False
5959398789727845760,261.2499673100692,-43.06744764117661,345.85121630079794,-4.1245344462294895,484.7894080396486,15.899866,7.0372062629353564,4.441461031712327,1.495910052864386,0.5610964715344474,2.7917385425247145,28.216952571621373,0.9239386456102529,0.9901938,1.89992377610489,positive (deficit-like),,,,,,17245999-4304028,,False,,False,,False,False,False,False,True,28.216952571621373,,,False,False,True
5848016719958425984,217.47828358999232,-68.71436494311021,311.70627286225226,-7.536889992672001,423.4348165404583,17.080496,8.593079087083828,5.405226047929396,1.9520628502889297,0.4851512758834168,2.7825091803373363,28.123847062761683,0.9232893258736812,1.0081234,2.826919452316242,positive (deficit-like),,,,,,14295482-6842512,,False,,False,,False,False,False,False,True,28.123847062761683,,,False,False,True
4348845775241475456,243.378973021343,-7.817090861431547,4.83303969799075,29.906829947321487,432.41619949530593,16.218376,7.587280059607956,4.717757356492153,1.663665446593647,0.5973595431203619,2.7786026166504127,28.084437773952843,0.9230128177245684,0.9750643,2.404659953454285,positive (deficit-like),,,,,,16133092-0749010,,False,,False,,False,False,False,False,True,28.084437773952843,,,False,False,True
4148793998313054464,268.0110954301652,-14.05710493984141,13.569025214074772,6.343395626684685,313.0167369922951,16.847998,8.88967637723303,5.271926686319147,2.48437838128379,0.7082975848277254,2.766668017007209,27.96404191665983,0.9221618931504294,1.0091816,1.3425369949112875,positive (deficit-like),,,,,,17520266-1403253,,False,,False,,False,False,False,False,True,27.96404191665983,Gaia DR3 4148793998313054464,Em*,True,False,True
5374835637450912896,168.25622662714048,-46.890547027389786,285.97383674308,12.715132621370318,481.7345886123259,15.780928,7.257868610574794,4.56762261123251,1.595863035694353,0.1410591990941447,2.7666016052032987,27.96337195651829,0.9221571318399304,1.0494833,1.410202640065266,positive (deficit-like),,,,,,11130151-4653260,,False,,False,,False,False,False,False,True,27.96337195651829,,,False,False,True
3024256072784089216,89.51446101349389,-4.247032142790653,210.6274065100811,-13.80549695230622,425.3037383292148,14.967955,6.620406734697685,4.24010419787737,1.3310815690404971,0.254710768731928,2.764212359130045,27.93926931898766,0.9219856440011232,0.98150045,1.8782345012933712,positive (deficit-like),,,,,,05580345-0414492,,False,,False,,False,False,False,False,True,27.93926931898766,,,False,False,True
2019934805929884032,294.9585940920167,22.35975660981478,58.20670946002843,0.0542493895136529,361.879197047534,15.260042,7.317609236334075,4.276469217704898,1.6221609872682878,0.1946132474452909,2.762379763927596,27.920782157535573,0.9218538537384156,0.9420484,0.4850431672340402,positive (deficit-like),,,,,,19395003+2221355,,False,,False,,False,False,False,False,True,27.920782157535573,,,False,False,True
183274397782740480,82.2208863612233,35.57963410332297,172.49767891329705,0.5830239262406841,308.3535763945506,16.70256,9.116525572033694,5.7635861288939845,2.177990609314344,0.1976979509598077,2.761338072386594,27.91027360677868,0.921778841739552,1.006688,2.3632818211691284,positive (deficit-like),,,,,,05285300+3534474,,False,,False,,False,False,False,False,True,27.91027360677868,,,False,False,True
4943963521879252864,31.422174304661493,-45.20415065772004,268.4838594447482,-66.63882688712543,429.2600869138872,15.612365,7.419191781377603,4.786057347018708,1.544705769546303,0.037865020111038,2.745373713589004,27.74922566876396,0.9206202026231476,0.9430428,0.8715470480670493,positive (deficit-like),,,,,,02054128-4512151,,False,,False,,False,False,False,False,True,27.74922566876396,,,False,False,True
4036889793661587968,268.7767443786775,-37.58325221758012,353.5602244120227,-6.113496575993501,423.2469087256418,15.899168,7.412893019355921,4.523044529960234,1.723923381095673,0.4697508240408544,2.7452911445858623,27.74839271531632,0.920614165650317,1.0030501,0.1257928628794368,positive (deficit-like),,,,,,17550641-3734592,,False,,False,,False,False,False,False,True,27.74839271531632,,,False,False,True
5410444008712037888,142.67228764068554,-47.60704816498305,271.7020597383206,2.718739071230124,375.5425454129358,15.936173,7.987863559065355,4.515138437780719,2.29202042768751,0.1066525058579936,2.7384462562522627,27.67934170199071,0.9201121066488104,0.98361623,2.6406031112812283,positive (deficit-like),,,,,,09304137-4736254,,False,,False,,False,False,False,False,True,27.67934170199071,Gaia DR3 5410444008712037888,Y*?,True,False,True
5622489048079452160,134.29536025828963,-37.52569974249472,260.13078766994295,5.185173578677784,332.94908999864924,13.092947,5.415469060669972,3.73322133043651,0.9444502713625444,0.0767411524975315,2.736092347153977,27.655595542726847,0.9199387193809152,0.9818333,1.815532826219877,positive (deficit-like),,,,,,08571088-3731318,,False,,False,,False,False,False,False,True,27.655595542726847,,,False,False,True
6004127854757202816,229.8386385160716,-41.418645840530914,330.5564870477878,13.38512278501368,306.3887835525054,16.926617,9.386955116409595,6.023075152748288,2.244605691344582,0.1532167396490906,2.7343555513088624,27.63807480210992,0.919810547018363,1.0758451,1.6069777196983726,positive (deficit-like),,,,,,15192127-4125067,,False,,False,,False,False,False,False,True,27.63807480210992,,,False,False,True
5105517548486432128,51.84181839149244,-17.3504617766716,206.00797966949315,-52.78065862278185,438.8378887813588,16.809183,8.531003178839397,5.118269588701668,2.2629634429859062,0.0943994777652736,2.733737703172345,27.63184196998343,0.919764901489052,1.0556191,1.865462119117436,positive (deficit-like),,,,,,03272204-1721014,,False,,False,,False,False,False,False,True,27.63184196998343,,,False,False,True
6287401559464149888,206.90794262054152,-23.256387511365983,319.33071727828946,37.819399025250654,483.45426487902125,14.463483,5.932982235668403,3.9699179184971913,1.0948401494090676,0.1304352057323469,2.727765720900489,27.57159680492938,0.9193223604777756,1.0310547,0.8652564443153147,positive (deficit-like),,,,,,13473789-2315228,,False,,False,,False,False,False,False,True,27.57159680492938,,,False,False,True
2072033583878833920,296.8824095817152,37.28895611571477,72.02297340140417,6.008695021721215,483.9075742578746,14.869706,6.356395154013554,4.188842577320059,1.2595193378299212,0.1100433342427455,2.726689411648316,27.560739031815764,0.9192423436709486,0.9858059,2.170809164399222,positive (deficit-like),,,,,,19473177+3717204,,False,,False,,False,False,False,False,True,27.560739031815764,,,False,False,True
559595038505817600,23.459063033637968,74.24019288077659,125.85548258285178,11.609599347263046,482.3470633737247,13.515768,4.608984795263181,3.130805871843329,0.8516841000040141,0.5741927579588277,2.7187045148011424,27.48018764927658,0.9186462333310672,1.2217603,2.4466935445788107,positive (deficit-like),,,,,,01335015+7414247,,False,,False,,False,False,False,False,True,27.48018764927658,,,False,False,True
4672806808960177024,54.76870603104974,-65.15348851367348,280.0501132643169,-43.7950821960645,140.99012017880497,13.831348,8.04283408521753,4.973960704801459,1.8934839351741484,0.0573378415254303,2.7144792759617458,27.437563575780608,0.9183290210955136,1.1589085,2.2126896401832736,positive (deficit-like),,,,,,03390440-6509135,,False,,False,,False,False,False,False,True,27.437563575780608,,,False,False,True
249932809908262912,55.09116719970738,50.749547715879785,148.15435386646,-3.659895312742502,327.70619135998703,16.277815,8.306401358042738,4.919620421163439,2.197616674915537,0.5593065565224292,2.71348766525756,27.427560238894536,0.9182543963291344,1.0218568,2.003832224872545,positive (deficit-like),,,,,,03402183+5044589,,False,,False,,False,False,False,False,True,27.427560238894536,,,False,False,True
6036152917625893504,241.48655430366796,-32.72328877711272,343.6055963138757,14.38213210512721,417.37944407303945,13.593143,5.030375110193634,3.5138722406280527,0.8507895021341108,0.5384994093176823,2.709017912781918,27.38246951970154,0.9179171728411168,1.0797174,2.33392489316918,positive (deficit-like),,,,,,16055677-3243236,,False,,False,,False,False,False,False,True,27.38246951970154,,,False,False,True
224603429258253056,54.771753920074566,39.880087365622536,154.5993210146847,-12.46674253397393,340.644376276893,16.91082,8.978025212417695,5.944498254610952,1.8640397157671889,0.3668189200197814,2.708411611631658,27.376353173200982,0.9178713230201282,1.0339962,2.8322744319782074,positive (deficit-like),,,,,,03390519+3952479,,False,,False,,False,False,False,False,True,27.376353173200982,,,False,False,True
2245180002072182912,309.76315058314447,64.75175233914372,99.85959211167804,13.924875325173906,287.43347976493976,13.969021,6.623527927318368,4.344722127604243,1.2667564001153673,0.064910827272829,2.706633250647678,27.358413124800222,0.917736691686069,1.0290028,1.5497111830783232,positive (deficit-like),,,,,,20390315+6445062,,False,,False,,False,False,False,False,True,27.358413124800222,,,False,False,True
3138815877205319168,114.09558294527392,5.88767769541983,212.7608606876476,12.66649684242249,299.5005469789949,14.435172,7.004161995266343,4.399912965337616,1.5002871240744533,0.0624058224859879,2.706209383045903,27.35413716206833,0.9177045701097036,1.1611891,2.241472305143788,positive (deficit-like),,,,,,07362294+0553157,,False,,False,,False,False,False,False,True,27.35413716206833,,,False,False,True
2136312098764819584,292.24227252618414,52.01052272706488,83.82882316863974,15.668051721055358,443.5197839294146,17.076801,8.810437086974403,5.612934595327528,2.092721687490671,0.0439923894298941,2.6982252927430137,27.27359391592194,0.9170971703228646,1.0135552,-0.1937438267095424,positive (deficit-like),13.803,13.72,13.101,9.139,J192858.13+520037.8,19285816+5200378,0.08300000000000018,False,0.702,True,4.6640000000000015,True,True,True,False,False,27.27359391592194,,,False,False,False
6448912194017992960,298.8515125620942,-56.0317449828491,341.7366351881898,-31.008655156069917,491.1410119160606,16.150566,7.616296595406448,4.79521174117319,1.6531054525553217,0.101965701352676,2.687291440687731,27.16329356810421,0.9162580836309836,0.9497569,2.845632599854028,positive (deficit-like),,,,,,19552435-5601540,,False,,False,,False,False,False,False,True,27.16329356810421,,,False,False,True
5244294264020670080,145.21010722483,-67.40555736426393,286.1190780291246,-10.989760400374776,408.7520899795526,14.554443,6.236577803604951,4.195565063807354,1.1102679241270978,0.3151357111213952,2.686583497491136,27.1561518599098,0.9162034627646648,1.066808,1.6438668375573997,positive (deficit-like),,,,,,09405043-6724199,,False,,False,,False,False,False,False,True,27.1561518599098,,,False,False,True
5236180452363578752,179.5456289455937,-66.5745859702347,297.6645642722874,-4.249007633743536,385.9694038289345,17.147915,8.731100653460345,5.443081964112039,1.8966253284086736,0.6623062765948018,2.683671607595529,27.12677680831148,0.9159784230284896,1.0276572,2.986038814609158,positive (deficit-like),,,,,,11581093-6634285,,False,,False,,False,False,False,False,True,27.12677680831148,,,False,False,True
5529726108201090816,128.18382040637474,-38.40295252331677,257.8243720190967,0.8638574080146392,332.6720192383705,16.422205,8.77312728305721,5.230281844971283,2.2578256867607767,0.055137928749079,2.6825298761181715,27.11525905789468,0.9158900216882409,1.0592328,1.884855101350329,positive (deficit-like),,,,,,08324412-3824108,,False,,False,,False,False,False,False,True,27.11525905789468,,,False,False,True
5825395367753408128,229.79603622770847,-63.76331470165689,318.40908210885,-5.423935314647888,434.9858124929049,16.184547,7.747538702540455,4.923753912162235,1.6218061610162913,0.3192830886735222,2.678646350257778,27.0760821739388,0.915588633422711,0.9739252,0.9765369995499124,positive (deficit-like),,,,,,15191098-6345477,,False,,False,,False,False,False,False,True,27.0760821739388,,,False,False,True
505130386433026816,31.40959644180271,57.039207528545965,132.928757674481,-4.385374012856861,481.053709070911,16.626598,7.952403852184073,4.948822879982107,1.684901224357829,0.3469242827356949,2.675394369734,27.043276299023383,0.9153354267737016,1.0190254,2.654015156542143,positive (deficit-like),,,,,,02053833+5702211,,False,,False,,False,False,False,False,True,27.043276299023383,,,False,False,True
2049641445445588608,289.6204077184812,34.884594204478,67.10494370684516,10.069392366339114,473.5697006433277,16.3215,7.873900571030514,4.947936781256981,1.77323623301241,0.0936938743396167,2.670958868434472,26.99853110459325,0.9149888435661878,1.0545422,1.5542265810545692,positive (deficit-like),,,,,,19182891+3453051,,False,,False,,False,False,False,False,True,26.99853110459325,,,False,False,True
6308448067445574784,226.31393688189667,-15.303478790769926,344.39235334489496,36.57401749722296,446.3985172292417,16.305935,7.851720747027563,5.044463238474993,1.621358381067187,0.2679455545883295,2.6661870875374536,26.950393532400952,0.914614399628204,0.93768656,1.7731578838417168,positive (deficit-like),,,,,,15051536-1518127,,False,,False,,False,False,False,False,True,26.950393532400952,,,False,False,True
3533504233332265984,171.51928026194926,-25.69198548701833,279.82527406668095,33.32102047362791,411.0182305137696,17.278784,9.133263596249796,5.595707825629446,2.329943977012277,0.1088808575151866,2.662625856673502,26.91446795000172,0.9143338737788892,0.97670454,2.9893978718540115,positive (deficit-like),,,,,,11260465-2541311,,False,,False,,False,False,False,False,True,26.91446795000172,,,False,False,True
5883634505774504832,233.2722000398442,-55.61271478799277,324.41033581235945,0.367845750517308,349.88051958788174,16.268042,8.182811233031643,4.91598633167735,1.8182827315683805,0.4928618199330996,2.660251033144048,26.890510806629,0.914146291761056,1.0782267,1.808253207528436,positive (deficit-like),,,,,,15330536-5536452,,False,,False,,False,False,False,False,True,26.890510806629,,,False,False,True
6344824928614183552,318.416409132821,-84.0584357116867,308.53910733479336,-30.47130287918734,484.9243825778457,16.602505,7.849345459518815,4.927741358280282,1.6658105856427563,0.4278278788270889,2.6562030672072217,26.84967505647171,0.9138256047039256,1.0978309,2.0057770935311727,positive (deficit-like),,,,,,21133984-8403307,,False,,False,,False,False,False,False,True,26.84967505647171,,,False,False,True
2173862929123969152,327.01339695910303,54.1513955243969,98.0851668950436,0.3742320254073611,363.5842810784882,13.967642,5.866045004588026,4.002738951018975,1.0249519560521438,0.3568752757998343,2.653566919948664,26.82308168772595,0.913616120670357,1.023015,1.7734714391178823,positive (deficit-like),,,,,,21480322+5409055,,False,,False,,False,False,False,False,True,26.82308168772595,,,False,False,True
5979843972318536576,258.49556281276466,-32.82838877294222,353.0088747509576,3.51520004944143,383.5619869516373,15.458407,7.100516665363406,4.629156243607295,1.427880603561845,0.5604386172122854,2.6493345238723096,26.780385412253786,0.9132787234962694,1.0177745,0.5519036328845893,positive (deficit-like),,,,,,17135896-3249419,,False,,False,,False,False,False,False,True,26.780385412253786,,,False,False,True
5519007862693935232,118.56519740055664,-46.19823466651835,260.4558895222572,-9.34315344511796,435.2390467721912,15.226778,6.93960062243701,4.348256815268568,1.4946204896060535,0.119169227277774,2.645477332277271,26.741474187519696,0.912970089174422,1.0818841,1.566594714809127,positive (deficit-like),,,,,,07541564-4611536,,False,,False,,False,False,False,False,True,26.741474187519696,,,False,False,True
5524931447224455040,130.78527050940806,-41.85160196025592,261.77290200749803,0.3572125977748831,394.5758592415272,16.360981,8.335203338780113,4.94123698710474,2.1211056536810045,0.0626920986050345,2.644336526935467,26.729965779928563,0.91287859700075,1.0560409,2.3905352081248785,positive (deficit-like),,,,,,08430848-4151058,,False,,False,,False,False,False,False,True,26.729965779928563,Gaia DR3 5524931447224455040,*,False,False,True
4276320888764387456,276.5534647376695,0.8993738113568226,30.851098380722064,6.021425746653073,316.8842873965381,17.046194,9.096066706545894,5.64325673303272,2.263239747390025,0.6389405642921213,2.6433424891017108,26.719937958237463,0.9127987971135096,1.0257903,0.4682385951107202,positive (deficit-like),,,,,,18261284+0053581,,False,,False,,False,False,False,False,True,26.719937958237463,,,False,False,True
4048357283250543360,279.48521917621645,-28.703693002381133,5.680736033600626,-9.965438995202792,265.3246040003221,15.553455,8.074903343946787,5.083429410070146,1.805911558910816,0.4838790594395492,2.6380315375645385,26.66636124997112,0.912371201621859,1.0458124,1.7677177370068724,positive (deficit-like),,,,,,18375644-2842131,,False,,False,,False,False,False,False,True,26.66636124997112,,,False,False,True
568444973236594048,52.29799440149049,81.4501287018604,128.71535192937893,20.40958283274636,476.47082088517976,15.7348795,7.136485248981199,4.64978878391868,1.41290659490978,0.263160434476823,2.636729268088347,26.65322399738621,0.9122660335582418,0.9551967,1.3402644246636155,positive (deficit-like),,,,,,03291134+8126597,,False,,False,,False,False,False,False,True,26.65322399738621,,,False,False,True
6733549984664432640,279.8535895970333,-36.41053687725961,358.6670003337259,-13.479519807069313,464.3406039837764,15.823584,7.260368275765826,4.674311144798391,1.452955149463513,0.2914301908333853,2.636390450259774,26.64980601403052,0.9122386507828342,0.9979827,2.972201692546729,positive (deficit-like),,,,,,18392485-3624378,,False,,False,,False,False,False,False,True,26.64980601403052,,,False,False,True
4966440906805500288,34.63490114350635,-36.28433580074811,244.72397626383517,-69.40133280777964,350.91802821919566,17.122147,9.364299150341926,5.709088237382317,2.4693303557262998,0.0461722429845801,2.632050412649159,26.606023854223302,0.911887138292768,1.0067432,2.6277515387229684,positive (deficit-like),,,,,,02183238-3617032,,False,,False,,False,False,False,False,True,26.606023854223302,,,False,False,True
5960417521623808896,262.12402370295973,-39.59637621504585,349.10762815148064,-2.741424264198796,334.5449390657206,14.50911,6.563563730422407,4.142372590180452,1.3096739145862224,0.4040060937190295,2.631823262729574,26.6037323731414,0.9118687020251104,0.96464235,0.4193011429563312,positive (deficit-like),,,,,,17282977-3935468,,False,,False,,False,False,False,False,True,26.6037323731414,,,False,False,True
3341068047540662016,82.71272897384162,12.82479682338104,191.97016017710175,-11.400911608560662,384.996737585817,17.843348,9.741233370572877,5.551492062756737,2.716484103836353,0.2620801224380045,2.6302815633500813,26.588179759393874,0.9117434704276948,0.9478237,-0.5768318986715228,positive (deficit-like),13.437,13.342,11.478,8.771,J053051.04+124929.4,05305104+1249296,0.09499999999999886,False,1.9589999999999996,True,4.665999999999999,True,True,True,False,False,26.588179759393874,,,False,False,False
5563824678192330368,105.15441317189128,-40.25651175402098,250.6173932860539,-15.513416068612612,426.9027252844536,16.901062,8.599084744864863,5.231872625265986,2.1199313332084246,0.2095675299770391,2.628877170604542,26.574012290552844,0.911629237314606,0.9790034,1.3973796979694015,positive (deficit-like),,,,,,07003706-4015232,,False,,False,,False,False,False,False,True,26.574012290552844,,,False,False,True
5324593006952968320,133.6604133327725,-51.5590152389295,270.55556631298754,-4.2334909712590285,391.5636878634239,16.218655,8.179846916142607,4.777764418523131,2.174153888147992,0.1047446043524414,2.627670280238797,26.56183721936599,0.9115309508974194,0.99396944,1.0943856665651912,positive (deficit-like),,,,,,08543851-5133324,,False,,False,,False,False,False,False,True,26.56183721936599,Gaia DR3 5324593006952968320,*,False,False,True
1537239030839433344,180.12790158883465,42.08814590074687,154.47276422081322,71.78089431972951,448.8084936966333,16.116907,7.836199555269929,4.79540806862111,1.85512178098618,0.0273111254471854,2.6224796387124965,26.50947419461924,0.9111069892040464,1.0303652,2.2256342497150494,positive (deficit-like),,,,,,12003068+4205181,,False,,False,,False,False,False,False,True,26.50947419461924,,,False,False,True
2195105012727233792,311.0620669211456,61.52673400142909,97.5378685849186,11.554932875452176,309.3307153234479,14.227524,6.714803947996166,4.331234123203736,1.356890124949752,0.075544433021776,2.6173895643392475,26.458125688077462,0.9106892686584126,1.112132,1.113987802857719,positive (deficit-like),,,,,,20441490+6131365,,False,,False,,False,False,False,False,True,26.458125688077462,,,False,False,True
3901009569644352384,186.95439482229767,7.200512505077778,286.1489655650829,69.29901061264839,396.7731091311468,15.456869,7.431602438779143,4.692088939703582,1.6462848392508134,0.042316892354012,2.6142948777932435,26.426906589750068,0.9104343421035228,1.0270523,0.904326242051798,positive (deficit-like),,,,,,12274903+0712018,,False,,False,,False,False,False,False,True,26.426906589750068,,,False,False,True
1869867166837086080,312.96745943756,35.45030138172768,77.84278051055539,-5.693921032253897,422.95739460056944,16.789385,8.580320497431984,5.258419085031077,2.22164644257135,0.1093263220429384,2.613188763237356,26.415748141691346,0.9103430488784447,1.053118,2.287540562674722,positive (deficit-like),,,,,,20515215+3527010,,False,,False,,False,False,False,False,True,26.415748141691346,,,False,False,True
2981852449081528320,79.3232043271225,-17.61139866110602,219.18322750167465,-28.47032070525057,332.90568226770023,17.080248,9.421422730403243,5.8333213440864045,2.386824431502975,0.0678704586820573,2.613042646192371,26.414274117641767,0.9103309821441304,1.0460865,2.439880580517928,positive (deficit-like),,,,,,05171757-1736407,,False,,False,,False,False,False,False,True,26.414274117641767,,,False,False,True
1877407170897416960,338.9960358961026,25.504391216421663,88.1818488892247,-28.07743332287329,463.5483267533448,15.593397,7.172983866016397,4.56716579645247,1.5404171672585096,0.1153463400376346,2.6118107579879224,26.4018468690622,0.9102291849539486,0.96545535,1.643298620080936,positive (deficit-like),,,,,,22355904+2530158,,False,,False,,False,False,False,False,True,26.4018468690622,,,False,False,True
4425798944801721600,240.5202997846197,5.154899248005806,15.872589493064115,39.6404816789791,206.1825012762625,13.680787,7.0269501436283015,4.600598553409862,1.4119520172984503,0.1038747863705216,2.609049669434216,26.37399309655004,0.9100006021695703,1.1461271,1.7163607971761028,positive (deficit-like),,,,,,16020484+0509181,,False,,False,,False,False,False,False,True,26.37399309655004,,,False,False,True
746367120208196992,153.6654898117666,33.25963621752785,192.9068496787769,55.77568987504307,364.7414185889898,15.776714,7.94481389561894,4.87529988918594,1.9611636148646396,0.0298544801711116,2.598421089666835,26.266772325752783,0.9091152460978296,1.0236847,2.705358192444184,positive (deficit-like),12.442,12.368,12.033,8.339,J101439.71+331534.4,10143972+3315347,0.07399999999999984,False,0.4090000000000007,False,4.103,True,True,True,False,False,26.266772325752783,,,False,False,False
6705776801967856896,281.53227465655164,-45.79502707218649,350.13698963503634,-18.20992167497896,215.4273972482998,14.56734,7.870145197353277,4.962653034888029,1.750282379306252,0.0404919450117546,2.59609598643387,26.243316759131677,0.9089204079200184,1.0049927,1.729162754425074,positive (deficit-like),,,,,,18460775-4547417,,False,,False,,False,False,False,False,True,26.243316759131677,,,False,False,True
4464958807338024576,245.73851112064756,15.767106255389946,31.21530154684454,39.85164891529126,482.9770547021145,16.914036,8.433448477341846,5.225077135150664,2.0831164726866125,0.0843031391025556,2.589042611974671,26.172162544477512,0.9083267925512466,0.9869387,1.6478401697404017,positive (deficit-like),,,,,,16225727+1546019,,False,,False,,False,False,False,False,True,26.172162544477512,,,False,False,True
1301415257225047040,250.47664746255376,26.313353462722176,45.992399313939565,39.00538368040454,327.7342077120732,14.0687275,6.43679291786842,4.268632934269999,1.1667285300230872,0.0657670710533805,2.588804063355952,26.169756073685416,0.9083066486899,1.0819046,1.4839598330072412,positive (deficit-like),,,,,,16415439+2618480,,False,,False,,False,False,False,False,True,26.169756073685416,,,False,False,True
1986318784091023744,337.011956094964,46.55079465509903,98.83088114088,-9.501957155253717,436.7190450473725,15.821014,7.366944927743408,4.635420150687295,1.5718209595330803,0.327983462145922,2.5827402437924585,26.108584456987515,0.9077931100526276,0.99091494,1.2950150022153946,positive (deficit-like),,,,,,22280292+4633032,,False,,False,,False,False,False,False,True,26.108584456987515,,,False,False,True
5844878713775163264,195.8192687661181,-69.36330196420268,303.9814447548023,-6.515681382043118,349.2673075735222,16.372261,8.328646023549798,5.115354308915498,2.033180102563849,0.4544833667591694,2.5813917417805525,26.094980812069505,0.90767851644792,1.0357522,2.0344411148506545,positive (deficit-like),,,,,,13031668-6921477,,False,,False,,False,False,False,False,True,26.094980812069505,,,False,False,True
1823422524370558720,300.9110675485131,19.857051162723668,58.88266353184907,-5.998364053934429,474.2051024827218,16.15226,7.689948969768687,4.912269076240884,1.6763734326285975,0.1078723072254247,2.5764386908776995,26.045014593889366,0.9072563903212384,1.142659,1.7424822664785766,positive (deficit-like),,,,,,20033864+1951254,,False,,False,,False,False,False,False,True,26.045014593889366,,,False,False,True
4315107948196807552,293.3463101834482,11.527916670684387,47.988530348835205,-3.875712899714483,329.75908704761656,12.854868,5.092767489788559,3.5263735957056577,0.8857510783267509,0.1991727751693216,2.573861549644557,26.019016476029915,0.9070359893901692,0.84770525,-0.0114418305983558,positive (deficit-like),,,,,,19332313+1131410,,False,,False,,False,False,False,False,True,26.019016476029915,,,False,False,True
1806759842268980992,303.09524893425873,14.678617860565074,55.54646100852676,-10.500309304610733,468.6259843122322,14.180274,5.735089506709008,3.9640810512809175,0.9745389369361896,0.107140135539804,2.566026557843929,25.939977330778195,0.9063627073673476,0.9623955,0.40258908141707,positive (deficit-like),12.019,12.102,12.107,8.481,J201222.85+144042.5,20122284+1440430,-0.08300000000000018,False,-0.08799999999999919,False,3.5380000000000003,True,True,True,False,False,25.939977330778195,,,False,False,False
2007374328691429248,342.4124383088748,57.82671998363117,107.27363303392912,-1.2942230194159794,427.8483996510239,14.547765,6.046035581240941,4.114856448391934,1.064181897823946,0.4159511531125033,2.56394544621218,25.91898314358151,0.906183053655882,1.125224,0.8462222181669209,positive (deficit-like),,,,,,22493900+5749368,,False,,False,,False,False,False,False,True,25.91898314358151,,,False,False,True
6141125418723394048,197.37218355419188,-39.57974138368682,306.7137240956098,23.159424352283335,219.76259381709252,17.498688,10.729699686543531,6.817312309104717,2.693581855987349,0.0882477295864285,2.561011464600956,25.889385231466672,0.9059291895563364,1.0510416,2.645365352596833,positive (deficit-like),,,,,,13092929-3934470,,False,,False,,False,False,False,False,True,25.889385231466672,,,False,False,True
1767415738506560896,325.48079010436845,13.170288108516138,68.02496242765504,-28.875604030197238,390.148987433624,14.426557,6.204682048885956,4.192596462168795,1.0992470052382268,0.3208882517418761,2.5579055064201754,25.85805242525024,0.905659696543706,1.1284767,0.7904017390179602,positive (deficit-like),,,,,,21415537+1310125,,False,,False,,False,False,False,False,True,25.85805242525024,,,False,False,True
5725653651429013888,119.6488537297534,-13.970996184608548,233.1787463515178,8.012175306175612,342.20548437251574,15.216598,7.457723579080729,4.482931650351201,1.830117837160792,0.1169144227072829,2.5549650186448574,25.82838887916131,0.9054038494090972,1.0684468,2.8737427337143844,positive (deficit-like),,,,,,07583573-1358155,,False,,False,,False,False,False,False,True,25.82838887916131,Gaia DR3 5725653651429013888,*,False,False,True
2056211779034629504,306.2353203612907,34.011625404559865,73.34172770526085,-2.157342143864176,482.7171186436104,16.852648,8.34214171761424,5.080976028161297,2.062216640132049,0.1270781345855172,2.5530282169911835,25.808850486381345,0.9052349524971466,0.9981714,0.3650120716080364,positive (deficit-like),,,,,,20245649+3400421,,False,,False,,False,False,False,False,True,25.808850486381345,,,False,False,True
669635188709244800,121.57778337262648,19.03516409402595,203.30045862758504,24.753283912191268,447.1328620271451,17.529356,9.235371307671755,5.74538010866217,2.2833917523866925,0.0593026469200399,2.5484675775443053,25.762842902346133,0.9048360543204976,1.0254015,2.368035488876149,positive (deficit-like),,,,,,08061866+1902068,,False,,False,,False,False,False,False,True,25.762842902346133,,,False,False,True
408714791610757760,25.28249269259593,53.26900932985783,130.41419784467095,-8.879299163841726,471.6068989366909,17.032715,8.299744148380999,5.150633512356468,1.993122482891556,0.5040431252476641,2.548067410998815,25.758806035107632,0.904800973565272,1.0253187,1.235775900209218,positive (deficit-like),,,,,,01410780+5316089,,False,,False,,False,False,False,False,True,25.758806035107632,,,False,False,True
5773359914768835840,221.5370049982056,-80.08341015768242,307.92675367595683,-18.34289943594998,403.5129444990031,14.669613,6.222655071649713,4.249966434624218,1.1218373312312386,0.5090317136368854,2.5450222217153557,25.72808626357257,0.9045335918776756,0.9999317,1.2045502098292626,positive (deficit-like),,,,,,14460901-8005001,,False,,False,,False,False,False,False,True,25.72808626357257,,,False,False,True
5655563908323012736,134.26947980033972,-22.244212267859115,248.1134902086608,14.873838418717158,287.87040878668233,17.426525,9.900389094535369,6.286046291136146,2.5161859458187896,0.3379164651341046,2.541692156915853,25.69449267699544,0.9042403370769494,1.0107367,1.3574993454731146,positive (deficit-like),,,,,,08570468-2214392,,False,,False,,False,False,False,False,True,25.69449267699544,,,False,False,True
1981918435475254656,337.5758416987512,43.25960917980328,97.4080784388158,-12.50880689570427,447.6417894572546,16.96444,8.489997950156772,5.139385588345531,2.2089883020115924,0.3106794813310242,2.54028593604565,25.680306766091604,0.9041162309843386,1.0483156,1.4675671551868257,positive (deficit-like),,,,,,22301822+4315347,,False,,False,,False,False,False,False,True,25.680306766091604,,,False,False,True
473269597475472384,56.72223684355908,59.06696664388642,143.8396036945469,3.5133192327791347,273.0649877611662,15.291719,7.73113626080828,4.877506229415842,1.6797815299771486,0.5015448148883884,2.534091839617563,25.617820920574385,0.9035676532868196,1.0402853,2.8204278225008608,positive (deficit-like),,,,,,03465340+5904016,,False,,False,,False,False,False,False,True,25.617820920574385,,,False,False,True
2570066858938572032,33.22769010130565,9.635655371002708,153.96173822492372,-48.26634876909729,337.6195414335342,16.135138,8.25670702203188,5.462987469706601,1.7567246981258569,0.3143343936768131,2.5284286286511826,25.560690630517534,0.90306334710659,0.89998555,2.291669959406227,positive (deficit-like),,,,,,02125462+0938098,,False,,False,,False,False,False,False,True,25.560690630517534,,,False,False,True
1080743445326906112,175.72466250421914,77.16455565680462,127.78448116891995,39.310779038019895,303.9784750612456,13.536199,6.103170716719602,4.181444379543266,1.0617013342474648,0.0223793623299151,2.5268015478215253,25.544276691447266,0.9029179692421044,1.0939296,2.070295815105762,positive (deficit-like),,,,,,11425392+7709523,,False,,False,,False,False,False,False,True,25.544276691447266,,,False,False,True
4316945640096070144,295.6304483853447,13.476039799880812,50.782429359536735,-4.879316548622234,406.67084274466725,16.815332,8.633400024827559,5.080035136454683,2.4035958201511867,0.1960300827201671,2.526016535709754,25.53635751451569,0.9028477513316396,1.0173383,1.6811337531418162,positive (deficit-like),,,,,,19423127+1328334,,False,,False,,False,False,False,False,True,25.53635751451569,,,False,False,True
1944119871415459328,359.55321649155303,51.56108069375138,114.5660372484634,-10.444035273548758,324.3360521125005,16.373003,8.722321032914724,5.444135049862655,2.171912749394705,0.1340821781647449,2.519786002484069,25.47350409575638,0.902288637216934,1.0546228,1.95857609005493,positive (deficit-like),,,,,,23581274+5133398,,False,,False,,False,False,False,False,True,25.47350409575638,,,False,False,True
1966665735300124544,324.1364302124236,41.036784477675006,87.98640604554188,-8.249733538197507,457.3821422767074,16.272938,7.790175550930842,4.9028206373522405,1.7801552082589829,0.2415997551688481,2.515421652307161,25.42947667156248,0.901895074905871,1.1257175,1.9215148005396536,positive (deficit-like),,,,,,21363273+4102121,,False,,False,,False,False,False,False,True,25.42947667156248,,,False,False,True
4468557538966344192,271.3694680741272,2.4814387877131354,29.87919566398447,11.353339825812132,410.4862610483419,16.874537,8.530788120345116,5.117901520021794,2.302604999006505,0.3973241936568063,2.506767989878289,25.342178803347718,0.901110023090246,0.9333189,0.6451451672969979,positive (deficit-like),,,,,,18052867+0228532,,False,,False,,False,False,False,False,True,25.342178803347718,Gaia DR3 4468557538966344192,*,False,False,True
1826200754045197568,295.1496270893878,21.839514167746778,57.84143981628304,-0.356310897959849,437.6338072716725,16.765413,8.381035335071966,5.143145276022182,2.136912317791788,0.2500810059950064,2.5045452220419904,25.319755592916277,0.9009073637199893,1.0496165,1.0890114602509138,positive (deficit-like),,,,,,19403591+2150222,,False,,False,,False,False,False,False,True,25.319755592916277,,,False,False,True
4624452383514788224,68.98987832723722,-78.07457959595446,291.0897755411233,-33.273344905155234,384.2912401904418,16.649338,8.622661077888676,5.394089494577861,2.0660777549386107,0.1428521521173469,2.5032176687934884,25.30636327844961,0.9007861268961738,1.0124218,2.074265967474361,positive (deficit-like),,,,,,04355754-7804289,,False,,False,,False,False,False,False,True,25.30636327844961,,,False,False,True
5322884125362990336,129.86156825321734,-49.5784923776608,267.4934714014484,-4.8837066182234965,418.1054916198296,15.965088,7.717991598241971,4.856738126153746,1.6993145652843296,0.184967545025347,2.497938673481171,25.253108943551645,0.9003025610859523,0.96529716,1.8261072341582008,positive (deficit-like),13.034,13.122,12.712,8.611,J083926.76-493443.0,08392679-4934426,-0.08799999999999919,False,0.32200000000000095,False,4.423,True,True,True,False,False,25.253108943551645,,,False,False,False
5727354767712419712,125.51414134163184,-11.489268611640304,234.05542140037295,14.18821999772933,375.8665915018874,16.419567,8.498489238569972,5.055382602703326,2.205946780261989,0.0644955415970288,2.496654134454249,25.24015055516862,0.9001845388280973,1.0662919,2.162261888812831,positive (deficit-like),,,,,,08220341-1129216,,False,,False,,False,False,False,False,True,25.24015055516862,,,False,False,True
1994709947599048704,359.3440290963656,55.62562330389993,115.30110067168042,-6.443105436030293,484.43401898743787,14.48772,5.65114141974128,3.88294527842864,0.9783921561131922,0.4890705314886497,2.494545164690294,25.21887533603037,0.8999904655626619,1.1019326,1.59285377198498,positive (deficit-like),,,,,,23572253+5537324,,False,,False,,False,False,False,False,True,25.21887533603037,,,False,False,True
3017192608225149440,84.07831864372292,-5.907761887099795,209.6244855910885,-19.386990150505145,361.3861363431178,17.72825,9.883619758991376,5.709043307783998,3.0516672788998718,0.0846150661582982,2.494361384924537,25.21702137166517,0.8999735357740409,1.0147649,2.107980902130661,positive (deficit-like),,,,,,05361879-0554278,,False,,False,,False,False,False,False,True,25.21702137166517,ESO-HA 1467,Em*,True,False,True
3055400671654730368,113.09172266759629,-5.593385447200638,222.62887025627637,6.482493292738222,426.11723838730745,15.197169,6.986791893386154,4.626197660618694,1.3524403600218466,0.0781497192382956,2.493051014615597,25.203802398140077,0.8998527413904489,1.0065494,1.868373645666929,positive (deficit-like),,,,,,07322202-0535363,,False,,False,,False,False,False,False,True,25.203802398140077,,,False,False,True
205392315421514240,74.76729723839779,44.21252033952032,162.16048119972956,1.0074683859838938,484.73502675949226,14.490571,5.662390406821734,3.922214877190088,0.9553413136979336,0.4755704078684033,2.491875399821959,25.191942833918574,0.8997442450893522,1.0325177,1.2648711454517652,positive (deficit-like),,,,,,04590414+4412451,,False,,False,,False,False,False,False,True,25.191942833918574,,,False,False,True
5620354041316999424,112.61500605881682,-20.61202191816822,235.6191257257043,-1.1100944207256165,370.5980427802784,13.70237,5.735812353182116,3.946641959545529,0.96273077433876,0.1435076670045424,2.491324580167311,25.186386182961048,0.8996933700698495,0.9790518,1.9506196325183531,positive (deficit-like),,,,,,07302760-2036427,,False,,False,,False,False,False,False,True,25.186386182961048,,,False,False,True
4378833580499364864,252.6725766595814,-2.1833895005453745,15.996205127708514,25.455434143498312,455.16757119546577,14.693382,5.947819413911524,3.959202602956853,1.0786404594910204,0.5512612333908287,2.4912604998560486,25.18573974284234,0.8996874497830206,0.992329,0.870440166938461,positive (deficit-like),12.579,12.611,11.75,8.303,J165041.42-021059.8,16504143-0211003,-0.03200000000000003,False,0.8290000000000006,True,4.276,True,True,True,False,False,25.18573974284234,,,False,False,False
5934075971788261376,248.1668149555165,-52.41553838427616,333.07654503146364,-3.0026076690233467,468.3762743406282,15.3003235,6.619334950213316,4.406083295075542,1.261173300898368,0.4070015597490035,2.4871144577212867,25.14391460315516,0.899303659358331,1.0094326,1.7467683868413035,positive (deficit-like),,,,,,16324001-5224557,,False,,False,,False,False,False,False,True,25.14391460315516,,,False,False,True
3089618950973502464,124.61725070539278,0.7565862349709626,222.5430052500414,19.627038873855064,247.5581191329729,14.367198,7.362963227758537,4.706688989852538,1.5640587039569758,0.0460461793775988,2.4845255344589408,25.1177976285641,0.8990632638030105,0.99400383,2.3250055588049903,positive (deficit-like),,,,,,08182818+0045241,,False,,False,,False,False,False,False,True,25.1177976285641,,,False,False,True
4660655281357244928,79.70113161122853,-65.23019666058109,275.2078444009653,-34.10263065120274,449.4917352498659,15.797127,7.432716918776151,4.770102540090096,1.6012080299950695,0.130488416857979,2.483558322553301,25.10804042597291,0.8989733057539678,1.0396451,0.6680091552684968,positive (deficit-like),,,,,,05184828-6513488,,False,,False,,False,False,False,False,True,25.10804042597291,,,False,False,True
235161691524790144,51.115792339058366,39.11330876560584,152.7198649201029,-14.74910429066504,157.4414020821817,15.490534,9.40315103617178,5.998565613343028,2.263633679750814,0.1443262568206649,2.483055292033746,25.10296587027293,0.898926488410455,1.0913775,2.8898839232957525,positive (deficit-like),,,,,,03242774+3906483,,False,,False,,False,False,False,False,True,25.10296587027293,,,False,False,True
1132877171410717440,162.91061085513434,79.703602100562,129.25689318205545,35.90734586009007,463.35564468999286,15.013588,6.656251881445445,4.178694943713275,1.3863228841267456,0.0347196798473661,2.4730269083496044,25.001799858256515,0.8979885999405824,1.0991489,2.160079105097272,positive (deficit-like),,,,,,10513844+7942131,,False,,False,,False,False,False,False,True,25.001799858256515,,,False,False,True
2983565488197503360,78.35509139490844,-15.36128374106524,216.41421788131225,-28.47262493001756,361.7988687526013,13.800805,5.934772172755861,4.084665173096959,1.0450294286250852,0.0876180766250578,2.467148102548985,24.94249465444704,0.897434752958182,1.0908594,1.7049267455227286,positive (deficit-like),,,,,,05132520-1521408,,False,,False,,False,False,False,False,True,24.94249465444704,,,False,False,True
2183005780618360448,313.1123616743014,54.775652551083866,92.83330229645064,6.538456107657463,443.2645294668749,16.620497,7.96295636037352,4.906464086177003,1.8379222704251568,0.5745830744111535,2.4653911995261018,24.92477107326757,0.8972686508561512,1.1130241,1.7189509026831418,positive (deficit-like),,,,,,20522694+5446320,,False,,False,,False,False,False,False,True,24.92477107326757,,,False,False,True
5196745402634536960,138.82529224052925,-80.14243765302652,294.391507171384,-21.085901385428752,310.48774937142434,15.727471,7.943117335243952,4.79534675128859,2.086368275493653,0.4524898861828941,2.465335236950236,24.924206524602425,0.8972633555928431,1.0940515,0.9230326126092032,positive (deficit-like),,,,,,09151820-8008332,,False,,False,,False,False,False,False,True,24.924206524602425,,,False,False,True
3150093877208181632,114.622612903536,10.926892912634395,208.32669099472025,15.342208830743507,284.6828781741534,15.0762205,7.762969881785833,4.925683434444513,1.6926527561655969,0.0542506056261773,2.464826580707986,24.919075216792866,0.8972152132556431,1.138605,2.7053843211832214,positive (deficit-like),12.347,12.378,12.181,7.947,J073829.43+105537.4,07382941+1055374,-0.031000000000000583,False,0.16600000000000037,False,4.3999999999999995,True,True,True,False,False,24.919075216792866,,,False,False,False
5432557244832119424,144.4087175494311,-39.52827161665747,267.1099551552883,9.50229272848439,424.0874667822258,14.97255,6.751857123925779,4.379589388657123,1.3404583753821604,0.1038089163538049,2.461936118463582,24.889916326650603,0.8969412135849787,1.0339391,1.231522485734459,positive (deficit-like),,,,,,09373809-3931416,,False,,False,,False,False,False,False,True,24.889916326650603,,,False,False,True
2172616976291261312,323.8270558331559,52.92665725981447,95.85260054367556,0.6907313000769052,384.0306667222385,15.9099865,7.795874559258525,4.88569966131077,1.75835221886146,0.255449306624226,2.4606482588875576,24.87692444067504,0.8968188965871817,1.0383974,0.0493686931694172,positive (deficit-like),,,,,,21351848+5255357,,False,,False,,False,False,False,False,True,24.87692444067504,,,False,False,True
3004452223395750784,92.50060121357654,-9.883599570459992,217.18028628969657,-13.64614202384888,475.8297838290152,16.507013,7.960016739275223,4.928203419427769,1.8455338818779683,0.2145928151681048,2.4583961374320653,24.85420511187741,0.8966046479055974,1.125145,2.801606080340273,positive (deficit-like),,,,,,06100013-0953010,,False,,False,,False,False,False,False,True,24.85420511187741,,,False,False,True
6087947852384159872,200.57918480759395,-44.8452828229257,308.66891998344875,17.682222216497575,402.25070650499066,16.421215,8.342612341524193,5.137646949926488,2.016019581994646,0.076904381795327,2.456867020297218,24.83877942740912,0.8964589265137485,1.0007626,1.6312218022772338,positive (deficit-like),,,,,,13221898-4450432,,False,,False,,False,False,False,False,True,24.83877942740912,,,False,False,True
5959369205994142848,263.21069174216655,-40.51414435623616,348.7946753547272,-3.939951803870105,317.2840513829392,17.042692,9.268227959700784,5.644684555386175,2.458713496184414,0.390158840625986,2.45498450207473,24.819788644136786,0.8962792447134947,1.0669795,1.2009862784383445,positive (deficit-like),,,,,,17325055-4030511,,False,,False,,False,False,False,False,True,24.819788644136786,,,False,False,True
4670076687228747264,59.22868397504699,-64.6582359168184,278.1062117928024,-42.450244194760415,471.7164714600737,14.789174,6.329282557479352,4.300269241862736,1.1088162715936714,0.1099220176080924,2.4504238574666526,24.77378100803557,0.8958426484348523,0.964284,1.6265604672720746,positive (deficit-like),,,,,,03565491-6439299,,False,,False,,False,False,False,False,True,24.77378100803557,,,False,False,True
5064629906506585088,41.99859759347471,-31.374361594815998,229.45293943790057,-64.30140297438672,432.8559338749531,15.584933,7.353843750046422,4.558871485398324,1.6286082028677835,0.0640503725244978,2.448610436508739,24.75548727574557,0.8956685371286064,1.0586146,1.9752368943183296,positive (deficit-like),,,,,,02475962-3122278,,False,,False,,False,False,False,False,True,24.75548727574557,,,False,False,True
2221728686063960192,317.6463314363202,66.42706938238807,103.28041765091966,12.407967632987184,413.3802251845166,15.840733,7.465869023815394,4.678601636056228,1.6589850054646749,0.3852900909912735,2.4442684595167767,24.711685551521704,0.8952504688853841,0.95711946,1.0899801507877669,positive (deficit-like),,,,,,21103513+6625375,,False,,False,,False,False,False,False,True,24.711685551521704,,,False,False,True
5495414576537669248,97.36363499939804,-56.86252718922383,265.9042455007116,-25.36721487713038,431.6402119754845,16.37432,8.059054106664961,5.036676101723779,1.9331061689774447,0.1897741931191657,2.4442071755780166,24.71106732111885,0.8952445561738089,1.0285541,1.8236498235648408,positive (deficit-like),,,,,,06292723-5651458,,False,,False,,False,False,False,False,True,24.71106732111885,,,False,False,True
1970528628893372672,321.848420756579,43.5231905557604,88.4605711771019,-5.27913464079156,489.5113725215832,16.35523,7.791662503473882,4.850721076473039,1.763746862656859,0.1521498268993745,2.441924566362892,24.68804043278277,0.8950240907694321,1.0372189,1.484648926723755,positive (deficit-like),,,,,,21272365+4331238,,False,,False,,False,False,False,False,True,24.68804043278277,,,False,False,True
710536338362008576,127.31749587705094,32.07367538949674,190.86925249525956,33.66718091803554,481.4184790655028,16.441936,7.981141195648579,4.6854738682900345,2.10877830669711,0.0668360397457906,2.438569655512709,24.65419620004561,0.8946992148930588,1.0272834,1.9504158563273497,positive (deficit-like),,,,,,08291622+3204254,,False,,False,,False,False,False,False,True,24.65419620004561,,,False,False,True
6305459392977883648,224.2192951345416,-17.671711658380953,340.6489631224202,35.85198447538312,185.55915409722027,13.306786,6.81312166098349,4.369792116356654,1.376849886956427,0.1897389641793542,2.4381380055597104,24.649841729204912,0.8946573427373721,1.0989558,1.349219088253088,positive (deficit-like),,,,,,14565269-1740182,,False,,False,,False,False,False,False,True,24.649841729204912,UCAC2  25094432,PM*,False,False,True
5307614245329896960,147.03328973103348,-56.182994415343714,279.3915570299464,-1.9304014006392824,409.8045154686653,17.687616,9.519231291587367,5.614947735428076,2.688581139754918,0.1573492987753676,2.4365617408459137,24.633940421476808,0.8945042958879067,1.0925413,2.900022044304945,positive (deficit-like),,,,,,09480802-5610588,,False,,False,,False,False,False,False,True,24.633940421476808,Gaia DR3 5307614245329896960,*,False,False,True
2602182214901715712,336.6585188081252,-11.928962107207724,49.87566272559738,-52.836816768047456,428.5781839929496,16.764742,8.523344708185155,5.185112306462238,2.0861758283963034,0.1124914155531428,2.434055035984086,24.60865286346541,0.894260450191103,1.0661427,1.114239044061192,positive (deficit-like),,,,,,22263801-1155442,,False,,False,,False,False,False,False,True,24.60865286346541,,,False,False,True
1829158058055318784,305.14984130257074,21.798630086989316,62.68484352973671,-8.285576593170443,276.0925200741187,13.462366,6.21698123190102,4.149341926228493,1.1458410223132507,0.0483777249636313,2.433312943818607,24.6011666615714,0.8941881533352372,0.94825643,0.626184740241922,positive (deficit-like),,,,,,20203590+2147547,,False,,False,,False,False,False,False,True,24.6011666615714,,,False,False,True
547986910135217024,49.99387838965084,75.4371481727575,131.98374535553083,15.24408597313438,455.78502251055176,15.287358,6.737316432874223,4.489497099911193,1.2824463076316135,0.3181258212344384,2.431187400776901,24.57972425174032,0.8939808028501833,1.0529082,0.9701527898265284,positive (deficit-like),,,,,,03195833+7526138,,False,,False,,False,False,False,False,True,24.57972425174032,,,False,False,True
4937234029680960640,29.80918965139323,-51.700931937447216,280.0506045478455,-62.3099340285506,431.1699609539626,15.136715,6.927520683020881,4.458925192144516,1.4719634791101184,0.0455531215890315,2.428675612940701,24.55438541684696,0.8937352496499674,1.0189142,-0.7938403606777111,positive (deficit-like),12.564,12.645,12.112,8.99,J015914.20-514203.3,01591421-5142032,-0.08099999999999952,False,0.45199999999999996,False,3.574,True,True,True,False,False,24.55438541684696,,,False,False,False
4026324719498846848,179.95568241783113,30.7512882609822,192.08338886526207,78.14932743921877,138.07646589011782,17.183481,11.467820271976292,7.785106457058178,2.68702948339152,0.022400116850907,2.422563051290737,24.492722091548668,0.8931353049175632,0.9833529,2.9584484176529955,positive (deficit-like),,,,,,11594942+3045046,,False,,False,,False,False,False,False,True,24.492722091548668,,,False,False,True
6791568601903108992,309.407059351976,-34.270557964383435,8.699516816632757,-35.83684053360256,471.42017040189336,15.74572,7.319154264850641,4.746308165271847,1.4792178592088456,0.0755683430249997,2.4190766428155106,24.457551315000032,0.8927916000617154,1.0275178,0.8928689465892686,positive (deficit-like),,,,,,20373772-3416139,,False,,False,,False,False,False,False,True,24.457551315000032,,,False,False,True
900435602935303040,113.08943688062512,40.83872175977038,177.96284621796892,24.69351052837376,486.80200270179535,14.196382,5.675154609558649,3.981014255685325,0.956570358256046,0.0990854067246777,2.4186851457319114,24.45360190501421,0.8927529356570698,0.9309596,0.5761227245784474,positive (deficit-like),,,,,,07322145+4050195,,False,,False,,False,False,False,False,True,24.45360190501421,,,False,False,True
6069087070441382912,204.52033228985084,-51.86171878905745,310.22151368826127,10.348632680755795,407.3009198761841,14.556189,6.216362856269341,4.23576075981986,1.0611502888454387,0.3487702187652345,2.413214159335266,24.398410770233443,0.8922111576331142,1.0373145,1.9137916838943712,positive (deficit-like),,,,,,13380490-5151424,,False,,False,,False,False,False,False,True,24.398410770233443,,,False,False,True
3035759163436526336,117.99096044523309,-13.155607188824789,231.6478511922906,7.032978949598074,240.2309186157701,14.721744,7.720423341536224,4.911036217043456,1.6558321201183734,0.1280916521653693,2.4064309542347946,24.329982015379432,0.8915356320766692,1.1060022,2.1844930904441475,positive (deficit-like),,,,,,07515782-1309200,,False,,False,,False,False,False,False,True,24.329982015379432,,,False,False,True
6136884812829285248,201.66726663482467,-42.14692358549199,309.8820690081983,20.248884198212973,410.84629758370977,15.885705,7.743241409060923,4.91574519685366,1.7129717821455872,0.0973519910823813,2.403880295354876,24.304251050647427,0.8912805233105456,1.0294727,1.0713846913167877,positive (deficit-like),,,,,,13264017-4208485,,False,,False,,False,False,False,False,True,24.304251050647427,,,False,False,True
5956224297824724736,269.18427876357583,-43.62368882573257,348.3962612246252,-9.339240011590755,342.8980223531363,16.566763,8.632076737621734,5.038147173879308,2.247113481579673,0.3681667238198974,2.400075064885776,24.265864008080342,0.8908988205795438,0.97402143,2.8828084118659865,positive (deficit-like),,,,,,17564422-4337250,,False,,False,,False,False,False,False,True,24.265864008080342,,,False,False,True
6647648710288374272,271.109405176812,-59.01633126326235,334.7976067608272,-17.314720192602774,405.7390711767984,14.51413,6.303206545927664,4.165590536733713,1.1916199818732025,0.20710437931603,2.3960567845722838,24.225327725536328,0.8904942919538101,0.9391476,0.9075381784088348,positive (deficit-like),,,,,,18042627-5900581,,False,,False,,False,False,False,False,True,24.225327725536328,,,False,False,True
2751158107660548736,8.371791468290985,9.943766760114684,115.6297603927759,-52.67328816761017,462.66849429385377,16.252432,7.742830709612575,4.52133900380329,2.1051081131636846,0.2552412605943268,2.390982161401181,24.174135090224787,0.889981275191208,1.0263475,1.812624136047772,positive (deficit-like),,,,,,00332923+0956378,,False,,False,,False,False,False,False,True,24.174135090224787,,,False,False,True
457808883440857472,38.69172840620159,57.10755693272493,136.63884991965494,-2.9886486269269987,459.12054393156245,17.221472,8.42079214978689,5.132253577493775,2.081564132893699,0.6889029182711857,2.3864969012357493,24.12888792995604,0.8895258392641834,0.9997408,1.5852844116315017,positive (deficit-like),,,,,,02344598+5706274,,False,,False,,False,False,False,False,True,24.12888792995604,,,False,False,True
1226921871267297536,214.48754112753312,13.493397437725768,3.221632986021826,65.62845579039006,403.56380793434505,14.370124,6.303582871367164,4.293854630684053,1.0950123876087985,0.0442464747862472,2.384157115237881,24.105284244074884,0.8892875082451681,1.0356966,1.2284945207101108,positive (deficit-like),,,,,,14175703+1329364,,False,,False,,False,False,False,False,True,24.105284244074884,,,False,False,True
3907268539585571968,185.1193277598648,10.977845104523483,277.1793872389647,72.28362923840548,454.75640010294944,15.655513,7.322817281065649,4.717227609226217,1.5451057854620125,0.0561202035583431,2.3819720345142787,24.083241220024014,0.8890644712627914,0.9498085,0.6285909711394952,positive (deficit-like),,,,,,12202862+1058401,,False,,False,,False,False,False,False,True,24.083241220024014,,,False,False,True
2206573777999457664,334.0119047342353,64.94877564128794,107.41542648788976,6.868719031736068,384.1276939329217,14.9217205,6.577030669558187,4.355792675423414,1.2505933437595524,0.5249993889830763,2.381229868802184,24.07575427619411,0.8889886142624019,1.0318938,1.2588737292092225,positive (deficit-like),,,,,,22160288+6456557,,False,,False,,False,False,False,False,True,24.07575427619411,,,False,False,True
6614765585966875008,332.90312621902376,-30.48460743726034,17.739306478296783,-55.00731821381399,420.7668432643102,13.798286,5.655197955148588,3.9415736481428607,0.9855511655969308,0.0269006411398023,2.373939033074973,24.00220455990681,0.8882406523210742,1.1011531,1.0103916237028792,positive (deficit-like),,,,,,22113676-3029040,,False,,False,,False,False,False,False,True,24.00220455990681,,,False,False,True
5502906408253329792,100.3610409217988,-50.81473442385996,259.94737879946393,-22.206697723779097,412.7310081930309,15.757193,7.622937273303353,4.559994247334169,1.9392785502724124,0.0758317290822963,2.364513573699788,23.90712082892451,0.8872662270922388,1.0785601,1.97412569184942,positive (deficit-like),,,,,,06412665-5048536,,False,,False,,False,False,False,False,True,23.90712082892451,,,False,False,True
4295109137339416576,293.07237749660777,7.145280932720669,43.99454144861713,-5.730944021458904,351.6677784999712,16.10122,8.1002737800881,4.903802227973875,2.0597053874773423,0.3753042580606374,2.363264153727912,23.89451672043909,0.8871364230928324,1.0737859,1.0531448177583864,positive (deficit-like),,,,,,19321738+0708430,,False,,False,,False,False,False,False,True,23.89451672043909,,,False,False,True
4123177542108069504,264.401014910213,-18.49580591657108,7.943434270463149,7.040808105148398,420.0423319088301,16.243496,7.810634907083616,4.56142387059552,2.066226951696191,0.4404010752883134,2.3609321388784137,23.870991429652708,0.8868937468357602,1.0721331,2.224040611500366,positive (deficit-like),,,,,,17373622-1829448,,False,,False,,False,False,False,False,True,23.870991429652708,,,False,False,True
6450878395686287744,315.0443588332987,-62.72771400170866,332.6367976348491,-38.50020050428045,321.45921716361374,16.700363,9.129716477554286,5.693856108592796,2.2263687512929846,0.0493059753797065,2.36003935110047,23.861985015267667,0.8868007026795076,1.0669826,2.4640346430818,positive (deficit-like),,,,,,21001052-6243392,,False,,False,,False,False,False,False,True,23.861985015267667,,,False,False,True
4804421030864849152,86.88623058730963,-41.5777335014189,247.56622359879267,-29.06600248031929,483.3079329798531,17.300442,8.84240550297315,5.109412345255846,2.621556491273658,0.054535968662689,2.359869963491496,23.86027623851713,0.886783040880967,1.0025251,0.6050515644236376,positive (deficit-like),,,,,,05473269-4134399,,False,,False,,False,False,False,False,True,23.86027623851713,,,False,False,True
2089599072383085696,300.58861480362623,53.85071372659488,87.86869153553747,12.02441931311971,409.1696006103555,15.915366,7.670858611014388,4.80589459680416,1.7592427260776802,0.2457298652756881,2.3569758421600886,23.83108043562288,0.8864808489573676,1.0788304,1.0066961102819094,positive (deficit-like),,,,,,20022126+5351027,,False,,False,,False,False,False,False,True,23.83108043562288,,,False,False,True
6590675251843551616,323.9916165861597,-34.35652322402131,10.661659302128715,-47.78503100647816,463.8664915418839,15.786557,7.4080818334039185,4.743482270289405,1.5452296003934904,0.0595979572412367,2.3489299581284118,23.749913816328235,0.8856364868137645,1.0783229,1.4173507289375895,positive (deficit-like),,,,,,21355801-3421233,,False,,False,,False,False,False,False,True,23.749913816328235,,,False,False,True
5279285908033790848,100.71010914929197,-68.70676168386889,279.1383394983583,-25.91115127497025,419.8158417097149,14.157315,5.969862023092326,4.023861110241545,1.1231259885609404,0.0868290688930823,2.3466944723337724,23.727362307542165,0.8854007745077953,0.9265647,1.057814088118146,positive (deficit-like),,,,,,06425038-6842244,,False,,False,,False,False,False,False,True,23.727362307542165,,,False,False,True
3675927754048481152,192.58490879098383,-7.027455447019243,302.44655799407207,55.84325952102887,281.810289757018,16.464426,9.174764945778067,5.718283659228215,2.301513070247294,0.0566980475990804,2.3465076812075214,23.72547796466917,0.8853810570480902,1.0165579,1.5735842847947097,positive (deficit-like),,,,,,12502035-0701386,,False,,False,,False,False,False,False,True,23.72547796466917,,,False,False,True
3466798890099803520,179.53938608064337,-33.134270816728254,290.2598194553139,28.42302330024454,426.23530052513945,15.38111,7.109793842809735,4.503243153626912,1.5126621504105946,0.1573813913871826,2.3458509188875585,23.718852567511863,0.885311703023776,1.0493531,0.985181682058191,positive (deficit-like),,,,,,11580949-3308033,,False,,False,,False,False,False,False,True,23.718852567511863,,,False,False,True
6065108247103154176,208.08752839652925,-53.81988364569397,311.9399671519858,7.9831153522551475,162.98607502612523,13.575484,7.464140117205231,4.752583090917762,1.598520238040465,0.0653469180330454,2.342848037978973,23.688559601501574,0.8849940641793782,1.0386277,2.3021778243699327,positive (deficit-like),,,,,,13522103-5349115,,False,,False,,False,False,False,False,True,23.688559601501574,,,False,False,True
545584374149313664,40.94493676161962,71.68961372832557,131.59002797241536,10.732162504054914,435.5241962363486,17.040174,8.632017865729981,5.3321642575655535,2.1585508745115645,0.2991950450644358,2.340569899456109,23.66557781336521,0.8847525004245502,1.0272206,1.144330594229371,positive (deficit-like),,,,,,02434666+7141228,,False,,False,,False,False,False,False,True,23.66557781336521,,,False,False,True
6273889386192794752,209.6113692175107,-25.94976328441769,321.2668142111954,34.524987738856545,431.6453378576971,15.021504,6.746033190220743,4.367264257900754,1.3377089723464892,0.1242667741497108,2.3393662928587835,23.653435868728547,0.8846246705111179,1.0468013,0.859154904809961,positive (deficit-like),,,,,,13582675-2556590,,False,,False,,False,False,False,False,True,23.653435868728547,,,False,False,True
5959805578989677312,259.5398136878186,-41.17056476802405,346.69550604886166,-2.004152281814303,461.0669774288705,16.301685,7.483532052284319,4.4209082547810645,1.896785521188395,0.683591504787236,2.3235726520706805,23.494110128501944,0.8829340993833104,1.0421835,0.677706443057416,positive (deficit-like),,,,,,17180953-4110141,,False,,False,,False,False,False,False,True,23.494110128501944,,,False,False,True
6729380739639017728,282.51013321878213,-38.4577758327219,357.5704390643914,-16.221070897623243,281.1561095022576,16.725702,9.348242578770025,5.916710099110362,2.315145500676293,0.1896059117353581,2.3228355121471003,23.4866738846649,0.882854592732336,1.0227503,1.7625482115972966,positive (deficit-like),,,,,,18500247-3827278,,False,,False,,False,False,False,False,True,23.4866738846649,,,False,False,True
980441566531714688,108.6095287447976,51.42211056052386,165.8491750331914,24.33512070483357,334.904399040669,13.597712,5.875510730947296,3.8945556061741526,1.1331901834942275,0.1177327144021036,2.321078666220753,23.468950879473457,0.8826648845603888,0.9977299,1.41067546214807,positive (deficit-like),,,,,,07142631+5125199,,False,,False,,False,False,False,False,True,23.468950879473457,,,False,False,True
5934839655680276608,244.7038016838128,-51.33892177908969,332.356141776027,-0.720142829352985,402.75698533344513,15.070572,6.832357561981086,4.433697361304874,1.3967019800662042,0.2686048418035792,2.3188943462770686,23.446915530145933,0.8824285882865579,1.0183754,0.620517837927996,positive (deficit-like),,,,,,16184894-5120194,,False,,False,,False,False,False,False,True,23.446915530145933,,,False,False,True
205910769513324544,77.06030544563339,45.37298198931954,162.22881688185717,3.004825612297955,428.59952787844094,13.745776,5.384460843291878,3.7199724333135182,0.9296403093239372,0.2359045751887647,2.318885642499835,23.44682772672118,0.8824276457744875,1.0428913,0.1439947380391579,positive (deficit-like),,,,,,05081445+4522232,,False,,False,,False,False,False,False,True,23.44682772672118,,,False,False,True
3024690143653819648,89.77206995771729,-2.7980927499939487,209.42138430462305,-12.917378352324745,294.2519476429245,15.044259,7.63626671627115,4.933175931527264,1.641809579624533,0.0837454421764735,2.317958738160134,23.437477145558574,0.8823272301706875,1.0185064,1.4555771195405534,positive (deficit-like),,,,,,05590529-0247527,,False,,False,,False,False,False,False,True,23.437477145558574,,,False,False,True
166856391371326208,59.637205271736335,28.59965079657396,165.35084620244342,-18.47260352705485,316.47542340971404,15.604079,7.692905314536891,4.747089048166427,1.7620438455539351,0.5484630783329004,2.3164740792128384,23.422499953856203,0.8821662118393229,1.0279937,1.399003407161096,positive (deficit-like),,,,,,03583291+2835591,,False,,False,,False,False,False,False,True,23.422499953856203,,,False,False,True
2899150620415752192,96.79113650676184,-26.49968066854922,234.6221149031144,-16.717714586860733,490.45605661085705,14.43619,5.934120558748213,3.962532159204121,1.135979764165242,0.0591103227751108,2.311012201134932,23.36740070350188,0.8815719465628047,1.0563962,0.4915180876746912,positive (deficit-like),,,,,,06270985-2629585,,False,,False,,False,False,False,False,True,23.36740070350188,,,False,False,True
394095173904252288,5.914743156899304,48.7703263706809,118.22402064164086,-13.847328261235957,487.7239248504616,14.065238,5.465261841352606,3.762760628245753,0.9662063626721376,0.1874549130646018,2.307719564663385,23.33418469269319,0.8812122529308062,0.94392145,1.1370952826901102,positive (deficit-like),,,,,,00233952+4846133,,False,,False,,False,False,False,False,True,23.33418469269319,,,False,False,True
2072292999909141376,299.2678234231303,37.75018158531852,73.38413395039846,4.610384202257841,341.8588978853612,15.947058,8.199403272672443,5.076167730798151,1.942524551874986,0.1064745185692292,2.303837886314088,23.29502644636981,0.8807868079173015,1.0351074,1.7413783063924393,positive (deficit-like),,,,,,19570421+3745000,,False,,False,,False,False,False,False,True,23.29502644636981,,,False,False,True
3343165743929715712,87.72090607866487,12.11561913890103,195.12062545762168,-7.558773416165321,345.6096862518547,16.87851,9.117972382766151,5.374915698381206,2.602910917867056,0.099757920653679,2.301628798476618,23.27274123932651,0.8805440044557579,0.97683334,2.646931850340924,positive (deficit-like),,,,,,05505301+1206567,,False,,False,,False,False,False,False,True,23.27274123932651,Gaia DR3 3343165743929715712,Em*,True,False,True
5896561773228217600,212.72684558184403,-54.29065845639779,314.454872226878,6.793515005043235,460.7495230003096,16.044743,7.285549454634994,4.563658388907212,1.588554892268788,0.5780091099956216,2.2930083816873976,23.18577875205512,0.8795917848476409,0.9784062,0.4542193219615415,positive (deficit-like),,,,,,14105445-5417263,,False,,False,,False,False,False,False,True,23.18577875205512,,,False,False,True
2528508888526684672,7.504863785961279,-3.945194197683155,109.56154032021968,-66.25936120104791,170.93159657545695,18.136986,11.95035404291468,7.83716292081014,3.357600541812623,0.0356537737328921,2.292148718347221,23.177106495932737,0.8794964103749763,0.9881144,0.2222560609735109,positive (deficit-like),,,,,,00300116-0356423,,False,,False,,False,False,False,False,True,23.177106495932737,,,False,False,True
277787528246612224,72.80061402116955,57.6441346987972,150.85340632318272,8.430754382270488,318.6048913894238,16.981745,9.086824997810591,5.897587645890086,2.0724811159739893,0.528606938640343,2.284271875134769,23.0976451549848,0.878618997129666,0.9776331,2.336242712630514,positive (deficit-like),,,,,,04511206+5738393,,False,,False,,False,False,False,False,True,23.0976451549848,,,False,False,True
4527458621677145728,271.86241736789736,19.340828216738927,45.863738388384775,18.132025399173525,446.2687391453583,16.444445,8.07900272915311,5.109412912957046,1.871211364204435,0.158127798307665,2.2837246863291787,23.09212513191576,0.8785578081730476,1.0519187,2.178912519565833,positive (deficit-like),,,,,,18072698+1920272,,False,,False,,False,False,False,False,True,23.09212513191576,,,False,False,True
1969515394564493952,315.6803693328059,41.76075880570959,84.04036431457324,-3.2178537536989853,428.6224761533788,16.911974,8.634978641866661,5.240039165277902,2.1767694269398032,0.1636011849095691,2.282429947144915,23.07906384467358,0.8784129021149986,1.0189358,1.5094754901509655,positive (deficit-like),,,,,,21024328+4145387,,False,,False,,False,False,False,False,True,23.07906384467358,Gaia DR3 1969515394564493952,*,False,False,True
5144613325816745472,31.14491457028093,-16.902860308770972,185.5494411965615,-70.24029547399684,290.46635919174656,16.439589,9.067009903576864,5.89438701905158,2.0184086907172585,0.0782764387024442,2.276059817212466,23.014802178826937,0.8776974408727065,1.0652734,2.148949097217799,positive (deficit-like),,,,,,02043478-1654104,,False,,False,,False,False,False,False,True,23.014802178826937,,,False,False,True
5520666201110009600,120.48924615693616,-44.898856649034826,260.01427620372795,-7.5230691546391935,370.3866449878332,13.406894,5.501088638212255,3.3319021627025527,1.2252457146746545,0.0764036781385147,2.275949607492436,23.013690386716448,0.8776850256885513,1.1629432,1.5223234885499033,positive (deficit-like),,,,,,08015742-4453560,,False,,False,,False,False,False,False,True,23.013690386716448,Gaia DR3 5520666201110009600,Y*O,True,False,True
3509761546745972608,192.4068528130692,-19.448702732389847,302.34429809819943,43.420981543919055,394.7764440853189,16.327135,8.273516237317173,5.117547939890737,1.8719025622245564,0.0965986461128046,2.2757547600872874,23.01172477236109,0.8776630729398956,1.0277567,2.271170761493108,positive (deficit-like),,,,,,12493768-1926553,,False,,False,,False,False,False,False,True,23.01172477236109,,,False,False,True
2095974483178991744,278.3613871671509,36.64931567972007,65.07418054704534,19.15853842541368,226.4071746307074,16.24499,9.434172825400063,5.61806308590862,2.8058234579500354,0.0548100992617137,2.2717455307133454,22.971279795404115,0.8772104920170701,0.97477454,2.570946834781985,positive (deficit-like),,,,,,18332668+3638569,,False,,False,,False,False,False,False,True,22.971279795404115,,,False,False,True
4477689326634292096,277.017611291026,8.093819143093002,37.53846351570598,8.852050977835011,363.2581308784629,16.229809,8.135089805409324,4.880344571749172,2.0306225510640745,0.406482891728443,2.2699230609101857,22.95289477865435,0.877004209783461,1.1166198,1.9916618075980757,positive (deficit-like),,,,,,18280422+0805375,,False,,False,,False,False,False,False,True,22.95289477865435,,,False,False,True
4244782359791945728,306.49811047461714,3.490985742180466,47.44423906825044,-19.173385296520152,324.8555476454821,16.822947,9.168469706602236,5.586776467299064,2.4371018501985025,0.139086713635984,2.268663707272592,22.94019045966871,0.8768614632655354,1.0373963,1.1534465668397833,positive (deficit-like),,,,,,20255952+0329278,,False,,False,,False,False,False,False,True,22.94019045966871,,,False,False,True
3583549398423012992,185.85502517854357,-7.188625047113384,290.7488461314277,55.01900208309153,468.2662261920039,15.664648,7.271767373072421,4.641426940016333,1.5949370744196307,0.0521575479086308,2.26116830305694,22.864577063050504,0.8760084325477661,1.0776839,0.571719739812437,positive (deficit-like),,,,,,12232519-0711187,,False,,False,,False,False,False,False,True,22.864577063050504,,,False,False,True
3744781680440854016,202.88829140092025,14.931401207876675,342.3742448171442,74.64159454590376,350.4936278554703,15.120627,7.367663677712699,4.815350514320628,1.4601241705590695,0.0373834619927622,2.257308886085148,22.825643388787302,0.8755669010966689,0.9677486,1.553646708708882,positive (deficit-like),,,,,,13313323+1455527,,False,,False,,False,False,False,False,True,22.825643388787302,,,False,False,True
699196765707236480,136.63935170260575,29.00278255725712,196.8351922518065,40.8337883443194,433.4624570981439,17.012253,8.77999953661153,5.462400220656148,2.181724543009115,0.0665184027557232,2.253071272330793,22.78289447754731,0.875080291393136,1.023158,1.6217567704980516,positive (deficit-like),,,,,,09063341+2900100,,False,,False,,False,False,False,False,True,22.78289447754731,,,False,False,True
5252387421216413440,153.7845805769728,-64.04048606988796,286.8190778338887,-6.173357143563243,446.7363498841865,15.184759,6.574631575706986,4.397004799505626,1.263285378929127,0.4472011993688727,2.252178091377945,22.77388409682648,0.874977483905992,0.93249494,1.443105434775307,positive (deficit-like),,,,,,10150834-6402258,,False,,False,,False,False,False,False,True,22.77388409682648,Gaia DR3 5252387421216413440,*,False,False,True
5881137205679335168,223.0011892046758,-55.98123851963458,319.27090974822727,3.017857026708568,203.22006752895808,15.462576,8.707155572884279,5.506656831448687,2.026621436662892,0.2974821215761709,2.250349499897575,22.755437324793935,0.8747667441967375,1.024335,0.8381817493712703,positive (deficit-like),,,,,,14520033-5558522,,False,,False,,False,False,False,False,True,22.755437324793935,,,False,False,True
1195644746891150208,233.2940558058609,16.245715646488474,25.22813138345624,51.07125805182503,214.87993708784464,17.832138,11.094828858386258,7.145721664128184,2.956659746314066,0.1169362840292898,2.2493973064002404,22.745831627422625,0.8746568661285219,0.9768165,0.3786353469603536,positive (deficit-like),13.689,13.541,12.647,9.479,J153310.60+161444.6,15331068+1614450,0.1479999999999997,False,1.0419999999999998,True,4.210000000000001,True,True,True,False,False,22.745831627422625,,,False,False,False
1977872267050427776,326.38425316745514,48.00177898518909,93.82835828937807,-4.08457198485697,301.27450280363934,13.744205,6.297371950626967,4.150869266771805,1.221409927984808,0.0635031293139301,2.2478672253642102,22.73039621915021,0.8744801009510762,1.0460037,1.50036407588017,positive (deficit-like),,,,,,21453221+4800066,,False,,False,,False,False,False,False,True,22.73039621915021,,,False,False,True
2073946802832533888,301.4043337180465,39.296721240474255,75.58382377950409,3.999013082695084,422.6720865276835,15.09573,6.843259539494379,4.44807111414175,1.4115063142042252,0.1542486907121934,-3.771065908455898,-37.98840762009368,-31.083802540900464,0.989298,-0.3162588956492039,negative (over-luminous control),,,,,,20053704+3917482,,False,,False,,False,False,False,False,True,37.98840762009368,,,False,False,False
4057728317778101632,267.1082330520157,-27.63514499230504,1.4335579755998693,0.1451008163035158,371.61390176380473,17.875883,9.624092380015115,4.523020732363749,2.238599466979176,0.5728348324680591,-2.500810437442265,-25.17411128959912,-8.958264249833004,0.9879569,0.0538579533503199,negative (over-luminous control),,,,,,17482602-2738057,,False,,False,,False,False,False,False,True,25.17411128959912,,,False,False,False
2165205512022392576,316.3277048453102,47.568234539042486,88.67899247101906,0.3094447306033496,433.9534790491325,16.538298,8.273863668484811,4.391633717419252,2.7324154767614246,0.1156186235828724,-2.3795288031824384,-23.9506260645271,-7.905760112679614,0.96944106,0.9967690539568744,negative (over-luminous control),,,,,,21051864+4734058,,False,,False,,False,False,False,False,True,23.9506260645271,ZTF J210518.65+473405.7,EB*,True,False,False
4055191198997611008,265.3109020232465,-30.92683923825812,357.8080009447096,-0.2382153634901807,254.00538590562084,15.921834,8.582215165282557,3.8509930626650055,1.9676921863838095,0.433241695206096,-2.160575290558357,-21.741830072388016,-6.279299487783817,0.99312854,0.0801325465114243,negative (over-luminous control),,,,,,17411462-3055363,,False,,False,,False,False,False,False,True,21.741830072388016,,,False,False,False
4037837641421262080,271.74505626921587,-37.20167845957463,355.04644358956057,-7.992687513659079,319.419856557518,15.39548,7.759378920658367,4.856763708717171,1.78376711391005,0.1519659227949285,-2.0281967180382843,-20.406399291108684,-5.443742225642709,0.9525136,-0.0376695500693952,negative (over-luminous control),,,,,,18065880-3712063A,,False,,False,,False,False,False,False,True,20.406399291108684,,,False,False,False
5940227984159660032,252.2838581485168,-45.331050739785645,340.1804033900593,-0.3451537164837833,242.26638242467064,16.655394,9.435024311789835,4.2871942368203655,2.4911877598823304,0.4385169952554155,-1.9733766553952157,-19.853376262596164,-5.12646749449262,1.0732527,0.9931126767529398,negative (over-luminous control),,,,,,16490812-4519516,,False,,False,,False,False,False,False,True,19.853376262596164,,,False,False,False
4057393138528809088,267.5331326102011,-28.862572817421388,0.5736153803817264,-0.8073725193726544,339.6219210289416,14.942924,6.998329261535138,3.038563951862053,1.4384395928399143,0.3685403764299871,-1.8043342192221368,-18.148081604174426,-4.243160583146443,1.0229486,-0.1149578516527916,negative (over-luminous control),,,,,,17500795-2851450,,False,,False,,False,False,False,False,True,18.148081604174426,,,False,False,False
5885242197927739904,235.12553688627528,-54.72913487492613,325.7859981416382,0.4603409606904983,435.8012860495014,17.108032,8.586564952476996,3.63485631135118,2.0887771002862547,0.4538943333527845,-1.7978407375998753,-18.082575570448878,-4.211896304998634,0.9518752,0.4260551402452647,negative (over-luminous control),,,,,,15403019-5443448,,False,,False,,False,False,False,False,True,18.082575570448878,Gaia DR3 5885242197927739904,Em*,True,False,False
4055148867800567040,264.91437317862034,-31.49469703626406,357.14672040002387,-0.2520356832579933,213.5967184318141,16.193413,9.382353961790743,4.357427933469537,2.444106014323422,0.2369221750519613,-1.7290679568205365,-17.388797970203345,-3.892002318198896,1.0603898,0.9831979296612816,negative (over-luminous control),,,,,,17393945-3129404,,False,,False,,False,False,False,False,True,17.388797970203345,,,False,False,False
4281725881765015552,285.77623384674035,5.576348923570474,39.2227331042305,-0.0437633824608953,377.79706688590136,17.81878,9.597983120485493,4.344234021019032,2.5957581398716365,0.4971983162213638,-1.688724412765156,-16.981813595528326,-3.713562136547754,0.97329366,-0.7705258930485007,negative (over-luminous control),,,,,,19030631+0534344,,False,,False,,False,False,False,False,True,16.981813595528326,,,False,False,False
4266158304658868224,282.4789221638927,-0.4046004501880039,32.3983011685936,0.1541914841962363,187.5062138438857,18.089293,11.647260867998458,3.835375813023967,2.9956208116685104,0.1183329291480567,-1.599858754155571,-16.08533969007127,-3.343131441033965,1.0465066,2.10421157472375,negative (over-luminous control),9.572,9.551,9.335,7.701,J184954.96-002416.7,18495497-0024168,0.02099999999999902,False,0.23699999999999832,False,1.8709999999999996,True,True,True,False,False,16.08533969007127,,,False,False,False
5941389996170411648,246.68795550820883,-49.20598703057083,334.7627779958378,-0.1160029461089761,463.0373829582408,17.159044,8.583662805627478,3.879095565300354,2.1215861117501245,0.3459443873776982,-1.578701458684229,-15.87190557393614,-3.25931789477092,1.0165316,-0.2660436065627485,negative (over-luminous control),,,,,,16264511-4912210,,False,,False,,False,False,False,False,True,15.87190557393614,,,False,False,False
3017294686711352576,84.12060545907987,-5.654329069250588,209.4047598691943,-19.235336700218383,368.0821166241514,17.569109,9.680086215243149,6.016211059499672,2.7752057749834678,0.0891479915229693,-1.4928155501475242,-15.005491291362835,-2.9353710955337005,0.9838973,2.506818233090492,negative (over-luminous control),13.186,12.851,10.75,4.535,J053628.94-053915.5,05362893-0539155,0.3349999999999991,True,2.436,True,8.651,True,True,True,False,False,15.005491291362835,V* V2682 Ori,Or*,True,False,False
4063887683142085760,267.94391868390653,-26.647767010270453,2.662624219394736,0.0134867418270942,206.34614672128663,14.732776,7.925728206663409,3.161379630226923,1.9212096313899156,0.3185863879559327,-1.4511762516202875,-14.585435387257064,-2.787302304176132,0.93668246,0.2393608207327358,negative (over-luminous control),,,,,,17514653-2638514,,False,,False,,False,False,False,False,True,14.585435387257064,,,False,False,False
2030394975479224960,298.96719466971047,30.292430689115346,66.86590870538157,0.96242520919632,441.3658285427233,13.076473,4.727523745452938,3.2128244346339807,0.8886688902331252,0.1452559684506593,-1.414518628662039,-14.215634466042614,-2.661566473560343,0.9038702,-0.4777345458812978,negative (over-luminous control),11.32,11.477,10.83,8.817,J195552.10+301732.6,19555209+3017325,-0.15700000000000003,False,0.4900000000000002,False,2.503,True,True,True,False,False,14.215634466042614,,,False,False,False
4066924637341772544,267.89824182491344,-26.052351799676657,3.1537414687077647,0.3526056086171071,343.2437528287396,15.753702,7.607411993547166,3.917625813311722,1.6206070123418694,0.6159822814044872,-1.3958142555312003,-14.026945351573817,-2.599027570942749,0.9864482,-0.3153961443722232,negative (over-luminous control),,,,,,17513555-2603082,,False,,False,,False,False,False,False,True,14.026945351573817,,,False,False,False
4057174370074186752,265.9171408664843,-28.811092624165703,359.88328802434967,0.4295690447472623,360.8985115646791,14.850479,6.576819367171998,3.0945720024186767,1.3559850317019044,0.6162379900489282,-1.3760900104950435,-13.82796780213102,-2.5342354247456123,1.0192451,-0.3730019855533892,negative (over-luminous control),10.381,10.439,10.045,6.679,J174340.17-284840.0,17434013-2848395,-0.05799999999999983,False,0.3360000000000003,False,3.702,True,True,True,False,False,13.82796780213102,,,False,False,False
4057513333195868288,267.048132663911,-28.53242938721922,0.6377089861216465,-0.2727014333298106,366.9270120964157,16.742817,8.565339125652653,4.45886013781705,2.0441077275774147,0.4927362399253747,-1.185371356302193,-11.90400415359809,-1.964886099532292,0.9361681,1.158075871603194,negative (over-luminous control),,,,,,17481151-2831566,,False,,False,,False,False,False,False,True,11.90400415359809,,,False,False,False
5940806773975939328,247.50547548858745,-48.38320075875493,335.7294806180024,0.0641994342276194,345.9702555305642,16.777199,8.764689791468626,4.899370109259233,1.887996538913008,0.4311674672251727,-1.1830215381381208,-11.88029926354698,-1.9584762465039585,1.0221425,-0.0929492307382265,negative (over-luminous control),,,,,,16300131-4822591,,False,,False,,False,False,False,False,True,11.88029926354698,,,False,False,False
1233968503862304768,213.88623181392535,19.277183972137227,15.255009227065322,69.17771746572463,436.0324774845574,14.761767,6.503708707077845,4.390170339391191,1.1816304971551548,0.0733834950165673,-1.174560990775773,-11.794949533911256,-1.9355120519776952,1.0870782,0.5919510517465013,negative (over-luminous control),12.276,12.929,12.369,9.178,J141532.70+191637.7,14153268+1916385,-0.6530000000000005,False,-0.09299999999999997,False,3.097999999999999,True,True,True,False,False,11.794949533911256,,,False,False,False
4266941848418428416,283.6669434249262,1.2389609358755445,34.40275332131831,-0.1535391634333741,192.02465862785897,13.73427,7.239976620434445,3.562852297319769,1.577135417122013,0.0998982950649864,-1.144380871798691,-11.49049346449295,-1.855037521162896,1.0088154,-0.5363322593068883,negative (over-luminous control),,,,,,18544007+0114213,,False,,False,,False,False,False,False,True,11.49049346449295,,,False,False,False
5940668785267140480,247.18056248529925,-49.02118274405211,335.11949855618667,-0.2202716707050084,455.47328126735897,16.764544,8.221231287769719,4.57704098915192,1.86467130645286,0.339172612305848,-1.1342924276053488,-11.388721563991718,-1.8286319497736183,0.9882134,-0.5871047834673568,negative (over-luminous control),12.085,10.819,9.376,7.739,J162843.37-490115.8,16284334-4901161,1.266,True,2.7090000000000014,True,4.346000000000001,True,True,True,False,False,11.388721563991718,,,False,False,False
4063843462152289152,269.03157390548023,-26.66537799953665,3.1399380928736025,-0.8334921703667029,446.38899082082605,16.77292,8.102555696673226,3.8673011091279896,1.875872190594034,0.5742532596529085,-1.1138968067592447,-11.182971196974732,-1.7759918972767088,1.0402949,1.4222334248423694,negative (over-luminous control),,,,,,17560760-2639547,,False,,False,,False,False,False,False,True,11.182971196974732,,,False,False,False
5967154371087300736,255.71517730002617,-39.74055257436009,346.12054804192576,1.1866177710150685,257.9546249304277,15.091567,7.640676038326088,3.8713629927285296,1.689812831798194,0.5209593048779696,-0.9860752352272986,-9.893511295075765,-1.4676841154265854,0.9999796,-0.2046110512966876,negative (over-luminous control),,,,,,17025162-3944260,,False,,False,,False,False,False,False,True,9.893511295075765,,,False,False,False
4266814030190062592,284.34513753871323,1.033724413512949,34.529505096004485,-0.8505494337538084,388.8796398472232,15.29315,7.087943929844248,3.888908988382944,1.5356910644018702,0.3302474047298095,-0.9797501200737946,-9.829703736871096,-1.45335005360424,1.0974718,-0.2726894214988023,negative (over-luminous control),,,,,,18572282+0102012,,False,,False,,False,False,False,False,True,9.829703736871096,,,False,False,False
4312938439908886912,289.5054207899921,11.873912379803707,46.510097914482486,-0.3996409856041861,339.6855915190929,17.235256,9.25460823277574,4.58258600745978,2.405224352433139,0.4727377796099181,-0.9562458492634072,-9.59259340901228,-1.400810109303607,0.97882783,-0.138219347022937,negative (over-luminous control),,,,,,19180129+1152263,,False,,False,,False,False,False,False,True,9.59259340901228,,,False,False,False
5964316016188864384,253.3784108157683,-44.84405884017639,341.04822686243654,-0.6302293377670105,409.6933954027592,15.370746,6.921755542460238,3.364235415857155,1.4901536933160244,0.4976167861988205,-0.9462129024594494,-9.49138136438994,-1.3787271660442992,1.0457917,0.2394058556843803,negative (over-luminous control),,,,,,16533077-4450371,,False,,False,,False,False,False,False,True,9.49138136438994,,,False,False,False
6296785311386350080,216.34103012287704,-16.941635025976684,332.9611884907579,40.3901630413502,485.25521129398726,14.640189,6.0405581533706085,4.354382858423477,1.2845973385367346,0.2101768433406999,-0.9318390823474934,-9.34637872947206,-1.3474432634266744,1.0089147,0.9552726739158368,negative (over-luminous control),12.148,12.148,12.195,9.224,J142521.85-165629.7,14252186-1656296,0.0,False,-0.0470000000000006,False,2.9239999999999995,True,True,True,False,False,9.34637872947206,,,False,False,False
4281727599752365824,285.15591531635977,5.132626229959571,38.54550308768568,0.3022066983764669,405.41055639382273,15.356199,6.975751264271711,3.900617572425281,1.4076464975445735,0.4327197265205328,-0.931039000727406,-9.338307531825338,-1.345714064044948,1.0209533,-0.08570371036742,negative (over-luminous control),,,,,,19003742+0507575,,False,,False,,False,False,False,False,True,9.338307531825338,,,False,False,False
4055052832334296448,264.1337378990334,-31.8478367299247,356.49289356750074,0.1202739928184146,434.9180521450878,15.504191,6.866795134661502,3.5997422731032342,1.4827088268403814,0.5737002212854329,-0.9189434322734789,-9.216287826347733,-1.319726823430373,0.9537239,-0.2237615686700904,negative (over-luminous control),11.112,11.231,8.57,5.597,J173632.16-315051.8,17363209-3150525,-0.11899999999999977,False,2.542,True,5.515,True,True,True,False,False,9.216287826347733,,,False,False,False
5941550731027236736,247.29017068810515,-48.41218507827912,335.60999596451234,0.1478600569015008,432.1394256353424,15.787696,7.31493246803993,3.520029705374206,1.6406245084102948,0.3862964032856163,-0.914004984437626,-9.166468923437742,-1.3091995554133211,1.0129821,0.2953331302245206,negative (over-luminous control),,,,,,16290967-4824436,,False,,False,,False,False,False,False,True,9.166468923437742,,,False,False,False
1996434119270784896,347.21104769390564,54.08999131872079,108.1475287673316,-5.81045932589889,149.8959248331385,16.073877,10.1589504633589,6.646966405697901,2.5061377295328837,0.0524427141496532,-0.8898630850300719,-8.922926218801702,-1.2584199703111687,1.0587865,0.8659083336036161,negative (over-luminous control),12.334,12.195,12.678,9.382,J230850.65+540523.9,23085068+5405243B,0.13899999999999935,False,-0.3440000000000012,False,2.952,True,True,True,False,False,8.922926218801702,,,False,False,False
5940648925337837312,247.46134098335943,-49.30243072354728,335.04242079315947,-0.5471834063928215,458.3225179967566,16.396805,7.861552480405001,4.017556018621487,1.9452142404757544,0.3132098944463629,-0.889756558190232,-8.921851579468113,-1.2581983966550163,0.9719226,0.106723497991473,negative (over-luminous control),,,,,,16295070-4918088,,False,,False,,False,False,False,False,True,8.921851579468113,,,False,False,False
4695679330876989952,42.04001862723159,-66.87492520085424,286.80208107977086,-46.42883547165172,471.9666086237977,16.086874,7.659874509708776,5.156391957770759,1.4374624456924852,0.0724672873621682,-0.8773706626082403,-8.79690306326172,-1.2325836322959995,0.98293316,-0.3741461161853696,negative (over-luminous control),13.483,13.479,12.584,9.466,J024809.54-665229.6,02480946-6652298,0.004000000000001336,False,0.8990000000000009,True,4.017000000000001,True,True,True,False,False,8.79690306326172,,,False,False,False
4308846573021724928,288.2548445028329,8.751337465910323,43.17358090189855,-0.7639489118754819,350.10256171027635,17.100899,8.89601903485978,4.753187003138561,2.1248520530715407,0.6825616174639374,-0.8691754344094047,-8.714229864812825,-1.2157953426669463,1.0206279,0.1656946726621303,negative (over-luminous control),,,,,,19130115+0845044,,False,,False,,False,False,False,False,True,8.714229864812825,,,False,False,False
4055353858012933504,264.48905622913594,-31.19890001709237,357.2030057326664,0.2130093688157756,409.40262169028216,14.772661,6.348026551876714,3.3955674831236013,1.2602892943096708,0.452046633811352,-0.8638957623689745,-8.66096870310343,-1.2050466222954834,0.97584844,-0.5138040898084606,negative (over-luminous control),,,,,,17375739-3111561,,False,,False,,False,False,False,False,True,8.66096870310343,,,False,False,False
5885243160000457088,235.00859338259943,-54.688029737973096,325.7564207768589,0.5336863965164623,363.3545598179201,14.130595,5.967108355217588,3.2139256312571427,1.1259343383361733,0.4403373962812403,-0.8619122580779139,-8.640959175619818,-1.201021955225674,0.95369595,-0.2391589088349376,negative (over-luminous control),,,,,,15400213-5441166,,False,,False,,False,False,False,False,True,8.640959175619818,,,False,False,False
3694245583408064896,184.96238598487244,-2.6116088838310287,287.336838044865,59.30032122685578,377.40630925484527,14.269663,6.343898455276907,4.356255931188415,1.1033817322254564,0.0499899137615066,-0.8529811921632477,-8.550862869963769,-1.182991015543175,1.1016287,-0.0468152254099407,negative (over-luminous control),12.204,12.233,12.553,8.272,J121951.00-023641.6,12195106-0236416,-0.028999999999999915,False,-0.3490000000000002,False,3.9320000000000004,True,True,True,False,False,8.550862869963769,,,False,False,False
6870519927692421888,298.6989457065793,-17.71561082304212,23.498417290254437,-21.72481093467352,165.021197959187,13.557567,7.025978534142707,3.9175426282665655,1.477173608725575,0.5713102037392006,-0.8466923695091353,-8.487421429325519,-1.1703832008036916,1.0388074,0.2766033736311538,negative (over-luminous control),,,,,,19544769-1742557,,False,,False,,False,False,False,False,True,8.487421429325519,,,False,False,False
4055388866268771200,264.86498941211136,-30.870895754395768,357.6523291447092,0.1157604546006592,450.27682608172097,16.471512,7.79932193173621,4.435606967603303,1.8336636919354437,0.547567159117605,-0.8451987735915205,-8.472354081754041,-1.1673995600385738,0.9505118,0.6667509520633834,negative (over-luminous control),,,,,,17392758-3052149,,False,,False,,False,False,False,False,True,8.472354081754041,,,False,False,False
5964127239473883008,253.693515364764,-44.964927123535865,341.0951986451596,-0.8796566642937216,467.0814339325277,15.779629,7.046004334698109,3.858706712663724,1.6248063451113883,0.5074488331449054,-0.8389535551548635,-8.409352519058837,-1.1549683372716992,1.0642629,-0.1363410051156943,negative (over-luminous control),,,,,,16544645-4457533,,False,,False,,False,False,False,False,True,8.409352519058837,,,False,False,False
4069198942786890368,271.0123195652195,-23.31403771663685,6.940484396870136,-0.7258274796641615,333.8263708464892,16.719984,8.710268530427864,4.425946049405723,2.120502221187752,0.5510964768654709,-0.8313606390963333,-8.332755426106397,-1.1399504972390773,1.0093501,0.5075098786636256,negative (over-luminous control),,,,,,18040294-2318500,,False,,False,,False,False,False,False,True,8.332755426106397,,,False,False,False
4988183336927278720,16.666735024721635,-39.7793621955994,289.8607443085531,-76.9598781263721,315.93298535119186,15.5337515,8.00903461429162,5.644531598711013,1.395303232668504,0.0334858816502338,-0.8265980893498064,-8.284710977463309,-1.1305842251377105,1.036207,-0.0404723424298897,negative (over-luminous control),13.044,13.033,11.972,9.122,J010640.01-394645.3,01063999-3946445,0.011000000000001009,False,1.072000000000001,True,3.9220000000000006,True,True,True,False,False,8.284710977463309,,,False,False,False
6308539915321442048,226.60265283365308,-14.681969451022637,345.14345616800915,36.89293362290759,457.2014131696339,15.359757,6.841892214185346,4.884915962979623,1.0639222566365212,0.2605426856107475,-0.8205051876663854,-8.223245981275083,-1.1186613623210673,1.0851655,0.2362388632675817,negative (over-luminous control),13.174,13.147,12.276,9.272,J150624.66-144054.7,15062473-1440542,0.026999999999999247,False,0.8979999999999997,True,3.9019999999999992,True,True,True,False,False,8.223245981275083,,,False,False,False
4057612701564583936,267.29267349150246,-28.381664343884104,0.8777407349631474,-0.3791867700690619,360.8373499586256,15.304956,7.156964606658009,3.86017226114021,1.5043928287537676,0.4656593075131172,-0.8185077764560331,-8.203096161237006,-1.1147672785631522,0.832509,-0.2869328781121233,negative (over-luminous control),,,,,,17491021-2822539,,False,,False,,False,False,False,False,True,8.203096161237006,,,False,False,False
5862554561460429312,198.8195661354077,-62.18708686446581,305.7090181329988,0.5560449943962816,444.0117588546458,16.86113,8.13668151648046,4.255006232567551,1.8934271314281728,0.6667804955413823,-0.814196101335618,-8.159600121318572,-1.106385769050831,1.0021685,0.2500802128479397,negative (over-luminous control),,,,,,13151674-6211140,,False,,False,,False,False,False,False,True,8.159600121318572,2MASS J13151674-6211140,Y*?,True,False,False
669257923077026048,121.51849052465758,18.89168911166896,203.4240059890037,24.64778084176744,462.27921527589086,13.407984,5.031548142830561,3.233598053115804,0.9992082968368264,0.0612312179201155,-0.8005744668512049,-8.022185510815328,-1.080124159756085,0.9898255,-0.4429319064346488,negative (over-luminous control),,,,,,08060443+1853305,,False,,False,,False,False,False,False,True,8.022185510815328,,,False,False,False
3235318500945519232,79.24447547104224,2.8844539022388997,198.98750353267164,-19.45836262750028,388.0005514540661,16.45583,8.431767524690573,5.607225688855539,1.80700193929158,0.1064584268085096,-0.793382912716055,-7.949637344035091,-1.0663916418087656,0.9919225,0.2123190850128656,negative (over-luminous control),13.439,13.312,12.178,8.333,J051658.67+025304.3,05165869+0253050,0.12700000000000067,False,1.2609999999999992,True,5.106,True,True,True,False,False,7.949637344035091,,,False,False,False
4095915185544791296,272.71411494987024,-17.743269513776756,12.582544857518462,0.5929435512173333,416.9276708207593,16.728022,8.195196511124337,4.585401631187473,1.8956477036400408,0.5906750519636134,-0.7798259046291829,-7.812874682551364,-1.0407501321251402,1.0215755,-0.0947438990847565,negative (over-luminous control),,,,,,18105139-1744356,,False,,False,,False,False,False,False,True,7.812874682551364,,,False,False,False
3967170517182068480,171.95298379675572,15.15217800567315,240.33019771188737,67.1726550947986,362.76028849860495,14.097371,6.261499139414961,4.205050234123222,1.1560761262020425,0.0456253683528179,-0.7710407149425302,-7.724249971591026,-1.024304112537057,0.909952,-0.4535408017438986,negative (over-luminous control),,,,,,11274870+1509081,,False,,False,,False,False,False,False,True,7.724249971591026,,,False,False,False
6714191192654874752,288.20496927256943,-41.31058564695531,356.32267299886377,-21.302522076994094,449.4078629843422,17.049906,8.600620326562211,5.491766490649014,1.9382187961511057,0.2534471808859386,-0.7703907960774519,-7.717693610986456,-1.023092731967068,0.945537,-0.6903814492312751,negative (over-luminous control),13.83,13.763,11.941,8.535,J191249.19-411838.2,19124917-4118383,0.06700000000000017,False,1.8889999999999993,True,5.295,True,True,True,False,False,7.717693610986456,,,False,False,False
2065381435428196992,312.22843192545025,41.05410097679168,81.82522401048728,-1.7000264057954562,479.7628117492056,16.820023,8.324287630809067,4.841167929599731,1.9079602159791045,0.1224808610641044,-0.7692213720653349,-7.705896499169803,-1.020914873698488,0.99885994,0.1664091994523065,negative (over-luminous control),,,,,,20485484+4103149,,False,,False,,False,False,False,False,True,7.705896499169803,,,False,False,False
4757047679045544576,83.19625625231785,-63.77726854397583,273.26918303679287,-32.777697864271815,253.31002391209665,15.464623,8.42253382185911,5.463539868077374,1.8833836552968448,0.0320268825829983,-0.7682939868015701,-7.696541066460718,-1.019189439398782,0.97470164,-0.1218571714620876,negative (over-luminous control),12.383,12.355,12.136,10.044,J053247.09-634638.4,05324710-6346391,0.027999999999998693,False,0.2469999999999999,False,2.3389999999999986,True,True,True,False,False,7.696541066460718,,,False,False,False
6667669103334657152,304.18628393621765,-50.520770905669096,348.45693348438965,-33.90011948573088,451.1181640972082,16.272474,7.925276225917041,5.087216392344522,1.7298832528983668,0.0998077076454819,-0.7666450497889725,-7.679906642920007,-1.0161251691334283,1.0097924,-0.035990506956305,negative (over-luminous control),13.333,13.324,12.016,8.411,J201644.70-503114.6,20164469-5031144,0.009000000000000341,False,1.3170000000000002,True,4.922000000000001,True,True,True,False,False,7.679906642920007,,,False,False,False
5572727286401965824,92.53538984160367,-40.9431567019687,247.9910989779931,-24.78981064808307,434.7934325188463,16.010166,7.7249258164620676,4.98789906967851,1.6470072488866192,0.12224010526827,-0.7647254172936906,-7.660541452057605,-1.0125637146814794,1.0017178,-0.1270939428753603,negative (over-luminous control),13.123,13.062,12.437,9.372,J061008.46-405635.2,06100843-4056349,0.06099999999999994,False,0.6859999999999999,True,3.7509999999999994,True,True,True,False,False,7.660541452057605,,,False,False,False
4094729190475976192,273.5667194195645,-19.264878558149626,11.635850421552032,-0.8467705255631319,302.39397128425986,15.5836,7.824027694957831,4.104789711351569,1.7614093180661494,0.4768559898526399,-0.7619337639224746,-7.632379342649613,-1.0073956421520718,0.9353941,0.2376554899404042,negative (over-luminous control),,,,,,18141601-1915530,,False,,False,,False,False,False,False,True,7.632379342649613,,,False,False,False
4057629950153451904,267.2208795234596,-28.1790402694786,1.0188736272164287,-0.2206436314840222,389.78446493752256,14.743794,6.353783177070444,3.566166181507443,1.2224515314765425,0.5398380519660688,-0.761668118159653,-7.62969951673946,-1.0069045551697466,0.9464436,-0.2678780753419138,negative (over-luminous control),,,,,,17485300-2810443,,False,,False,,False,False,False,False,True,7.62969951673946,,,False,False,False
414371027312645248,12.755227728446878,48.657717207654905,122.86088073461904,-14.213975272776834,407.1532662358273,15.415649,7.172198272907493,5.038801236787773,1.3737226191115073,0.2444702423663351,-0.7528697480227633,-7.540941841821113,-0.9907071240680436,0.9650762,-0.1786406324674264,negative (over-luminous control),12.785,12.837,12.376,9.424,J005101.23+483928.0,00510117+4839285,-0.0519999999999996,False,0.4090000000000007,False,3.3610000000000007,True,True,True,False,False,7.540941841821113,,,False,False,False
4266809219826690176,284.4051850090116,0.9424704951919252,34.475702273936925,-0.9456171539758405,418.7094345954057,15.796719,7.393167635170831,4.3905360545715,1.5663023134312624,0.3812858509410006,-0.7524741590596289,-7.536951153086168,-0.989981940254888,1.0490801,-0.2157917956310434,negative (over-luminous control),12.18,12.226,9.769,7.451,J185737.24+005632.7,18573724+0056328,-0.04600000000000115,False,2.4109999999999996,True,4.729,True,True,True,False,False,7.536951153086168,,,False,False,False
6656835787067641856,286.0584698582835,-52.02222256155815,344.7854641215744,-22.95390848485165,463.4571557269931,17.014374,8.531336878116507,5.440817328297248,1.7264944577226,0.2020444110367008,-0.7505871707974947,-7.517915276197673,-0.986526394317504,1.0082052,-0.7810502301497685,negative (over-luminous control),,,,,,19041402-5201198,,False,,False,,False,False,False,False,True,7.517915276197673,,,False,False,False
2064308930550843520,307.976917527116,39.67094008413829,78.75005514901314,0.01750024733269,453.0318969316005,15.138884,6.782371480175461,3.9109593540695897,1.3735725960249392,0.0948623269282359,-0.7490100261435488,-7.502005091661652,-0.9836428531426608,1.0050017,-0.4212816020255514,negative (over-luminous control),,,,,,20315449+3940155,,False,,False,,False,False,False,False,True,7.502005091661652,,,False,False,False
5941672536316982656,245.42335285382163,-48.39254155856727,334.7580853917161,1.048245765175429,479.0030081255794,16.392294,7.578074197883206,3.9104706805419314,1.7499063852783416,0.5516680422644699,-0.7477594610200029,-7.48938943092302,-0.981359382746692,1.0450524,0.1782521179297977,negative (over-luminous control),,,,,,16214159-4823327,,False,,False,,False,False,False,False,True,7.48938943092302,,,False,False,False
3085767877140513024,117.07698227819702,0.0907239760752657,219.43986567326695,12.668271146641477,423.103295252997,13.808889,5.62990715508127,3.8350329831658896,1.0223586336757162,0.0553293694269175,-0.7474660947659117,-7.486429961588642,-0.9808240911576324,1.0891889,-0.6803381309522608,negative (over-luminous control),11.91,11.944,12.04,8.437,J074818.47+000526.6,07481847+0005267,-0.034000000000000696,False,-0.129999999999999,False,3.4730000000000008,True,True,True,False,False,7.486429961588642,,,False,False,False
3726504945328497792,204.7409384242712,10.781103887239826,339.5797829410428,70.19364199053885,479.6948767263176,14.6992235,6.236871657469771,4.148752267314182,1.1236123991952844,0.069188823457432,-0.7409888382361087,-7.421087606073893,-0.9690421220523472,1.0567335,0.109029223318027,negative (over-luminous control),12.597,12.584,12.335,8.998,J133857.84+104651.9,13385787+1046518,0.0129999999999999,False,0.2619999999999987,False,3.599,True,True,True,False,False,7.421087606073893,,,False,False,False
3253323862844330496,62.23369722178207,-2.0174569652364016,193.64824620711485,-36.52536341735268,316.0700469275921,15.640724,8.100118210365968,5.122234192071796,1.8819557688934248,0.0560585025415571,-0.7406916044996805,-7.418089121702106,-0.968503146157472,1.0855438,-0.1182854543794722,negative (over-luminous control),12.55,12.554,12.244,8.694,J040856.08-020102.6,04085608-0201023,-0.0039999999999995595,False,0.30600000000000094,False,3.856,True,True,True,False,False,7.418089121702106,,,False,False,False
5935583299141162752,244.0717275373445,-49.29350334673686,333.49197700789927,1.0281513322639937,457.67645592455057,17.503624,8.876920110163748,4.820187327063196,2.1471553977484987,0.4557899680367712,-0.7395086618403468,-7.4061556342071935,-0.9663595699901236,0.9972105,-0.2376787015697711,negative (over-luminous control),,,,,,16161723-4917372,,False,,False,,False,False,False,False,True,7.4061556342071935,,,False,False,False
3195154475054981376,58.34757301583875,-8.071802064305981,197.75382023441264,-42.98273272969146,166.84056738447518,16.88906,10.72118035956632,7.072120174061193,2.8865884385587908,0.0857166825740203,-0.7390636550213632,-7.401666419732096,-0.9655537903611278,1.0441129,1.2080718391247411,negative (over-luminous control),12.666,12.525,12.041,8.771,J035323.41-080418.4,03532341-0804184,0.14100000000000001,False,0.625,True,3.8949999999999996,True,True,True,False,False,7.401666419732096,Gaia DR3 3195154475054981376,*,False,False,False
3799717095295184000,174.92949562353738,2.446068571078432,265.05741058768393,59.93456357446265,212.92840723841127,15.24441,8.569565295795424,6.04048558588263,1.532856860843241,0.0430535589941495,-0.7323689450080764,-7.334130400470923,-0.9534713647652866,0.93572986,0.0003041394770724,negative (over-luminous control),12.563,12.494,11.892,8.482,J113943.13+022647.4,11394325+0226504,0.06900000000000084,False,0.6710000000000012,True,4.081000000000001,True,True,True,False,False,7.334130400470923,,,False,False,False
5940775708453428224,247.89965088428676,-48.89706688519485,335.5342370546418,-0.4778145309654213,177.34583794492497,17.608568,11.257496884546503,5.702704214651844,2.9199477303280736,0.1634264599942183,-0.7316109910424391,-7.326484185247147,-0.952108119565824,1.0400984,0.2593624001691511,negative (over-luminous control),11.285,11.093,9.719,7.467,J163135.90-485348.6,16313594-4853484,0.19200000000000017,False,1.5660000000000007,True,3.8180000000000005,True,True,True,False,False,7.326484185247147,,,False,False,False
4095663225598120320,273.87350485949673,-18.200475341252684,12.709949634696695,-0.5940727331438058,292.496475382758,16.307606,8.677412904288529,4.795344492657827,2.1173149229072328,0.4195886550109287,-0.7306710174457098,-7.317001761840053,-0.95041881785676,0.9488709,-0.268945170540886,negative (over-luminous control),,,,,,18152967-1812012,,False,,False,,False,False,False,False,True,7.317001761840053,,,False,False,False
5947885734744548864,268.35207377770126,-48.3684250437512,343.8850224914404,-11.11068514581014,317.6978959239568,16.351248,8.67608673937633,5.938689242173129,1.724897215388152,0.2180689422347398,-0.7269309487238598,-7.279272068883126,-0.9437117092067138,1.0173603,-0.0720916683201075,negative (over-luminous control),13.337,13.29,12.499,9.076,J175324.54-482205.3,17532463-4822040,0.0470000000000006,False,0.8379999999999992,True,4.260999999999999,True,True,True,False,False,7.279272068883126,,,False,False,False
5981265228447366272,239.4899637894334,-51.948674768313175,329.5557940900756,1.010045397324539,298.2419574557283,17.203238,9.56838206803173,5.17030131633088,2.364055587963772,0.3781528427901247,-0.7248116945671068,-7.257893101121157,-0.93992146848988,1.0056312,0.0924879831409037,negative (over-luminous control),,,,,,15575757-5156552,,False,,False,,False,False,False,False,True,7.257893101121157,,,False,False,False
5776623780674884352,268.4276757036149,-78.36305316292271,315.2494282006925,-23.69514011396578,346.9385319618566,16.33561,8.436167200532392,5.735966755328355,1.583960951602612,0.25680220000166,-0.7223457151924411,-7.233016380514208,-0.9355204198676412,0.98381305,-0.2694493892747554,negative (over-luminous control),13.452,13.449,12.261,9.231,J175342.87-782147.3,17534327-7821480,0.0030000000000001137,False,1.1910000000000007,True,4.221,True,True,True,False,False,7.233016380514208,,,False,False,False
3013607616202580480,82.91472750168097,-9.780452799453071,212.8022499114401,-22.125364819581478,188.01677838808004,14.461012,8.039561590568574,5.0418707738747495,1.88675419909714,0.0679283556165504,-0.7204398957028637,-7.213790534809022,-0.9321259333092302,1.0647644,-0.0096743979159807,negative (over-luminous control),,,,,,05313953-0946497,,False,,False,,False,False,False,False,True,7.213790534809022,,,False,False,False
3664796465831811584,209.57713177480176,3.382018128004215,339.7605836389214,61.3765721792343,359.29805760540825,15.9786,8.154582178050635,5.557182919025948,1.5046087314618164,0.0595378636356365,-0.7203007246320556,-7.212386581523512,-0.931878286780624,0.96926624,-0.0333935360179196,negative (over-luminous control),13.325,13.276,12.368,9.197,J135818.60+032256.7,13581879+0322594,0.04899999999999949,False,0.956999999999999,True,4.128,True,True,True,False,False,7.212386581523512,,,False,False,False
5940590616858853504,247.64171690654825,-49.555236150150456,334.93942850765404,-0.8061571010206247,474.3014108179376,14.451716,5.791719597222235,3.3173479815398483,1.0806889627419158,0.3370082526917148,-0.7167346559284233,-7.1764121951532,-0.9255434981471292,0.9690937,-0.6702920086739736,negative (over-luminous control),,,,,,16303404-4933185,,False,,False,,False,False,False,False,True,7.1764121951532,,,False,False,False
4054633437377981952,263.5967647969275,-32.40988419584487,355.77425957604294,0.1993255294483557,299.9738405993323,13.884548,6.188661086972913,3.962533692800797,1.1164475400805105,0.3765534144184606,-0.7166007560722996,-7.175061417711863,-0.9253060425863102,0.93025213,-0.3764385598395255,negative (over-luminous control),,,,,,17342320-3224355,,False,,False,,False,False,False,False,True,7.175061417711863,,,False,False,False
3935681015263568384,190.8651490844544,17.649911746772073,291.52814792967405,80.34456368317196,483.8471655478475,16.665878,8.203112028207059,5.703817030521757,1.4752245197619107,0.0497309427500693,-0.7162634115317115,-7.17165829683798,-0.9247079317471908,0.9959852,-0.0446039254535202,negative (over-luminous control),14.037,14.016,12.423,9.257,J124327.65+173859.7,12432770+1739001,0.021000000000000796,False,1.6140000000000008,True,4.780000000000001,True,True,True,False,False,7.17165829683798,,,False,False,False
2508491836961139712,30.68527250878094,2.038839918927842,156.24620956064643,-56.1503785103279,489.08069008563785,15.781178,7.273341021090551,4.642905898219549,1.567084605635813,0.0783741267823795,-0.7160371744871252,-7.169376024809701,-0.9243069182518016,1.0060092,0.0634613055915196,negative (over-luminous control),13.04,13.065,12.178,8.959,J020244.46+020219.9,02024444+0202202,-0.025000000000000355,False,0.8619999999999983,True,4.0809999999999995,True,True,True,False,False,7.169376024809701,,,False,False,False
263158762260115712,82.40102923004225,53.20634626091682,157.70672322933547,10.30200332050335,293.0508837953253,13.523036,5.929336926586712,4.051500386342855,1.1127938239539978,0.3133261544072653,-0.7152014680560779,-7.160945445215979,-0.9228263220364492,0.9074704,-0.5792497319208203,negative (over-luminous control),11.331,11.397,11.139,8.929,J052936.26+531222.9,05293628+5312230,-0.06600000000000072,False,0.19200000000000017,False,2.4019999999999992,True,True,True,False,False,7.160945445215979,,,False,False,False
4470633077627621376,274.87363157580074,4.849744669218368,33.63562308064228,9.308619135457644,445.4947548249719,16.231464,7.670142943983979,4.746594267887024,1.780485598268476,0.4244703098453463,-0.7149716842304041,-7.15862739337418,-0.9224194205855144,0.92778176,-0.1793024423226005,negative (over-luminous control),,,,,,18192966+0450595,,False,,False,,False,False,False,False,True,7.15862739337418,,,False,False,False
6211405175475699328,228.16985501653792,-29.9725712697201,336.07020595909484,23.661362520373164,441.38392316830766,16.43225,7.8043889333837795,4.959811770314,1.719514215584285,0.5374794404787889,-0.7136073746239804,-7.144864281951166,-0.9200052723753842,0.978185,0.5461385429429153,negative (over-luminous control),,,,,,15124078-2958210,,False,,False,,False,False,False,False,True,7.144864281951166,,,False,False,False
5185420020549248384,41.66816443040226,-4.308346557525636,178.32642769191526,-54.28092089226956,347.6707493894117,15.943292,8.179430806607302,5.538650852679857,1.588935345470894,0.0748569139888208,-0.7115033949486147,-7.123639402666089,-0.916288218006521,1.1224072,0.5373274471855954,negative (over-luminous control),13.158,13.089,12.908,9.418,J024640.35-041829.5,02464033-0418285,0.06899999999999906,False,0.25,False,3.74,True,True,True,False,False,7.123639402666089,,,False,False,False
2935756557966028288,105.44548895692134,-16.120633112017348,228.47241648519596,-5.050414959358398,449.2267801644171,16.379446,8.04216275099341,5.036158006943841,1.876164688752748,0.1008263552659556,-0.7104064295354604,-7.11257325086495,-0.9143530883463882,0.96891856,-0.079093005483384,negative (over-luminous control),13.226,13.293,12.439,8.782,J070146.91-160714.3,07014690-1607144,-0.0669999999999984,False,0.7870000000000008,True,4.444000000000001,True,True,True,False,False,7.11257325086495,,,False,False,False
5942723978652265984,250.4588365501958,-46.48548650647477,338.4774380546806,-0.1331464235989549,460.0225383709179,14.221895,5.441901232739329,3.1553796041284263,0.9629223481635072,0.5552715263187775,-0.7080839256797606,-7.089143906678065,-0.910262462585918,1.003498,-0.2160746391156282,negative (over-luminous control),11.024,11.119,9.744,6.806,J164150.11-462907.3,16415011-4629078,-0.09500000000000064,False,1.2799999999999994,True,4.217999999999999,True,True,True,False,False,7.089143906678065,,,False,False,False
4279128972738394752,283.2500998826232,1.9231744873851555,34.82163884204354,0.529330706744143,404.36166511726447,15.445333,7.079950734935036,4.446811659197484,1.473006540227844,0.4246980126082781,-0.7037089856334076,-7.045009652221849,-0.9025806070888296,0.9296144,-0.4713567926131595,negative (over-luminous control),,,,,,18530001+0155234,,False,,False,,False,False,False,False,True,7.045009652221849,,,False,False,False
4279020911363851776,283.11239155429007,1.6498318698068568,34.51559186770225,0.5272058183644971,255.7740542813216,14.860239,7.659614640330627,4.1559363639885385,1.8141939203541724,0.21580784722502,-0.7020526110689769,-7.028300198897495,-0.899680286098463,1.0542595,0.0786070715050151,negative (over-luminous control),,,,,,18522695+0139007,,False,,False,,False,False,False,False,True,7.028300198897495,,,False,False,False
4266942776131388160,283.6962693761444,1.3122710197660126,34.48136610859022,-0.146188962764831,474.9830769062153,15.229461,6.437131566151708,3.65687021572613,1.262943390899105,0.5090746719017172,-0.7017012373809788,-7.024755552435824,-0.8990655974966706,0.9868556,-0.0267507938835783,negative (over-luminous control),,,,,,18544711+0118444,,False,,False,,False,False,False,False,True,7.024755552435824,,,False,False,False
1319906126520578048,238.7333151024739,28.92055531826068,46.576093445293154,49.7189902217348,358.3771763513438,15.474855,7.626608725357768,5.428081654231,1.2486694701721672,0.0939149229376689,-0.7015979146735223,-7.023713236286648,-0.898884883928996,1.0435487,0.2751857644563359,negative (over-luminous control),13.135,13.109,13.145,9.242,J155456.07+285513.9,15545621+2855141,0.0259999999999998,False,-0.009999999999999787,False,3.892999999999999,True,True,True,False,False,7.023713236286648,LP  329-4,PM*,False,False,False
4644971710029869056,36.73347434525793,-71.92240950359708,292.99236651863976,-43.31533019214062,421.18513684684166,15.532286,7.348274319173015,5.124035510688814,1.219729109354846,0.0752595216909058,-0.70050853094925,-7.012723568319068,-0.8969805752738431,1.0451444,0.1364104822803091,negative (over-luminous control),13.182,13.217,12.717,9.381,J022655.90-715520.7,02265554-7155210,-0.03500000000000014,False,0.46499999999999986,False,3.801,True,True,True,False,False,7.012723568319068,,,False,False,False
96188648747818240,24.29371313170785,20.23768014736144,137.27946883320084,-41.35635908624608,419.6535695736017,16.293772,8.066099680851812,5.538858542729155,1.4215348017552127,0.1427815749219741,-0.6979077301194749,-6.98648677320986,-0.89244193667194,1.1210036,0.0432824559510539,negative (over-luminous control),13.704,13.691,12.478,8.938,J013710.48+201415.5,01371046+2014154,0.0129999999999999,False,1.2260000000000009,True,4.766,True,True,True,False,False,6.98648677320986,,,False,False,False
3822368031259641088,150.07047382314485,-4.23470060188637,243.45623241310156,38.1463982354289,426.7369691952921,16.503725,8.302389215330233,5.322141989096309,1.8260512729539096,0.0674428657059554,-0.6962950742964065,-6.970218353142039,-0.8896331585002839,0.87036777,-0.0361749072071794,negative (over-luminous control),13.411,13.38,12.308,8.617,J100016.91-041404.9,10001691-0414051,0.030999999999998806,False,1.1029999999999998,True,4.793999999999999,True,True,True,False,False,6.970218353142039,,,False,False,False
6601223657162112256,335.7289320923836,-33.71189902693946,12.05084012771695,-57.4916706658028,370.1460025190989,16.067364,8.206394760006592,5.644404410966179,1.530658395152764,0.0244022743182806,-0.6923386789233632,-6.930306363886588,-0.8827599134548891,1.0195988,-0.1439008612512203,negative (over-luminous control),13.411,13.411,12.21,8.785,J222254.88-334242.0,22225474-3342405,0.0,False,1.2009999999999987,True,4.6259999999999994,True,True,True,False,False,6.930306363886588,,,False,False,False
1879155742279517568,333.3794931691554,23.758227460328023,82.40415676111307,-26.42418999876913,474.2733742558828,16.294312,7.780933157325963,5.517788817854008,1.3095573252470023,0.1653375993213482,-0.6922452215549892,-6.929363568960733,-0.882597857318931,0.9771786,-0.0772291386702542,negative (over-luminous control),13.811,13.796,12.05,8.845,J221331.06+234529.7,22133105+2345303,0.015000000000000568,False,1.7609999999999992,True,4.965999999999999,True,True,True,False,False,6.929363568960733,,,False,False,False
3680573568633233280,187.05871115890668,-5.793852097489509,292.40608464337305,56.602953226283326,306.11879193212354,14.473463,7.002554495479288,4.982852916048042,1.1433067676620277,0.0499852224235251,-0.6909726632755957,-6.916526041973378,-0.8803926144105265,1.0220554,-0.0472376251424393,negative (over-luminous control),12.306,12.313,12.14,8.131,J122814.08-054736.5,12281407-0547337,-0.0070000000000014495,False,0.1659999999999986,False,4.174999999999999,True,True,True,False,False,6.916526041973378,,,False,False,False
4742135243339455744,40.49478815860014,-52.401088439638,271.2568011828809,-57.38778234664196,426.4071431838765,15.387605,7.183288813261783,5.155934010433843,1.1570580395483254,0.0667204445443139,-0.6905325372806477,-6.9120860650941465,-0.8796305122121661,0.95648354,0.0669939448825188,negative (over-luminous control),13.2,13.233,12.832,9.39,J024158.67-522403.8,02415853-5224037,-0.03300000000000125,False,0.36799999999999855,False,3.8099999999999987,True,True,True,False,False,6.9120860650941465,,,False,False,False
1306282009221810432,253.5090957388909,26.01241989579249,46.528405913235765,36.30017472983104,457.42349304262007,16.271683,7.864299964808832,5.515838956009543,1.344325745627062,0.1318391547856586,-0.6900483318415658,-6.907201416200423,-0.8787924408656858,0.9946868,0.0551995268616042,negative (over-luminous control),13.764,13.771,12.318,8.807,J165402.20+260044.9,16540224+2600453,-0.0070000000000014495,False,1.4459999999999997,True,4.956999999999999,True,True,True,False,False,6.907201416200423,,,False,False,False
1549685846064082688,201.3034746446109,43.88047961764723,102.9948661799626,71.9167081077904,407.90055472814544,16.03649,7.957939664485219,5.385901456301453,1.4679120667277128,0.0326308806703638,-0.6882653135946173,-6.889214385480654,-0.875709581474883,1.0496414,-0.0846740740959666,negative (over-luminous control),13.446,13.368,12.333,8.982,J132512.85+435250.0,13251288+4352507,0.0779999999999994,False,1.1129999999999995,True,4.464,True,True,True,False,False,6.889214385480654,,,False,False,False
3179731900329953024,74.19257035358585,-13.240433128172802,212.32233093135264,-31.334306084078232,489.4740779375122,16.25937,7.666946030844658,5.015177828433912,1.610456216263215,0.1866608854825773,-0.6835646005413807,-6.841793743410339,-0.8676062199554311,0.9714171,-0.0981113678102216,negative (over-luminous control),13.383,13.421,12.351,9.072,J045646.22-131425.5,04564623-1314255,-0.038000000000000256,False,1.0319999999999983,True,4.311,True,True,True,False,False,6.841793743410339,,,False,False,False
5851614150232960000,203.47984147401476,-66.69839684612192,307.12385552198947,-4.173025231741195,418.5643368256119,16.549414,8.201897433125733,5.346052900432813,1.71331895401958,0.315613383443644,-0.683104953076203,-6.83715683456739,-0.8668157344065164,1.0431683,0.3393882930947906,negative (over-luminous control),13.584,13.612,12.86,9.272,J133355.27-664154.1,13335545-6641538,-0.02800000000000047,False,0.7240000000000002,True,4.311999999999999,True,True,True,False,False,6.83715683456739,,,False,False,False
4053764788876903296,263.9341257333189,-33.30434800088135,355.17529122781195,-0.5229052664303461,268.5714735490496,14.92624,7.479378664662997,3.9147521080410255,1.6705744678010506,0.3971745901967949,-0.6827733110497345,-6.833811240472508,-0.8662455959099526,1.0253956,0.3233093868642246,negative (over-luminous control),,,,,,17354419-3318155,,False,,False,,False,False,False,False,True,6.833811240472508,,,False,False,False
5197062332564547456,137.1777355432251,-79.0136951609814,293.250980424066,-20.6098875192869,413.405843164738,15.83979,7.413504183314242,5.137042795505061,1.2721776702885084,0.4283113138693256,-0.6823340174536279,-6.829379660806013,-0.8654906575515575,1.1007203,-0.0030696468843424,negative (over-luminous control),13.209,13.198,12.319,9.402,J090842.62-790049.3,09084263-7900493,0.010999999999999233,False,0.8899999999999988,True,3.8070000000000004,True,True,True,False,False,6.829379660806013,,,False,False,False
4199647574976181888,289.9349421568219,-11.561056973530414,25.70213382337153,-11.465984705456956,440.2523890709182,14.064995,5.444125909242604,3.8165053256975927,0.9084204728899582,0.4741358255073562,-0.6822481904395374,-6.828513840648719,-0.8653431970872931,0.8871477,-0.1850996168538848,negative (over-luminous control),12.073,12.131,12.339,8.927,J191944.38-113339.7,19194438-1133395,-0.05799999999999983,False,-0.266,False,3.146000000000001,True,True,True,False,False,6.828513840648719,,,False,False,False
2536722313400631936,13.011294042572166,-0.3684749810873974,123.26908657201083,-63.23982743383478,474.6741074767671,16.440079,7.971410173176598,5.211230510644993,1.6185591737961549,0.1124494878861778,-0.681940991791854,-6.825414830572736,-0.8648154907752583,0.98270017,0.1318345061684546,negative (over-luminous control),13.619,13.653,11.583,8.62,J005202.69-002206.2,00520266-0022058,-0.034000000000000696,False,2.0359999999999996,True,4.9990000000000006,True,True,True,False,False,6.825414830572736,,,False,False,False
1387204484477016576,230.0739430136768,36.51214318584676,58.98796086956071,57.24210889398045,426.1305423126296,16.447298,8.263453418984259,5.678358945513078,1.5116777823143728,0.046051848192459,-0.6806051162749274,-6.811938561329913,-0.8625224573210004,0.9827251,-0.1991643020680107,negative (over-luminous control),13.801,13.786,13.166,9.446,J152017.79+363043.8,15201790+3630439,0.015000000000000568,False,0.6349999999999998,True,4.355,True,True,True,False,False,6.811938561329913,,,False,False,False
3009404045810531456,85.83944797741312,-11.745166734305228,216.01902614595207,-20.357106923981394,280.7000903500081,16.78561,9.504174283757848,6.068665015144703,2.3777662964164072,0.0577373638710967,-0.6763934011665818,-6.769450914797758,-0.8553114802616713,1.0899782,0.2276704128832779,negative (over-luminous control),13.213,13.068,12.209,8.927,J054321.46-114442.6,05432144-1144430,0.14499999999999957,False,1.0039999999999996,True,4.286,True,True,True,False,False,6.769450914797758,,,False,False,False
6298721379563960192,216.6708373638586,-15.35263089588388,334.3276071942464,41.64014689964407,446.396370158064,15.976778,7.582753552353683,5.2587057102772405,1.2474248900004972,0.1788447730415042,-0.6758871060570488,-6.7643434260190975,-0.8544465223225359,0.97791696,0.0423220411002481,negative (over-luminous control),13.595,13.623,12.891,8.659,J142641.00-152109.2,14264100-1521090,-0.027999999999998693,False,0.7040000000000006,True,4.936,True,True,True,False,False,6.7643434260190975,,,False,False,False
6289226753060514304,207.6895157796192,-20.12892876415499,321.38622902467995,40.60748590460057,410.5721877334099,16.091444,7.909578766282021,5.476129473603835,1.37777792349522,0.1439862339575299,-0.6748528906109019,-6.753910293866613,-0.8526809147331691,0.99674,-0.1404500314758204,negative (over-luminous control),13.541,13.51,12.213,9.108,J135045.52-200743.7,13504560-2007428,0.031000000000000583,False,1.3280000000000012,True,4.433,True,True,True,False,False,6.753910293866613,,,False,False,False
3496307617525018624,189.07819236609697,-27.20413946104584,298.7980758065345,35.54617788589985,379.9242234418153,16.63025,8.64467870601493,5.844413541721537,1.6864720747243598,0.1140833935325135,-0.6741135207862197,-6.746451554858984,-0.8514196967218981,1.0040327,-0.5541705315250893,negative (over-luminous control),13.739,13.59,12.709,8.749,J123618.76-271214.8,12361876-2712146,0.1490000000000009,False,1.0300000000000011,True,4.99,True,True,True,False,False,6.746451554858984,,,False,False,False
4053641643568311040,263.76104188776867,-33.83843070423352,354.6479231745248,-0.6901047646701179,286.4244974744953,14.586376,6.9958503304464505,4.1072242101317205,1.4666702066893311,0.3905806524170858,-0.6723155213854977,-6.728313394741856,-0.8483562484446756,0.99393666,-0.600376019180271,negative (over-luminous control),,,,,,17350265-3350179,,False,,False,,False,False,False,False,True,6.728313394741856,,,False,False,False
265720972248550144,76.37738600794236,51.59752158401629,156.94962803687275,6.362354688524364,253.14054342492904,14.435127,7.269526557889716,4.702111469477763,1.5423087316109867,0.1912889341978672,-0.6704735424368211,-6.709731570359679,-0.8452231237559957,1.0670676,-0.2134619194163809,negative (over-luminous control),11.679,11.742,11.681,8.421,J050530.56+513551.2,05053055+5135511,-0.06300000000000061,False,-0.0019999999999988916,False,3.258000000000001,True,True,True,False,False,6.709731570359679,,,False,False,False
3326499041733277824,99.77402491111332,8.757641154841037,203.7365394727916,1.265222366897011,298.7628455163796,15.070306,7.652291006112729,5.456508031642692,1.2646132999970263,0.0508295724692569,-0.6696385737091619,-6.701308432694007,-0.843804628801353,0.9746487,0.7722326560501113,negative (over-luminous control),,,,,,06390574+0845308,,False,,False,,False,False,False,False,True,6.701308432694007,,,False,False,False
2290115942784533376,306.7842577493215,75.75515181890945,109.0208981893283,20.680271464960917,223.3315443811373,13.8341875,7.071213619374968,4.045751490323815,1.5090247806124475,0.0232028473775962,-0.6674112265254655,-6.678839025953328,-0.8400260097940322,1.032325,-0.5286509457647283,negative (over-luminous control),,,,,,20270814+7545187,,False,,False,,False,False,False,False,True,6.678839025953328,,,False,False,False
1294579529009165696,221.0225460429247,36.98494110675728,62.54707520781512,64.29934376376298,438.25143549019714,15.793833,7.55505409319892,5.342201310320601,1.2630546629695445,0.0370238133163216,-0.6670431787008146,-6.675126171337471,-0.8394023750685322,0.9986344,-0.0848711869350891,negative (over-luminous control),13.433,13.424,12.457,9.378,J144405.42+365906.6,14440544+3659082,0.009000000000000341,False,0.9759999999999991,True,4.055,True,True,True,False,False,6.675126171337471,,,False,False,False
3465591901210183296,179.6101928871077,-35.19498664880296,290.85909699911474,26.43126588302684,414.1922766975315,15.509157,7.339052236713758,4.845198881527125,1.5035110457950025,0.1072427710293362,-0.6656943378772224,-6.661519108498068,-0.8371186522862613,1.0486107,-0.294308708361735,negative (over-luminous control),12.834,12.851,12.816,8.786,J115826.45-351142.1,11582648-3511422,-0.017000000000001236,False,0.017999999999998906,False,4.048,True,True,True,False,False,6.661519108498068,,,False,False,False
2878817283161199616,358.4509378424223,36.21738083759611,110.11132468916686,-25.215410620737824,343.56098921005514,15.822725,7.9339505163983155,5.142774368051826,1.68604820123118,0.2746439142911243,-0.6655461846997515,-6.660024544009475,-0.8368679869812989,0.98853916,-0.1101209228033601,negative (over-luminous control),12.817,12.799,12.028,9.211,J235348.19+361302.5,23534813+3613024,0.018000000000000682,False,0.7889999999999997,True,3.606,True,True,True,False,False,6.660024544009475,2MASS J23534813+3613024,LM*,False,False,False
6504996942120853888,338.74535887644225,-56.49698705103325,333.0461198841765,-51.901130039738014,470.9164635658636,15.720397,7.319628702037103,5.021667804404018,1.284766900076331,0.0444064300230363,-0.6649885627463963,-6.654399271681397,-0.8359248343751133,1.0105488,-0.01935993295316,negative (over-luminous control),,,,,,22345905-5629473,,False,,False,,False,False,False,False,True,6.654399271681397,,,False,False,False
6346221067862250368,300.6511151359054,-84.8093439977416,308.5626431306343,-28.601604979006314,444.84420079038944,17.391834,8.670591352399713,5.442243241230634,2.0559214173980607,0.671180541854827,-0.6634566808953206,-6.638945696844734,-0.8333363264014593,0.99052066,-0.3333064073306698,negative (over-luminous control),13.685,13.621,12.869,9.343,J200236.30-844833.6,20023641-8448336,0.06400000000000006,False,0.8160000000000007,True,4.3420000000000005,True,True,True,False,False,6.638945696844734,,,False,False,False
5964353021628731136,253.5368355738397,-44.35495188848775,341.49872664052265,-0.4088319009457554,484.2679933147011,15.927795,7.052902554313097,4.123094535216267,1.4343112694279423,0.5749463815888776,-0.66299525607982,-6.6342908581489,-0.8325573460752094,1.0011983,-0.2940363686963029,negative (over-luminous control),,,,,,16540885-4421177,,False,,False,,False,False,False,False,True,6.6342908581489,,,False,False,False
6151513574517161856,186.108595049036,-37.679694746655805,297.04551196020446,24.883220222594467,399.448144569342,14.919537,6.83913603784979,4.415841869502976,1.424006932937412,0.0920847657751672,-0.6626365004545294,-6.630671742941282,-0.8319519212510851,0.9390546,-0.3141128227130375,negative (over-luminous control),12.354,12.412,11.875,9.123,J122426.05-374046.8,12242603-3740465,-0.058000000000001606,False,0.4789999999999992,False,3.231,True,True,True,False,False,6.630671742941282,,,False,False,False
1060651214654122752,170.23615851897353,67.10625334306044,135.77957821986504,47.701638694520646,474.9556295777676,15.242151,6.832477243921248,4.462378615006245,1.336048141243418,0.0327738925720192,-0.6606954064708646,-6.611090049274439,-0.8286796586092433,1.0263568,0.0277120165533653,negative (over-luminous control),,,,,,11205668+6706225,,False,,False,,False,False,False,False,True,6.611090049274439,,,False,False,False
6545360220133777664,338.80722969729226,-41.048748019255584,357.58257436564253,-58.81949477925372,392.0146096196164,16.266926,8.268563698984249,5.7046169793614245,1.5141073071762474,0.0406043695038244,-0.65954685797354,-6.599503528979495,-0.826746208533218,1.0208075,-0.3865085875567114,negative (over-luminous control),13.628,13.535,12.648,8.789,J223513.70-410255.2,22351363-4102547,0.09299999999999997,False,0.9800000000000004,True,4.839,True,True,True,False,False,6.599503528979495,,,False,False,False
2064205061061894016,307.956391969801,38.98846706821677,78.19064415838969,-0.3737606176252971,380.668698553963,14.602194,6.635430686515814,4.129839596752411,1.3328387179064467,0.0795312931556772,-0.6591278620317542,-6.595276711396862,-0.826041385781374,1.0660449,-0.4209509356485476,negative (over-luminous control),,,,,,20314953+3859192,,False,,False,,False,False,False,False,True,6.595276711396862,,,False,False,False
4858870358500181504,59.5266083938052,-34.94049749055636,235.94082462328413,-49.62378695014818,481.9477825474861,16.121529,7.681308620753887,5.385975866745046,1.2857156673506616,0.0310590326686405,-0.65906082497151,-6.59460044368954,-0.8259286432322657,1.0220888,-0.2180419764429434,negative (over-luminous control),13.769,13.743,12.558,9.253,J035806.38-345625.6,03580638-3456252,0.0259999999999998,False,1.2110000000000003,True,4.516,True,True,True,False,False,6.59460044368954,,,False,False,False
2874254825302084224,0.715099202115965,33.087145749666334,111.34071394196864,-28.68887220386853,227.8792959622176,15.4327965,8.582313607527471,5.870763536631198,1.6873574371302036,0.0811022391480098,-0.6586527162098932,-6.5904834556302365,-0.8252424383859613,1.0450188,0.05403588442435,negative (over-luminous control),,,,,,00025144+3305154,,False,,False,,False,False,False,False,True,6.5904834556302365,LSPM J0002+3305,PM*,False,False,False
5935448785089294080,245.4964652239649,-49.3005009278899,334.15005587676853,0.3721791235814527,351.88131257855486,17.05836,9.08574098377564,4.641167265111213,2.501837551632611,0.3528369374611302,-0.6583081667160435,-6.587007651419617,-0.8246633045409906,1.0792555,0.6832035507775791,negative (over-luminous control),,,,,,16215914-4918012,,False,,False,,False,False,False,False,True,6.587007651419617,,,False,False,False
1739927677228916864,318.2932080273858,7.535501213475026,58.05600922419991,-26.85449307531653,362.5746249282119,14.9829,7.046393408882859,4.5235235566117415,1.4887817470636744,0.1778944951062241,-0.6569587092885341,-6.573394368299731,-0.8223968461904971,0.98848766,-0.3016298846890903,negative (over-luminous control),12.3,12.371,12.169,9.135,J211310.37+073207.8,21131037+0732081,-0.07099999999999973,False,0.13100000000000023,False,3.165000000000001,True,True,True,False,False,6.573394368299731,,,False,False,False
2415293864137169664,358.98210654509273,-16.84907512400976,68.75666417778184,-73.55410805033038,327.9187426462535,15.900866,8.288551741625488,5.838990609388513,1.4329279879979806,0.0421741514792176,-0.6566173478080657,-6.569950724665551,-0.8218239645847163,0.99511737,0.236210784426586,negative (over-luminous control),13.282,13.274,12.094,9.093,J235555.68-165055.6,23555566-1650529,0.008000000000000895,False,1.1880000000000006,True,4.189,True,True,True,False,False,6.569950724665551,,,False,False,False
2017617138526670080,292.4065205181863,19.57691391112687,54.61677466572647,0.7855138281412142,354.49156543667675,15.261086,7.303595873980906,4.342517514762439,1.560900888127626,0.2706167607203688,-0.6563399788854927,-6.567152635896932,-0.8213586095493954,1.0097784,-0.2928606700950192,negative (over-luminous control),,,,,,19293754+1934367,,False,,False,,False,False,False,False,True,6.567152635896932,,,False,False,False
2067865026034211968,308.82877496667635,41.25996802576542,80.4122844673884,0.444107787791223,490.1983337179492,13.557002,5.006688438139981,3.0472750572831027,0.7971887692183462,0.1126994092216893,-0.6561160358813662,-6.564893506075017,-0.8209829764488519,1.0057994,-0.1591879572448282,negative (over-luminous control),,,,,,20351895+4115361,,False,,False,,False,False,False,False,True,6.564893506075017,GSC 03161-00001,*,False,False,False
110247652960197248,45.46696363955516,24.009320571906503,157.5531174259871,-29.95445594247124,309.76421792187256,16.394001,8.4821259774422,6.015907957048212,1.4725015967272708,0.5876911941304995,-0.6560044376809984,-6.5637677070195535,-0.8207958149831465,0.9945771,-0.2635993056171805,negative (over-luminous control),13.485,13.408,11.729,8.79,J030152.04+240033.5,03015200+2400336,0.07699999999999996,False,1.7560000000000002,True,4.695,True,True,True,False,False,6.5637677070195535,,,False,False,False
2323295797799560320,5.609975868082538,-27.18338734648733,30.78669603737113,-83.55028116708253,431.454479440118,16.735786,8.527769064632825,5.375488607188559,2.023984987753506,0.0457056703701273,-0.6544374150084238,-6.5479596327060055,-0.8181697900827116,1.0309485,-0.1301076216773014,negative (over-luminous control),13.512,13.486,12.296,9.023,J002226.39-271100.1,00222639-2710599,0.0259999999999998,False,1.216000000000001,True,4.489000000000001,True,True,True,False,False,6.5479596327060055,,,False,False,False
5941186311643117440,247.5318488708977,-48.112231998691065,335.93827946843885,0.2377963179497354,476.2003217119589,14.675797,5.888369125420672,3.463147571452484,1.1053020090073775,0.4840616316096921,-0.6541970772005348,-6.545535112631116,-0.8177673658298055,0.9565906,-0.2849720552367263,negative (over-luminous control),,,,,,16300766-4806437,,False,,False,,False,False,False,False,True,6.545535112631116,,,False,False,False
5143956956029488384,34.447790976078856,-17.472975437816913,191.5785862214313,-67.86278753920266,442.5070850033124,16.466034,8.10691264510114,5.630692308372674,1.4246533345519037,0.1635154499904801,-0.6541033346824641,-6.544589441124292,-0.8176104264799504,1.0095559,-0.0182175718067128,negative (over-luminous control),13.791,13.763,12.911,9.166,J021747.44-172822.2,02174736-1728215,0.02800000000000047,False,0.8800000000000008,True,4.625,True,True,True,False,False,6.544589441124292,,,False,False,False
133429897858389504,40.94977690538829,31.69203928105987,149.2546052398008,-25.37379239348577,421.6390248009874,16.296492,7.700776766107884,5.35375785206822,1.3537529990704986,0.5957876100088195,-0.6538388616914954,-6.541921446098866,-0.8171677311724272,1.003242,0.1997119601355292,negative (over-luminous control),13.443,13.47,12.261,8.908,J024347.91+314131.5,02434786+3141320,-0.027000000000001023,False,1.1820000000000004,True,4.535,True,True,True,False,False,6.541921446098866,,,False,False,False
3193379794568114560,58.9726826850654,-10.87914820053908,201.55219208625817,-43.78423320751043,486.836851571138,16.108574,7.585473193094239,5.016773712591016,1.503730499686633,0.1099181427368638,-0.6519817089745041,-6.523186549230035,-0.8140621210287127,1.1006159,-0.1832103485789089,negative (over-luminous control),13.391,13.432,12.561,8.708,J035553.43-105244.8,03555342-1052447,-0.04100000000000037,False,0.8300000000000001,True,4.683,True,True,True,False,False,6.523186549230035,,,False,False,False
4781083209370365312,65.50563619907524,-52.065635278525576,260.3554775801391,-43.757160326636935,363.1067317280392,15.480835,7.653609690702286,5.52241545616865,1.2350417788290935,0.0330628886800887,-0.6510671078822714,-6.513960082832128,-0.8125346371217486,1.0300499,0.0351901123883394,negative (over-luminous control),13.214,13.153,12.733,9.449,J042201.32-520356.2,04220125-5203560,0.06099999999999994,False,0.48099999999999987,False,3.7650000000000006,True,True,True,False,False,6.513960082832128,,,False,False,False
2067950994099466880,308.13201153108554,41.89981060902403,80.61489971411947,1.2441042762285108,405.80131921175735,15.371417,7.255218141534448,4.0496595328768406,1.6263628685962113,0.0968750589061529,-0.6496924584437371,-6.500092663515391,-0.8102412411108808,0.9748648,0.1759086541358208,negative (over-luminous control),,,,,,20323168+4153596,,False,,False,,False,False,False,False,True,6.500092663515391,2MASS J20323168+4153596,*,False,False,False
780926278202105216,160.9893097762727,42.85473998379258,173.2238813420568,59.79263434798864,381.4674334998881,16.10129,8.169805672658002,5.791856412222501,1.37356019788299,0.0301968578359939,-0.6494449615211,-6.497595922521213,-0.8098286380554522,1.0366614,0.223082308445989,negative (over-luminous control),13.646,13.561,12.428,8.859,J104357.47+425118.0,10435753+4251200,0.08500000000000085,False,1.218,True,4.787000000000001,True,True,True,False,False,6.497595922521213,LSPM J1043+4251,PM*,False,False,False
4976186702996301056,11.750410945735482,-46.053784079255394,305.3030403174138,-71.05403636338984,396.72682780515777,14.955107,6.928006164792244,5.035545580809224,1.0594578392265996,0.0412184648765414,-0.6481425152128395,-6.484456886060075,-0.8076588740420338,1.0017005,0.3374634386593946,negative (over-luminous control),12.986,12.967,12.382,8.895,J004700.10-460313.3,00470012-4603128,0.019000000000000128,False,0.604000000000001,True,4.091000000000001,True,True,True,False,False,6.484456886060075,,,False,False,False
5933276837344700288,242.51546560047225,-52.53963298018179,330.5511119527524,-0.6602121510342676,456.1483410464526,15.848877,7.170135769115821,4.257234995943916,1.537014224725101,0.4964768969881462,-0.6475744770339489,-6.478726535183861,-0.8067133859112392,1.028656,-0.0264277024245828,negative (over-luminous control),,,,,,16100371-5232223,,False,,False,,False,False,False,False,True,6.478726535183861,Gaia DR3 5933276837344700288,*,False,False,False
5166168568379408768,48.10876746056705,-9.871654791016413,192.28203621927727,-52.58177353123268,270.34425908536025,15.135031,7.8482099726682,4.9486366373589314,1.7844852605495702,0.1692705711324319,-0.647001287808183,-6.472944220712465,-0.8057598252462097,1.0251706,0.0202318418689022,negative (over-luminous control),12.055,12.081,11.975,8.998,J031226.09-095217.7,03122606-0952174,-0.0259999999999998,False,0.08000000000000007,False,3.0570000000000004,True,True,True,False,False,6.472944220712465,,,False,False,False
2897602920360163968,92.58773642484796,-29.172781303635936,235.8263197759628,-21.15157457573553,420.00532459963534,16.410015,8.255292588769052,5.185643968759906,1.9406002355215457,0.0521170625985712,-0.6469503186464767,-6.4724300454487285,-0.8056750570457631,1.0061376,0.0838875853333566,negative (over-luminous control),,,,,,06102104-2910218,,False,,False,,False,False,False,False,True,6.4724300454487285,,,False,False,False
5014406483091438464,20.05955736884334,-34.55652659198084,264.9590144215808,-80.34233967503259,262.5971090558603,15.669929,8.545133043822842,5.552148747927064,1.911052255150217,0.0382526077843626,-0.6467478171626553,-6.470387216993928,-0.8053383106244283,1.0336386,0.3843205398723773,negative (over-luminous control),12.552,12.489,12.483,8.743,J012014.30-343323.4,01201434-3433233,0.06299999999999883,False,0.06899999999999906,False,3.8089999999999993,True,True,True,False,False,6.470387216993928,,,False,False,False
5912699545898406016,265.4900661895119,-59.94329425214479,332.61907812281265,-15.164746578691927,337.4030905298209,13.923862,6.122971746993771,4.290427413562976,1.004679027066636,0.1898224698843254,-0.6453164241106961,-6.455947369930267,-0.80295978992124,0.97773993,-0.0420001483722027,negative (over-luminous control),11.898,11.938,11.787,9.137,J174157.67-595635.7,17415779-5956353,-0.040000000000000924,False,0.11099999999999888,False,2.7609999999999992,True,True,True,False,False,6.455947369930267,,,False,False,False
1996603237904361984,345.42871172130725,54.45051356791265,107.33371373223888,-5.064230400689355,248.07151042891155,13.120021,5.957225711314168,4.076905425456239,1.0764874558817723,0.2278826368888883,-0.643968156775574,-6.442346092424102,-0.8007222638290039,0.9907583,-0.3776285522847403,negative (over-luminous control),10.976,11.03,10.963,8.829,J230142.92+542702.1,23014295+5427029,-0.053999999999998494,False,0.013000000000001677,False,2.1470000000000002,True,True,True,False,False,6.442346092424102,,,False,False,False
2573307115410193408,25.628261663980165,10.27642936177602,142.96753031620727,-50.59774612818466,324.7659757879064,16.132212,8.352118828662208,5.919332384182534,1.452783293026732,0.2827105770074057,-0.6427928608921434,-6.430489745358521,-0.7987740591089556,1.0276047,-0.0765985147280179,negative (over-luminous control),13.431,13.338,12.251,9.106,J014230.76+101636.3,01423073+1016385,0.09299999999999997,False,1.1799999999999997,True,4.324999999999999,True,True,True,False,False,6.430489745358521,,,False,False,False
4979660128948093696,9.655186796075936,-44.93138182552902,310.2945271188722,-72.01318770014846,450.5677332080939,16.196432,7.90152870416119,5.159592470250932,1.683491111842378,0.0341051820230111,-0.642460711677681,-6.427139034767474,-0.798223860994979,1.0275673,0.0252150605922647,negative (over-luminous control),13.36,13.355,12.581,9.028,J003837.22-445553.2,00383716-4455536,0.004999999999999005,False,0.7789999999999999,True,4.331999999999999,True,True,True,False,False,6.427139034767474,,,False,False,False
4063773746255240192,268.03738722272374,-26.948007826450965,2.44690710081528,-0.2113942233774248,364.4154053900248,13.963992,5.728617904265591,3.4438963370091105,0.9945449996440108,0.5109198064736161,-0.6423048782545626,-6.425566992207845,-0.7979657842452206,0.8634334,-0.283771843341945,negative (over-luminous control),,,,,,17520898-2656524,,False,,False,,False,False,False,False,True,6.425566992207845,,,False,False,False
3711475068053470848,202.3796245031837,1.8920524515089492,324.41214549503854,63.16461727829939,486.0066274755548,16.182497,7.712738147325579,4.973674007388111,1.5762901873126367,0.0470297224827888,-0.6421667455184448,-6.424173513609289,-0.7977370526858023,0.9930982,-0.0845710212077833,negative (over-luminous control),13.452,13.482,12.514,8.985,J132931.11+015331.5,13293114+0153317,-0.02999999999999936,False,0.9380000000000006,True,4.4670000000000005,True,True,True,False,False,6.424173513609289,,,False,False,False
627433492892167808,146.72002935434512,19.253305624746535,213.33704583349936,47.10020281791571,418.9478263545498,16.992455,8.839572599770506,5.919341264380832,1.8190621545577232,0.05609045220398,-0.6410611222265157,-6.413020021405575,-0.7959073188336439,1.0317953,-0.0491475606247374,negative (over-luminous control),14.027,13.908,12.122,8.986,J094652.81+191511.9,09465284+1915119,0.11899999999999977,False,1.9049999999999994,True,5.040999999999999,True,True,True,False,False,6.413020021405575,,,False,False,False
201944826773487104,73.96650916317338,42.25302060238823,163.32980754033196,-0.6696416775349986,426.847862654395,16.590921,8.132317195786907,5.664471323545822,1.466296471150546,0.392839090999074,-0.6404365335446673,-6.406719190874617,-0.7948744889416108,0.9373831,-0.249452730495297,negative (over-luminous control),,,,,,04555185+4215123,,False,,False,,False,False,False,False,True,6.406719190874617,,,False,False,False
4907835734453616256,9.9123526116115,-58.37114697724126,305.9059026633506,-58.68897992240748,410.4330808745718,15.182388,7.082039633555986,4.6625039064375375,1.3897079968476906,0.0427212860575731,-0.6401497235691123,-6.403825861067212,-0.7944004143750714,1.0308661,-0.293782150724213,negative (over-luminous control),12.712,12.744,12.026,9.202,J003938.96-582216.1,00393896-5822159,-0.03200000000000003,False,0.6859999999999999,True,3.51,True,True,True,False,False,6.403825861067212,,,False,False,False
2921886356218334848,103.74274104873656,-24.91928738445409,235.74169085676343,-10.351273373216602,342.1591476783755,17.200754,9.484061848719447,6.178816205275584,2.0021109268423003,0.0622828764504017,-0.6400916996708528,-6.40324051784806,-0.7943045206169608,1.0332283,1.0292440215931338,negative (over-luminous control),13.944,13.85,12.838,9.1,J065458.25-245509.4,06545829-2455096,0.0940000000000012,False,1.1060000000000016,True,4.844000000000001,True,True,True,False,False,6.40324051784806,,,False,False,False
1725979788114448512,212.670438272898,85.18882334278928,121.01850181763062,31.6416288787592,233.2066206706704,14.492645,7.633457694196535,5.411412087996476,1.274381838550441,0.0251775288047698,-0.6391559316560418,-6.3938005202160735,-0.7927587220946593,0.90103483,0.2796013666726638,negative (over-luminous control),12.144,12.122,12.299,9.325,J141041.06+851120.6,14104124+8511220,0.02200000000000024,False,-0.15499999999999936,False,2.819000000000001,True,True,True,False,False,6.3938005202160735,LP    8-101,PM*,False,False,False
3893346145398056704,179.83639277769169,4.445961593111513,271.93338318469563,64.13640577534775,328.4250897180208,16.077896,8.457570049571421,5.727345622491177,1.5461333585359989,0.0488695709699223,-0.6391347869344699,-6.393587212945032,-0.7927238084436847,1.0142543,-0.1798045289927892,negative (over-luminous control),13.309,13.264,12.276,8.694,J115920.77+042645.5,11592084+0426458,0.04499999999999993,False,1.0329999999999995,True,4.614999999999998,True,True,True,False,False,6.393587212945032,,,False,False,False
6889598103696944896,313.9023471805757,-12.14399341950602,35.847053146859416,-32.997538764660604,414.4415899277429,16.338572,8.212851822683957,5.314875305125804,1.7441709295466574,0.0506380773904624,-0.6385575724593284,-6.387764291887419,-0.7917709884930086,0.96332717,-0.1757469890041683,negative (over-luminous control),13.423,13.44,12.207,8.873,J205536.56-120838.4,20553656-1208383,-0.01699999999999946,False,1.2159999999999993,True,4.550000000000001,True,True,True,False,False,6.387764291887419,,,False,False,False
5751726164496278016,128.22601940493507,-10.060221771998668,234.28403609514027,17.203273506517483,247.57954227695595,14.038425,7.012349775259643,4.97001680468946,1.1197819341075357,0.0691182993057109,-0.6377443850495474,-6.379560883455849,-0.790429502324681,0.96644014,0.0858479584412596,negative (over-luminous control),11.891,11.907,11.756,8.787,J083254.17-100335.6,08325402-1003330,-0.016000000000000014,False,0.1349999999999998,False,3.103999999999999,True,True,True,False,False,6.379560883455849,,,False,False,False
4712663933667851520,28.0771394819464,-61.64780474858775,290.6853695861837,-54.00935921393559,447.9995116727681,16.238165,7.937150121383817,4.688069981716522,1.8354406691596363,0.059625255877827,-0.6373153499539166,-6.375232791212161,-0.7897221432641099,0.9571695,-0.1108352036394359,negative (over-luminous control),13.211,13.213,12.824,9.379,J015218.51-613852.1,01521854-6138523,-0.0019999999999988916,False,0.38700000000000045,False,3.8320000000000007,True,True,True,False,False,6.375232791212161,,,False,False,False
5935227577090403456,246.17451292381168,-50.55109661114061,333.56855204393975,-0.8179312778364991,455.9441010403958,15.2091,6.64156255791902,4.017728788391144,1.27631916729853,0.3388010476699524,-0.6371183332073667,-6.373245292610525,-0.7893974113056796,0.98994094,-0.3890091054914976,negative (over-luminous control),,,,,,16244186-5033038,,False,,False,,False,False,False,False,True,6.373245292610525,,,False,False,False
3663604015407292288,205.56005769201047,1.9225663027823905,330.8481200284557,62.0089762556314,240.53593032176664,15.758319,8.82920516825317,5.597861403302237,2.138828148720136,0.0323026534741985,-0.6365122035323374,-6.367130675946576,-0.788398730250937,1.0124397,0.1295819022187774,negative (over-luminous control),12.409,12.316,12.08,9.076,J134214.42+015521.3,13421445+0155214,0.09299999999999997,False,0.3290000000000006,False,3.333,True,True,True,False,False,6.367130675946576,,,False,False,False
1301102794059186176,250.2270199575072,25.56168775363904,44.98314921015738,39.02791595468164,455.55433711498335,16.5587,8.17086780531228,5.577646459340382,1.5397889706388774,0.1220189710935248,-0.6358664724998153,-6.360616562062122,-0.7873354137553397,1.0118777,-0.1964407620130017,negative (over-luminous control),13.764,13.704,12.263,8.988,J164054.49+253342.4,16405452+2533429,0.05999999999999872,False,1.5009999999999994,True,4.776,True,True,True,False,False,6.360616562062122,,,False,False,False
724473571661089920,158.5958158182413,25.370908205145863,208.34249655169472,59.313621625339664,463.9443701968039,16.745972,8.385533173392938,5.827690076982558,1.548126861848247,0.0360098436540459,-0.6355434397516042,-6.357357818089362,-0.7868037173946361,0.9387224,-0.2372008693155188,negative (over-luminous control),14.074,14.046,12.402,8.996,J103423.01+252215.4,10342304+2522156,0.02800000000000047,False,1.6720000000000006,True,5.077999999999999,True,True,True,False,False,6.357357818089362,,,False,False,False
840445973646039936,175.01183635794274,53.75912576521568,144.37945505933354,60.29543725795802,437.4526430224538,16.079885,7.85294786475569,5.545002468341879,1.3111222940198546,0.0275444032639255,-0.635014249896523,-6.352019367854079,-0.7859330381264202,1.0474329,0.1907545310924102,negative (over-luminous control),13.699,13.647,12.309,9.286,J114002.91+534533.6,11400305+5345350,0.0519999999999996,False,1.3900000000000006,True,4.413,True,True,True,False,False,6.352019367854079,,,False,False,False
1181886252950762624,225.6416168309941,13.478778308067929,15.49683626034176,56.50336069111565,340.08129987757616,16.160656,8.459429390543631,5.8113237348890765,1.548393086014792,0.0555201030836647,-0.6329939708260337,-6.331638857578546,-0.7826129606151482,1.0461893,-0.3078213712770927,negative (over-luminous control),13.475,13.396,12.248,9.356,J150234.02+132844.4,15023409+1328459,0.07899999999999885,False,1.2270000000000003,True,4.119,True,True,True,False,False,6.331638857578546,LP  501-61,PM*,False,False,False
837976126932871424,167.11235927707307,49.43406914880524,157.56576066545026,60.1936071769195,468.48856342472527,16.672523,8.289838165537443,5.332964638332581,1.8302709480666428,0.038950995425123,-0.6319710277618888,-6.321319440853093,-0.7809342353399729,0.9822223,0.3631289236385231,negative (over-luminous control),13.633,13.582,12.406,8.621,J110826.97+492602.7,11082698+4926025,0.05099999999999838,False,1.2269999999999985,True,5.011999999999999,True,True,True,False,False,6.321319440853093,,,False,False,False
3379811951086471936,101.19738913995442,23.386457812443904,191.21572226586383,9.050255702909675,456.3305619219885,17.074621,8.727849090646792,5.893647536875736,1.7917144467152415,0.066903152711731,-0.6319448427919632,-6.32105528771879,-0.7808912846242708,1.0339489,-0.7163209946062927,negative (over-luminous control),14.148,14.193,11.832,8.899,J064447.36+232311.6,06444732+2323128,-0.04499999999999993,False,2.315999999999999,True,5.2490000000000006,True,True,True,False,False,6.32105528771879,,,False,False,False
3035629837678056192,119.12030250435348,-13.179176700804003,232.2264769033767,7.971430639256118,469.8716968141349,15.509993,7.066550330312987,4.784171846805651,1.2629451444267192,0.1027546617327946,-0.6300838904371506,-6.302282060225843,-0.7778414505976408,0.9523594,-0.2332864258218207,negative (over-luminous control),13.123,13.147,12.278,9.044,J075628.87-131044.9,07562887-1310448,-0.02400000000000091,False,0.8449999999999989,True,4.078999999999999,True,True,True,False,False,6.302282060225843,,,False,False,False
3036543153882344704,119.3639289699556,-10.974389784230109,230.42191532883655,9.288574602890684,413.1718110852664,15.930151,7.776042060517393,5.406617488026212,1.342969105142604,0.0914142892276131,-0.629513286510206,-6.296525826165794,-0.7769073592526954,0.99983984,0.1205430960302477,negative (over-luminous control),13.467,13.424,12.24,9.216,J075727.35-105827.3,07572738-1058264,0.04300000000000104,False,1.2270000000000003,True,4.251000000000001,True,True,True,False,False,6.296525826165794,,,False,False,False
5540797331297943296,122.56698487882548,-38.44050261296984,255.35005482436017,-2.7750720081796705,458.21190187460553,14.845042,6.487226354215125,4.225163192112312,1.2622152263305075,0.064469458183076,-0.6291698931263756,-6.29306168475586,-0.7763454531969916,0.96350425,-0.3931421638062521,negative (over-luminous control),,,,,,08101607-3826256,,False,,False,,False,False,False,False,True,6.29306168475586,,,False,False,False
4392698662643250304,255.96500430702477,4.813629933890693,24.5557860668942,26.06744566296789,417.2947834473216,16.486994,8.082689213390843,5.571155765773323,1.4439601306163392,0.3849050706972056,-0.6279948457194724,-6.281207844313495,-0.7744240278794434,0.9973417,0.0296287111868909,negative (over-luminous control),13.626,13.606,12.223,8.957,J170351.62+044849.4,17035165+0448498,0.019999999999999574,False,1.4029999999999987,True,4.668999999999999,True,True,True,False,False,6.281207844313495,,,False,False,False
2797734485365052416,4.366495278308381,19.784054732855992,112.08966434618507,-42.37137435163361,472.0805421336293,16.010675,7.528675165774251,5.240105175763614,1.2842699826883484,0.1382455065576175,-0.6279749666900027,-6.281007305303666,-0.7743915397810726,1.0218587,-0.1151749476510964,negative (over-luminous control),13.605,13.609,11.432,7.657,J001727.92+194702.6,00172785+1947020,-0.0039999999999995595,False,2.173,True,5.948,True,True,True,False,False,6.281007305303666,,,False,False,False
5272230208778721152,134.20150875698923,-66.32435420561073,282.28810607390545,-13.398018832065622,439.1151920195776,16.503202,8.141097498692707,5.236731356693828,1.7668259762358252,0.1981666470089076,-0.6273840417114265,-6.275046073128437,-0.7734260686181436,1.022408,-0.0532414459914888,negative (over-luminous control),13.48,13.482,13.157,9.661,J085648.35-661927.5,08564833-6619275,-0.0019999999999988916,False,0.3230000000000004,False,3.819000000000001,True,True,True,False,False,6.275046073128437,,,False,False,False
3327006672507680768,99.8762449182775,10.444279436166378,202.28235712909049,2.126704885406342,472.8066479459455,15.606073,7.183740471087389,5.092161475569861,1.1299709973500511,0.0588703904516819,-0.627285736011995,-6.274054368394832,-0.7732655047564883,1.0880147,0.443462139867062,negative (over-luminous control),13.513,13.5,12.201,8.532,J063930.32+102639.9,06393034+1026411,0.0129999999999999,False,1.3119999999999994,True,4.981,True,True,True,False,False,6.274054368394832,,,False,False,False
3132730561384994176,101.39796460991924,6.550102176831237,206.43637230241345,1.6883825586134544,446.3911380461578,16.24709,7.956467594566464,5.2487474620852215,1.7011645075905086,0.0551048817866247,-0.6267748214823037,-6.2689002790542085,-0.7724312560910993,1.0817678,-0.2133642893372834,negative (over-luminous control),13.306,13.316,11.68,8.726,J064535.50+063300.3,06453551+0633005,-0.010000000000001563,False,1.6259999999999994,True,4.579999999999998,True,True,True,False,False,6.2689002790542085,,,False,False,False
1527888199843235200,193.0343492637602,40.88279532033234,122.37588439486156,76.24469949552653,267.8933964130441,15.407186,8.248894292869327,5.809671104617223,1.444865313593881,0.0233074047382962,-0.6266094860040159,-6.26723238006769,-0.7721613715124513,1.0520781,0.0717029847700361,negative (over-luminous control),12.85,12.817,12.224,9.165,J125208.31+405259.1,12520846+4053012,0.032999999999999474,False,0.6259999999999994,True,3.6850000000000005,True,True,True,False,False,6.26723238006769,,,False,False,False
4902641538444522752,13.701426296541726,-61.13022605377442,302.20509673052777,-55.99327094805271,393.188848792628,15.523603,7.515328700681492,5.394651657610004,1.2186583305415006,0.0430077983346605,-0.626280744942294,-6.263916050811856,-0.7716248746916368,1.0172513,0.1683114870794181,negative (over-luminous control),13.295,13.288,12.417,8.587,J005448.28-610747.8,00544819-6107458,0.006999999999999673,False,0.8780000000000001,True,4.708,True,True,True,False,False,6.263916050811856,,,False,False,False
5039123332684677120,26.185240080610864,-23.493283229557072,199.0757405589988,-77.42502261572442,488.8987182271695,16.545433,8.063735373295856,5.15672490565458,1.8156014442932495,0.047420628976114,-0.6241098521410997,-6.242016154065855,-0.768086109704073,1.0315437,0.0846401905717517,negative (over-luminous control),13.563,13.563,12.514,8.969,J014444.45-232935.8,01444445-2329358,0.0,False,1.0490000000000013,True,4.594000000000001,True,True,True,False,False,6.242016154065855,,,False,False,False
3986060264385922688,159.04336873452874,18.210727325374048,221.72095682684957,57.6604216673273,425.4223194585312,15.9422,7.75159356261876,5.426733251228078,1.3142436666310089,0.0575658497867879,-0.6238986360241032,-6.239885412671914,-0.7677421845788646,1.0348606,-0.2846503009104106,negative (over-luminous control),13.559,13.527,12.456,8.902,J103610.41+181239.5,10361040+1812414,0.03200000000000003,False,1.1029999999999998,True,4.657,True,True,True,False,False,6.239885412671914,LSPM J1036+1812,PM*,False,False,False
4266996342963590912,283.6497685018929,1.4772394781962417,34.60696624874054,-0.0295686886840891,468.99559860686446,15.282878,6.540432876190224,3.915282626065245,1.306117680191472,0.4840197297706247,-0.6235726068934682,-6.236596441289647,-0.7672114397058236,1.0326154,-0.4955174221051003,negative (over-luminous control),12.106,12.369,11.17,7.135,J185435.94+012838.1,18543594+0128378,-0.2629999999999999,False,0.9359999999999999,True,4.971,True,True,True,False,False,6.236596441289647,,,False,False,False
4015894206736029952,185.93605824033745,32.75901656058113,168.06146662032717,81.77638110102488,441.1124151213044,16.170883,7.9200159818778015,5.39535280823602,1.4664586708743288,0.0355913552014721,-0.623552464002163,-6.23639324045011,-0.7671786541934782,0.8822142,-0.6526364891267004,negative (over-luminous control),13.581,13.549,12.593,9.256,J122344.64+324533.3,12234460+3245354,0.03200000000000003,False,0.9879999999999995,True,4.324999999999999,True,True,True,False,False,6.23639324045011,LSPM J1223+3245,PM*,False,False,False
4095886254644299264,272.9218946285014,-18.043853350197008,12.41434387300313,0.2748909397599907,455.5069718012802,15.725261,7.038868584691916,3.812967552719636,1.5085416088374983,0.5084171627446821,-0.6233519817588373,-6.234370782028476,-0.7668523730658852,1.0191613,-0.0519504374082763,negative (over-luminous control),,,,,,18114126-1802373,,False,,False,,False,False,False,False,True,6.234370782028476,,,False,False,False
2416716975780661888,2.763912160924838,-14.864467705803282,83.44019558073788,-74.54956323584503,380.0303547489305,15.61755,7.6800214673636065,4.939179212668149,1.679809832941675,0.0502158775420376,-0.622782716663294,-6.228628054056537,-0.7659262330440935,1.098014,-0.1072375871893766,negative (over-luminous control),12.768,12.795,12.447,8.684,J001103.33-145152.2,00110333-1451523,-0.026999999999999247,False,0.3210000000000015,False,4.084000000000001,True,True,True,False,False,6.228628054056537,,,False,False,False
2029026049104000128,301.7222733745411,28.27510878972691,66.42316917457788,-2.1434768827912247,373.5240939142066,15.44025,7.522479857245586,5.434105791506661,1.2196987275925757,0.0685688019074964,-0.621760616914794,-6.218317144672181,-0.7642645923653884,1.010088,0.212364219685022,negative (over-luminous control),,,,,,20065354+2816296,,False,,False,,False,False,False,False,True,6.218317144672181,,,False,False,False
6500062952410698624,347.0690566481644,-54.14877443660929,330.8495716672152,-57.026550444073095,376.4604630058236,16.501684,8.597735956040113,5.608799656091831,1.893721917950876,0.0341257434686699,-0.6215746445316093,-6.216441061252902,-0.763962422841173,1.046047,-0.1573484136573665,negative (over-luminous control),13.42,13.36,12.273,8.7,J230816.58-540855.4,23081661-5408553,0.0600000000000005,False,1.1470000000000002,True,4.720000000000001,True,True,True,False,False,6.216441061252902,,,False,False,False
1614616646248441600,228.4362173077608,57.97052522308569,93.98274208703826,50.39656859235845,386.3422061508416,16.3224,8.359974870868605,5.983432269189768,1.4091764628581371,0.0345875883428101,-0.6213477640359848,-6.214152298111247,-0.7635938555453767,1.0201471,-0.3479736098845243,negative (over-luminous control),13.872,13.804,12.593,9.438,J151344.71+575814.0,15134475+5758142,0.06799999999999962,False,1.279,True,4.433999999999999,True,True,True,False,False,6.214152298111247,,,False,False,False
5081566371303340416,53.79265762991177,-27.15530137808656,222.63521042211676,-53.742100141218,267.8522199443049,15.207348,8.048744577920948,5.823927365486552,1.3277383993312712,0.0237008055162711,-0.6206226435452464,-6.206837305926077,-0.762416413828578,0.97469366,0.0481484515022554,negative (over-luminous control),12.817,12.747,12.562,9.315,J033510.17-270919.8,03351005-2709212,0.07000000000000028,False,0.2550000000000008,False,3.5020000000000007,True,True,True,False,False,6.206837305926077,LP  888-31,PM*,False,False,False
6915046953157109888,312.05022504032183,-3.5274516718768267,43.79497639321485,-27.470808424870597,479.9210605906656,15.304422,6.842324473611105,4.4495918383392,1.3389852518879828,0.0699142057632219,-0.6204767943959517,-6.20536598439961,-0.7621796807533723,0.98306847,-0.0480622868620706,negative (over-luminous control),12.832,12.887,11.861,8.254,J204812.05-033138.8,20481203-0331386,-0.054999999999999716,False,0.9710000000000001,True,4.578000000000001,True,True,True,False,False,6.20536598439961,,,False,False,False
5413102524749519744,145.98471156795785,-43.48990106501841,270.6644147290096,7.328922341640933,452.4310021926963,16.821411,8.476862402565313,5.487911659463401,1.8521648631618,0.0895122536039271,-0.6204758346513124,-6.205356302526562,-0.7621781230621512,1.0295554,0.078372687309552,negative (over-luminous control),13.79,13.783,12.785,8.612,J094356.30-432923.5,09435627-4329235,0.006999999999999673,False,1.004999999999999,True,5.177999999999999,True,True,True,False,False,6.205356302526562,,,False,False,False
382680971896628992,7.056957945719821,43.85488936026359,118.51464267083188,-18.817700558190857,477.0495413159626,16.401884,7.878686827089156,5.555844419242477,1.301124279223267,0.1615710830464793,-0.6203156595046639,-6.203740460799625,-0.761918173804838,1.0071452,-0.1064184231448499,negative (over-luminous control),13.943,13.937,12.875,9.069,J002813.60+435117.4,00281344+4351169,0.006000000000000227,False,1.0679999999999996,True,4.873999999999999,True,True,True,False,False,6.203740460799625,Gaia DR3 382680971896628992,PM*,False,False,False
6371348486265930752,325.7993414939924,-71.9732491317823,319.7358665265139,-38.40547423609763,309.6568064417545,16.151423,8.628212482245068,6.036499177371554,1.5425702194666124,0.0882054641876536,-0.6202710881531335,-6.20329082643914,-0.761845845497048,0.89747554,-0.2252740698308023,negative (over-luminous control),13.469,13.415,12.097,9.153,J214311.77-715823.0,21431165-7158217,0.05400000000000027,False,1.3719999999999999,True,4.315999999999999,True,True,True,False,False,6.20329082643914,,,False,False,False
4819811376155174400,79.68358647500523,-38.36284488388633,242.6620943724961,-33.892644315961,439.2102965426783,16.171534,7.93273982365758,5.494443749498497,1.4153375693537744,0.0319389292458186,-0.6198179797907537,-6.198719883854869,-0.7611107309015765,0.95073545,-0.1166423732608291,negative (over-luminous control),13.581,13.533,12.322,8.992,J051844.05-382145.7,05184401-3821448,0.04800000000000004,False,1.2590000000000003,True,4.588999999999999,True,True,True,False,False,6.198719883854869,,,False,False,False
819490690769690624,140.75394238989216,46.94172397617482,172.49958586417398,44.941304899847935,382.3795052132458,13.48737,5.543425314777239,3.808299534569691,1.0267446262033446,0.0372504942401265,-0.6193869733724249,-6.1943719049712165,-0.7604117587347006,0.9747325,-0.744462736512563,negative (over-luminous control),11.665,11.725,11.766,9.292,J092300.96+465630.3,09230099+4656304,-0.0600000000000005,False,-0.10100000000000087,False,2.3729999999999993,True,True,True,False,False,6.1943719049712165,UCAC4 685-050590,*,False,False,False
3693928339943698816,186.2978493194084,-2.0620902098965948,289.67523240024303,60.13236973791604,378.77874055121725,15.248063,7.318981235668952,4.79694650952912,1.4701882994437978,0.0470658863005559,-0.6184075117663088,-6.184491127795663,-0.7588243766300171,0.9955968,-0.1306316831422335,negative (over-luminous control),12.658,12.682,12.346,8.691,J122511.48-020343.4,12251148-0203436,-0.02400000000000091,False,0.3119999999999994,False,3.9669999999999987,True,True,True,False,False,6.184491127795663,,,False,False,False
4064330889420913792,269.2645131782386,-25.671487831009436,4.104422209943712,-0.5150194862291397,398.6228354915541,15.665206,7.19432933329905,4.1171404534583305,1.4863966783280589,0.6037751031328495,-0.617909117037013,-6.179463337798698,-0.7580171937876263,0.898169,-0.1767042189836191,negative (over-luminous control),,,,,,17570345-2540170,,False,,False,,False,False,False,False,True,6.179463337798698,,,False,False,False
2312104869668724992,357.50728115861466,-34.6926146519466,359.26082436339414,-74.83704275505022,428.4897245774359,15.7023535,7.513112733660139,4.828903448638627,1.6041787788100197,0.0381562767035359,-0.61764560891213,-6.176805076311307,-0.7575905748712006,0.97735393,-0.0239932028237149,negative (over-luminous control),12.966,13.042,11.895,8.438,J235001.74-344133.4,23500173-3441332,-0.07600000000000051,False,1.0709999999999997,True,4.527999999999999,True,True,True,False,False,6.176805076311307,,,False,False,False
2501460460101549184,37.23037409924898,1.5480275829322925,166.13286458726532,-52.9461985687748,337.04991867941106,15.18151,7.488829064805037,5.394765432567895,1.183083480949184,0.0657916916459113,-0.617004939697587,-6.170342025883798,-0.7565537650002472,0.9780556,0.3841442992005484,negative (over-luminous control),12.98,12.92,12.345,9.209,J022855.23+013253.0,02285514+0132532,0.0600000000000005,False,0.6349999999999998,True,3.771000000000001,True,True,True,False,False,6.170342025883798,,,False,False,False
2226631550148395520,343.2905792163766,70.56956412162008,113.33840136013072,9.933617366007692,378.066563412418,16.248611,7.932738974672805,5.437095036374059,1.4333570982009534,0.5470243731869947,-0.6169959485883343,-6.170251323862879,-0.7565392188320832,1.0238906,-0.2631903639994025,negative (over-luminous control),13.418,13.4,13.109,9.507,J225309.61+703409.4,22530933+7034073,0.017999999999998906,False,0.3089999999999993,False,3.9109999999999996,True,True,True,False,False,6.170251323862879,,,False,False,False
5594831524575776256,116.83077464566296,-32.76607151667195,248.06680196638055,-3.789873859762016,435.9734043045452,16.094296,7.842045144251561,5.646568332868863,1.281426488573361,0.0677030622353277,-0.6161208906990865,-6.161423768024674,-0.7551240921627953,1.0159074,0.0791424583921103,negative (over-luminous control),,,,,,07471935-3245576,,False,,False,,False,False,False,False,True,6.161423768024674,,,False,False,False
265971489100266624,79.06363589921244,53.23850124300607,156.56741866630364,8.649701925082029,464.16166641834,16.429005,7.742801001941123,5.053175235042144,1.6131172862469296,0.4617428294130269,-0.6158241852133877,-6.158430612629253,-0.7546445246623743,1.0150889,-0.3189537309073645,negative (over-luminous control),13.357,13.373,12.609,8.481,J051615.28+531418.7,05161527+5314186,-0.016000000000000014,False,0.7479999999999993,True,4.8759999999999994,True,True,True,False,False,6.158430612629253,,,False,False,False
4749844984513385344,50.04173563610754,-48.0306202951253,258.9492773422992,-54.41005615356456,428.2060022021069,15.964389,7.771477822106763,5.438409507139332,1.323528242909499,0.0429296076134607,-0.615682035790452,-6.156996613823286,-0.7544148138186566,0.9680693,-0.1016433978225747,negative (over-luminous control),13.542,13.521,12.904,9.479,J032009.93-480150.1,03200978-4801502,0.02099999999999902,False,0.6379999999999999,True,4.063000000000001,True,True,True,False,False,6.156996613823286,,,False,False,False
6659831681374756864,290.7739759220799,-48.39517109771073,349.4460627653728,-24.981663587496257,345.08472250335257,16.336348,8.572699228018347,5.4757830836748695,2.0018423637741423,0.101303197541335,-0.615281351707873,-6.1529545256872815,-0.7537674775776646,0.9934026,-0.2210265169645321,negative (over-luminous control),13.091,13.054,12.21,8.8,J192305.75-482342.6,19230574-4823428,0.036999999999999034,False,0.8809999999999985,True,4.290999999999999,True,True,True,False,False,6.1529545256872815,,,False,False,False
6599604587634948096,335.35739346670704,-34.849680267097646,9.968558344408322,-57.13883375049251,485.3491857228162,16.142672,7.688043509874439,5.259812711545376,1.3974999622399484,0.0305062340591528,-0.6146287145549367,-6.146370743082242,-0.7527136029116726,1.0275726,-0.4640354085261712,negative (over-luminous control),13.671,13.653,12.554,8.862,J222125.78-345058.0,22212584-3450567,0.017999999999998906,False,1.116999999999999,True,4.808999999999999,True,True,True,False,False,6.146370743082242,,,False,False,False
2394594320792986112,354.92835631819315,-16.869740985763503,60.96824355809853,-70.5006742768784,386.0763386646537,16.115108,8.140565930649766,5.744561322693111,1.441451225668787,0.0519462637138915,-0.6132307895500784,-6.132268520601146,-0.7504583723121498,1.0768344,-0.4203304644842986,negative (over-luminous control),13.504,13.443,12.205,8.975,J233942.75-165210.5,23394264-1652091,0.06099999999999994,False,1.2989999999999995,True,4.529,True,True,True,False,False,6.132268520601146,,,False,False,False
4760466850954982528,79.56962815363018,-62.31553696451471,271.7211356486033,-34.56003895914959,366.3786148188884,16.176777,8.30061785521098,5.409772638306641,1.8128416782178287,0.0752911092903976,-0.6130846361564544,-6.130794129867674,-0.7502227550306491,0.9948445,-0.2700270365590146,negative (over-luminous control),13.144,13.102,13.117,10.037,J051816.68-621855.9,05181661-6218560,0.041999999999999815,False,0.026999999999999247,False,3.1069999999999993,True,True,True,False,False,6.130794129867674,,,False,False,False
295992692021322752,23.80601570018445,27.66230896434456,134.666309554887,-34.20976838178196,383.0205373727501,16.184265,8.055030028406076,5.573477903504743,1.434911028130076,0.2703040551130734,-0.6124549448740471,-6.124441824466416,-0.7492079777051952,1.0085459,-0.2010691409804278,negative (over-luminous control),13.454,13.393,12.038,8.548,J013513.44+273945.1,01351346+2739465,0.06099999999999994,False,1.4160000000000004,True,4.906000000000001,True,True,True,False,False,6.124441824466416,,,False,False,False
6708668586272425984,278.9893223989909,-45.209704976358736,350.02681983631004,-16.337019012613457,365.06819706089385,17.186514,9.31347248459212,6.310926459216321,2.01250829044141,0.0838033123837109,-0.6121619562493041,-6.121486164644756,-0.7487360132498204,1.027792,0.3677710244885569,negative (over-luminous control),13.957,13.834,12.258,8.827,J183557.45-451234.8,18355748-4512345,0.12300000000000111,False,1.6990000000000016,True,5.130000000000001,True,True,True,False,False,6.121486164644756,,,False,False,False
1921674784635679744,358.3908259019179,41.689015099946985,111.48737419234894,-19.89302482928919,473.2981327757353,16.301777,7.695226663250041,5.438719514676726,1.290056832003082,0.2866958426202334,-0.6114310842178474,-6.114113151101831,-0.7475592337052028,0.9978097,-0.047991658672118,negative (over-luminous control),13.795,13.734,12.613,8.996,J235333.74+414120.8,23533362+4141217,0.06099999999999994,False,1.1820000000000004,True,4.7989999999999995,True,True,True,False,False,6.114113151101831,,,False,False,False
3905421321395949568,184.56171991431935,9.601484091732733,277.2905317780723,70.80237191494604,304.47521375330206,15.894974,8.452343355696721,5.833042761710022,1.573046616156683,0.0319746898816613,-0.61129707620616,-6.112761282590648,-0.7473435528746184,0.8971664,-0.2339398219759611,negative (over-luminous control),13.192,13.152,12.236,9.007,J121814.79+093606.2,12181474+0936080,0.040000000000000924,False,0.9559999999999995,True,4.1850000000000005,True,True,True,False,False,6.112761282590648,LSPM J1218+0936,PM*,False,False,False
6666125698247042304,303.09893648418307,-51.25287035044372,347.5372461882793,-33.25253740506796,460.0850638885242,16.240492,7.856329525002792,5.212171836700736,1.6421819638168156,0.0910202060178416,-0.6110986302458006,-6.110759366126075,-0.7470242104958336,0.984443,-0.0119698287853563,negative (over-luminous control),13.372,13.37,12.251,8.756,J201223.74-511510.3,20122374-5115102,0.002000000000000668,False,1.1210000000000004,True,4.616,True,True,True,False,False,6.110759366126075,,,False,False,False
2401706580476886400,339.4846790349036,-19.768119270178712,39.252313769078064,-58.60999592957564,363.2014611718279,16.306635,8.450387039816114,5.794437125079919,1.5616625199983132,0.0713256375274323,-0.609902374166035,-6.098691573274106,-0.7451004122148577,1.0102522,-0.3285227938136648,negative (over-luminous control),13.515,13.493,12.295,8.845,J223756.27-194604.8,22375618-1946036,0.02200000000000024,False,1.2200000000000006,True,4.67,True,True,True,False,False,6.098691573274106,SCR J2237-1946,PM*,False,False,False
6200818012372177920,226.8194542956805,-34.78510747844269,332.20779657680583,20.25063605644721,440.1687674506449,15.296738,6.793914449827233,4.340817810224474,1.4235134072654876,0.3614503074144707,-0.6096025734869563,-6.095667193667435,-0.7446186100416254,0.9555548,-0.4025007647259941,negative (over-luminous control),12.581,12.644,12.218,8.849,J150716.67-344706.3,15071670-3447063,-0.06300000000000061,False,0.36299999999999955,False,3.7319999999999993,True,True,True,False,False,6.095667193667435,,,False,False,False
3682449094951813888,193.8737733049115,-2.2601454519464705,304.9965291115214,60.59533933653364,357.1930321581206,15.681987,7.883627296286605,5.376170914580522,1.472403466579046,0.0428827332678244,-0.6096011799317029,-6.095653135526866,-0.7446163708044533,0.9736795,-0.1143830014912058,negative (over-luminous control),13.067,13.053,12.235,8.506,J125529.74-021535.9,12552982-0215350,0.013999999999999346,False,0.8320000000000007,True,4.561,True,True,True,False,False,6.095653135526866,,,False,False,False
2069809581066367744,308.27548257224,43.71824337970857,82.14141765021189,2.2389543817346143,475.7932376528738,15.93214,7.383203295384895,4.063749785464042,1.681980602171414,0.2124469639237673,-0.6090193656774563,-6.089783812045603,-0.7436817323987133,1.0630306,-0.0104468495575921,negative (over-luminous control),,,,,,20330609+4343059,,False,,False,,False,False,False,False,True,6.089783812045603,,,False,False,False
956650368288960256,96.4133676757084,40.20545592546144,173.9747190321632,12.593981109156324,377.17335972849406,16.113914,8.046879917387942,5.617292903205484,1.3926848610359852,0.2320662181897057,-0.6084215968702456,-6.083753539547259,-0.7427219857630738,1.0211253,-0.1054313296844649,negative (over-luminous control),13.495,13.443,12.288,9.032,J062539.27+401220.8,06253941+4012233,0.0519999999999996,False,1.206999999999999,True,4.462999999999999,True,True,True,False,False,6.083753539547259,,,False,False,False
2900494739019554048,85.47707401459692,-34.50866613126296,239.4239141368692,-28.517449524326047,382.0561011866373,15.980087,8.04109326993994,5.181131538950754,1.7370762915279216,0.0373417684538864,-0.607876094065432,-6.078250524799825,-0.7418466157158399,0.979013,0.5043822766413026,negative (over-luminous control),13.031,13.023,12.765,9.281,J054154.50-343031.2,05415449-3430314,0.008000000000000895,False,0.266,False,3.75,True,True,True,False,False,6.078250524799825,,,False,False,False
6007228060922849280,229.03386615532924,-37.5066333416475,332.24697336842075,16.994687513611417,156.38948039148724,12.02069,5.999231697574736,3.79231413794224,1.0605591959360678,0.0600370923618595,-0.6078312130408463,-6.07779776646752,-0.7417746145753343,0.76218826,-0.1179860394542298,negative (over-luminous control),,,,,,15160826-3730235,,False,,False,,False,False,False,False,True,6.07779776646752,,,False,False,False
5763615797909510784,133.6955407529353,-2.588923548012224,230.62860434817807,25.793613642821448,414.49971572890536,15.59045,7.472717029949863,4.816911774297137,1.5375352264526445,0.0385185460073787,-0.6075379174581927,-6.074839010064331,-0.7413041634616366,0.9972166,0.2776279869960878,negative (over-luminous control),12.904,12.945,11.919,8.433,J085446.93-023520.0,08544692-0235197,-0.04100000000000037,False,0.9849999999999994,True,4.471,True,True,True,False,False,6.074839010064331,,,False,False,False
4885930817128974464,64.16874488879039,-29.44859620292357,228.49829079989044,-45.12483049017682,223.1499537406476,14.2890835,7.4996381664891105,4.882400710706487,1.5903408011240112,0.0599311369078453,-0.6071333356587969,-6.0707576018864575,-0.7406554158885326,0.9927682,-0.4487353307008391,negative (over-luminous control),11.521,11.564,11.23,8.77,J041640.49-292654.8,04164050-2926546,-0.04299999999999926,False,0.29100000000000037,False,2.7510000000000012,True,True,True,False,False,6.0707576018864575,,,False,False,False
6376453415675431424,312.37783912471485,-68.59417351261355,325.9764288842616,-35.772558320328315,409.604754821498,16.310083,8.175088938597323,5.799388605177125,1.390853892106047,0.0917170824991067,-0.6070721269339678,-6.070140130239321,-0.7405572886502987,1.0157502,-0.1818927841700623,negative (over-luminous control),13.837,13.79,12.326,9.171,J204930.62-683537.9,20493049-6835359,0.0470000000000006,False,1.5109999999999992,True,4.666,True,True,True,False,False,6.070140130239321,,,False,False,False
367989121429528320,11.548699150537248,38.82498604473675,121.8138149750324,-24.035381004104437,482.3416825422974,16.423468,7.9227325942887425,5.494690275329565,1.4300481569116414,0.105906650809621,-0.6067510093683133,-6.066900706566584,-0.7400425771840655,0.96687615,0.2324288358779069,negative (over-luminous control),13.861,13.795,12.077,9.191,J004611.66+384929.9,00461160+3849296,0.06600000000000072,False,1.7840000000000007,True,4.67,True,True,True,False,False,6.066900706566584,,,False,False,False
6402376257726132608,324.8167973997192,-64.09937491050063,328.88384182695955,-42.07444200457002,398.1920319975524,15.501749,7.450217762711553,4.956921880051588,1.5062631464366445,0.065073512078726,-0.6067128473706234,-6.066515729561469,-0.7399814183744562,0.97785634,-0.0515247587547471,negative (over-luminous control),12.851,12.868,11.82,8.566,J213915.97-640557.6,21391588-6405574,-0.01699999999999946,False,1.0310000000000006,True,4.285,True,True,True,False,False,6.066515729561469,,,False,False,False
429326275245922048,0.5640577930902844,60.32795526182002,116.87705215310274,-1.964332807774932,381.5336018647077,15.680772,7.379017168134433,5.297483287467,1.175372841126305,0.4838259449251976,-0.6064740508674031,-6.0641067581184975,-0.7395987694517545,1.013136,0.1214592707371881,negative (over-luminous control),13.163,13.153,12.153,8.287,J000215.37+601940.3,00021541+6019405,0.009999999999999787,False,1.0099999999999998,True,4.8759999999999994,True,True,True,False,False,6.0641067581184975,,,False,False,False
4047424592506727680,278.5908207156492,-29.91232716505661,4.232108066654284,-9.78590875375874,483.8136219559229,16.177784,7.411643304413435,5.152250672666911,1.2470553722065092,0.4246073637692835,-0.6061951603073563,-6.06129331911999,-0.7391519801049402,0.8760767,-0.4667866546335094,negative (over-luminous control),,,,,,18342184-2954439,,False,,False,,False,False,False,False,True,6.06129331911999,,,False,False,False
6141816740954207616,195.3678826429424,-39.59503626950784,305.03523350239016,23.235733785059352,310.66450642077666,15.581677,8.011502225811306,5.538951416451936,1.423870639125694,0.1371312187469194,-0.6061734036959834,-6.061073839124318,-0.7391171303187067,0.9808545,-0.0662798033451252,negative (over-luminous control),12.984,12.957,12.638,9.449,J130128.37-393542.0,13012855-3935418,0.026999999999999247,False,0.3460000000000001,False,3.535,True,True,True,False,False,6.061073839124318,SCR J1301-3935,PM*,False,False,False
589294531196531712,142.0132655136989,9.930834633289452,222.5987376474313,39.20973073703651,279.1416130182292,16.02936,8.752438334575896,6.085939009955162,1.5830069183882116,0.0615928094573395,-0.6060603232427937,-6.059933087150069,-0.7389360090559456,0.969208,0.1227403837237359,negative (over-luminous control),13.31,13.211,12.564,8.722,J092803.12+095551.9,09280303+0955535,0.0990000000000002,False,0.7460000000000004,True,4.588000000000001,True,True,True,False,False,6.059933087150069,,,False,False,False
5698659610181271808,119.67927829508317,-23.958838724650175,241.78663934969765,2.8759578307681326,465.5086443321664,15.599371,7.145884097178157,4.676292373203987,1.4769749845663511,0.1447723605951668,-0.6059514689727097,-6.058834968775044,-0.7387616747006196,1.0033686,-0.260617881840879,negative (over-luminous control),12.941,13.049,12.496,8.392,J075843.02-235731.8,07584304-2357318,-0.10799999999999876,False,0.4450000000000003,False,4.549000000000001,True,True,True,False,False,6.058834968775044,,,False,False,False
5952005295576374912,261.23238351881645,-45.98907336072843,343.4087198609968,-5.741565017737552,310.6118830614453,12.420572,4.684359923627107,3.312558833292939,0.7805991634612055,0.3162227804640001,-0.6058497915289873,-6.057809249993494,-0.7385988500995542,0.869154,-0.3580621006935118,negative (over-luminous control),10.744,10.794,11.169,9.014,J172455.75-455920.5,17245577-4559206,-0.05000000000000071,False,-0.4250000000000007,False,1.7300000000000004,True,True,True,False,False,6.057809249993494,,,False,False,False
5809438322952681600,246.6374880083756,-68.11075712488282,320.920439972437,-13.123142878204428,410.56724139141033,16.454988,8.275453991981651,5.415707705402436,1.6276543682779976,0.1464044130139129,-0.604265541517826,-6.041827386842446,-0.7360638266824173,1.0023038,2.711783223009456,negative (over-luminous control),13.338,13.303,12.363,9.295,J162632.98-680638.8,16263304-6806387,0.034999999999998366,False,0.9749999999999996,True,4.042999999999999,True,True,True,False,False,6.041827386842446,,,False,False,False
735374031154581248,159.55044113762284,29.661092815264595,200.03278557505897,60.68887629720143,364.4135854432889,16.16311,8.334216790258822,5.740843545667537,1.5342948979675548,0.026739999839279,-0.6034536883538344,-6.03363743823948,-0.734766179897278,0.9907779,-0.3387862934227673,negative (over-luminous control),13.518,13.438,11.963,9.033,J103812.15+293940.1,10381226+2939403,0.08000000000000007,False,1.5550000000000015,True,4.485000000000001,True,True,True,False,False,6.03363743823948,,,False,False,False
4703893232492391040,9.156242493100216,-67.48628308672232,305.11783470282296,-49.57904928233211,290.84508558750366,15.676047,8.32988128986825,5.719802907176457,1.5189233007019631,0.0355335496618439,-0.6033359856014542,-6.032450056659685,-0.7345781271402163,0.9840894,0.0712017175609032,negative (over-luminous control),12.959,12.942,12.081,8.827,J003637.53-672910.2,00363764-6729095,0.01699999999999946,False,0.8780000000000001,True,4.132,True,True,True,False,False,6.032450056659685,,,False,False,False
5757746914074635392,135.31900360283248,-5.647887842828121,234.45385245193177,25.497109850217548,317.9117231794503,16.02848,8.467132323870802,5.6297839753111285,1.7192002699519615,0.065478429533927,-0.6031816652448718,-6.030893277866601,-0.7343316016107895,0.97497034,-0.270418108615224,negative (over-luminous control),13.135,13.048,12.19,8.47,J090116.55-053851.7,09011655-0538502,0.08699999999999974,False,0.9450000000000003,True,4.664999999999999,True,True,True,False,False,6.030893277866601,,,False,False,False
4887679865250622976,58.38699154590302,-30.40686243709858,228.8006173739749,-50.22173912112332,351.2631159708387,16.032278,8.28198838880996,5.665334751594762,1.5596984005700565,0.028388575427021,-0.6027689230144304,-6.026729547522841,-0.7336724213734007,1.0090865,-0.3625690694453212,negative (over-luminous control),13.336,13.263,12.026,9.084,J035332.84-302424.5,03533279-3024242,0.0730000000000004,False,1.3100000000000005,True,4.252000000000001,True,True,True,False,False,6.026729547522841,,,False,False,False
4057610468181697536,267.16873798965577,-28.36106449163177,0.8392189339382994,-0.2751089819797628,312.865463699566,15.65375,7.811846701625467,4.835446475116624,1.5472893951131674,0.4734356742852232,-0.6027578187766922,-6.026617528329735,-0.7336546905358372,1.0036263,0.1772732492682725,negative (over-luminous control),,,,,,17484056-2821394,,False,,False,,False,False,False,False,True,6.026617528329735,,,False,False,False
3933505532723759744,189.13177996054227,15.61573543546059,285.43717588473925,77.97799886815977,460.4439956794645,16.855661,8.491096992110371,5.801859655792385,1.639477289888667,0.0632506560106122,-0.6024791684261199,-6.023806512556679,-0.7332098112920187,1.0828929,-0.2391426909370626,negative (over-luminous control),14.075,14.001,12.706,8.965,J123631.66+153656.7,12363174+1536568,0.07399999999999984,False,1.3689999999999998,True,5.109999999999999,True,True,True,False,False,6.023806512556679,,,False,False,False
1566928112531986176,199.76269608262203,59.02015239659119,116.2740976164006,57.74973391429675,484.1643867255767,16.99908,8.551250699835723,5.772128902863146,1.8320850211726147,0.0305125518196183,-0.6023870311612125,-6.022877034792129,-0.7330627346493612,1.0843116,-0.3021163715187154,negative (over-luminous control),13.967,13.963,12.444,9.12,J131903.05+590112.4,13190305+5901123,0.004000000000001336,False,1.5229999999999997,True,4.847000000000001,True,True,True,False,False,6.022877034792129,,,False,False,False
6189048732529781120,204.13627411210197,-26.29118672466002,315.3663030060466,35.48907767318439,333.8209932949581,16.956219,9.26211404933522,6.003680269718786,2.196752778425763,0.1075040191101925,-0.6018859999922768,-6.017822648476884,-0.7322631683046634,0.98553395,0.0642350766778755,negative (over-luminous control),13.505,13.396,12.124,8.854,J133632.71-261728.3,13363274-2617281,0.10899999999999999,False,1.3810000000000002,True,4.651000000000002,True,True,True,False,False,6.017822648476884,,,False,False,False
3479017453582885632,174.28239655564448,-30.28280377980472,284.42826293095374,29.90502904326709,431.71131497011896,16.353989,8.095062904021196,5.6095746933281925,1.4863548764572976,0.1055202798379901,-0.6017205996337474,-6.016154094980575,-0.7319992965418418,1.0061674,0.014966431878137,negative (over-luminous control),13.697,13.595,12.688,9.028,J113707.80-301658.0,11370787-3016577,0.10199999999999854,False,1.0089999999999986,True,4.668999999999999,True,True,True,False,False,6.016154094980575,,,False,False,False
4296896530900582656,298.4554001888282,6.414653750609442,45.94786952871176,-10.767988448451058,424.2456797876564,15.800881,7.497416799756591,4.697838771847596,1.684093540258553,0.2171763838928109,-0.6016546045416966,-6.015488338614872,-0.7318940223705637,1.0428504,-0.160213024292574,negative (over-luminous control),12.849,12.93,12.546,8.053,J195349.30+062452.6,19534928+0624525,-0.08099999999999952,False,0.3030000000000008,False,4.795999999999999,True,True,True,False,False,6.015488338614872,,,False,False,False
3461662929550909184,183.9550763841069,-36.47934350314825,294.9831173504679,25.84205836101229,476.15505783607017,16.409307,7.929541496482646,5.550066053519371,1.4066107534164918,0.1144429528711452,-0.6014054860076872,-6.012975238857334,-0.731496690675457,1.0245235,-0.1531077764573195,negative (over-luminous control),13.868,13.883,12.266,9.31,J121549.24-362845.4,12154930-3628450,-0.014999999999998792,False,1.6020000000000003,True,4.558,True,True,True,False,False,6.012975238857334,,,False,False,False
5154197876050157312,44.41424953927141,-15.523366647716472,197.81611111906412,-58.513701911103496,309.33146659128784,15.659665,8.133211532232066,5.802857210194024,1.3730234639483798,0.0929299094275437,-0.6013718915977844,-6.012636339530887,-0.7314431162349884,1.0297636,0.0646174607897403,negative (over-luminous control),13.124,13.071,12.216,9.19,J025739.33-153123.0,02573916-1531209,0.053000000000000824,False,0.9080000000000013,True,3.934000000000001,True,True,True,False,False,6.012636339530887,,,False,False,False
3719633650489875456,203.0719678629324,8.371222965934372,332.0893141252005,68.89797899644553,462.71825512505865,16.102434,7.728289758014051,4.958475995247324,1.6197730281284264,0.0616169860746353,-0.6006657225723204,-6.005512529117781,-0.7303173418930187,0.9904507,0.079268511660167,negative (over-luminous control),13.264,13.27,12.33,9.129,J133217.27+082216.4,13321729+0822165,-0.006000000000000227,False,0.9339999999999993,True,4.135,True,True,True,False,False,6.005512529117781,,,False,False,False
6411354526079632384,331.91115115197465,-58.12441855702696,334.02382455520046,-47.91895862071287,459.2617616468679,16.20033,7.84803428979188,5.5075713666961725,1.3450110465293508,0.0522175077354462,-0.6005800372252788,-6.004648138093118,-0.7301807921574108,0.98086566,-0.0457639114556967,negative (over-luminous control),13.748,13.744,12.488,9.013,J220738.62-580727.6,22073852-5807272,0.0039999999999995595,False,1.2599999999999998,True,4.734999999999999,True,True,True,False,False,6.004648138093118,,,False,False,False
5858299490179283968,194.7474107558906,-66.28850287050372,303.69236191504046,-3.427903713262699,336.0278220901903,15.940151,8.079361591397662,5.6783395395571965,1.3692555353681035,0.2876561171133281,-0.6005551161184375,-6.004396734768956,-0.7301410794487961,1.097137,0.6111954945176061,negative (over-luminous control),,,,,,12585954-6617205,,False,,False,,False,False,False,False,True,6.004396734768956,,,False,False,False
4193530893008394624,297.001564452172,-9.93980428314798,30.301129580161668,-17.031256807968358,188.64310731617653,14.298501,7.515346643425802,4.932178518587997,1.4577738551922423,0.5189654247279696,-0.6003626517796068,-6.002455160709951,-0.7298344110838224,1.0685856,-0.0953336836520274,negative (over-luminous control),11.361,11.331,11.419,8.424,J194800.33-095622.7,19480026-0956217,0.030000000000001137,False,-0.05799999999999983,False,2.937000000000001,True,True,True,False,False,6.002455160709951,,,False,False,False
6470392459338602496,312.14364074039923,-53.9068985639473,344.0910452246965,-38.6759568253031,421.4559389675496,15.704818,7.530933967176628,5.244219206124535,1.3056959905274332,0.0619724166109557,-0.6002423948830931,-6.001242013006298,-0.7296428240327475,0.9591944,0.0339398801272735,negative (over-luminous control),13.29,13.322,11.945,8.959,J204834.45-535424.4,20483441-5354235,-0.03200000000000003,False,1.3449999999999989,True,4.3309999999999995,True,True,True,False,False,6.001242013006298,,,False,False,False
6111284058971809920,211.19956959753668,-39.65189568303633,317.97928826210574,21.066688138275747,417.0708599010872,15.799201,7.634144971478971,5.215398235985763,1.3902712115699687,0.0801976357693955,-0.5998613971268494,-5.997398519897102,-0.7290359782612128,1.058088,0.0755506201461249,negative (over-luminous control),13.184,13.205,12.829,9.404,J140447.93-393906.7,14044799-3939071,-0.021000000000000796,False,0.35499999999999865,False,3.7799999999999994,True,True,True,False,False,5.997398519897102,,,False,False,False
4772637620039078528,80.19114341285905,-50.58770642936248,257.44757983611726,-34.75441122441706,391.32152635173554,15.790401,7.799680084278066,5.18832890215787,1.584206728437626,0.0361289196612633,-0.5975330892157196,-5.9739106245857405,-0.7253321184055754,0.98322386,-0.0095297503131421,negative (over-luminous control),13.021,12.983,12.623,9.841,J052045.88-503516.0,05204592-5035163,0.038000000000000256,False,0.39800000000000146,False,3.1800000000000015,True,True,True,False,False,5.9739106245857405,,,False,False,False
3865741256714751104,161.32907067562942,8.007206332371574,239.6714999523664,54.55912128961143,334.8396357991743,15.325256,7.66294532975009,4.982277548621956,1.597300704050389,0.0492155187369716,-0.5973502525869323,-5.972066174555953,-0.7250415990813115,1.0668603,0.1809051152484951,negative (over-luminous control),12.545,12.548,12.146,8.903,J104519.00+080025.9,10451906+0800260,-0.0030000000000001137,False,0.39899999999999913,False,3.6419999999999995,True,True,True,False,False,5.972066174555953,,,False,False,False
2557738516092756992,12.155899097210389,8.641579998845124,121.7420479288004,-54.22366789105115,351.5788894390099,16.458004,8.54809039475125,5.928654203939403,1.6006124586669035,0.2333974855066591,-0.5972923416789584,-5.971481971179168,-0.7249495914088122,1.0448996,-0.0132874020051435,negative (over-luminous control),13.574,13.54,12.299,9.016,J004837.41+083830.5,00483743+0838322,0.034000000000000696,False,1.2750000000000004,True,4.558,True,True,True,False,False,5.971481971179168,LSPM J0048+0838,PM*,False,False,False
3531183301725371392,167.92063309166232,-28.742821082622,277.867532070267,29.22875896853025,423.3938538532477,15.850109,7.633655901330361,4.857489259704098,1.6168696161171223,0.10727055548496,-0.5971160225540508,-5.969703269518867,-0.7246694893851402,0.97738063,-0.1723831387552947,negative (over-luminous control),12.985,13.072,12.526,8.734,J111140.95-284434.0,11114100-2844340,-0.08699999999999974,False,0.45899999999999963,False,4.2509999999999994,True,True,True,False,False,5.969703269518867,,,False,False,False
2310931415883755520,358.50879788101184,-36.738315787028064,351.0115921999639,-74.51753222913258,248.078231279131,14.621103,7.622717625707229,5.386982459000358,1.2823490954200911,0.0313170092298215,-0.5963047837854534,-5.961519518916873,-0.7233813346924103,1.0326757,0.0403819730116036,negative (over-luminous control),12.254,12.245,12.007,9.062,J235401.97-364417.4,23540167-3644163,0.009000000000000341,False,0.2469999999999999,False,3.192,True,True,True,False,False,5.961519518916873,,,False,False,False
3840228257622876032,144.51126062893042,0.1417635248630087,234.86320292543667,36.34272935564773,404.8188299739443,14.558795,6.466266549258653,4.407452921475305,1.185530835551311,0.068268152678418,-0.5962139524230228,-5.960603215054502,-0.7232371647492286,0.93583536,-0.3511070759241937,negative (over-luminous control),12.396,12.435,11.962,8.713,J093802.68+000830.4,09380267+0008305,-0.0389999999999997,False,0.43400000000000105,False,3.6830000000000016,True,True,True,False,False,5.960603215054502,,,False,False,False
5884885097169616384,236.87011454151417,-54.20168965488948,326.9115270410078,0.261837388060106,431.3412298876635,15.4550085,6.941723823017459,4.097284732124049,1.4198278721649893,0.4311984994264325,-0.595576580695532,-5.954173429570304,-0.722225850655877,1.0008221,-0.3530348837617793,negative (over-luminous control),,,,,,15472884-5412057,,False,,False,,False,False,False,False,True,5.954173429570304,,,False,False,False
5624903854787958528,138.2226337615291,-33.56584413475534,259.2679067084285,10.200037957871093,441.351570096691,16.037352,7.727052678821273,5.395254809231164,1.3316103254156713,0.1073598972174157,-0.5954263463577165,-5.952657870403102,-0.7219875611348485,0.9878636,-0.1734080893345849,negative (over-luminous control),13.606,13.55,12.656,9.387,J091253.46-333356.8,09125352-3333563,0.05599999999999916,False,0.9499999999999993,True,4.218999999999999,True,True,True,False,False,5.952657870403102,,,False,False,False
867658091863369600,117.6794662997211,24.277565144900688,196.51734060862609,23.26554482907128,458.0477803618388,16.075603,7.733346972017961,5.263299860881919,1.3856890137104618,0.0471613417579032,-0.5949839523547302,-5.948195013931737,-0.7212860631216749,1.0536838,0.0488788577499987,negative (over-luminous control),13.503,13.481,12.433,8.645,J075043.06+241639.2,07504301+2416395,0.02200000000000024,False,1.0700000000000003,True,4.8580000000000005,True,True,True,False,False,5.948195013931737,,,False,False,False
3424237718404918016,87.34985162494719,22.047919549261856,186.33918536879787,-2.832216526128868,403.8215881627385,16.70884,8.491686441023989,5.8583364687092105,1.579767952626982,0.2410337033522586,-0.5949600881494472,-5.947954272596497,-0.7212482301081382,0.9984948,-0.3380306291603662,negative (over-luminous control),13.852,13.774,11.835,8.422,J054923.95+220253.2,05492394+2202547,0.07800000000000118,False,2.0169999999999995,True,5.43,True,True,True,False,False,5.947954272596497,,,False,False,False
2708818972891411328,335.2515059883529,6.475396411493824,70.07455036692386,-40.476078420496655,475.5768082278719,13.490806,4.865301348039255,3.655052435600998,0.9610039989951956,0.2826842617253268,-0.5938627023862377,-5.936883880317524,-0.7195093923998597,0.9416166,0.4614698044526815,negative (over-luminous control),11.535,11.558,11.419,8.683,J222100.35+062831.3,22210035+0628312,-0.022999999999999687,False,0.11599999999999966,False,2.8520000000000003,True,True,True,False,False,5.936883880317524,CRTS J222100.3+062831,EB*,True,False,False
6004775535820233600,226.05779786489023,-41.48911547227995,328.0360255833472,14.819829984292172,445.8082672516404,15.944099,7.604330614464273,5.260646555066746,1.313841418277106,0.1165906792382448,-0.5935488154326007,-5.9337173988262295,-0.7190123531082413,1.0097693,-0.1230743227471229,negative (over-luminous control),13.497,13.571,12.02,8.903,J150413.88-412920.6,15041390-4129203,-0.07399999999999984,False,1.4770000000000003,True,4.593999999999999,True,True,True,False,False,5.9337173988262295,,,False,False,False
6828273461132860544,322.7831003066888,-21.799532731655425,28.211446553780966,-44.399220639963104,345.5644485036631,14.351308,6.62664312611115,4.203547293315083,1.4222052450007758,0.0402642982652674,-0.5930280642989558,-5.928464078141342,-0.7181880617332113,1.0115726,-0.369127673595091,negative (over-luminous control),11.887,11.974,12.218,8.868,J213107.93-214758.2,21310791-2147581,-0.08699999999999974,False,-0.3309999999999995,False,3.019,True,True,True,False,False,5.928464078141342,,,False,False,False
5798210145144832,41.42802037773937,4.576114448811284,168.3246142367276,-47.96676910998536,344.28789314617893,13.5708885,5.778681110794393,4.021663255588827,1.0132359681163372,0.127455357248017,-0.5925015814563244,-5.923152936160574,-0.7173550995062248,0.9827793,-0.4692724010674143,negative (over-luminous control),11.657,11.715,11.791,9.275,J024542.71+043434.0,02454270+0434341,-0.05799999999999983,False,-0.13400000000000034,False,2.3819999999999997,True,True,True,False,False,5.923152936160574,,,False,False,False
4266365257657280128,282.4374316993052,-0.0169901686698585,32.72434879102416,0.3678698329342756,368.9326766123233,14.3393,6.147439260798745,3.6892086184556887,1.107373596255854,0.433291286802867,-0.592120672225227,-5.919310336090206,-0.7167527048618729,1.0412087,-0.1747749097855285,negative (over-luminous control),,,,,,18494502-0001008,,False,,False,,False,False,False,False,True,5.919310336090206,,,False,False,False
6322677745069246848,231.86598365948765,-6.002384035436329,357.49474409391325,39.800270030262666,462.1729034292172,15.547131,7.063045689242416,5.209641343171315,1.0967592548578575,0.1924537685583731,-0.5918868875410714,-5.9169519237167405,-0.7163830871959098,1.0037432,0.1197272814732283,negative (over-luminous control),13.398,13.365,12.198,8.333,J152727.82-060007.6,15272782-0600059,0.032999999999999474,False,1.1999999999999993,True,5.0649999999999995,True,True,True,False,False,5.9169519237167405,,,False,False,False
399567610776235392,24.11007332845891,48.51505875770573,130.57587242391682,-13.687635458078608,314.6709462555224,15.017964,7.308622789678733,5.197561227621949,1.1863188286610442,0.2688669558092605,-0.5915723260381007,-5.913778637393466,-0.7158858855393841,0.9776243,0.4635056601564396,negative (over-luminous control),12.605,12.644,12.559,9.403,J013626.42+483054.3,01362644+4830549,-0.0389999999999997,False,0.04600000000000115,False,3.202,True,True,True,False,False,5.913778637393466,,,False,False,False
5087353307158542720,56.461348574838105,-22.41677942584555,215.99724891218568,-50.32415938001396,349.3435039569238,16.178812,8.4211769250055,5.85251995750733,1.5066644319100468,0.0527020425940462,-0.5911089654152111,-5.909104270334962,-0.7151537516046729,1.0863131,0.1244899451900646,negative (over-luminous control),,,,,,03455060-2224585,,False,,False,,False,False,False,False,True,5.909104270334962,WT 1408,PM*,False,False,False
4095688720524919552,273.3008573522029,-18.131650005396207,12.510332143954416,-0.0832485218157634,335.5582317148504,16.739187,8.847776443358319,5.002916573988893,2.1514451359858726,0.3689288705959138,-0.5910714708723326,-5.908726026592514,-0.7150945219361771,1.0479792,0.4332733644432648,negative (over-luminous control),,,,,,18131221-1807536,,False,,False,,False,False,False,False,True,5.908726026592514,,,False,False,False
4652458319069844480,70.61180337929615,-73.7219088210266,286.1504993145587,-34.80695691104838,398.3193718262151,15.244518,7.07654438419126,4.475327561585679,1.528360234782353,0.2141616118086243,-0.5898168737898137,-5.896069691581462,-0.7131138291591805,0.99182004,-0.0832781866209516,negative (over-luminous control),12.477,12.538,12.485,9.459,J044226.81-734318.6,04422679-7343182,-0.06099999999999994,False,-0.007999999999999119,False,3.0180000000000007,True,True,True,False,False,5.896069691581462,,,False,False,False
815000250922544896,142.8825581595773,43.87419543007924,176.63599067228853,46.770541672889934,456.96156551404687,16.832241,8.502938954844428,5.796063492303965,1.6525884390968044,0.0389018864620337,-0.5894327038525873,-5.892194197612552,-0.712507779172666,1.020529,-0.1822479979873517,negative (over-luminous control),14.019,13.933,12.201,9.104,J093131.83+435227.3,09313187+4352277,0.0860000000000003,False,1.8179999999999996,True,4.915000000000001,True,True,True,False,False,5.892194197612552,,,False,False,False
1366967354493158016,264.3434883186857,49.23764040274958,76.0410169559785,31.999421686228946,407.2407568799717,14.9713,6.855159446068048,5.115459529286972,0.9867522916408676,0.0787801595652208,-0.5894096675596021,-5.891961808229941,-0.7124714449210654,1.0078588,0.1306532360142319,negative (over-luminous control),13.064,13.076,13.171,9.77,J173722.44+491416.4,17372245+4914177,-0.012000000000000455,False,-0.10699999999999932,False,3.2940000000000005,True,True,True,False,False,5.891961808229941,,,False,False,False
2435285970531433856,358.24814900471506,-8.724204841935656,83.30735754336854,-66.98520212894215,409.3412963252011,16.107244,7.983920517544483,5.445013261672015,1.51281241804208,0.0802573259697302,-0.5891584997359924,-5.889428035304837,-0.7120753376739142,1.1918896,0.0792448065019104,negative (over-luminous control),13.419,13.353,11.804,8.888,J235259.52-084327.0,23525945-0843269,0.06600000000000072,False,1.6150000000000002,True,4.531000000000001,True,True,True,False,False,5.889428035304837,,,False,False,False
745303480146619008,148.70110999589593,32.20109130259392,194.41307903870367,51.561125885474425,468.03056465893,16.206219,7.827925521369904,5.4201353285474125,1.349857208631831,0.033481417046016,-0.5891455348292212,-5.8892972457423785,-0.7120548936981919,0.8962917,0.199006155184473,negative (over-luminous control),13.77,13.75,12.061,8.821,J095448.28+321204.7,09544830+3212061,0.019999999999999574,False,1.7089999999999996,True,4.949,True,True,True,False,False,5.8892972457423785,,,False,False,False
3018478177833144704,91.24170708903736,-6.59818725800021,213.58233423497083,-13.322706471049266,377.2681293558099,16.55597,8.608837351978181,5.920707189048907,1.6173173904678095,0.0827792570612748,-0.5890478325231783,-5.888311628021868,-0.7119008376903635,1.0306761,0.2995222534468741,negative (over-luminous control),13.714,13.607,11.995,8.881,J060457.95-063552.6,06045784-0635506,0.1070000000000011,False,1.7190000000000012,True,4.833,True,True,True,False,False,5.888311628021868,,,False,False,False
5740535060269680896,144.9578895551171,-9.770484864504638,244.67017636199736,30.70499590486073,364.415223342529,15.477045,7.569408782138504,5.200076819636348,1.305267123614334,0.1234312065237504,-0.5890212927335039,-5.888043895477354,-0.711858992412761,1.0863731,-0.0255512016059788,negative (over-luminous control),13.006,12.998,11.868,9.006,J093949.86-094612.4,09394977-0946098,0.008000000000000895,False,1.138,True,4.0,True,True,True,False,False,5.888043895477354,,,False,False,False
6489130817532611840,355.2174337314425,-60.21863836891528,318.06513362688963,-54.787593899258205,411.75748217669496,15.645551,7.541624970275299,5.18740686088989,1.327400123261907,0.0380781734431555,-0.5886073317967355,-5.883867870863372,-0.7112064327271603,0.9349449,-0.1605376479228508,negative (over-luminous control),13.238,13.195,12.397,8.502,J234052.05-601306.7,23405179-6013058,0.04299999999999926,False,0.8409999999999993,True,4.735999999999999,True,True,True,False,False,5.883867870863372,,,False,False,False
1298985512621140992,248.2814078737477,23.617075024986963,41.928651807475774,40.20062324134777,230.25159662981508,14.259852,7.368238290334285,5.16482737522373,1.2397320310268507,0.0987712183820662,-0.5879797843079686,-5.877537191983398,-0.7102176538578737,0.96340907,-0.0355028398039715,negative (over-luminous control),11.899,11.916,11.738,9.004,J163307.61+233701.0,16330773+2337000,-0.017000000000001236,False,0.1609999999999996,False,2.8949999999999996,True,True,True,False,False,5.877537191983398,,,False,False,False
6788380636660291712,316.1637380162552,-30.03847432055453,15.38566332343671,-40.639786927302765,442.1456086231792,16.314434,7.955872565634275,5.587393581795298,1.3767608259456223,0.1638750047319012,-0.5879716805796598,-5.877455441832896,-0.7102048891665664,0.99570507,-0.0883635127528703,negative (over-luminous control),13.8,13.758,11.973,8.94,J210439.24-300217.5,21043913-3002151,0.04200000000000159,False,1.827,True,4.860000000000001,True,True,True,False,False,5.877455441832896,,,False,False,False
4069652353887978880,271.15647967102666,-22.600981993388427,7.626955981880847,-0.4915645787272066,288.254045736991,17.8458,10.086355344338635,5.626737630740944,2.3296444203818982,0.6661284636397188,-0.5878914008160567,-5.876645582160077,-0.7100784406167981,0.97611356,-0.2054533553044322,negative (over-luminous control),,,,,,18043765-2236025,,False,,False,,False,False,False,False,True,5.876645582160077,,,False,False,False
1849276891751683456,323.3589597449522,29.684487700121544,79.50852430219163,-16.041182610158017,467.7883864917152,16.32814,7.69993128336232,5.482482209865757,1.3106543313905907,0.3468473572195716,-0.5874396841536829,-5.872088679000698,-0.7093671165837512,0.9981299,0.1291186975534737,negative (over-luminous control),13.75,13.709,12.68,8.901,J213326.14+294104.1,21332612+2941040,0.04100000000000037,False,1.0700000000000003,True,4.849,True,True,True,False,False,5.872088679000698,,,False,False,False
2082421215662744960,303.04250584807625,46.05619265157305,81.95853608968456,6.616894299626228,466.2043802568328,15.696493,7.211070693192989,5.070400741117969,1.1923149461291125,0.1738123928217539,-0.5869097505265923,-5.866742725617311,-0.7085330004503121,0.9910887,0.6577719866174923,negative (over-luminous control),13.357,13.443,12.006,9.318,J201210.20+460322.2,20121016+4603219,-0.0860000000000003,False,1.350999999999999,True,4.039,True,True,True,False,False,5.866742725617311,,,False,False,False
3253164605456699264,60.64254550231281,-1.9423465115701428,192.4787813188099,-37.816139797869766,388.41495783420254,16.009037,7.882181512085959,5.661041449593592,1.3079224527309428,0.2241730753301264,-0.5866142742286105,-5.863761970228038,-0.7080680971739213,0.96977544,-0.1095683802464513,negative (over-luminous control),13.512,13.488,12.615,9.074,J040234.23-015631.8,04023427-0156308,0.02400000000000091,False,0.8970000000000002,True,4.438000000000001,True,True,True,False,False,5.863761970228038,,,False,False,False
693645228418987008,140.2584632520965,25.28680558121417,202.69294738401317,43.11960239682217,340.1176538599819,15.503349,7.797414416092836,5.510316763157132,1.3512296979360476,0.0594905257446019,-0.5858722180652345,-5.856276131522079,-0.7069011015299109,1.0536525,-0.2152596741933587,negative (over-luminous control),13.052,13.054,11.811,8.817,J092102.07+251713.3,09210217+2517150,-0.002000000000000668,False,1.2409999999999997,True,4.234999999999999,True,True,True,False,False,5.856276131522079,LSPM J0921+2517,PM*,False,False,False
5553163057533620864,92.1541831069975,-49.73303878124395,257.4428671292846,-27.05143602430504,315.7630405935542,14.549696,7.02744805359347,5.066278958580001,1.1078366777720523,0.0304879472972138,-0.5850965849703673,-5.848451569811327,-0.7056821533234847,1.0447273,0.1014035274932328,negative (over-luminous control),12.479,12.464,12.6,9.392,J060836.97-494359.4,06083690-4944005,0.014999999999998792,False,-0.12100000000000044,False,3.0869999999999997,True,True,True,False,False,5.848451569811327,,,False,False,False
343949815812793984,26.500004177646236,39.814953960805376,134.1871815181646,-21.861342597629037,390.7396622811701,16.23433,8.190960575472037,5.734087352129847,1.412280656729343,0.105587485931918,-0.5844866544605871,-5.842298610448675,-0.7047242268777174,0.9974274,-0.3031949424026702,negative (over-luminous control),13.72,13.698,12.562,9.017,J014559.92+394854.3,01455976+3948552,0.02200000000000024,False,1.1580000000000013,True,4.703000000000001,True,True,True,False,False,5.842298610448675,LP  243-51,PM*,False,False,False
4601012032562068608,265.4982547021339,31.67242150292841,56.331355482324106,27.73838368187625,369.3130516137342,15.960313,8.082077615899061,5.727051863065737,1.3618443218081822,0.0514352442955863,-0.5836276169290127,-5.833632667463342,-0.7033759777258688,1.0125641,0.0258037795287742,negative (over-luminous control),13.528,13.475,12.148,9.312,J174159.59+314020.5,17415962+3140201,0.053000000000000824,False,1.3800000000000008,True,4.216000000000001,True,True,True,False,False,5.833632667463342,,,False,False,False
4840042046508487680,65.29884157863107,-41.92736702243711,246.26361827382377,-45.09892682576292,413.76399309273705,15.883616,7.765677956252403,5.465007232538081,1.3371923743842111,0.0424314516472507,-0.583623803361184,-5.8335941963137605,-0.7033699947546903,1.0229169,-0.4733934675102088,negative (over-luminous control),13.429,13.369,12.313,8.744,J042111.71-415538.7,04211169-4155391,0.0600000000000005,False,1.1159999999999997,True,4.6850000000000005,True,True,True,False,False,5.8335941963137605,,,False,False,False
3282628115466406912,70.62214881783164,5.537150308890497,191.64771823367715,-25.374337830298,388.0701620769986,16.585394,8.417745450219625,5.27835008914279,1.9697171714714683,0.3055630183145076,-0.5835664109706808,-5.833015223724541,-0.703279956408634,0.9891987,0.5633406574655004,negative (over-luminous control),13.233,13.206,12.218,8.929,J044229.31+053213.8,04422931+0532137,0.027000000000001023,False,1.0150000000000006,True,4.304,True,True,True,False,False,5.833015223724541,,,False,False,False
2380172610886484736,351.4786509704477,-26.97988496871336,28.465630937619192,-70.98124289773774,399.4894100397785,16.399511,8.36042123817462,5.576544493935811,1.6280337621679937,0.0409174049702751,-0.5832193047905481,-5.82951362774494,-0.7027355106201532,1.0220364,-0.6128632925896076,negative (over-luminous control),13.627,13.585,12.531,8.508,J232554.81-265847.4,23255470-2658469,0.041999999999999815,False,1.096,True,5.1190000000000015,True,True,True,False,False,5.82951362774494,,,False,False,False
1238894900058641280,215.6645986267736,18.41672264786547,15.192699228532597,67.28765940703273,467.2275523073833,16.55149,8.162827285848968,5.601182806498277,1.5366752344512875,0.0524874877769704,-0.5831187651329177,-5.828499386912886,-0.7025778438512651,1.0350053,-0.1690477653788445,negative (over-luminous control),13.859,13.8,12.748,9.379,J142239.51+182500.8,14223953+1825020,0.058999999999999275,False,1.1110000000000007,True,4.48,True,True,True,False,False,5.828499386912886,,,False,False,False
976271290725288320,111.33401343231532,47.68260300961733,170.3073699959889,25.18020033206942,440.7120077099858,16.43893,8.050098375383161,5.349109951120928,1.57657509274622,0.217298221032231,-0.583016812993705,-5.827470897012065,-0.7024179769304777,0.96030563,-0.099414404655751,negative (over-luminous control),13.638,13.537,12.231,8.762,J072520.16+474057.4,07252015+4740576,0.10099999999999909,False,1.407,True,4.8759999999999994,True,True,True,False,False,5.827470897012065,,,False,False,False
5696900013616905344,125.598271223597,-23.02834921208821,243.9496862988613,7.944822991034272,403.76087202117634,15.547357,7.397670489498211,4.744780816585993,1.5326514827211597,0.1526885686557843,-0.582990992281541,-5.827210418498346,-0.7023774909250542,1.0445521,-0.0920764528264108,negative (over-luminous control),12.714,12.769,12.136,8.649,J082223.59-230142.0,08222358-2301417,-0.054999999999999716,False,0.5780000000000012,True,4.065000000000001,True,True,True,False,False,5.827210418498346,,,False,False,False
5094811809926173056,57.80738872294899,-19.89360951060825,212.87812441106175,-48.370859408715305,340.3711182062986,15.442549,7.702396278405278,5.387909940573128,1.315108786416448,0.099647410358839,-0.5829374515705652,-5.826670301528299,-0.7022935439649127,1.0426252,-0.1207361807293636,negative (over-luminous control),12.989,12.966,12.317,9.062,J035113.68-195336.6,03511351-1953360,0.023000000000001464,False,0.6720000000000006,True,3.9270000000000014,True,True,True,False,False,5.826670301528299,,,False,False,False
3695846609776510080,189.7218449729945,-0.6503245503074254,296.2243315968529,62.05786159362477,262.9637209019637,15.192747,8.061857914969538,5.725910367914838,1.3794561287831286,0.0392441241993287,-0.5828499038213266,-5.825787122650183,-0.7021562859833976,0.985306,-0.1188320159409657,negative (over-luminous control),12.721,12.696,11.95,8.776,J123853.26-003900.0,12385329-0038577,0.025000000000000355,False,0.7710000000000008,True,3.9450000000000003,True,True,True,False,False,5.825787122650183,,,False,False,False
5134765863454440448,29.247715964319667,-22.533273270150417,199.34164691434145,-74.44807010078186,481.423410849168,15.553963,7.104251689320311,4.712340765584684,1.407878338225394,0.0465301608591427,-0.5828138333359423,-5.825423244753927,-0.702099737640165,0.998166,-0.1807379837036305,negative (over-luminous control),13.036,13.088,12.58,9.193,J015659.45-223159.7,01565945-2231595,-0.0519999999999996,False,0.4559999999999995,False,3.843,True,True,True,False,False,5.825423244753927,,,False,False,False
2507323777655281152,32.092490569187106,0.6408364229442132,159.72217650536942,-56.63275761654936,383.3477582260901,16.492668,8.524606553551614,5.529078390533006,1.8337877658779445,0.0669307895534789,-0.5827454777525212,-5.824733675827211,-0.7019925805262497,0.97066844,-0.4070097690505808,negative (over-luminous control),13.47,13.411,12.214,8.76,J020822.18+003827.2,02082216+0038276,0.05900000000000105,False,1.2560000000000002,True,4.710000000000001,True,True,True,False,False,5.824733675827211,,,False,False,False
3367933140993833472,104.42788393256974,22.033428461408956,193.75258216946472,11.16536950149393,470.3411198392126,16.124088,7.726139851028084,5.397310649630246,1.323875749137014,0.0444659685517278,-0.5826211727773378,-5.823479691236156,-0.7017977320593665,0.9987599,-0.0210092526785286,negative (over-luminous control),13.714,13.675,12.344,8.774,J065742.67+220201.1,06574261+2202028,0.0389999999999997,False,1.370000000000001,True,4.940000000000001,True,True,True,False,False,5.823479691236156,,,False,False,False
3926541500951436416,178.65639248431714,17.6624753160187,245.819694330746,73.83448089852759,292.92553494658307,15.452224,8.08204552666578,5.492282254914327,1.465222605192552,0.0460654847711883,-0.5825001143511983,-5.822258457727422,-0.7016079940095163,0.8938044,0.137833130787,negative (over-luminous control),12.782,12.732,12.027,9.013,J115437.57+173945.6,11543764+1739470,0.05000000000000071,False,0.7550000000000008,True,3.769,True,True,True,False,False,5.822258457727422,LSPM J1154+1739,PM*,False,False,False
1676804508519022720,191.42019201789256,63.45127028382144,124.01759931621037,53.664841909152656,476.2706434512037,15.9089775,7.494508747522876,5.237738073071302,1.2567497727547945,0.0308971921581831,-0.5822184421660515,-5.819416957784383,-0.7011666036667639,1.0061885,0.0037501105566971,negative (over-luminous control),13.608,13.571,12.343,8.986,J124540.88+632705.1,12454098+6327062,0.03700000000000081,False,1.2650000000000006,True,4.622,True,True,True,False,False,5.819416957784383,,,False,False,False
700084312109752704,137.40970085533382,31.421869995004425,193.83758223840144,41.94671340950247,344.9182539797982,15.584278,7.858903322195502,5.593569909688294,1.3285981810938687,0.0456280340118437,-0.5821128636851984,-5.818351885465746,-0.7010011879307929,1.0522761,-0.1874518291519075,negative (over-luminous control),13.193,13.151,12.254,8.937,J090938.36+312520.0,09093845+3125223,0.041999999999999815,False,0.9390000000000001,True,4.256,True,True,True,False,False,5.818351885465746,,,False,False,False
4231957892386331136,311.6009477771897,2.76633886684032,49.584847240322766,-23.91946934084751,355.6362519315086,15.675698,7.835511167389165,5.186623796714739,1.5993340204302544,0.110144164229396,-0.5820747041567342,-5.8179669333701005,-0.7009414052116414,1.0006033,-0.192239056146657,negative (over-luminous control),12.853,12.811,11.578,8.91,J204624.21+024558.9,20462420+0245592,0.041999999999999815,False,1.2750000000000004,True,3.9429999999999996,True,True,True,False,False,5.8179669333701005,,,False,False,False
5566274871136060416,106.16861556028556,-37.05655966953884,247.90547050521897,-13.519689599009926,257.86061850414967,14.998366,7.912062447913301,5.71903737706307,1.3033787898980738,0.036283508956513,-0.5818929224591729,-5.816133125452585,-0.7006566453114504,1.0265689,-0.0204370787548173,negative (over-luminous control),12.657,12.612,11.78,9.107,J070440.47-370324.2,07044049-3703252,0.04499999999999993,False,0.8770000000000007,True,3.5500000000000007,True,True,True,False,False,5.816133125452585,,,False,False,False
