source_id,nss_solution_type,ra,dec,l,b,dist_pc,period,period_error,eccentricity,eccentricity_error,a0_mas,significance,goodness_of_fit,m1,m2,m2_min,q_dark,amrf,p_ts99_required,mp_violation,phot_g_mean_mag,bp_rp,ruwe,combination_method,box
5777522322194355840,Orbital,251.06882781007127,-77.38324379178681,314.32952117127155,-20.032946755853818,110.22638149630042,2731.4746923333532,355.96146,0.6578277098533661,0.03276574,8.039801326079838,10.816511,2.0847962,0.60550565,,0.20074216037623638,0.3315281400638762,0.2739177429184876,1.4492152333478883,1884.795735981375,13.327549,1.9482994,14.597071,Orbital+M1,anomalous
6373355679102869760,Orbital,313.3065529234433,-72.38113961104858,321.4668292269287,-34.8271589759492,150.17366931369952,3080.4902530863583,638.3213,0.9030603687383413,0.027999101,4.732429851903183,6.4287686,8.35035,1.1229548,,0.2074859019337094,0.1847678050265169,0.16502033718378262,2.079230211640469,1481.5532382322956,9.637041,0.7004328,7.1637545,Orbital+M1,anomalous
2183082746433458560,Orbital,312.60161172692875,55.343259397659835,93.09136065366964,7.123339477575463,172.6278754893696,2518.2928582582513,406.65512,0.8489182917511245,0.023403298,4.829854292408735,12.139538,-0.40953556,0.63492256,,0.2048722146388555,0.32267275766446724,0.2677897983561399,1.8139535099790722,1388.2896360928814,14.168525,1.9508,7.6014404,Orbital+M1,anomalous
1934784536654980096,AstroSpectroSB1,344.8556152157364,44.35062840115422,102.68068030919454,-14.071994671676716,57.30372758778771,4665.870039757622,1038.1399,0.7866100437198658,0.028501524,23.033097157868216,8.193102,14.895756,0.6385212,0.23338246,0.2178041413288787,0.341107144475848,0.28048856787905463,3.4339095100062957,1358.763248175712,11.063039,1.6041918,15.58067,AstroSpectroSB1+M1,anomalous
535296278209264384,Orbital,17.03665648872503,72.83663113502327,124.18262109971475,10.005469237978621,123.74303705392663,1813.911933114726,229.69983,0.5333828797947042,0.05412806,5.5170912050573335,11.722073,1.8339423,0.58885586,,0.20028585974951366,0.340127138854037,0.27981905423178166,1.4127230362312868,1283.9826962499942,13.696947,1.9463501,13.384728,Orbital+M1,anomalous
4630144589571330688,AstroSpectroSB1,10.508564998175665,-82.23971742573777,303.3187787071355,-34.88146781817496,119.9467565436712,2137.191038340334,320.28717,0.7386881509211464,0.019872563,6.093172166645566,9.947584,9.105449,0.6552921,0.40314436,0.20332803050274637,0.3102861036182961,0.25913032264098806,1.6700953752987244,1279.6820289129068,12.656824,1.8584929,7.137701,AstroSpectroSB1+M1,anomalous
445496036835235712,AstroSpectroSB1,58.215894338202915,55.9271705825135,146.43257303516972,1.5661466714008898,52.76286713070024,2618.731912606622,184.8133,0.7580593999014363,0.012324119,16.759037479594326,26.361275,12.31,0.6104778,0.28792503,0.2081066225602002,0.34089138181408885,0.2803412177505089,2.146444862356443,1220.0322302859834,11.700148,2.0443306,17.697348,AstroSpectroSB1+M1,anomalous
4706692142420518656,Orbital,3.518189507624441,-67.63782153847032,308.3435896448339,-49.095953146692885,190.6706278985093,2549.4542838695743,558.2393,0.8200107000486289,0.039426718,4.411161970675531,7.4227037,-2.5303514,0.6552649,,0.20893332552751517,0.3188532165421284,0.2651305832399986,2.2385749615771657,1138.8737601502437,14.116562,1.8484344,5.307763,Orbital+M1,anomalous
6604449551263932416,Orbital,343.29846704138527,-30.542754405674362,18.33179367773334,-63.955042815398734,183.15312537869022,1586.9114400317885,222.4778,0.6773486860162141,0.05120754,3.1122975875324186,11.980955,-0.14220181,0.70519316,,0.20038818846613993,0.28416070840495666,0.24051995192293504,1.4208437954747497,1116.879593017859,13.227621,1.4718208,10.887006,Orbital+M1,anomalous
5984297406649971968,Orbital,239.53156537269354,-48.23526528615825,331.9841895953972,3.8215722114361146,108.01019745159695,1757.4696688762665,371.7484,0.706272202742085,0.04465576,4.787508139559516,5.8789244,4.4762554,0.97814894,,0.20269210644325567,0.20722008554057275,0.18277110897033721,1.6135019460108997,1089.2268665812903,9.466793,0.8235922,6.1520762,Orbital+M1,anomalous
600732407063858560,Orbital,127.03004501866714,10.375658015554887,214.42324527895505,26.140509364352102,80.67496346289491,2341.550160110661,432.95172,0.5445176156509384,0.062451787,9.882709903588351,7.552401,5.2205906,0.64762205,,0.20826538725912785,0.3215847694305618,0.2670333199754314,2.1639049755903543,1082.0947252879448,11.862801,1.5215101,28.15848,Orbital+M1,anomalous
4655956754608353024,Orbital,65.6749812119691,-69.60108169688874,282.31487037215936,-37.94274698763704,159.26311243646907,2763.788595096799,677.59314,0.6275191570841397,0.06734489,5.18606468624784,5.956679,7.5373454,0.772225,,0.21204017300737985,0.27458340105511014,0.23357629988104175,2.6126405587309427,1057.852595092252,12.223822,1.1935558,11.827105,Orbital+M1,anomalous
4957859592211646080,Orbital,29.236967130118025,-40.846214224096755,262.59001028855994,-70.76193874879222,104.709318289479,1866.3742920995076,99.795906,0.8107287825768764,0.012753099,6.574354208817829,25.866117,9.905698,0.62267584,,0.204465046912483,0.3283651541669169,0.27173489625241554,1.7751206258845191,1051.407022646429,12.870005,1.7815256,14.340406,Orbital+M1,anomalous
4743505475345791360,Orbital,30.781949987185495,-55.22024774228233,282.9787262743772,-59.04341791483158,137.58333021309784,1965.072259681773,295.3496,0.5080876561407995,0.04865968,5.521409731161165,9.305655,2.6780682,0.55305904,,0.20584954104984307,0.3722017462936803,0.3014160873193701,1.909862695940931,1028.9076088339648,14.688952,2.3742933,8.465499,Orbital+M1,anomalous
5805789975872506624,Orbital,251.68360553465112,-73.01874325995566,318.1254268812821,-17.550512150562298,165.5618804769886,2944.89488672575,403.87585,0.7257886305131903,0.03097018,5.869074042942571,11.495035,0.27371854,0.6221957,,0.2145961096318431,0.3449012947242066,0.28307480504302707,2.955364061124191,996.4575686169579,13.887201,1.7922745,11.124986,Orbital+M1,anomalous
1300178791974547200,Orbital,251.56638601560346,24.59703579388452,44.220127537050985,37.598335685023116,215.9389782315873,2515.7679783916874,542.79456,0.6503543103525277,0.059140816,3.367498528053027,6.6061635,8.0700445,0.86822915,,0.21139792948486053,0.24348172288026676,0.21055881543005517,2.53159864386803,993.7467712290465,12.221366,0.9659977,7.0076213,Orbital+M1,anomalous
2759020715312178688,Orbital,358.74687259504947,8.54615015647464,99.9870521418058,-51.7929830128195,159.86095309061426,1537.42149572449,274.71738,0.6302800462845589,0.04008886,2.443163434914542,8.435021,8.575674,1.3651769,,0.20214613849064347,0.14807321754663622,0.13505068446286428,1.5661142263524386,981.6790307212932,9.149571,0.521451,4.361939,Orbital+M1,anomalous
1600082236400783232,Orbital,228.32759323720032,54.097354251861816,88.86152725645086,52.59929220371009,105.88647665044748,1936.1405170176326,158.95723,0.5294867909822931,0.031098383,6.701417795449638,16.573374,2.3097873,0.6286625,,0.20709119775634974,0.32941552739573565,0.27246051195516013,2.037349004124484,950.3234414418142,13.281287,2.1044025,18.424088,Orbital+M1,anomalous
1857300165549687296,Orbital,309.18548508392524,28.283739856952156,70.16373386612582,-7.556642018754893,159.7241629983277,3469.780323314188,381.5447,0.9232952782880725,0.015308638,6.551928579046269,14.440857,-0.7982593,0.69220096,,0.2193389321652949,0.3168717543646651,0.263747209430054,3.6831460351797336,942.0697116466267,13.107318,1.5487566,8.865748,Orbital+M1,anomalous
2660460115039923840,Orbital,352.70649252055335,5.499789957441979,89.08604258716512,-51.99442648879926,120.38356675536215,1332.5868306639388,48.43216,0.7842581258312689,0.017271765,4.481200912859863,20.836857,-1.9613153,0.6278895,,0.20083067068553762,0.319850333884248,0.2658257313042237,1.4563778547313133,915.0007508935842,13.268741,1.8594418,16.556623,Orbital+M1,marginal
1988180085485126272,Orbital,337.8778383634109,50.17279734173128,101.23322787626593,-6.710176476879691,174.35862837245585,2690.8244745935276,516.03015,0.817584507194169,0.040321454,5.273168209234574,8.821454,2.9475543,0.61732084,,0.21484478665976953,0.3480277584577345,0.2851989972383263,2.9904864157740727,899.7949164390438,14.197726,1.9075727,8.942994,Orbital+M1,anomalous
5056203970945343872,Orbital,54.56109540527601,-29.734661580102827,227.09737057780967,-53.432136444753496,246.15198948194814,1383.9432125898152,171.8878,0.714792987494737,0.03946318,2.133648877258912,8.858683,1.0526819,0.7020997,,0.20205490504273832,0.2877866356292389,0.24313156537816116,1.5583022889697424,888.1095936172928,14.0098915,1.5990028,3.6295326,Orbital+M1,marginal
3254831430724084608,Orbital,65.46091753221975,0.506499142894659,193.20858140433236,-32.44484788707048,248.10279924980318,1562.883429626803,302.90558,0.5986007886188489,0.0646323,2.0056659828326686,7.9719186,10.173988,0.9230097,,0.20452834263866318,0.2215885099060434,0.19390869233238286,1.7811144950584117,877.4749933049915,12.182412,0.9546566,5.6521053,Orbital+M1,anomalous
4493577475804112000,Orbital,262.9309800820334,11.588473037388777,34.581917821453025,22.87766297698626,157.38586552950287,2338.5741138459475,736.10046,0.804890214205097,0.1136678,5.114554844174647,5.099699,3.0379295,0.6560765,,0.21252693737018125,0.3239362182989094,0.2686672927225188,2.67539609573485,874.1038822528491,13.638939,1.9558706,12.660631,Orbital+M1,anomalous
6026008853396881920,Orbital,254.33912816096841,-34.155201846751375,349.855788669656,5.4883371394158535,122.81094864684115,1401.5731024150823,70.66708,0.5190136390190682,0.021495465,4.643209933949789,26.518362,-1.1842617,0.6112721,,0.20284425083991223,0.33183953914617337,0.2741322910038383,1.626904024332337,861.4971021356174,13.317794,1.8010988,5.6472683,Orbital+M1,marginal
6907872502348189440,Orbital,308.08477141572274,-6.639489651605332,38.65943473509822,-25.434042528038596,139.44439927948105,1533.1782136378579,145.12329,0.5762678788886504,0.03412597,4.253509230584327,11.239792,-1.414131,0.64625615,,0.20468154516602474,0.3167189132997613,0.2636403924382312,1.7956873722592017,853.8113244673129,13.461813,1.8296957,11.172966,Orbital+M1,anomalous
569376568822616320,Orbital,45.85793858486743,82.72020497592885,127.17001431250786,20.96059041316924,252.26436687755992,1996.7023117797476,295.529,0.7013433204446604,0.042708486,2.3671154940538175,11.600059,6.73333,0.9306701,,0.2100812447298409,0.22573116796653647,0.19708854152365027,2.3715700090426233,841.9326876990633,12.365146,1.0984602,7.2009306,Orbital+M1,anomalous
2045565001781314816,Orbital,293.08326490794104,32.87045300586478,66.62041590499757,6.59237100390825,211.1603574925903,2583.7876664497944,503.2349,0.7888099165682168,0.038683414,3.7967000649521343,8.48078,0.74413556,0.77025884,,0.21548497234090028,0.27975657020722133,0.23733514260061503,3.082399076496641,838.2391774482514,13.107936,1.362567,9.595956,Orbital+M1,anomalous
2826919127443087872,AstroSpectroSB1,355.5160858112169,22.255078766887685,102.4824682853464,-37.846366899140946,195.15692103700377,1618.9750914942174,245.96933,0.8785892029399591,0.024045965,2.8279252192111652,7.6337156,1.5280677,0.80688167,,0.2063243159122307,0.2557057925087567,0.219692535497471,1.9578544404668712,826.9128991571793,12.322957,1.3317413,4.770887,Orbital+M1,anomalous
6288685415382790016,Orbital,206.70899556484974,-21.207694879965704,319.82786825594724,39.839573235585114,81.58358378890779,1282.9320652834672,152.79733,0.5782181983790778,0.06077363,6.516049527505156,10.291621,3.4805362,0.6242155,,0.20268058561190497,0.32469650451754395,0.26919481238858645,1.6124906090394981,795.6214182528871,12.539497,1.9278145,18.855013,Orbital+M1,marginal
6347810038259464704,Orbital,298.96396407371304,-81.54991504849833,312.2361819754629,-29.164011175069316,176.35390627530563,1313.4726699125063,113.17792,0.46598339996372223,0.052563503,2.818028840850578,19.044191,8.666427,0.73706806,,0.20321132932822414,0.2757022603024233,0.23439091618922892,1.6595957589320727,791.4413271083002,12.754105,1.2735348,8.585864,Orbital+M1,marginal
5226142456615344512,AstroSpectroSB1,168.49173941842676,-73.3046473508183,295.9778856803967,-11.76281173783964,200.62789600461744,2234.19181167307,376.28336,0.59778640048397,0.056072045,3.280715240552763,9.591069,1.2407405,0.9222004,0.20077707,0.21431726383378696,0.2323977175391495,0.20217677663249453,2.916363242657412,766.0883181469732,11.798812,1.1133089,7.004313,AstroSpectroSB1+M1,anomalous
5189550129822089600,Orbital,124.05660836241732,-86.56017356844359,299.36839348899287,-25.839659386705147,103.68528670423335,4963.64232697146,1091.5774,0.9166447342603783,0.01477112,14.122254750271782,6.558901,14.1275,0.6281504,,0.23268022719046547,0.37042120150546465,0.30023394316878643,6.493755890538159,764.3715610258497,12.590747,1.6121483,23.515057,Orbital+M1,anomalous
1500498162603384192,AstroSpectroSB1,206.84610361026446,41.89195560459359,88.74736792651075,71.32372860526735,163.31695899670984,1985.0418809521423,244.15994,0.7225737970309545,0.023535322,3.56293673885573,10.395058,2.8149056,0.9825724,0.21278776,0.21192188498602982,0.21568068674159613,0.18934982709209255,2.597564816192585,764.1933970532231,10.514726,0.81949615,4.3949037,AstroSpectroSB1+M1,anomalous
5792425961793902080,AstroSpectroSB1,229.96655288427226,-75.32935857868273,312.0399752402081,-15.15069632630975,64.95106781686295,1346.2837657741738,45.52638,0.4091182779264771,0.018288339,5.920954625213344,43.263065,-1.6870303,1.2235329,,0.20436778772206604,0.167030886703034,0.15068680330583653,1.7659411300748449,762.360501630717,7.6158895,0.621778,12.363343,Orbital+M1,marginal
1370725450876851456,Orbital,234.7706000369099,33.537864102856865,53.4947475918436,53.511602276521984,297.6134778524752,1024.6370928000636,35.642464,0.5301989621254838,0.023611639,1.3330008982656454,24.195034,3.4900851,0.8114524,,0.20111569307051505,0.24784657221478545,0.2138333582658123,1.4796303149674976,692.4953364601558,13.321546,1.1708221,5.9515834,Orbital+M1,marginal
2789350228166791296,Orbital,12.331911793591157,19.936601702203518,122.25453105301085,-42.93237273521353,219.3740935372667,1144.52860038929,89.66759,0.6677119368159258,0.10911869,2.2936323422248273,8.838208,0.6992098,0.60099924,,0.2032020220804677,0.3381069556706281,0.2784369619667648,1.6587606009500413,689.9902250715207,14.872572,1.9662924,5.231141,Orbital+M1,marginal
5633676205227457408,Orbital,143.69007676410928,-28.548055208078473,258.8878411071313,17.051709203598232,133.7816517686539,3279.9936223955524,749.9783,0.9331342183296666,0.042498462,8.002412478962096,5.4580293,4.744301,0.6415601,,0.22527936492619385,0.35114305389033496,0.2873094163744717,4.783281060202868,685.7204460940544,13.528484,2.0414906,9.489388,Orbital+M1,anomalous
3215487739290782464,AstroSpectroSB1,78.78524671686677,-0.6130512699961121,201.99184734297052,-21.586280076185567,147.71629508824736,943.5172772814494,54.70449,0.26646615422922604,0.046157517,2.7215380343788764,14.978717,3.099937,0.7074151,0.19212508,0.20016764575577242,0.2829564207051092,0.23965046911786503,1.403386619186945,672.3145741749184,12.546981,1.3517532,6.2863607,AstroSpectroSB1+M1,marginal
1435195349531588992,AstroSpectroSB1,268.17523041149866,60.50262485333779,89.36216208041438,30.528210058399683,133.62274896100422,2105.282522165143,289.2828,0.8710855457317682,0.026667615,5.011746509561572,12.301727,1.2910975,0.8396665,0.26498193,0.21597320062247785,0.2572130771900414,0.22081087156727594,3.1539597653459435,667.5045589664408,11.223358,1.0032167,8.794544,AstroSpectroSB1+M1,anomalous
484273441123033088,Orbital,80.4814919486784,67.69446246438675,144.46902170608462,17.053332160751285,204.87375970430546,2988.921341185062,549.5419,0.7049743375217918,0.039314922,4.880905324270176,8.388455,0.70755213,0.6435464,,0.22399024202921494,0.3480560860490469,0.2852182151835049,4.5253054280337945,660.490521295868,14.005054,1.6080408,8.936102,Orbital+M1,anomalous
2153692285222351744,Orbital,282.767771546876,57.84083213285238,87.67844516410256,22.75439238046369,263.8115105520334,967.413596267404,38.828945,0.3743403757690017,0.034277983,1.380053091594803,24.523008,4.3310146,0.8854321,,0.2009897417122125,0.2269962160091163,0.19805682013816645,1.4693197247542076,658.409180771895,12.561211,0.9459171,6.301262,Orbital+M1,marginal
2037870280114008832,AstroSpectroSB1,286.9011391490349,29.707492796725475,61.35768065359513,9.8744336253809,204.59658083990362,1103.2119895438705,64.24166,0.7240395659483294,0.024807986,1.914557695004829,32.927963,4.7034736,0.9277124,0.6071165,0.20352805267722185,0.21938701786304488,0.1922132019787752,1.688211486825167,653.4797317476849,11.173571,0.9507885,4.1282535,AstroSpectroSB1+M1,marginal
760502025082679424,AstroSpectroSB1,169.83344239605995,36.49634022907578,181.52597763674044,68.38195725635838,72.72792502443609,1915.1387944930823,179.01932,0.6330090035791389,0.025571499,9.456663939243283,16.886454,6.8927493,0.6984184,0.15995923,0.21443742733299537,0.3070329101193433,0.25683876936010896,2.9331205308048105,652.9355934676141,11.208683,1.6292772,11.341466,AstroSpectroSB1+M1,anomalous
2040888538307762816,Orbital,286.272922549653,29.91142173831659,61.305832749384415,10.454181589786637,207.3971168338106,1460.942110605545,232.71782,0.7870405648162475,0.015729146,2.4465207139627307,6.5622406,5.2155156,0.8491642,,0.20911762894807012,0.24626289229555193,0.21264697048368608,2.259527079059862,646.5698615187254,12.276561,1.0253668,5.1232443,Orbital+M1,marginal
5449745845683854720,AstroSpectroSB1,162.55321396378366,-34.01483616774971,276.0236603282067,22.44580946335048,99.71860086751416,4423.180734514669,1103.2723,0.8004814848011891,0.036002293,10.890944932907756,5.988703,3.2830148,0.97986174,0.2374687,0.23439754116588798,0.2392149141893789,0.2073435349569213,6.951145045035379,636.3240452986629,9.754134,0.82108593,12.2005625,AstroSpectroSB1+M1,anomalous
2166826157792322048,AstroSpectroSB1,313.38443419599093,47.18818933811585,87.0847782082499,1.5646010505159211,101.5066464196471,2482.824225729233,398.51044,0.6156499691013936,0.038824014,7.166068028919685,7.401013,0.7148557,0.91578066,0.231951,0.22076457832216123,0.2410670885763911,0.20874099547473424,3.927052968929456,632.2359910531254,9.963951,0.91220856,10.694991,AstroSpectroSB1+M1,anomalous
1998998760197198208,AstroSpectroSB1,354.6296656540506,58.438329200802265,113.49402956096748,-3.0908936345354343,240.1216037584426,2025.7708944358556,275.08847,0.7120839185843326,0.041855708,2.7529244975770006,13.493639,2.6592371,0.82229143,0.5120865,0.21637641822741818,0.263138358652903,0.22519057620307514,3.2140288064179026,630.2902109622398,12.6983185,1.2843428,7.6086283,AstroSpectroSB1+M1,anomalous
4389336317428565760,AstroSpectroSB1,263.1670199543741,3.909279172717945,27.30063736762474,19.286393352375036,148.1206567444638,1835.7278101503066,262.37378,0.5382094639755668,0.050859872,4.286250811444399,10.897335,3.4424555,0.77127784,,0.2142920850872553,0.2778403223982313,0.23594505629459622,2.9128614200043574,630.2146053167062,12.224348,1.2971487,10.892441,Orbital+M1,anomalous
5308821646532278272,Orbital,145.73769666495926,-54.2436256920554,277.5746546161406,-0.926346665938119,131.2172981272644,1271.2621302053833,98.95708,0.7725922176558462,0.05756813,3.8770910458516807,17.360811,6.4529004,0.6961181,,0.20695866717220587,0.2973039521637616,0.24994216174457679,2.0234346461758594,628.2694292143183,12.530969,1.4304495,3.7157807,Orbital+M1,marginal
3391148676178473856,AstroSpectroSB1,81.18283796519307,16.284448191317686,188.18146861619593,-10.817661899863703,154.41668174418837,971.2206431226257,51.549534,0.777147299433025,0.08492091,2.220294635938815,19.67207,9.295451,0.9998509,,0.20191380284857385,0.2019439068724529,0.17863831785102632,1.546280020516426,628.1013983471491,10.234884,0.9995899,4.673512,Orbital+M1,marginal
2080849841744409984,AstroSpectroSB1,304.67580557037644,43.38422106566814,80.3604189715936,4.17675210014573,106.32853359011862,1341.3775767494442,60.80485,0.5786111369565736,0.018575754,4.456872107799727,25.242395,4.057041,0.86258745,0.21773529,0.20839889267982956,0.2415974081380194,0.20914062713703288,2.1786725324946854,615.685724560681,10.516933,1.0190945,11.935118,AstroSpectroSB1+M1,marginal
221217032225720704,AstroSpectroSB1,53.72025572367839,35.37200386150208,156.7476023136821,-16.55234948889744,60.09903636926559,1526.693306644472,72.61887,0.5671385888441031,0.012184418,10.131083531115157,33.01609,2.477377,0.64298695,,0.2112526436329035,0.32854888044356456,0.27186186995808115,2.5135399582440305,607.3877209061861,11.896272,1.9855328,23.774815,Orbital+M1,anomalous
2071339207909010688,Orbital,309.58612000594036,46.5916910830462,84.99840828611157,3.2220787512807747,149.98699003837268,1398.8130963619608,197.5193,0.33479385557495,0.08813389,3.789442585283839,9.704273,2.283721,0.6483884,,0.2096647378412567,0.32336288317594175,0.2682692336735318,2.322623520827882,602.2556319688713,13.581999,1.9759436,11.499102,Orbital+M1,marginal
4167498958786629376,Orbital,260.36052527895254,-8.637919663902354,14.400568525705582,15.558470797281819,275.2484586860824,1834.1130834369583,237.94461,0.6998699115217711,0.03900816,2.1536331415008805,9.25255,0.622745,0.88405615,,0.2153309501789234,0.24357157625845877,0.21062637270623435,3.060087844995274,599.3661542875711,13.271795,1.4057026,4.368258,Orbital+M1,anomalous
1734203276097596928,Orbital,311.88742095893707,3.3602711021087304,50.30210931478371,-23.852577178716587,181.81612934285837,907.7954731729692,54.875397,0.80436001875071,0.041981325,1.8031818915275486,26.477238,14.234042,0.9977857,,0.20171616445943905,0.20216381834023428,0.17881104026944528,1.5295621500032708,593.50022041996,11.071547,0.824173,4.7050967,Orbital+M1,marginal
5054000034247207168,AstroSpectroSB1,51.563662634219945,-32.4933615518903,231.5780508267939,-56.177082105461956,129.1722720492534,1554.8793053927056,192.41681,0.37256179129600114,0.025351653,4.602229017919588,7.8946466,5.5230136,0.69638056,,0.21233322840603813,0.30490976045996465,0.2553393060428703,2.6502835423645497,586.6841341834172,12.781192,1.6457586,12.145708,Orbital+M1,anomalous
5309402807142007424,Orbital,146.51029525156613,-52.828367773306525,277.0070807203706,0.4490079683699078,117.87631528272347,2085.164138906559,132.1115,0.7271314660629875,0.018560486,6.441122389068036,27.022045,7.6474953,0.6640215,,0.21873324289665627,0.329406872413715,0.27245453591561475,3.583162906246906,581.9339487108645,12.743993,1.935832,19.3247,Orbital+M1,anomalous
1308802845786781184,Orbital,255.60728430241028,29.299390630326045,51.035245242624576,35.3482743185301,127.64251224971237,919.569696226082,11.609185,0.37226494007655997,0.018408883,3.336517745394749,129.95596,2.0060625,0.6224838,,0.20240585210166942,0.32515843043466197,0.2695151292138709,1.5885192834256145,578.8848179689992,13.867794,2.1398573,12.319958,Orbital+M1,marginal
6888661384214152448,Orbital,314.09503578495526,-13.037463456818005,34.966198481145476,-33.53719835817593,131.93157512730372,1143.3449162757763,37.20777,0.3655318191240459,0.01804148,3.779927336755102,39.822685,0.2764936,0.62899953,,0.2067762718782388,0.3287383560700684,0.27199279374388075,2.0044059871677513,570.4158357116743,13.694516,2.0113153,8.791012,Orbital+M1,marginal
74274694811381504,Orbital,33.73732745816862,13.92486084037579,151.7895757209307,-44.21748407375992,114.57883710487279,1233.0356685851277,149.02538,0.6224447232092282,0.09768516,4.484421763292969,10.823534,5.647307,0.66281366,,0.20825123963910894,0.31419273788787117,0.2618726244894345,2.1623446262730095,570.2308751359272,12.580372,1.5778494,14.558596,Orbital+M1,marginal
5208023643155586304,Orbital,111.8827100231147,-79.86173279342972,291.863347843787,-25.106002997842396,156.45217165199256,1036.877440446982,21.8097,0.30975612076573944,0.017434737,2.6698890604812475,52.449154,4.6099586,0.7713049,,0.20504746311943733,0.2658448840140891,0.22718238084081088,1.8308694670857153,566.3306200072421,12.703562,1.4572706,11.13813,Orbital+M1,marginal
2920594773652308864,Orbital,104.19427818334219,-26.987619551758865,237.82214499966952,-10.862357428417,182.9736605845754,1193.2923811888588,86.77351,0.8179746625585717,0.017701205,2.5736076860882817,12.803318,5.785491,0.7499019,,0.20780065979865947,0.27710379499047444,0.23541005562593306,2.1131058576725654,564.7101761873798,12.722129,1.2210541,7.4276934,Orbital+M1,marginal
4492501878557081216,AstroSpectroSB1,265.0636132746136,10.499096768815372,34.47048240036093,20.52031523903596,59.69797882356777,1146.2867894785286,53.464172,0.18928850746166503,0.028556777,8.530693447002374,24.466118,7.733697,0.6066598,0.18288909,0.20707663936146836,0.3413389666699309,0.2806468520713815,2.035816893480818,563.0598670976837,11.640007,1.7429342,21.384472,AstroSpectroSB1+M1,marginal
415492219935896704,AstroSpectroSB1,9.340897717976928,50.466010148764475,120.64005023360826,-12.34309838016358,232.46759886272326,1060.3313521051502,45.350197,0.4148761214658135,0.030662373,1.662297399360371,28.534645,5.9462566,0.9211657,0.24276273,0.20561951521099958,0.22321664186564472,0.19516007792572154,1.8869425863730809,561.930903336719,11.953532,0.9305296,4.8900156,AstroSpectroSB1+M1,marginal
492787440692622720,Orbital,53.485346153772745,68.14622376806291,137.1745194013323,9.89103396151557,262.2610941014959,1007.7917436289582,46.577522,0.4327033173317937,0.058854684,1.6861107437300433,30.160606,1.5863997,0.66441137,,0.20471790830695222,0.3081192146723538,0.2576047690996377,1.7991598719060446,560.1457432247505,14.792326,1.9619265,4.800259,Orbital+M1,marginal
5845243442404581632,AstroSpectroSB1,200.72852846049076,-68.14683957128129,305.8663742030564,-5.454608561702711,186.90800679841237,1548.7557719027966,223.33348,0.5835427621656643,0.047938436,3.1676346518253435,8.321533,-0.73001504,0.70327115,0.29905066,0.21323477600184146,0.3032042133724061,0.25413252317829094,2.768738495205456,559.3723548051692,13.087372,1.6363173,9.297427,AstroSpectroSB1+M1,anomalous
4816604513053908736,Orbital,73.02739093405367,-41.67104873870177,246.02278078917266,-39.3364171121527,151.41306867796823,1205.6634853015867,35.90496,0.8709235484101107,0.017302051,3.4324229379293416,47.829628,0.0599111,0.62900794,,0.20824697613910972,0.3310720968339331,0.2736034229970038,2.161874573996108,557.693540505906,13.616518,1.7724915,10.659267,Orbital+M1,marginal
4025740883118351744,AstroSpectroSB1,174.20330493705606,33.51737555549447,186.72764232961046,72.70772218252534,71.52094034087816,2811.0585271268287,378.22742,0.6932329807323945,0.036575183,12.260374403767333,13.152945,3.6412425,0.7839745,0.26525256,0.22651995764598334,0.28893790482391457,0.24395881898237354,5.042207092120309,557.5055676550454,10.289475,1.1726551,22.004862,AstroSpectroSB1+M1,anomalous
1702632994432983424,Orbital,243.4913680397331,74.36794950253626,107.96303065793302,36.244520519794996,215.99764342011522,1025.9604690493347,45.57449,0.8958384466844875,0.043607272,2.1222667445718466,8.982426,0.33597514,0.6365028,,0.20528495212386833,0.3225201073095947,0.26768370816125975,1.8539887350732118,553.3800986168455,14.755199,2.0374384,4.636716,Orbital+M1,marginal
6785377870401276288,OrbitalTargetedSearch,325.51651499534717,-30.594129942346633,16.475348316200993,-48.693379492202155,32.06638357714663,1824.366447845639,194.12943,0.40740859562498277,0.010102751,21.613588419048554,9.153309,0.46624047,0.658011,,0.21698697422610078,0.32976191565918467,0.27269964355641946,3.3066756208800996,551.7222301230952,9.907954,1.6258125,5.667798,Orbital+M1,anomalous
5316431980663960960,Orbital,127.03168764000752,-55.28549783918449,271.13031554772886,-9.62963242765574,202.55862633603888,944.8555081969639,57.638264,0.326794584762036,0.07615531,1.5763134592198471,35.369625,10.472616,1.1156821,,0.20383908482104474,0.18270354990613275,0.1633665178391237,1.7166850550776869,550.3953712430994,10.12795,0.73118305,4.568231,Orbital+M1,marginal
5055866214717079040,Orbital,55.1134590348065,-31.01891988873616,229.3122556658874,-53.08425216551571,175.258362363887,1751.5378261622832,221.4275,0.4333831907996228,0.043835383,3.8416496711928882,7.5046153,2.126288,0.6574099,,0.21639862500081677,0.3291684881811322,0.2722899184298317,3.2173627026368807,544.4017314947926,13.548579,1.5830755,8.946035,Orbital+M1,anomalous
1508708490805906560,Orbital,210.04675476125507,45.155696777834876,90.1715360870454,67.35112916307722,204.31664690292163,1091.856446387753,54.449764,0.47802012773454244,0.043497734,2.4088748739530166,23.359058,3.905875,0.60744584,,0.20681200706944933,0.3404616424872001,0.28004764779581504,2.0081231047805956,543.7198764301094,14.550122,1.8747673,6.1919727,Orbital+M1,marginal
1856858952150909056,AstroSpectroSB1,308.71128926877947,27.461315126819123,69.24448686429993,-7.704891486715862,168.3229129244183,1771.146147311115,164.23138,0.8629405903195217,0.011786441,3.6769536676706336,19.129204,2.7418349,0.78957534,0.20897888,0.21697650648950453,0.2748015242461558,0.23373518214273917,3.305069931798726,535.8876465125808,12.167715,1.188983,7.3036213,AstroSpectroSB1+M1,anomalous
6078271187992038016,Orbital,191.2614464002629,-51.80322644942117,301.92514497571256,11.056027724613985,88.13478397795873,1269.9099717723461,105.46902,0.43447765988314246,0.032792304,5.049797130939412,12.261949,12.696516,0.9198477,0.20114653,0.21042000270264846,0.22875525651365763,0.19940107251990527,2.411968138615262,526.5036264125014,9.881937,0.8385782,9.35452,Orbital+SB1+M1,marginal
2942193442626135936,Orbital,91.5975118227869,-19.622686893141584,226.03357197622944,-18.47234108960573,111.42604991244683,3002.7978805205826,643.34937,0.8498623417393532,0.022026911,8.460707866860812,6.5109005,9.070274,0.75807816,0.15220939,0.22952156117835015,0.30276767479177635,0.25382332146533043,5.713859567535426,525.5288207609532,11.536628,1.1797056,11.817445,Orbital+SB1+M1,anomalous
1666273798465042688,Orbital,202.94196825381707,65.70026836578826,116.3711955188795,50.911151071105785,231.3538122014997,1922.8050901967704,234.06636,0.9242627675457238,0.04196895,2.9600331663716637,8.655788,2.5351171,0.7350036,,0.2193570269757414,0.2984434767203106,0.25075333901059293,3.6861660177797746,521.6273713452821,13.41595,1.3748121,7.529513,Orbital+M1,anomalous
2012776813434747008,Orbital,357.8311532088417,61.90832570534713,115.91866847032291,-0.14212945320975282,126.80092113803164,1422.318718499265,57.17213,0.4049826241903286,0.016861716,4.7614107866639275,21.233847,1.813641,0.6030389,,0.21300864921135218,0.3532253835046619,0.288716640026976,2.7386482966910766,519.3506300965175,13.565081,1.8963242,13.637584,Orbital+M1,marginal
5983436317239771648,Orbital,240.8682950658576,-49.17567145631046,332.03402884900896,2.5331750378078217,163.89622413436803,1155.0877171536295,131.842,0.7160864061313517,0.02737268,2.9456711682240386,10.047303,1.4054298,0.6932238,,0.20926575589364993,0.30187331077150525,0.2531894286147303,2.2764768440451446,507.4014788136905,13.411924,1.7419958,4.6750274,Orbital+M1,marginal
5613766008165009920,AstroSpectroSB1,115.38332485893389,-26.797207625382025,242.25726383691605,-1.9087832045439903,75.27560946730367,1187.0344821935319,69.066376,0.3887066161860254,0.0076220958,6.882132908402838,9.653899,4.961415,0.6287792,0.22945789,0.2100044846753494,0.33398766009960856,0.27561057660414023,2.3624896773762427,502.45065346141126,12.191279,1.905755,12.521778,AstroSpectroSB1+M1,marginal
1422134079105861376,AstroSpectroSB1,263.7704099487718,57.134684886442976,85.36110475143124,32.74840582780392,58.4483891627488,1367.8517679599518,50.13764,0.527575706055916,0.005162887,10.008581934326063,24.363596,7.1734877,0.610459,0.28419375,0.21313494514768228,0.3491388197850337,0.2859523787599306,2.75542268833412,496.42175545376335,11.455278,1.7056866,18.586372,AstroSpectroSB1+M1,marginal
1057683083015145728,Orbital,172.956993762783,67.00574768343762,134.46347039057684,48.30120901628436,193.33604522980835,1389.3161440127033,74.784325,0.5982336514987796,0.017611606,2.749833267304228,18.935196,4.5132527,0.7578006,,0.21406716997726744,0.2824848329354448,0.2393097040412441,2.88172542955213,482.1126016258346,12.59618,1.044054,8.773259,Orbital+M1,marginal
1244484198699136128,Orbital,205.91947446171235,16.994137150504777,355.6241734879794,74.23483220876057,241.5946679352273,1045.4645256514086,103.029884,0.4315979684962079,0.06005695,1.7263601825934674,10.605332,3.9234457,0.8027136,,0.20842315290548794,0.2596482231289584,0.2226140150627265,2.181364445741697,479.27091123736307,12.878782,1.0376863,4.0082264,Orbital+M1,marginal
2086186463171105792,Orbital,300.3094312210623,48.852084957615105,83.38228431108237,9.657109662979678,157.36213266501466,1580.0510635177834,127.47738,0.9107245476580533,0.019551149,3.913362737110675,23.679308,4.1720204,0.68818986,,0.21705737437031777,0.3154033293351226,0.2627203105804503,3.3174903563942664,476.27902232551435,12.978417,1.4216938,8.559618,Orbital+M1,anomalous
5318186702450423552,Orbital,129.6723970122087,-52.91819480391688,270.1012351109393,-6.99101294397816,132.3950498700516,1750.25837154367,146.23816,0.7012791324559247,0.018802045,5.209978017421777,18.860178,-0.5950044,0.6411663,,0.21959442942243873,0.3424921418338752,0.2814337061990379,3.725966634054165,469.7461205226204,13.553309,2.0151396,11.074661,Orbital+M1,anomalous
3144196028119204096,AstroSpectroSB1,119.6385050626203,6.905077227194407,214.35910928186186,18.051996376243242,59.87503096598373,4420.913329011555,562.04785,0.7456674734606931,0.02230746,22.480608789846535,13.8216095,6.729013,0.6825306,,0.24238609936621344,0.35512855507998986,0.2900003997099462,9.418368233489105,469.3927036418064,11.022207,1.5379896,26.543741,Orbital+M1,anomalous
5343849028973501696,Orbital,177.95319667685658,-55.90988167580879,294.5961519288319,5.993860718638639,193.89138228522376,843.8663991033047,15.163995,0.5127303468854504,0.027865753,2.065472081297709,67.19713,0.8386174,0.63970244,,0.20472098959861387,0.32002533837453884,0.2659476682819561,1.7994543598343,468.95682265651396,14.47596,2.0236225,4.9353795,Orbital+M1,marginal
4751761467640514304,Orbital,42.026312759431505,-49.06348051953508,265.1163562328489,-58.612791163684356,185.08736794737027,1159.1339318199764,31.690598,0.35019835853122144,0.021287167,2.6649929617726995,47.44477,-2.1238382,0.67706937,,0.2110342864406168,0.3116878373838565,0.26011547754655073,2.486587303786077,466.15452835904034,13.968365,1.8301048,8.909861,Orbital+M1,marginal
3499111234736558208,Orbital,192.80479865088896,-23.249484010266766,302.86669453911804,39.622238289210216,139.98415408869866,1953.1663322652241,280.74545,0.6178206871792603,0.05047639,4.810401834474585,9.437039,4.8089275,0.7929049,,0.22245424086610546,0.2805560125804696,0.23791428959951527,4.2321979744036105,461.5016462079515,12.166146,1.3652296,11.983595,Orbital+M1,anomalous
1334059967905978752,Orbital,260.3372757198188,33.05034348626102,56.576101322010395,32.304855429844,124.5574587902205,1486.571184133641,110.44354,0.4011551031937702,0.035897784,4.464929183932051,17.898664,9.632807,0.7717284,,0.21644220142111772,0.28046421827469703,0.2378478137066463,3.2239126348052,461.1077757147302,11.701309,1.1753416,12.222566,Orbital+M1,marginal
6371839521287254528,AstroSpectroSB1,315.6876347569764,-72.43820631903127,321.07147589964245,-35.47252301405871,63.503835689100406,2047.481242988017,88.30786,0.8014307056231059,0.0065236078,11.596279087650162,33.405823,4.336787,0.71451604,0.258874,0.22363962174342797,0.31299454186769715,0.26103264080355804,4.457049246781623,459.38043975315645,10.763533,1.4377823,21.158684,AstroSpectroSB1+M1,anomalous
6667391167411390848,Orbital,300.1478225466668,-49.67894772923739,349.2099727654506,-31.25163957638397,128.41929855666777,929.0541468139643,36.49257,0.3881068679918102,0.01752444,2.7208091205375413,37.53502,6.6339345,0.95264226,,0.20696763803800422,0.21725641019474595,0.19056854541928334,2.0243741565620157,458.93400871693217,10.57985,0.8532448,10.711145,Orbital+M1,marginal
5362560311681086464,Orbital,165.46709038847766,-47.59558592577577,284.4860339856671,11.313570933636617,204.4212379798602,875.8571351864981,13.358085,0.29456445894531386,0.013126611,1.9330728457123483,59.895462,1.4753911,0.698005,,0.20625683175871237,0.29549476818371156,0.24865241809842462,1.950976357485043,448.9327263378756,13.748096,1.7368793,7.039988,Orbital+M1,marginal
4710685190695037824,Orbital,17.652861001873234,-61.080364578005685,298.7992636066984,-55.893770939331944,186.53139965192491,2587.215764711769,430.4618,0.5648481281900304,0.049813475,4.664976473109723,6.601498,1.664414,0.7323494,,0.22995830453468435,0.31400081145498926,0.2617381417722682,5.8171116906251426,444.75951336491033,13.065647,1.4393082,10.142013,Orbital+M1,anomalous
4702915453122811520,Orbital,1.1696927696202475,-70.3544528402268,308.5858229023513,-46.25708515865391,88.22152856759499,1537.2707682178136,189.82082,0.6615554803532671,0.016320841,7.198426296014748,6.219987,4.7177944,0.6284832,,0.21799662944290227,0.34686151942855503,0.28440735636253994,3.4644266404612583,443.73021216957835,12.371753,1.7072115,4.492217,Orbital+M1,anomalous
36190017209456000,OrbitalTargetedSearch,56.92931640164977,10.500488617493948,177.62575480529807,-33.06847250784285,71.29894090153007,1601.875910564469,150.50253,0.7973032331716084,0.010692998,7.423517683215885,20.00542,1.9240866,0.9483288,0.24876408,0.21901061245229694,0.23094375501157366,0.20107006423994295,3.628683645050989,441.4482129764056,9.288031,0.8591404,6.2131352,AstroSpectroSB1+M1,anomalous
3157562511803332480,AstroSpectroSB1,104.32485920416129,9.26579693579189,205.3234744464092,5.502126501769081,87.31613349113266,913.3911392807283,24.633335,0.4987838563344385,0.022015283,4.676418480423324,39.123726,4.59876,0.6986705,0.27524623,0.20754812205094295,0.29706151916643075,0.24976946735494623,2.0858928823617324,437.8897627027472,11.541165,1.7258635,14.879045,AstroSpectroSB1+M1,marginal
1648041387416304256,OrbitalTargetedSearch,236.70389119210162,70.37403966625945,105.2044167346212,40.17222050474814,59.11590389036052,1901.764526945155,184.15651,0.5810659576030578,0.019894727,9.12808782399195,11.291404,0.89627075,1.1622672,,0.22324401877068473,0.19207632910486366,0.1708458645407089,4.381000482475895,434.0936584125607,7.6319504,0.66765594,10.551826,Orbital+M1,anomalous
5206768138315619200,Orbital,113.18602777879704,-82.10827890570387,294.32835498760255,-25.452365883160734,107.31429572876606,2185.699111926328,306.5718,0.6680805978098093,0.032285307,6.907606871417673,9.834694,13.560221,0.78459096,,0.22656767927773747,0.2887717179509536,0.24383946227341846,5.052380301387655,432.60779702708004,11.341179,1.3843756,8.513013,Orbital+M1,anomalous
2082468670765740160,Orbital,303.01991264798954,46.14427354145993,82.02458620693325,6.6777178976186535,294.34774073766846,930.4316716478214,47.347282,0.34737153380654184,0.038544077,1.1771726420975221,30.973148,9.349077,0.9780888,,0.20817335565486944,0.21283686765116105,0.18714515952694408,2.153770418304359,432.00132369741647,12.117527,0.8623667,4.6777606,Orbital+M1,marginal
1425054347629420928,Orbital,247.27615027397167,52.90189979899886,81.19233238180833,42.53692745510883,195.49137051371378,972.3342301966072,55.8729,0.4735942511550303,0.03769332,2.2652748491695083,16.905575,0.55178446,0.65508395,,0.20918518953294696,0.3193257721379166,0.26546011215086796,2.267245633922189,428.8614412345484,13.883605,1.6595125,6.038847,Orbital+M1,marginal
6815161127841459712,Orbital,321.5405796721887,-25.350119779045038,23.001842937815105,-44.258596620823575,83.58256703813666,865.688874738503,19.661,0.6154153277654559,0.015985072,4.7712224835062615,28.127687,10.931298,0.6789315,,0.20692137570943525,0.3047750523058833,0.2552440644577682,2.0195327805548158,428.65799608396395,11.752156,1.5204277,6.32946,Orbital+M1,marginal
3219897506768687104,AstroSpectroSB1,86.1515622086929,1.4640709344515053,203.80702664537654,-14.130501416578566,94.70944920934288,1240.0222549021462,44.426098,0.7685684549056648,0.010167801,4.740685366936725,31.478386,3.716304,0.90657413,0.18035477,0.21450218771950152,0.2366074440109051,0.20537165348519665,2.9421826312810757,421.46338630318803,10.108374,0.9213543,11.152149,AstroSpectroSB1+M1,marginal
2302466619459852160,Orbital,287.50602181627255,82.7772514355728,114.89558252244042,26.314686650574746,160.79051171465673,1727.7694565976287,171.06871,0.6696911269683437,0.031278044,4.308195667497604,11.4574995,1.6909546,0.63595235,,0.22194725097854107,0.348999810701072,0.28585816327460195,4.138768010151602,417.45984610873154,14.134713,2.068242,9.754464,Orbital+M1,anomalous
2161907973552254976,AstroSpectroSB1,316.14958164533664,43.26758252313568,85.39741891199164,-2.474158793631174,134.1458008396218,2680.698759573084,458.8338,0.7299996297727799,0.03656208,6.251403468849934,8.714746,3.0026922,0.8391776,0.23489274,0.2325433358306725,0.27710860427878814,0.23541355028692604,6.4583305990071755,415.07611270088614,11.220746,1.028286,9.440697,AstroSpectroSB1+M1,anomalous
1034706519810416896,Orbital,125.04680507334311,56.006484974240166,161.83093492523392,34.46932853198193,131.750048650388,1015.7667469578626,38.469833,0.2434445002383653,0.01474046,2.987417888167913,61.299385,4.6864142,0.8804341,,0.2109777700657036,0.23962925908694577,0.20765638981315399,2.4796480354465285,409.6415025187016,11.193903,1.1704006,10.645289,Orbital+M1,marginal
5711237164210212480,AstroSpectroSB1,119.60957129750436,-22.445725814098655,240.45975828195654,3.6098927207018594,161.2603759204227,1172.1072586132784,62.721607,0.6073815405925369,0.022317914,2.876990534383821,24.284355,7.420768,0.79176426,0.22312552,0.21407564113806493,0.2703780053382969,0.23050625549318798,2.8828934176096936,406.5732196180575,11.911256,0.9899492,5.7365065,AstroSpectroSB1+M1,marginal
4508911509792048896,Orbital,280.1800227189884,14.70264745844045,44.92573580689444,8.973231132744296,93.96768009139173,1019.044300386611,23.035892,0.22591664033323672,0.012944021,4.793534300608526,48.992165,4.578341,0.6852386,,0.21132633282189242,0.3083981738486373,0.2578013446406861,2.5226867826776163,403.95197191503206,11.971133,1.5263128,19.54643,Orbital+M1,marginal
5790196628947902080,AstroSpectroSB1,214.48697871983535,-75.06427349246056,308.5299157273267,-13.140856267024379,79.61740113037575,1533.2278584213602,61.810024,0.8239950117297642,0.011449259,8.057679121850317,27.275478,2.732251,0.6250565,0.24469297,0.22043454654670397,0.3526633907682093,0.28833711895078706,3.869504000834211,396.23369250705457,12.271295,1.8334742,17.405773,AstroSpectroSB1+M1,anomalous
4539459340118178176,Orbital,280.56319625835863,28.853824694103366,58.221432595911146,14.553229009108486,102.47073950234669,1043.6200999021507,25.494692,0.920195512793529,0.044484384,4.429897967117318,9.170399,10.631718,0.7027243,,0.21251054056428928,0.3024095612253792,0.2535695700121375,2.6732632620719325,390.3918161405791,11.902294,1.3661184,14.134542,Orbital+M1,marginal
2245822391738484992,OrbitalTargetedSearch,313.066891292311,66.2860552586031,101.96750500650042,13.73303091645239,47.40700579234827,1971.7207913681038,217.74774,0.22727359634074917,0.049604796,14.759044948928674,10.263451,-0.13568366,0.77041227,,0.22697202765244326,0.2946111291243211,0.24802164930491388,5.139220737512647,383.6614327491224,10.069902,1.4586172,28.734678,Orbital+M1,anomalous
6188215921190921088,AstroSpectroSB1,202.93245909820325,-28.257301107240238,313.6131583295845,33.7773902731111,137.57742405435286,1067.4125648303689,81.84797,0.2417349408447496,0.047285505,3.2570787245338324,15.451796,5.178367,0.7470653,0.22227703,0.21340427498859366,0.28565678710755193,0.2415986570995623,2.791461471481947,382.384845979513,12.050563,1.2213469,8.901547,AstroSpectroSB1+M1,marginal
443758121267219840,AstroSpectroSB1,56.978281686131155,52.46628202662376,148.036735323944,-1.5847512424796233,52.27989841376564,1531.3524155229654,144.91156,0.5672879493377598,0.019638423,10.90304387373796,14.06646,3.4223373,0.79382527,0.20263705,0.221453619470018,0.27897023210159055,0.2367650381522089,4.049348928926737,378.1725019011499,9.559913,1.1594515,12.947509,AstroSpectroSB1+M1,anomalous
5813861903051528064,Orbital,262.47710640092504,-64.39390513123449,327.87075563672545,-16.095393415603713,159.2530131122074,1029.134397227301,24.568365,0.17956721166798734,0.020563612,2.8047465327932266,42.083466,4.876322,0.7153641,,0.21309227122510968,0.29787945978469677,0.2503519535623104,2.749745903884825,374.2652714832108,12.788015,1.4128523,10.807243,Orbital+M1,marginal
4553076933371860352,AstroSpectroSB1,266.7664911356687,21.316331200550227,45.879006230117426,23.3023008752364,124.1831948296073,1079.8701110151765,56.81939,0.2758506452299346,0.011174995,4.005803348764643,14.625883,-0.2445702,0.62082386,0.22380532,0.21412745695542423,0.3449085492579521,0.2830797411669747,2.8900457034911957,373.6515688006891,13.164336,1.7797031,6.635059,AstroSpectroSB1+M1,marginal
212688635923832832,Orbital,82.50745751928342,48.826333827300076,161.4920977213207,8.01615525346561,83.60539241562587,1944.9595730612639,148.9353,0.6147788097105843,0.02273448,9.20652375595893,15.193299,12.590747,0.6275775,,0.2273760639091118,0.3623075553718593,0.2948224927425587,5.227149313159829,372.0880075425911,12.7669,2.1127787,15.902723,Orbital+M1,anomalous
1485854454428453888,AstroSpectroSB1,213.95089000416064,40.124448444729325,74.98778813492623,68.24772369473135,123.9284863633063,2701.987112195782,589.4012,0.7981478741568326,0.030112935,6.673624627128029,8.567127,5.9432287,0.8890185,0.21992788,0.2355784013292412,0.26498707022007784,0.22655168283977045,7.27991518810819,371.156399817611,10.61214,0.9566784,2.1476417,AstroSpectroSB1+M1,anomalous
5296900329130565248,Orbital,136.97014945566335,-63.926729970535995,281.174921199515,-10.965352627967881,170.7137118706595,2797.8414314563133,383.92908,0.7959351258489149,0.024112677,5.821527593471993,11.072165,-0.93380076,0.6528495,,0.23652247141219948,0.3622924932542477,0.29481240919611723,7.55135415632038,370.508570189965,13.696308,1.7137222,11.078395,Orbital+M1,anomalous
2303704806991617536,Orbital,314.23147328372636,85.15647373138832,118.38671161468235,24.534118333125008,228.36753703441693,908.7874323701463,27.332375,0.26457134211516947,0.02678557,1.572615681514013,37.33399,4.965898,0.90805835,,0.21079354705933498,0.2321365671558831,0.20197812054305772,2.4571330313444713,369.8568293931096,11.879397,1.1276131,5.5572996,Orbital+M1,marginal
1980680832072710272,AstroSpectroSB1,327.9594372232493,51.274275722512805,96.7055491918645,-2.214845991329107,107.029380841002,1109.6207000163342,43.15739,0.3143925675952341,0.019087212,3.965008247069343,24.62719,4.9067187,0.8812233,0.35225955,0.2151054603343389,0.24409869237205434,0.21102256478479212,3.0276507759947107,366.49560405518605,10.525515,1.083725,7.294136,AstroSpectroSB1+M1,marginal
1950156190252758528,AstroSpectroSB1,323.1486925581094,33.60936762798237,82.21758421665538,-13.114665179562845,264.0781693065165,1111.3843712025803,100.577126,0.6716891959795188,0.026472716,1.6285536726356147,12.157242,3.555655,0.86266494,0.24052444,0.21532531574450295,0.24960480745913505,0.21514825144344682,3.0592740446039905,363.28369247039586,12.643047,0.9705286,2.8850076,AstroSpectroSB1+M1,marginal
5251978372856569088,AstroSpectroSB1,158.3318932167248,-63.57723719746959,288.2723096488877,-4.707748341660005,164.16733834656128,870.2149515535485,19.855743,0.7395076079349326,0.032327354,2.0999742382236137,42.12972,1.6265926,0.92502207,0.17933026,0.2103276025131314,0.22737576791503405,0.19834708197618353,2.400896402298503,362.45418616165466,11.251447,0.8703556,4.4196324,AstroSpectroSB1+M1,marginal
5387113093523420160,Orbital,166.68112536565883,-44.689858398192186,284.04653352720794,14.307987642344433,188.67562144444662,1002.524523006345,23.017239,0.8089396255276765,0.035792578,2.3708117682839656,21.363665,3.4476001,0.6902319,,0.21325016353913917,0.30895436385920605,0.2581931188456455,2.770795385231394,361.8183169893732,13.793211,1.7398577,4.185797,Orbital+M1,marginal
4368924227657625600,AstroSpectroSB1,264.4965235268733,-3.338704134953734,21.288331634728177,14.675610747830584,135.32810418758518,1499.7654617547682,123.23824,0.34558347570789144,0.03958069,4.161997629161616,13.358077,3.2216065,0.7949185,0.2396434,0.22214294904346246,0.27945374943635315,0.23711564690950798,4.17463983069621,359.25625265369314,11.712448,1.2109623,8.259191,AstroSpectroSB1+M1,marginal
1146337324038514176,Orbital,157.76666053128412,82.55873989737904,128.03243078661026,33.12404657060091,22.687680444003213,2886.719914712987,588.82874,0.6072908321913533,0.060054827,31.010585542208283,7.183496,14.47973,1.3187896,,0.23820356178806917,0.18062286929512128,0.16169575158669638,8.054132693279174,358.4147449075218,5.144055,0.5488572,9.923698,Orbital+M1,anomalous
4535624350943076480,Orbital,278.05007903640256,23.850750191757253,52.5529919762115,14.632910009842833,273.1467051835945,923.3741709381268,35.24845,0.7075210376841973,0.032244176,1.4383046012411689,25.804193,2.863929,0.7892521,,0.21185697706503856,0.2684275105856735,0.22907793271704038,2.589321138452595,356.6085941313346,13.569424,1.4367085,5.314353,Orbital+M1,marginal
5269703427975965696,AstroSpectroSB1,122.52782158587742,-69.8716221186105,282.89321224505784,-18.968742263799168,151.3293664914765,1231.8348703656325,47.198235,0.8937565793401214,0.019452406,3.3195557232003576,22.192919,1.9130212,0.7457969,,0.21793825608266834,0.2922219850588361,0.24631345508325841,3.4551499148434033,356.52139580793346,12.365255,1.2948456,8.269867,Orbital+M1,marginal
1069751941116848256,Orbital,148.06375155850702,67.4301710963997,144.11979604313296,41.56414716663751,82.12882012751956,1353.2198290639378,35.501957,0.18665521185700204,0.009948137,7.01711723991858,45.403103,10.416613,0.6539208,,0.22001680798457918,0.3364578678758525,0.27730679221372323,3.7976042183187495,356.3351395430634,12.442277,1.9811449,28.084974,Orbital+M1,marginal
549542890887337984,Orbital,59.833871461669005,73.37315074059737,135.45441136485562,15.257546307130507,166.22451869841044,842.2535871620528,10.294025,0.31776605161868543,0.021377446,1.9576029824258738,60.49675,6.719192,0.9871597,,0.21021918219194888,0.21295356365891321,0.1872357590340287,2.387955521164413,352.7090767383112,10.905723,0.8324251,7.18925,Orbital+M1,marginal
1035268404611660800,AstroSpectroSB1,126.87841760625935,57.57560717735539,159.85622435930813,35.38967810882002,140.41182339176288,880.305667420373,19.388027,0.3526721427756787,0.018214088,2.376659359711716,52.144257,4.826386,1.0017818,0.34131885,0.21113621932306034,0.21076068146197396,0.18553138560878316,2.499141141289164,352.24327785115554,10.274683,0.80937386,7.402577,AstroSpectroSB1+M1,marginal
522630174838230272,Orbital,17.35538481275794,61.67064924083599,125.0641184773021,-1.1266267644397654,274.84511185050224,842.9908964238872,23.205708,0.7722569969450015,0.037631083,1.2573456700171353,29.693266,4.9674606,0.88742757,,0.210602630276701,0.23731810658975255,0.20590961622856438,2.433968045405645,346.34427432813493,12.802076,1.0368595,4.7545276,Orbital+M1,marginal
4840171303548126208,AstroSpectroSB1,66.47861197486576,-40.76792543416124,244.6136995478828,-44.23188866624891,65.07743659116748,1398.7828720655189,42.44472,0.5077816473121912,0.0096015,9.432443656445024,39.664097,6.919785,0.60935616,0.26428244,0.2216601586215919,0.3637612473260796,0.29579502603458563,4.086577782631917,342.2871034072543,12.166533,2.0493116,28.330397,AstroSpectroSB1+M1,marginal
1346174868057439488,Orbital,268.9178931374078,43.0447234727065,69.55389579204905,27.901195776762293,176.10497153072643,1610.290318338339,210.48979,0.6297173158843379,0.04875887,3.7806891361260964,10.020942,-0.19233173,0.6407313,,0.22492032671915865,0.3510369096474991,0.2872376114622552,4.710311193925848,341.8649537242632,14.04455,1.8617687,8.551047,Orbital+M1,anomalous
844039521242735104,Orbital,171.36369223560777,55.616263145309055,145.6241653524573,57.560460332089136,163.27405940861829,1192.4880764783827,59.988884,0.871801128282633,0.03507796,3.076831913363525,23.132181,14.389341,0.7162488,,0.21817660315745632,0.30461007407289986,0.25512740423209357,3.493150150395557,341.378991780055,12.860897,1.5549564,6.637609,Orbital+M1,marginal
552562386037467904,AstroSpectroSB1,80.79466228796142,77.98234628539342,134.953438097213,22.1095444263249,176.79642307271502,2898.547579011845,678.07306,0.5828093836321199,0.067652166,5.18554734080339,6.125934,1.578099,0.821669,,0.2397763594453152,0.2918162478448225,0.24602296072002525,8.547738657648587,339.10109972983327,12.276883,1.2942886,12.09411,Orbital+M1,anomalous
5803341221739398144,AstroSpectroSB1,264.4720348801788,-73.3735497591314,319.8274856031719,-20.891006283394606,105.75317411743795,2312.2741509477864,215.64795,0.6493348816228364,0.02412829,6.278050119693415,19.055809,4.096447,1.0926266,0.17499767,0.23426602225710022,0.21440630159872387,0.18836268428128114,6.915255614586048,334.3729111141759,9.299287,0.7236109,14.402795,AstroSpectroSB1+M1,anomalous
4886618664731418752,AstroSpectroSB1,59.41251134181213,-31.607394773574477,230.80441735517235,-49.48358605815832,143.74811087270507,884.5907800200321,5.099881,0.4220512106074569,0.010933341,2.624030708223791,89.13612,1.3593699,0.8105794,0.30003965,0.21233928446476913,0.26195987641913,0.2243215922522324,2.6510658665553017,333.6736333788029,11.502082,0.97528744,7.663891,AstroSpectroSB1+M1,marginal
1512846331018058624,Orbital,211.61694712975654,52.855182649129844,99.53220905966413,60.73061601343443,226.75759118496384,924.2984022535823,19.908207,0.6087447865656219,0.028670846,1.5550828012030036,32.509964,7.873181,0.9775979,,0.21335180060184092,0.2182408557605346,0.19132891812664984,2.7844113307814076,331.95469075834797,11.23903,0.8264208,4.67283,Orbital+M1,marginal
816839660859994880,AstroSpectroSB1,136.38615184138615,43.32491914557077,177.75479332906724,42.10301619750815,170.47662700965597,1270.298412202068,156.00775,0.41686544845977735,0.059181966,3.0139531444508925,10.759929,5.29246,0.7559121,0.55875045,0.22026375284148456,0.29138804038796096,0.2457162522860958,3.839980760782958,330.8085355987718,12.162978,1.2165194,8.289107,AstroSpectroSB1+M1,marginal
5870183832126381952,AstroSpectroSB1,201.74024986173336,-59.316915987862586,307.45749670331014,3.2423380664214223,153.71586643802485,1070.1800563922804,23.904993,0.2538166208970703,0.011664765,2.919375338935328,37.42663,4.4776697,0.76546544,0.17506702,0.2165216911051322,0.28286279203845965,0.23958282660277763,3.2358873676329205,330.7222825790523,12.181594,1.2523146,8.908778,AstroSpectroSB1+M1,marginal
6468132241386811904,AstroSpectroSB1,308.0269083610091,-57.10456355972215,340.37265172691815,-36.04556662616615,146.21565886294664,1870.844824860042,163.20181,0.6240358707627873,0.027048402,4.403950767844607,14.418834,2.771619,0.8600789,0.2956117,0.22945558040566502,0.2667843474310023,0.22787248391952047,5.698385589783812,328.311377912743,11.240225,0.9747114,8.483816,AstroSpectroSB1+M1,anomalous
6154740297547603072,Orbital,195.47705245519066,-36.84732682355716,305.2618377739501,25.977051991162327,171.13434348514954,951.7551426883648,58.227737,0.20097626058576432,0.021079052,2.640481137588996,11.754279,-0.2020526,0.6364009,,0.21423635052121665,0.33663742113294226,0.2774299311194539,2.9051215711876948,327.61284489008864,14.201761,2.045188,6.700275,Orbital+M1,marginal
5696929906586027776,OrbitalTargetedSearch,126.721403167942,-22.889863457422912,244.42283894308196,8.877337761412587,113.20914441960105,1820.7998000362632,137.73894,0.8440430643318408,0.0169519,5.187308572131399,22.058424,0.078396134,0.98426294,,0.22890557156869046,0.23256546752507806,0.20230435485971746,5.570660481588758,326.8552815333253,9.980662,1.0069523,6.017463,Orbital+M1,anomalous
6679954359069838336,Orbital,307.7516550861634,-40.53480971610843,0.827182032719129,-35.524682308393594,133.9550563750313,849.7664987693345,13.860984,0.71269511139399,0.038307067,3.138521487779314,27.729229,0.020564606,0.62153476,,0.21209284867613135,0.34124052377946246,0.28057964119371814,2.619375902475667,324.41563578797127,13.534094,1.861145,4.3826385,Orbital+M1,marginal
1710312464677345152,Orbital,243.53508440470375,80.15349375510002,113.84882246556641,33.07355054756894,199.01881209212047,1408.8313947648585,124.092415,0.43154640069545186,0.047380395,2.893461894048485,15.855038,-0.6106042,0.70704204,,0.22309957873178995,0.31553934080611257,0.262815487266554,4.353487024644666,323.60987566739055,13.31622,1.3771439,10.267734,Orbital+M1,marginal
2150572833294418304,AstroSpectroSB1,275.9746647017301,55.389347018096345,84.13547692998681,25.841690876710153,172.08203456544618,1114.26313272189,81.455185,0.5749329450134937,0.028322678,2.5853461798596507,15.235932,1.5804057,0.829091,0.20080541,0.2181101958842069,0.26307147538887043,0.22514128589497023,3.4825301796528136,319.9579257725126,11.865298,1.0654202,4.387317,AstroSpectroSB1+M1,marginal
1940445612790173824,Orbital,355.4994586501466,48.98101466055041,111.36886381496247,-12.325444559166913,233.21822505839864,1257.0626296207959,127.66337,0.2621103935615758,0.05609253,2.2548436913190444,17.024614,-0.32503417,0.71581507,,0.22084594454171913,0.30852374395726234,0.2578898133616162,3.9413428693429324,318.94272365864043,13.781097,1.5394812,6.7949843,Orbital+M1,marginal
5677826437508435328,Orbital,144.9644403913251,-18.936017933582477,252.40797115159177,24.611455872882832,132.8922799015203,1586.8590168980293,327.63303,0.763508798038197,0.047652934,3.627006504447683,6.806856,8.180889,1.1705809,,0.22620521074198124,0.19324184916039583,0.1717706135932838,4.975508342139322,318.93404809682755,9.250971,0.6679144,9.474179,Orbital+M1,anomalous
4739320734090403328,Orbital,33.682497624464695,-57.02932055487086,282.33295719896455,-56.64206191146658,140.38989540320816,930.3681251884267,13.54368,0.18931184437969156,0.014898919,3.337057572449139,49.024376,1.996436,0.57388103,,0.2143311206098631,0.3734765733221319,0.30226128751648296,2.918291818815032,318.8057202470592,14.353628,2.3461485,11.201485,Orbital+M1,marginal
5477023045542511744,Orbital,96.18723236098354,-64.17718284643772,273.85512382188523,-27.096780342797516,168.51003399583055,4961.740996024694,1378.6667,0.9124485568256999,0.020913573,9.031160091732335,5.795265,2.215469,0.6853111,,0.25690585362809576,0.3748747999134904,0.30318716520398165,15.598409757832785,318.0927461873568,13.435453,1.6738195,14.87869,Orbital+M1,anomalous
6115391628248611456,Orbital,208.38401652544073,-37.778151320021664,316.26706055120565,23.48031755691248,206.97830061385258,1705.6168744313616,288.22467,0.6990027080812513,0.056577407,3.4164103758689044,9.488146,0.4462746,0.62848955,,0.22832826032341685,0.363296826329492,0.2954844663137206,5.439001835226172,313.5900531205532,14.2602625,1.7317619,6.320974,Orbital+M1,anomalous
5580635180188619520,Orbital,99.86395120482614,-36.20261422762261,245.07984757218566,-17.869683916374427,241.07074781293142,913.3513521120916,26.526688,0.5941681246017881,0.021564662,1.7506895003804344,31.2321,0.8156427,0.6904781,,0.21429672985786968,0.3103599289485881,0.259182241352005,2.913507161665423,313.4886243389223,14.099923,1.6157598,5.5966415,Orbital+M1,marginal
5047454229209985536,Orbital,46.975659247565446,-36.50777584537845,239.5620846167019,-59.714129708420586,272.2148157978729,965.712075264568,41.869003,0.6006756615140753,0.023937734,1.5871601338132524,22.588213,0.27235088,0.71836585,,0.2159520469620624,0.30061569260833787,0.25229713638504436,3.1508327018899447,306.49424029568786,13.860402,1.3093863,4.532233,Orbital+M1,marginal
2137497715898192000,Orbital,296.8082274756803,53.97330960568444,86.88875905299213,14.039593861831131,154.13229813826922,1788.7701553504019,199.80731,0.5341642508870035,0.03836361,4.7467959212282365,12.785689,-0.7897343,0.63424695,,0.230224650712261,0.3629889783290994,0.2952785338752847,5.880788179405684,304.1718390086915,13.558331,1.702548,13.962912,Orbital+M1,anomalous
1801694250451655680,Orbital,304.40774555216626,11.037519961642595,53.070244663612456,-13.505202676923007,79.59392314578834,1565.5213626183413,137.68967,0.1613340683532561,0.0475929,8.216855157669626,13.275305,11.860335,0.65058464,,0.22723584154595977,0.34927944533557365,0.2860476773469301,5.196501840655761,301.264468025433,12.345413,1.967042,24.546236,Orbital+M1,anomalous
3354559849786279168,Orbital,102.5802111643614,15.076131430893847,199.32978440472635,6.569815150755295,129.65095565875842,930.9061272546145,37.00727,0.7667058140381261,0.030820003,3.3728453420216584,18.559717,-0.807897,0.66747075,,0.2157443108227229,0.3232266129874487,0.2681745908949027,3.120251814051776,298.34326930357406,13.371282,1.9209814,11.703279,Orbital+M1,marginal
1212693293156322688,AstroSpectroSB1,226.16449208174413,18.952676782630594,25.10627093001854,58.38493398796469,115.55884052398488,1155.3252683345715,103.75002,0.5165870123001126,0.04043128,4.515252326110661,13.041239,6.362321,0.6484197,0.2649743,0.22049205402990532,0.3400452846190205,0.27976310557320805,3.8794843150858327,297.8038250707582,12.723088,1.7072744,12.581584,AstroSpectroSB1+M1,marginal
6556759716172031488,Orbital,348.689021006948,-32.12860691141844,13.692858153143689,-68.45336863359256,152.88546780224132,1050.2959777617702,48.977703,0.6401471065535788,0.019523185,3.185848785002535,21.23266,4.5463896,0.6453383,,0.21846807493788548,0.33853263627873065,0.2787284074876314,3.5400611158431112,296.68865688823814,13.782066,2.0227356,10.996357,Orbital+M1,marginal
2851573034292125696,Orbital,358.8941126494912,24.609562691755112,107.0841287598993,-36.5371603947461,295.1351596473714,973.0381579678225,39.85238,0.28068226913002386,0.03137647,1.4896707296503486,16.877378,1.2665565,0.7061481,,0.21688507877879956,0.30713823696630205,0.2569130752477159,3.2910712248985523,295.6600120369065,14.326993,1.5240993,4.054505,Orbital+M1,marginal
4557034346292276096,Orbital,262.4791199320443,22.734512179414,45.798804233077455,27.521323566330203,72.08965126181839,1114.8303834973099,25.922222,0.31251672303470857,0.011876248,7.138369904555124,54.686058,13.495688,0.6326875,0.23076561,0.2198961314845054,0.3475588317070514,0.28488079474628913,3.7770285059981927,295.1607015215477,12.258766,1.9762907,27.780508,Orbital+SB1+M1,marginal
6768495075518477184,Orbital,296.0298645249378,-23.75007661566062,16.470411966415064,-21.669665249304323,138.98870423231355,900.8542143243812,26.804974,0.47237129861650706,0.019028084,2.9931538982448163,25.446606,5.042749,0.7034267,,0.21538573832003322,0.30619499173198506,0.2562473641246429,3.0680098631504604,293.62820020380155,12.754137,1.7122602,9.90205,Orbital+M1,marginal
361305057100138112,AstroSpectroSB1,12.534069913467459,33.306061645651035,122.61924817757406,-29.5648981270445,56.04891617926729,1258.0120617700206,25.382225,0.2677484291761261,0.010637426,9.94576690027829,76.63331,7.6726017,0.6472869,0.22888139,0.22276020978109473,0.3441444783693963,0.28255966760723605,4.289371539938992,293.2858695164265,11.225069,1.7279797,11.982232,AstroSpectroSB1+M1,marginal
284431361616561408,Orbital,79.13632234072841,59.770637575519395,151.08445369424965,12.339784657236889,172.32553981667368,956.169948541584,21.950106,0.5994452684712661,0.015195061,2.4548823197504688,39.74122,4.630881,0.74337775,,0.21675626041495447,0.29158292917522555,0.24585585965047596,3.2714258597580232,292.27926584046406,12.662587,1.2321806,9.691866,Orbital+M1,marginal
728504488663060224,AstroSpectroSB1,156.74876003132306,26.641075783455527,205.38394517451547,57.901082276460926,29.777184200861292,1184.6203955482179,16.617367,0.8645908424342652,0.0039000239,15.674022469985562,58.86533,1.7781436,0.8387517,0.28294763,0.22148243310849847,0.264061986466012,0.2258709119090742,4.054526715203152,292.1722999397878,8.017824,1.0052433,24.303293,AstroSpectroSB1+M1,marginal
5786577487645569024,AstroSpectroSB1,214.4324915159017,-77.89598638017615,307.5277812407842,-15.80119485418793,120.90897113349361,2722.943897995476,608.90735,0.8456651603864948,0.032512248,6.90147089649172,6.2918067,2.1866302,0.92517704,0.19848034,0.24245979354426095,0.2620685378690857,0.22440176000007192,9.443915644428955,288.3278504930064,10.455621,0.85576725,10.146251,AstroSpectroSB1+M1,anomalous
4610406603507378048,Orbital,270.43815646739733,39.039357233755325,65.49328533744816,25.84217317712646,94.6946224266323,1667.7153274355871,111.02777,0.5122958575473138,0.028250216,7.304071826421791,21.002346,12.127887,0.6451087,,0.22990331439904227,0.3563791876792589,0.29084275870093024,5.804032026827289,287.3373750742767,12.8511915,2.0274687,21.065826,Orbital+M1,anomalous
2231708300272324992,AstroSpectroSB1,349.70212867684444,73.7833838796622,116.48325525956064,12.082543168925282,154.83798516493107,955.3602059330716,22.133698,0.2188546086849896,0.020107256,2.5820539921131704,44.34981,3.1610765,0.83047026,0.23385704,0.2172472869701695,0.26159550365449624,0.22405270248488512,3.3468016122952724,285.4546867741812,11.606817,1.0629168,8.187795,AstroSpectroSB1+M1,marginal
6782280443069552384,AstroSpectroSB1,315.02110657196465,-31.357032772539046,13.442031265480127,-39.928702436120034,226.85591210643528,1047.5342197959824,63.5629,0.43200443333522665,0.033677295,1.78632818718221,23.374987,14.545393,0.9225838,,0.21932046514227976,0.2377241620324092,0.20621681701660297,3.6800659156641617,284.6509393587664,11.565189,0.90945816,4.3142633,Orbital+M1,marginal
6644709926157768448,Orbital,290.04722472500794,-53.114116193429474,344.24255915922686,-25.565920112595734,176.867070432094,1184.606420113777,70.88652,0.3889568639275961,0.040964507,2.5040464561579223,15.571164,12.216791,0.9297206,,0.222104767272645,0.2388941063718305,0.20710121384086355,4.167622125881652,284.24036160984144,11.336076,1.0891047,6.5983815,Orbital+M1,marginal
2973549761901377408,AstroSpectroSB1,72.31302405384668,-22.63637810328281,222.12510795612786,-36.36876594749055,97.9805664753432,998.2909112687987,23.559248,0.9132143709864349,0.02228392,4.345926375603058,12.304558,11.864653,0.78511703,0.29493544,0.21832643397967622,0.27808138863031084,0.2361200770837991,3.5172038975317452,283.83083277297783,10.908563,1.1270084,8.09243,AstroSpectroSB1+M1,marginal
2285241189262952960,AstroSpectroSB1,330.4955696680955,79.8311689633215,115.68456852686175,19.4341501452161,229.38630589596207,1063.430398033873,87.901924,0.7868595520139741,0.026325354,1.8048586493597611,14.045168,3.5661013,0.9065687,,0.21981404961635836,0.24246816391621961,0.2097963255122031,3.763082917903969,282.59552638988936,12.292835,1.1061726,4.8751826,Orbital+M1,marginal
178891336410686976,Orbital,69.06035090123308,39.08269671833924,163.32988826253356,-5.556791196297876,168.1666881959847,1678.0088822012447,212.36057,0.6560115125570082,0.037335835,3.9594568531042755,10.582513,0.9687367,0.70618933,,0.23068993832219423,0.3266686808865924,0.27056140634325465,5.993325990323896,279.9795781024353,13.199726,1.569334,10.024308,Orbital+M1,anomalous
4341088063573747328,AstroSpectroSB1,254.13659348432205,-6.1342120102186835,13.186264778227601,22.118948913839535,145.3234406695459,945.7049766848177,19.97642,0.6984461450885816,0.020066438,2.7063411018881345,72.4411,5.4584975,0.8477323,,0.21756466734340035,0.256643124161958,0.22038819458235795,3.3962355417481374,278.4568281733595,11.620412,1.1096992,6.7096624,Orbital+M1,marginal
1201265175454950784,AstroSpectroSB1,245.71502516655852,19.829566418205072,36.205968369078384,41.31621781903715,178.01528533091903,1313.992759570064,118.9112,0.7049486525557975,0.020312754,2.942406655589943,13.445605,1.6397885,0.7883229,0.3910474,0.22508569006796922,0.2855247294830322,0.2415035051278517,4.743810785201864,276.990971829866,12.388691,1.380188,5.579963,AstroSpectroSB1+M1,marginal
1978573922962001536,AstroSpectroSB1,322.094297366398,48.210550994455325,91.83533460248394,-2.014053292115399,201.567982769359,1318.5744829360763,98.639946,0.735212166585195,0.022680983,2.6949504739396195,16.655024,2.631964,0.7384993,0.26635516,0.22521352237444342,0.3049610572652983,0.2553755707087879,4.769834026935089,276.4403280051531,12.957479,1.3212061,4.9168296,AstroSpectroSB1+M1,marginal
2644014685262834176,Orbital,350.883589552469,-0.8806679011004082,80.48681774862742,-56.32888748176519,106.46225771537567,871.3672666337603,10.842628,0.2884886329959143,0.029955864,4.039895889373878,106.501526,1.4242642,0.63334084,,0.21605555765288037,0.3411363132111842,0.2805084856918265,3.166157285034325,275.2128805326592,13.128069,1.9636793,12.158421,Orbital+M1,marginal
48190907450659712,Orbital,65.43887896235239,19.4793069131566,176.23619686256495,-20.96522171791361,118.60793764403978,841.9329678812942,17.722506,0.3621355425983324,0.015442037,3.3358533719492027,62.031864,10.733944,0.71152455,,0.21558382997950226,0.302988605448823,0.2539798238475435,3.0967858501685845,271.8731641826188,12.219226,1.4422779,8.332317,Orbital+M1,marginal
66816187748666624,AstroSpectroSB1,56.99900829163413,24.73108641902402,166.30327040023508,-22.91410265931268,132.16047642638233,1042.3988734847692,54.702473,0.28494792575113537,0.026323704,3.827968261677095,27.93931,0.99985886,0.5995825,0.5138665,0.22025511893713537,0.36734748161670994,0.2981886692061004,3.8384929784662085,271.56461646083113,12.904102,1.5783405,14.870772,AstroSpectroSB1+M1,marginal
808910227815404288,AstroSpectroSB1,152.24717384555586,44.22624583255173,174.3060646092445,53.33951248448186,52.17673605052845,1477.6798818225743,70.30289,0.40762949043347996,0.02356857,10.568920801174723,34.612373,6.2680454,0.85012364,0.19589666,0.228423153735425,0.2686940368982126,0.22927327215755722,5.460474786911651,270.6138091443005,9.309259,1.2261992,23.676962,AstroSpectroSB1+M1,marginal
6072099045131447424,Orbital,181.8034300838933,-57.70435294802139,297.0315015529152,4.659869665840833,208.22812736137766,1498.8580398551728,263.90002,0.8004768523195077,0.031359598,2.4132182708065275,6.2544246,10.630622,1.0322211,,0.22882878408566984,0.22168582755118754,0.1939835511967833,5.5530072732066955,269.9182562009553,11.028776,0.91887283,3.2817097,Orbital+M1,marginal
5352317158297442816,Orbital,157.22366409340813,-56.208963189260714,284.0191876735528,1.3370570643329653,181.19004936549223,850.0286364811426,14.491941,0.5675953222713107,0.018695317,2.324824806352092,45.54709,0.30580127,0.6385292,,0.2159959328288097,0.33827104397645635,0.2785493201925885,3.157322869278918,269.2244891240013,13.935543,1.7435932,7.3405604,Orbital+M1,marginal
4958803836477629696,Orbital,24.023877039232744,-43.36582450270956,276.7182331863069,-71.41759760133321,239.1358763169392,912.2873764992979,18.163408,0.3477124447620486,0.024615714,1.8788228009608392,43.94858,1.6575606,0.6252781,,0.21781429807332728,0.3483478675379432,0.28541613526744486,3.4355145193562135,265.54606925959166,14.762579,1.8523855,4.7821198,Orbital+M1,marginal
5414375140738050560,Orbital,154.5147620959984,-44.09060807433227,275.97399614420596,10.60681935792323,253.99658098505012,964.4167855404744,46.45988,0.7373477800908568,0.04140739,1.2400447543604147,12.800221,6.622856,1.3124624,,0.21906076253727957,0.16690821340593126,0.15058668654312454,3.636961856138437,265.17099262746984,10.181539,0.60105896,4.1923957,Orbital+M1,marginal
1108327550665516800,AstroSpectroSB1,110.48205277146032,68.23803346461534,147.49144846208318,27.85629412068744,161.51724336120947,2058.958944460863,219.77762,0.9211243131511111,0.021294173,4.285312069004577,9.950515,13.355191,0.89556056,0.30066156,0.2375009587399168,0.2651980989957661,0.2267068901157038,7.840930276365043,262.5911558819996,11.355346,1.0882854,5.4972606,AstroSpectroSB1+M1,anomalous
5818376326001406848,Orbital,252.70973102505573,-62.44575862759492,327.0138819588454,-11.38980572826839,169.81248506669496,972.7090484246554,15.406699,0.22521765694934154,0.014763995,2.660065519925756,45.083443,-0.45365348,0.6829519,,0.21956937851522862,0.3215004889439783,0.26697468676841724,3.7217511377037655,261.3578964403285,13.312034,1.5569735,10.0721855,Orbital+M1,marginal
4100071133399792768,Orbital,281.2953704411565,-16.221635880346607,17.74347892723073,-5.972738071394667,165.36026325917445,863.2977911741102,37.457973,0.25805692252210227,0.050258875,2.0971308491407132,17.55846,5.912641,0.95276093,,0.2169704038727678,0.22772806476532037,0.19861639723863272,3.304134106243097,261.2780726856473,10.190893,0.9093647,5.954616,Orbital+M1,marginal
5960203980204389120,Orbital,262.1652057761457,-39.95630850673194,348.82476635224316,-2.966681149825777,131.5572671127228,1327.4025937231322,168.47067,0.8723105673146901,0.02737342,4.487833155043078,7.0780873,4.3123097,0.6382459,,0.226753364648861,0.3552758764919076,0.29009967850097285,5.092116369918256,260.67797695370444,13.568389,1.9546766,8.729996,Orbital+M1,marginal
1966294753204632832,Orbital,324.03246954257514,41.11379613223649,87.98069960626776,-8.140002903304303,261.5143507130948,1113.2344164039218,67.72546,0.7726424911891926,0.02857906,1.9706970417239662,27.48124,-0.63886476,0.6432947,,0.22274604693638977,0.34625817637356804,0.2839974680171487,4.286711874918622,259.69424791934614,14.7914095,1.7987642,5.083506,Orbital+M1,marginal
5545537291566200320,OrbitalTargetedSearchValidated,119.65187943041204,-34.94386558147616,251.1410620349577,-2.8894597343884367,28.127635921836184,840.2365898127647,5.555746,0.6768613206770159,0.0046094125,12.766135835410111,124.29111,-0.39546886,0.86204356,0.2419018,0.2167413023973809,0.25142732057555384,0.21650871335569652,3.2691506205383627,257.01984623589925,7.756915,0.9379163,25.307331,AstroSpectroSB1+M1,marginal
395602913588528384,AstroSpectroSB1,0.14434741993653286,51.73480306773074,114.96711016467042,-10.348676327193639,127.18456632714617,1212.6591509377035,40.150845,0.4623951424661227,0.016365446,3.851370455052437,61.72123,4.237245,0.8089508,0.2481647,0.22506146841827102,0.2782140440130463,0.23621637060357348,4.738892374061511,255.89506053676902,11.386928,1.0865927,8.149052,AstroSpectroSB1+M1,marginal
5256553195890540672,Orbital,149.758475352474,-60.90213698546701,283.4555155009621,-4.727823974668314,174.37541930143627,1095.781715789501,40.693394,0.3908946241781258,0.030870676,2.554668078981199,38.547752,7.3629737,0.83868635,,0.22285465617320724,0.2657187123270859,0.22708964881598287,4.307140625121438,254.41048044689882,11.920029,1.0048609,8.332678,Orbital+M1,marginal
4605855827959975808,Orbital,273.299141368674,35.63438284825681,62.62212226169018,22.693270028397162,232.12007712759132,931.9252803555479,24.59895,0.21751968114252115,0.024376111,1.7089893793109365,73.548904,6.620807,0.8293943,,0.21929146818012882,0.2643995422049392,0.22611939366546333,3.6752335479238694,253.5689958756472,12.607687,1.0660458,8.960728,Orbital+M1,marginal
5264310873197292416,Orbital,115.30144539328336,-71.16975478536784,283.1027552529008,-21.696457144726548,133.04547507084314,2138.955931343025,434.48163,0.8057990910413918,0.021045342,6.686118607191397,6.215235,-0.36756712,0.58099174,,0.2400785346208754,0.41322193764197646,0.328127872653362,8.64520812855103,247.4152038374954,13.910351,1.9467773,5.9437904,Orbital+M1,anomalous
431542134775193984,Orbital,1.9274887010400732,63.25977742747232,118.03646767138592,0.8044143830894237,180.2662355590139,936.0186882709729,25.338337,0.3503407182746702,0.022973508,2.5852942070620557,60.808628,1.82887,0.6111427,,0.21999336495121308,0.35997053841766735,0.2932562595219427,3.793600302959763,246.73624354697887,14.73855,2.1976824,6.393894,Orbital+M1,marginal
485295505899384320,AstroSpectroSB1,78.74174570444889,68.53677429511126,143.36438846211897,16.935657320490648,127.58387245742628,1405.2710508178084,75.757835,0.2692063596845082,0.008986763,4.4721834329636305,21.469887,10.802347,0.75299644,0.2109121,0.22969210551900404,0.30503743694282637,0.2554295645422043,5.754007497978336,244.22475141221986,11.855358,1.2357216,11.614141,AstroSpectroSB1+M1,marginal
1572780194451696768,Orbital,185.5215415132595,54.90165166564446,131.8476060285859,61.71559893451471,224.87661952161645,926.101643799799,39.72756,0.21421305117208786,0.032992568,1.4793537111260608,19.51596,11.323682,1.1436596,0.19065696,0.22001060122802912,0.19237420192999904,0.17108231452821163,3.7965438255154154,243.93282057637575,10.831194,0.6729317,4.1484294,Orbital+SB1+M1,marginal
5772068259184509184,AstroSpectroSB1,237.07751363271723,-81.84851261102116,309.018496236102,-21.157690704846935,172.1382496578533,2767.359394635658,536.2164,0.9160114991312844,0.016552182,5.349726344647429,7.6786404,2.3403928,0.80880785,0.4130522,0.24761970613360995,0.30615393528773693,0.2562183739700166,11.371325131881505,243.36296452177598,11.8807745,1.2046051,6.6765656,AstroSpectroSB1+M1,anomalous
2485665528891893760,AstroSpectroSB1,22.966520560966345,-1.0128251292512922,144.98582207973575,-62.14098101557568,109.6352738759141,856.2568548228517,29.460224,0.873675876938626,0.02467559,3.9140599480596423,12.14084,4.8940177,0.6347363,,0.21880155999213338,0.34471253678007396,0.2829463586791963,3.594333362869019,238.22410677550013,12.763075,1.6656065,9.530963,Orbital+M1,marginal
4631853471159239936,Orbital,22.289808387477397,-79.15733562864699,300.69618985801804,-37.806653778370354,265.3145645382874,1460.10419891072,223.2916,0.6214025516584344,0.054962136,1.8273294421053707,8.333772,8.619145,1.0871292,,0.23144748271902335,0.21289785538887063,0.18719251009758386,6.180127452026626,236.25794293803983,10.841328,0.7832918,6.2081547,Orbital+M1,marginal
5920424955108862336,Orbital,267.4531741934717,-55.50228386723266,337.1768731280609,-13.99795644047492,173.08585207969065,1559.3593449923949,199.75117,0.5625936154177681,0.058254246,3.204866949767321,12.2309,4.468505,0.93202525,,0.23343495376202308,0.2504599020435381,0.2157868753749149,6.691789769873545,233.02575224533123,10.477208,0.88229656,7.8856554,Orbital+M1,anomalous
6060934771532374400,Orbital,190.33327976325936,-57.65617316543688,301.5751573760655,5.188954743739728,107.79556358468041,1085.4475165987008,42.088585,0.690278480668699,0.012689352,4.682301585787542,9.148709,5.839278,0.65846115,,0.22478606593047357,0.34138090718514114,0.280675484633796,4.683247998583714,231.7723761216482,12.637083,1.7080307,6.769329,Orbital+M1,marginal
1715243916063175296,AstroSpectroSB1,205.17443075049027,78.829904966873,119.92594476233324,38.00928653160484,112.2584080385968,955.1013471611234,20.403557,0.559273411463063,0.014359959,3.540269623830227,76.135925,4.330099,0.869399,0.22841652,0.22195178509250701,0.2552933489109025,0.21938622161523266,4.139596399129273,230.72330127691203,10.71236,0.9685869,11.288329,AstroSpectroSB1+M1,marginal
3544923383141316480,Orbital,172.93427391888355,-20.36813127699671,278.75475011569097,38.73296868092107,268.6758696165963,1079.5249297520634,144.08478,0.3659112395301259,0.14026278,1.8711703542504343,6.8271203,0.24685249,0.6594489,,0.22490415845821746,0.34104864086380204,0.2804486171519654,4.707045701579716,229.34235148593683,14.928171,1.9252195,4.451014,Orbital+M1,marginal
4699552601103823488,Orbital,35.28749540613935,-65.73981888144394,289.1318279473501,-48.91490458855892,266.43591319093537,1558.0552663398282,224.85301,0.7816653729908913,0.037110157,2.296861066988403,8.116324,3.6942017,0.7747673,,0.23402796188159136,0.30206226829156124,0.25332340102150036,6.850659378394039,227.4314310902251,13.311989,1.4513502,5.087048,Orbital+M1,anomalous
6881506282232464896,Orbital,314.90775393369665,-19.298977933897294,28.23153381862559,-36.61403092106762,131.70602709495475,955.7754470877309,14.0727415,0.4535553784748463,0.017686337,3.588616926874536,21.87721,2.0308032,0.6220467,,0.22236006550749102,0.3574652228982438,0.29157345860673933,4.2147201567848915,226.77079652586556,13.893925,2.140275,9.637095,Orbital+M1,marginal
3288709273762668544,OrbitalTargetedSearch,74.03699848047646,7.904485336171357,191.52914397033206,-21.240071876191116,62.186853040549494,1080.59898058409,103.81484,0.5258892420419763,0.036042143,5.1655029518081275,13.563087,0.50242674,1.5115656,,0.22521176225810827,0.14899238730656067,0.1358165344817835,4.769474962095531,226.56560505547023,6.328219,0.536829,1.9232943,Orbital+M1,marginal
1903730303899031296,AstroSpectroSB1,341.26015601515087,35.95570345382668,96.05712759546385,-20.234916984921075,110.38272524133646,1314.0655277829753,90.9233,0.4352088203951213,0.017699016,5.164080321535989,11.827317,-0.20459712,0.69309735,0.23077638,0.23019913746528117,0.33213102960934726,0.2743330648451741,5.874665251678606,223.68347326811497,12.032145,1.3520432,8.675422,AstroSpectroSB1+M1,marginal
6875003800529150080,Orbital,307.5383119285211,-15.38686047225248,29.49724043914528,-28.637538001411073,196.15382257887043,1683.1954632456368,444.3109,0.6827226617388389,0.08375235,3.2342014271408503,7.50304,12.516521,0.8123726,,0.23649037228223335,0.2911107108254415,0.24551754269485312,7.541997696468991,223.17634279226502,12.395146,1.1055632,7.976249,Orbital+M1,anomalous
4856644530352430592,Orbital,55.8098474374358,-38.133413959536476,241.10442657100617,-52.557093478867664,107.79940422797219,1316.3033142334866,34.884045,0.7468162372231114,0.015611284,5.435905383939523,30.110561,10.938099,0.65906996,,0.23060282186000436,0.3498912672144239,0.2864621484089916,5.972128994038099,220.40771650236218,12.550449,1.6440458,21.116081,Orbital+M1,marginal
2039089123119351424,AstroSpectroSB1,288.03755554712234,29.305036434742032,61.429885496808254,8.809046147334401,182.52534686387037,1271.4062976445332,163.58347,0.805592433318851,0.03262684,2.333236236873564,11.259606,5.048268,1.149812,0.21620785,0.2297843779085705,0.19984517580635025,0.17698788081435401,5.775820660258723,220.12565355302803,9.725193,0.74682903,4.9825764,AstroSpectroSB1+M1,marginal
5056640855018375168,AstroSpectroSB1,52.46071817878154,-30.057608974800154,227.3341543412021,-55.27625192317373,156.84437357424565,976.4536810357639,25.013174,0.19022559350663876,0.010308451,2.6451909825567377,62.643246,5.28253,0.8339593,0.19509165,0.22356986214443875,0.26808246771614597,0.22882496985077522,4.443565005230863,219.74556012712875,11.673959,0.9898987,10.016945,AstroSpectroSB1+M1,marginal
6737500529925684480,Orbital,292.64608457637723,-40.74361641595843,357.9645314915066,-24.34464080029821,112.78903215954551,1160.315725845704,35.644333,0.34566501239655834,0.010399729,4.715420909925222,27.873495,-1.280235,0.66186094,,0.22762676925809644,0.34391932583477036,0.2824063436439024,5.282294533457972,219.66130788358774,13.0806875,1.945672,15.1788,Orbital+M1,marginal
476983782110365696,Orbital,66.92261025044832,64.62897252591226,143.61726030527478,10.847685881689626,167.54669794242585,1083.9751570717754,29.331675,0.5978937382906013,0.013926411,2.931607788766186,34.45946,0.009974918,0.70171857,,0.2262847935734909,0.32247228965288954,0.2676504722589357,4.99230771307418,217.12907524369754,13.0332575,1.4415293,7.880133,Orbital+M1,marginal
2970654434251515520,AstroSpectroSB1,84.46534317859563,-17.440894486904725,221.07138515477868,-23.865731519575238,196.685565265205,1033.4744220169612,51.0579,0.33877498019874897,0.06940223,2.271480303926036,37.34568,4.0146036,0.78924906,,0.22552093942500126,0.2857411559029899,0.2416594411362642,4.83287059240602,213.8427674105073,12.499414,1.0406895,8.987623,Orbital+M1,marginal
6056221066435290624,Orbital,189.66192785902135,-61.72565486001528,301.4175854544728,1.108482311449407,182.7320054548573,1060.5347436034067,48.747116,0.7588737477354921,0.01762434,2.8638844483250963,17.893541,2.3063293,0.59900665,,0.2262188274417173,0.3776566192915921,0.30502570924364897,4.978379608284891,213.02809890963158,14.621433,2.04451,5.458631,Orbital+M1,marginal
4245826552241433600,Orbital,305.2733416530951,4.171534593025689,47.41425827281968,-17.774928457653946,93.77445711140146,956.9921910141783,11.199962,0.1565218013391171,0.011768255,4.904107430366299,113.225136,9.068912,0.66601706,,0.22386573562602016,0.336126130364785,0.27707922915052813,4.500975013687427,212.61886326939677,12.629779,1.9177418,25.563854,Orbital+M1,marginal
5015101683678658048,AstroSpectroSB1,22.15804991781144,-34.15756555325751,256.5338490409859,-79.35990149177958,107.81028728964048,903.2164694733052,8.067144,0.4987596085446724,0.014040137,3.7111270412465576,85.41033,3.4702249,0.80399764,0.24644542,0.2226638952167944,0.2769459576628984,0.23529535407917263,4.271309749844591,211.46124312482092,11.047214,1.0855379,10.511702,AstroSpectroSB1+M1,marginal
3583049773467433984,Orbital,185.74746664561312,-8.089645151204868,290.8614453572744,54.11404877509082,245.77675020994508,1009.0252339968026,61.12332,0.43744947866055073,0.024991158,1.7835134723521957,16.367334,0.9750037,0.79261374,,0.22529317433994825,0.284240811916614,0.24057774890039435,4.78610509529903,210.82387743384058,12.983799,1.1332483,5.7326813,Orbital+M1,marginal
1295779817749391104,OrbitalTargetedSearch,226.63279379639053,38.984005998403816,64.47626954328662,59.53296047394366,34.44334574877995,1899.0910882827757,99.837776,0.3316892259668709,0.022369958,19.952436884169114,23.48119,-0.27131265,0.8417102,,0.24151453810820597,0.2869331217358658,0.24251765732240071,9.120283280825277,208.22720411277956,8.300495,1.0450921,34.782272,Orbital+M1,anomalous
6493335040760042752,Orbital,345.870874581627,-56.96225465718207,328.18331264574556,-54.55069512595353,120.83654986313358,1346.2430765361041,81.20566,0.4872098266266642,0.02532668,4.992890791620314,17.469296,6.9990587,0.64958835,0.31525764,0.2325736061171903,0.358032294416903,0.2919546991650311,6.466151088738131,208.19851841705471,12.707656,1.6238918,12.254828,Orbital+SB1+M1,marginal
6662673914635968512,Orbital,287.56505535338545,-46.97807327954744,350.33787523220127,-22.530794727746688,220.44541650651112,1126.8492255899575,97.48221,0.5057320838960108,0.099288315,2.1353596580589915,11.030154,6.980666,0.8137742,,0.22830917771902315,0.2805559205938474,0.2379142229873943,5.434691672016682,207.3437268561385,12.575663,1.1054564,7.5440426,Orbital+M1,marginal
1601622308593722496,Orbital,234.993793355212,56.41628184028533,89.13417267615131,48.154645060649486,263.23317324333385,1051.2490421985533,29.779388,0.4115006751214327,0.020950316,1.6481888857649125,39.563484,8.624858,0.8609106,,0.22678172190517218,0.2634207586288764,0.22539865695221575,5.098206062281224,206.19979446812815,12.650243,0.9297714,6.068481,Orbital+M1,marginal
1395184701215970816,AstroSpectroSB1,230.3747083268986,44.884904109285,73.68262694146641,55.280595260989934,190.68382571028332,2485.1019042784806,366.28217,0.934226316933712,0.016629696,4.306779695217156,9.373044,4.122305,0.89005953,0.21913967,0.2495345271752512,0.28035712057280515,0.2377702476631772,12.159513379095745,204.37511163487758,11.662183,0.9559536,5.0061626,AstroSpectroSB1+M1,anomalous
2059375761178676352,AstroSpectroSB1,299.11501029646115,35.23038131439975,71.15774135476366,3.413677794876666,190.38950378401682,5449.835005543745,1255.9279,0.9235323710178259,0.01565227,8.340593949864001,7.114175,1.6672742,0.79676026,0.28794518,0.2742705702780242,0.34423224109288353,0.28261942330903633,26.69654921646121,204.14005425777472,12.304659,1.1008406,12.650887,AstroSpectroSB1+M1,anomalous
6844340585894469120,AstroSpectroSB1,327.7515695475059,-10.94691751952956,44.86208773052622,-44.69168788868387,81.86640099059736,938.9745592743575,15.971155,0.38607583409688684,0.015235848,5.393834613090846,157.60614,2.8397188,0.70737445,0.226734,0.22448943803517019,0.31735587412051036,0.26408544537332873,4.6238849186639746,203.0704863532081,11.4915,1.5324183,13.079658,AstroSpectroSB1+M1,marginal
990780171287102720,Orbital,107.7908987789194,60.06397983656383,156.41358386619422,25.67888655799448,222.6089923277561,1010.8050049700306,43.407852,0.3177857329006237,0.03172961,2.149300242141585,28.503792,-0.019358879,0.6744456,,0.2264076275703675,0.3356944100383914,0.2767829733966886,5.0183236590591545,201.4228403035165,14.176781,1.7290249,6.1432858,Orbital+M1,marginal
4381222303869962240,Orbital,254.2625466820696,0.14074519108212233,19.106784247941874,25.28410587698705,221.16664710111206,921.1667926560706,39.347904,0.6995094165653373,0.027947383,2.1146253725845887,43.138027,1.2530614,0.614561,,0.2245631727548928,0.36540419089652987,0.2968925977457736,4.638586209605462,198.58783496327882,15.130087,2.1558266,4.7133865,Orbital+M1,marginal
604725524057126912,Orbital,133.93542885169057,11.724333265501333,216.3172871583042,32.85136193990249,234.31501258699754,1027.5539591467034,88.75034,0.4773906502925005,0.030499492,2.0420198994872703,10.894747,1.413215,0.69312066,,0.22715925676893844,0.32773407344988836,0.27129858512022065,5.1798223305901665,198.37629431386856,14.1170635,1.6769094,1.846765,Orbital+M1,marginal
2181380083963333120,Orbital,305.55730913213284,51.9598745943334,87.84795364822746,8.48225418310369,182.60936024400166,1161.4374932745652,50.969715,0.6474473721587408,0.026027415,2.933158285186501,43.250847,-0.6306982,0.6654761,,0.23014678107338007,0.34583779446225715,0.2837117392073956,5.862115762241885,198.1259907481577,13.820502,1.7439747,8.99416,Orbital+M1,marginal
6469350122313120256,AstroSpectroSB1,307.93199720858166,-54.77452449322462,343.2539332902134,-36.15870760505017,82.49649958839844,979.8891876855001,10.168793,0.3061785327694958,0.013950746,5.866062957854551,71.070274,5.433891,0.63069004,,0.2261042899250918,0.3585030303774799,0.29227102099707863,4.954267942856706,197.78687769569467,12.496943,2.0933456,24.813866,Orbital+M1,marginal
487921208386905600,AstroSpectroSB1,50.97295202922353,63.759449858937906,138.84963155495072,5.704093194812696,138.31922029839316,927.6178304287853,26.577013,0.8140247393975625,0.0259918,2.899668440676332,23.959373,7.339407,0.841179,,0.224848849118822,0.26730201963727884,0.22825247154183528,4.695888225125507,197.53831138176056,11.344303,1.0470104,6.324889,Orbital+M1,marginal
433993495936591232,AstroSpectroSB1,43.21843379568538,45.97977299339186,143.9645337757983,-11.874108288921436,80.23820435986255,1502.4473704859736,176.63934,0.2612950053067297,0.05436613,7.864001683652443,11.727104,3.1277876,0.7086759,0.1972759,0.23675902141662508,0.3340864482806243,0.2756784877412144,7.620584005751691,197.1564606271633,11.490279,1.5491076,20.882408,AstroSpectroSB1+M1,anomalous
5372779859943767552,Orbital,174.24545077262528,-45.384833877879714,289.47704601534474,15.532829593264095,276.21302407438014,1021.2468921110267,78.64664,0.6036600268961946,0.061190534,1.7733090114920285,26.972843,1.36539,0.65767455,,0.227524931615696,0.34595368068634735,0.28379051702264735,5.259840002043591,194.1593074531249,14.820106,1.9602909,4.2517104,Orbital+M1,marginal
5192577562073227904,Orbital,152.32722635567941,-81.72849658834843,297.1948136870439,-20.72769121009248,181.9106530615324,1582.8063389358479,105.690384,0.5181810982948044,0.027024942,3.610424618827984,22.85964,1.4653211,0.7102517,,0.23859108602831858,0.33592470069112546,0.2769410188706283,8.173639029349735,193.6476926926109,13.258898,1.5941858,12.569546,Orbital+M1,anomalous
5867081766226229120,Orbital,208.9967051128391,-61.42395525061764,310.57200363704686,0.4866112432778015,252.62542128315098,1083.4095892415364,30.986088,0.2813589588195815,0.024914492,1.7654174656883004,59.056755,8.1329565,0.86266947,,0.22904994461859188,0.2655129839812913,0.2269384199130079,5.60396956724406,193.3289565978745,12.643747,1.1156836,5.3070903,Orbital+M1,marginal
4622163372104423040,Orbital,65.20486005407912,-81.14278975172128,294.6405496822797,-32.293749986933626,233.0935394991812,1349.3149648148037,83.54447,0.34519570154733004,0.038217083,2.4392058719074856,17.952951,-1.6335218,0.74501985,,0.2346902255989593,0.3150120424545346,0.2624464302263667,7.031533943579102,191.89482346834728,13.344994,1.2631578,9.711311,Orbital+M1,marginal
3129584721179108608,Orbital,104.74599493249593,5.535038390476229,208.85516527714267,4.194555147603861,66.13012464770672,1111.960947891141,60.586975,0.7214183227446015,0.046674214,6.212815450410169,16.363441,4.1068687,1.0444491,,0.22990494949787765,0.22012078088658282,0.19277875098200234,5.804420612550665,191.57139396252444,8.506609,0.76364136,18.326212,Orbital+M1,marginal
2554207949896176640,OrbitalTargetedSearch,9.533581036615756,4.396639898730414,116.60982037993585,-58.311711933338486,65.94261983948883,1081.3880335195536,134.91747,0.37421575803995116,0.0604161,6.580323575986787,5.875386,0.3613854,0.90844566,,0.22936829945141393,0.25248433724226194,0.217296587620766,5.677966336292895,190.45340698965543,9.292184,0.92509174,6.0639777,Orbital+M1,marginal
279022176725807104,Orbital,69.25696940075392,58.8231402269631,148.72788925209525,7.76709029969597,274.51756176784596,1189.3771416568072,136.1868,0.7730808210025515,0.07153294,1.909756433583793,13.23127,0.98288816,0.7251505,,0.23172029965048238,0.31954786141589986,0.26561493073164766,6.24849834998155,190.34607597524916,14.136467,1.5428238,4.97945,Orbital+M1,marginal
4866887138297037184,OrbitalTargetedSearch,72.93990734051125,-35.840351935847096,238.5389040004124,-38.81805349872377,30.976393222485743,1237.0911781113007,17.6798,0.4318244868875187,0.0044591613,15.92336558850476,61.771908,2.0277767,0.8652134,0.24243131,0.2327668163452889,0.26902821652445286,0.22951812117641793,6.5162416869685105,189.8473441501248,7.9469438,0.9490628,21.114048,Orbital+SB1+M1,marginal
929071077610198016,AstroSpectroSB1,122.57216398887046,45.10961518470937,174.77744934022792,32.33779405430266,108.74523411160533,1461.9936556583386,110.41532,0.607953249785525,0.024604071,5.135178757939818,20.714588,3.238953,0.87064135,0.2926797,0.23715709642924263,0.2723935593295619,0.23197927840639043,7.738199907732472,188.93200913528057,10.717585,1.1169863,16.281733,AstroSpectroSB1+M1,marginal
4477339205206875904,Orbital,277.81290017159455,7.1407771679070065,37.0309618913764,7.721809413108098,99.671525101042,1906.6574923819924,350.74188,0.4497163528565882,0.078373834,7.629512382764468,8.011596,5.289731,0.7062737,,0.24430902920228106,0.345912693424997,0.28376265544264223,10.102835526240955,188.7249859140702,11.892464,1.4556274,19.68595,Orbital+M1,anomalous
4956047841863116032,Orbital,27.204418683034195,-43.01863394718813,270.4184274802165,-70.30493921435159,236.89470858676202,975.8710767474105,25.527397,0.5854670731957716,0.027042488,2.0361629128526513,69.975784,1.6916046,0.63628566,,0.22715442874615804,0.3570007027971164,0.2912610132479902,5.178772225526037,188.43676343542714,14.944037,2.0252914,5.2796354,Orbital+M1,marginal
5862625518669425792,Orbital,192.67170093046926,-63.99747619247028,302.8495798630178,-1.125846277968371,172.71233333499848,1056.0642725881967,32.773987,0.5983304855894469,0.012048246,2.83989227853822,32.04192,1.9703376,0.6952117,,0.22936075175071438,0.32991497256355873,0.2728052823326551,5.676203239775224,186.05117328921023,13.094699,1.7275238,11.172772,Orbital+M1,marginal
3557736885491244416,Orbital,163.1421418070046,-15.166999918000894,265.05307353957613,38.80811511965276,227.71109152223974,2055.590817159517,389.54443,0.8584724942929427,0.07366654,2.9387482796121485,8.639219,7.131189,1.0150118,,0.24699624845591064,0.24334323159444504,0.2104546769243919,11.123469268217113,184.7976353054635,10.95285,0.78514576,6.916134,Orbital+M1,anomalous
6008689865940926464,AstroSpectroSB1,237.30351510492565,-38.74806128367149,336.8890647379291,12.131025778145144,95.40006628652415,950.4513223665267,21.041325,0.5094382910785498,0.011825012,4.094419949126656,39.65141,2.1407964,0.92580193,0.16308023,0.22699512533549712,0.24518756905820466,0.21184030686693645,5.144216158317712,184.76115565823116,9.871326,0.8948536,10.963338,AstroSpectroSB1+M1,marginal
422885885883328000,AstroSpectroSB1,2.775343971716884,58.336777038782195,117.644639927195,-4.120280493679968,260.90810483399304,980.8207954089435,39.03062,0.5487018013156688,0.03638146,1.3959327720248775,37.663483,3.3575654,1.1010059,0.15555419,0.2278630373659236,0.20695895900122052,0.18256711920558866,5.334677272026634,183.85756914519618,10.728679,0.7987585,4.3526187,AstroSpectroSB1+M1,marginal
485512040971337344,AstroSpectroSB1,82.62418191199902,69.59075461929022,143.1357962139635,18.663753747299847,255.34720161312802,997.3026544421084,25.578098,0.40476591398680556,0.017061953,1.6066566375775106,70.320335,4.870278,0.9058483,0.29508674,0.22840344615704514,0.2521431458559391,0.21704236511290925,5.45600984306569,182.78974619329713,12.304202,0.9195862,6.4108744,AstroSpectroSB1+M1,marginal
4317867069544637440,AstroSpectroSB1,294.14259062221356,13.714777174578575,50.283561984027074,-3.5006002387536403,119.54650392306235,965.824206788367,11.825079,0.45947531430471517,0.014664192,3.739492731488284,88.460365,-0.21930549,0.7339446,0.23248573,0.2277774415808703,0.3103469160697273,0.2591730901301827,5.3156534724702045,181.69435080566768,12.080405,1.4381886,9.341589,AstroSpectroSB1+M1,marginal
6616523872562839808,Orbital,331.05939383762956,-30.1536671633029,18.05223046849218,-53.39207162372717,155.1036948796132,1224.59623493962,110.54022,0.5753059220096219,0.02743809,3.563651193887474,12.927559,3.348564,0.6879375,,0.23367641704917305,0.33967681322366516,0.2795111960084872,6.756129120715431,181.25707976551269,13.058712,1.5632267,9.534995,Orbital+M1,marginal
2125820623233055616,AstroSpectroSB1,292.137685167268,43.09474661147221,75.49048948451573,11.931976339455918,187.73850651625747,1507.38437821281,153.17017,0.5343821206206416,0.04919609,3.0597542337385155,13.365253,2.7784784,0.8696794,,0.23918654206185064,0.2750284121153854,0.23390041180627716,8.359951066223532,180.31019156356683,11.863891,0.9976177,7.6464076,Orbital+M1,anomalous
5491266114871021312,AstroSpectroSB1,107.78709163528112,-54.12528565913678,264.8132442210814,-18.946462797755128,255.7698600528822,1401.3927391460609,159.2217,0.6942362155168849,0.041560043,1.9932393125003165,17.586926,5.182319,0.9813053,,0.23732513183643392,0.24184637701312361,0.20932816645332278,7.788269570553065,179.93634227102703,11.862189,0.8364029,6.197848,Orbital+M1,marginal
6547332503475517568,Orbital,342.1796104638502,-38.72118161511701,0.7255649786605787,-61.93451773841146,152.89055889143202,1050.9240321826767,55.8377,0.4426810104444727,0.053060923,3.024017377076236,17.53487,6.0972466,0.78014123,,0.23010686743458186,0.29495539690602046,0.24826746344052797,5.852562735181019,179.56647023454278,12.073759,1.2055368,15.285949,Orbital+M1,marginal
5206355649654917120,Orbital,104.55470364681618,-82.76046614458811,294.8277059567396,-26.681519064300232,186.30528524115059,843.5348184458603,16.22854,0.34239720751636665,0.029514825,1.6522282939337738,34.619114,8.058218,1.2175572,,0.22491880528990907,0.18472956079244984,0.16498973097837352,4.710003836846702,179.0942953903405,9.618591,0.6867399,6.273443,Orbital+M1,marginal
5387117835162998016,AstroSpectroSB1,167.18868090026098,-44.808647839190506,284.43648303394804,14.343952370309209,211.41235606603496,1505.87915197339,142.2231,0.4140378833486732,0.046107076,2.5744046998116628,15.348524,5.835647,0.96332574,0.29134357,0.2393963003680612,0.24851022940559814,0.21432995211368977,8.426362928917323,178.71045487556228,11.50623,0.838707,6.442573,AstroSpectroSB1+M1,anomalous
3411031278085081088,Orbital,70.61822093889734,20.42654046759267,178.736445876192,-16.60665163687739,186.67023522637277,1499.9409349980863,253.54088,0.6231777083858228,0.056439143,3.110795230721129,9.143355,14.565569,0.8473085,,0.2393408514230362,0.2824719057599179,0.23930036072929461,8.408767408115894,178.3782167110946,12.210982,1.1927309,7.552065,Orbital+M1,marginal
1010272618365866368,AstroSpectroSB1,132.84337215808097,45.0251769441623,175.50455017572583,39.563849749401555,112.73376080523576,1139.426172477636,22.101107,0.6136723114544247,0.014340764,4.6065094394228625,113.90263,4.899744,0.70170695,0.4259401,0.23243652352855082,0.3312444388471979,0.2737222227904217,6.43079383284767,177.18281787507996,12.217271,1.6497107,16.873562,AstroSpectroSB1+M1,marginal
1379957603338177280,Orbital,242.5980551561385,39.87998826873104,63.39978614059421,47.20202203315687,108.66763182398164,1628.8025009111204,146.67503,0.2881272888290022,0.04126516,6.386158829552248,13.568506,6.043256,0.675469,,0.24181978652024022,0.3580027998724692,0.29193487502166726,9.223834447474019,176.58626791129953,12.337406,1.5080576,17.325974,Orbital+M1,anomalous
1957094173040176384,Orbital,335.4254054239726,40.910384585633345,94.72471104048076,-13.61889137719633,239.511107624531,1028.7517120610323,32.541912,0.5313794851840788,0.029831506,1.793857571532732,35.820072,11.5263195,0.8758908,,0.230439293221941,0.2630913528036519,0.2251559351086555,5.9324970352301545,173.4095619351829,12.266659,1.017663,5.6211643,Orbital+M1,marginal
4949755542976285312,Orbital,35.27250145813745,-43.93421666609974,261.7584597522114,-65.35026587014015,209.4244680329065,3310.8407554743835,490.93384,0.879255379563036,0.01663311,5.355194208279165,10.937892,8.941852,0.76930845,,0.26359981565097956,0.3426451592879771,0.28153805141691113,19.33631519385645,171.22397531698834,12.6998415,1.03191,10.524194,Orbital+M1,anomalous
5663342948793312000,Orbital,146.52861974922968,-23.82169069560727,257.30933179601635,22.21038698303188,124.21668412134824,1140.4015187915643,117.00502,0.41985654712310894,0.04966405,4.1106161930317775,9.301362,6.4599733,0.7332247,,0.23372878703263741,0.3187682987669649,0.26507135133415144,6.770146687771516,168.44561445786675,12.044205,1.3577185,11.876681,Orbital+M1,marginal
3594645871632846080,AstroSpectroSB1,182.42156554610608,-6.940993387828246,284.90775240120735,54.46310431912629,140.84434052270933,864.987172294985,13.81017,0.2761534484989802,0.012720126,2.7503741880850328,60.039948,3.6243627,0.83583456,0.17687073,0.2270829928409645,0.27168413816975634,0.23146115398783926,5.163254107074799,167.52752321636882,11.438945,1.0302544,6.529757,AstroSpectroSB1+M1,marginal
4652641112874971392,Orbital,69.38306541569386,-73.79751043363822,286.4065403801316,-35.089360935314446,157.90258426840072,1720.1071287388734,99.59202,0.7553405363318043,0.016088562,4.63038893919042,32.079247,2.499558,0.6673764,,0.2447572150073859,0.3667453859012395,0.29778735183862437,10.267785015380136,167.52465367772322,13.362455,1.6639824,15.593579,Orbital+M1,anomalous
1724468097065321856,Orbital,262.6336567627937,85.24648838997992,117.84693758191762,28.679736120350142,241.0517976970825,1192.1932415694776,62.491356,0.8905479074154056,0.06820303,2.217213127631139,7.5328903,-0.17508732,0.716652,,0.23499855483810617,0.32791168192147846,0.27142140510745444,7.117000039097222,167.5134515976067,13.686448,1.431242,6.8987536,Orbital+M1,marginal
5569108072080626048,Orbital,96.69570352325118,-43.06565316165674,251.1498309128971,-22.406460962321397,140.96775365554194,1359.3978092113723,106.354256,0.5073467854138343,0.04075178,4.227380471734437,18.367,10.60305,0.7035987,,0.23845338510673975,0.3389053909916132,0.27898352055842995,8.131017381029276,167.1866810152226,12.899714,1.618,12.57202,Orbital+M1,marginal
5578539609807138944,AstroSpectroSB1,105.9279288391059,-35.353926503512064,246.2270290422312,-13.002224435205742,238.29737760306065,1032.6741037366494,44.054684,0.28842246742524175,0.037846908,1.760085075998205,43.87016,4.674653,0.9278283,0.41200858,0.23149437263464845,0.24950130283863026,0.2150709114233468,6.191836966642217,166.77992481069154,11.867827,1.02071,6.4329066,AstroSpectroSB1+M1,marginal
828638249555521536,Orbital,150.17358028449536,53.890688034070266,160.39070116636995,48.93221356784209,213.46807266078838,947.470089616649,18.891413,0.37637092382797793,0.020119302,2.071580405694521,77.55959,2.1609983,0.74125046,,0.22967169370649737,0.3098435785633562,0.2588190326678315,5.74919081893762,164.80059880700392,13.14034,1.2480564,7.4325695,Orbital+M1,marginal
1927100118609071744,Orbital,358.2991951526401,46.282175425376714,112.5490918080027,-15.412114592835257,145.29018031758233,940.4572058518758,11.409259,0.6752808839604731,0.019481827,3.264296563165362,85.40053,-1.1850076,0.6377386,,0.22960891660537425,0.36003610544499,0.29330024783740677,5.734396639099805,164.0028175657396,13.452624,1.7395029,4.321186,Orbital+M1,marginal
3399695042622760320,Orbital,87.52187119082474,19.93814212094367,188.23756555414698,-3.773038249763951,50.751265944601165,1692.4942719423577,239.94554,0.2880235880716103,0.056593545,12.44801346449042,6.0566134,7.764558,0.8748079,,0.2451223573329124,0.2802013550057165,0.237657418893942,10.403713333585342,162.6817481099403,8.97664,0.9718771,24.447393,Orbital+M1,anomalous
4892594613507745152,Orbital,66.04883485929919,-26.09196062319069,224.414392688301,-42.801413546839,223.9948726043502,1009.3120162518052,31.758133,0.596065362855265,0.031585775,2.2523378548185584,28.39759,2.3164666,0.62956005,,0.2319677861316311,0.3684601411697377,0.2989297089426656,6.311028722604275,159.92828754474561,14.490883,1.7874193,4.3499722,Orbital+M1,marginal
3372074000567372928,Orbital,97.0708422220037,18.388984370986392,193.96859197159313,3.36335745820895,92.76315407972405,955.7325275199455,10.101291,0.1688123193589478,0.018682258,4.906821959792371,142.34206,2.1317248,0.7141305,,0.23082697596785617,0.32322799437644756,0.268175550363348,6.026788077936223,158.5807423723485,11.759864,1.5665388,20.941404,Orbital+M1,marginal
1706917516368262016,Orbital,234.95064773284238,75.97023226764337,111.18417660426256,37.04843562739027,187.55492944306815,1162.222599487004,40.642555,0.5884079876176157,0.014343896,2.64952264038728,25.76021,5.8385887,0.80541426,,0.23600025646850772,0.2930172314486086,0.24688248810143526,7.400252161600845,157.05175636009523,12.650855,1.3403349,7.8459406,Orbital+M1,marginal
415055542022966400,Orbital,13.192832920779995,50.8742802495568,123.14696998565145,-11.996912980346423,135.1635267203274,1011.4645269488674,22.594275,0.8711377317415203,0.048055302,3.4584840886918475,5.2748747,10.963406,0.73998845,,0.23271559604718833,0.314485445321504,0.26207767635783363,6.5029333048067635,155.5397356145764,12.154917,1.2367163,7.0993423,Orbital+M1,marginal
4994350360208012160,Orbital,7.702491273852244,-39.54189429072996,320.6935015758282,-76.86642571561056,125.31886462824804,2695.1870317841376,388.08688,0.700157404014501,0.02849929,8.151380857472143,8.688291,8.512975,0.6888544,,0.2602992092953266,0.37787261092782354,0.30516826563236166,17.41525153155494,154.760155309884,12.4765835,1.422472,12.796503,Orbital+M1,anomalous
2807971419656077568,Orbital,8.675370629047425,26.938023761743764,118.33293375560062,-35.784229265537824,150.70847408309467,1157.7294299405078,143.66377,0.6888157609114365,0.026339931,3.3399538970704294,9.45613,14.306828,0.78329015,,0.23631304955867843,0.30169286595525635,0.25306146868683926,7.490472898957384,154.56025881912674,11.995031,1.0910473,7.426442,Orbital+M1,marginal
775167178030182912,AstroSpectroSB1,163.02226390407176,38.274792449600845,181.28116485726605,62.68786728886187,164.95074233659156,895.7581766450363,34.98631,0.7409881513610082,0.029375283,2.1561907884721405,31.907743,2.3851619,1.0449042,0.21979016,0.2299387832438622,0.22005728008031317,0.19272982495016494,5.8124658374151466,154.10983938675287,10.619631,0.74237347,8.7686825,AstroSpectroSB1+M1,marginal
148919508430498816,AstroSpectroSB1,63.808441305314524,22.924005458275506,172.4151021949195,-19.80440675781202,150.02963516408977,862.6727877969552,23.47816,0.3806461353372879,0.02400565,2.52623185854583,79.28257,5.9839973,0.88187027,0.19943151,0.22925676168951092,0.259966538783422,0.2228493872289009,5.651955119461555,152.63263234813857,11.60992,1.2016296,8.32822,AstroSpectroSB1+M1,marginal
5567385206079416320,Orbital,93.21998553280254,-44.976874126899176,252.43948842344605,-25.32292798175275,226.70126226825533,949.7652100609038,37.099392,0.6188908193339077,0.04181241,1.744671361575341,21.98386,8.026653,0.9337957,,0.23163725479746267,0.24805988841561133,0.21399301301365412,6.227624438193218,152.50842748899822,11.49225,0.8787718,4.9165606,Orbital+M1,marginal
1132939190738165632,Orbital,156.6927616098602,79.15250019038459,130.788952621678,35.66554552971306,268.7722458020884,863.1399542031846,23.078375,0.6854826166168231,0.02377088,1.3524732928708605,42.778255,6.8965855,0.95599115,,0.22950119832399,0.24006623761776347,0.20798618895772994,5.70908053708196,151.1872093232643,12.171453,0.850029,4.2563043,Orbital+M1,marginal
2198049539237574912,Orbital,329.8831994445027,55.46250546659512,100.19550991942968,0.36979483615554226,120.94674827724937,1534.9191185128248,171.32973,0.5879344348735088,0.035240326,5.037047560019439,10.145283,5.3569193,0.82472515,,0.24463775167596274,0.2966294302543566,0.24946157180365744,10.223614706448414,150.13467962018308,11.2247,1.0547438,7.958517,Orbital+M1,anomalous
971208898673004032,Orbital,95.5956960283529,50.874170253507415,163.66882323998763,16.423019832563835,142.06889918283713,1779.3935491180157,294.60068,0.4896768384159955,0.039165933,4.514728011702191,5.527559,13.412648,0.92822146,,0.24881019950773806,0.26805046975904245,0.22880150658210352,11.856523981088293,150.07716865046038,10.878958,0.89907837,9.314917,Orbital+M1,anomalous
6504043253223052288,Orbital,341.135474735661,-58.047664386008734,329.7740585471244,-51.95435901522726,249.69708827865747,895.7046870513203,13.515814,0.4326246784688531,0.023037165,1.7954894322708899,50.78431,4.116439,0.6743518,,0.23066669300489595,0.3420569042781081,0.28113682799066525,5.987664273551079,149.5916681581261,14.222101,1.5847921,7.6542273,Orbital+M1,marginal
5317171578347664256,Orbital,133.15508535092417,-54.89599522173842,272.9427172687944,-6.595663931960661,139.57731698105172,914.5301351409001,9.729578,0.19693601488772303,0.008405205,3.3250093300463845,89.95164,-2.3499107,0.649103,,0.23118029851142147,0.35615349728443335,0.2906908183003602,6.113733545123632,149.58619448999988,13.652699,1.9731245,10.441634,Orbital+M1,marginal
1291837072131849472,AstroSpectroSB1,226.4496029769559,35.99547869759079,58.66592931636028,60.20521512842064,202.16798128345638,1002.9805860870318,27.56291,0.7140566298565943,0.02054673,2.1535879330123144,38.509705,3.2221682,0.84618264,,0.2336994407643309,0.2761808485673837,0.2347390869590101,6.762288960436782,148.31968760208798,12.355111,1.1772375,6.2463374,Orbital+M1,marginal
5424178553908363648,Orbital,141.7076989098868,-43.75890392371266,268.5516267092738,5.038910782234384,235.25384670488435,847.756850548788,17.424028,0.3727173259392492,0.027752481,1.6354947145167056,58.498814,5.2599463,0.8407056,,0.22966075113076792,0.2731761967017614,0.23255044806756736,5.746609935348606,147.52295006731836,12.539572,1.0257998,7.042907,Orbital+M1,marginal
4708972598255667584,Orbital,14.535654287848866,-64.44734536309475,301.7398544129548,-52.6653833521139,270.26882424887896,1018.6793477661835,54.916553,0.36185859058117936,0.04744407,1.525904386298982,27.888386,5.0324354,0.9596081,0.25267535,0.23423797676595318,0.24409754579539716,0.211021703226302,6.907621122450102,147.471803926163,11.169444,0.8537588,3.7916896,Orbital+SB1+M1,marginal
5199426802258477824,Orbital,177.69337527670461,-80.86151114975084,300.4238266919819,-18.286577023213002,199.3627396789204,881.6528557989783,23.384998,0.6304218180796968,0.01773812,2.3185108293759624,50.823124,2.6731727,0.6205732,,0.2307302019783856,0.3718017367843859,0.301150680291671,6.0031426092108156,146.86521930134225,14.551439,1.9520483,5.7133603,Orbital+M1,marginal
3077868573286687488,Orbital,127.08060010466028,1.1145227194341112,223.4764836298243,21.957950303824752,110.04907702316346,2024.6383643653191,163.21312,0.7456751002999353,0.017929314,7.096027345281645,14.606089,9.567658,0.77041227,,0.2532396671760274,0.328706691557785,0.2719709158599065,13.804865267108774,146.66121872186514,11.774181,1.4581022,14.410371,Orbital+M1,anomalous
1142035897111967744,Orbital,103.92566137355794,79.79063256025775,134.38898500077738,26.852759022802715,204.62245018374458,1275.864829003647,119.62152,0.26629917165845246,0.055715643,2.657998274218897,10.274975,6.1646957,0.78568095,,0.2403245517280248,0.30588058909086757,0.25602533334942446,8.725199820333508,146.22757704990633,12.6442,1.1250973,7.3305445,Orbital+M1,marginal
264034596287468672,Orbital,87.0749399406618,53.11327741608746,159.23273270467038,12.673368190931345,134.28238343559,1237.489261995993,60.952686,0.9046815484207515,0.071733594,3.9638405604152958,9.064996,5.99665,0.7836988,,0.2396103975417255,0.3057429696075471,0.25592812524183994,8.494570952978737,145.6800194908079,11.76315,1.1799135,5.6768093,Orbital+M1,marginal
1464665525331494784,AstroSpectroSB1,195.65881005281446,30.28112515406312,85.68570971604467,86.00425101171417,79.64180604886793,1544.6729467535029,214.52281,0.34722429240492814,0.08032036,6.845165785327658,8.648738,3.0451925,1.0354166,0.24092834,0.24592595139434237,0.23751401190671378,0.20605784433926574,10.707789606007964,144.25693850828114,9.045005,0.7640419,9.364959,AstroSpectroSB1+M1,anomalous
3930401164722327680,AstroSpectroSB1,195.25884933103268,14.849495382347554,313.7245188736003,77.51968138559225,96.00304546550633,1323.5377081151635,80.42947,0.47196723697968124,0.019353004,6.490135366489283,19.72811,5.723882,0.63409585,0.23689772,0.24176819438917424,0.38128020440712207,0.3074135923073495,9.206268654289527,143.76483652782392,12.4895,1.7444658,17.73874,AstroSpectroSB1+M1,marginal
4945287265159595904,Orbital,38.22858436451424,-46.70375341789984,264.11421547588003,-62.04850547441774,171.76104203644223,1167.9252929879613,31.75106,0.5429729930642285,0.008641607,3.150507350916652,33.637867,0.65118074,0.6968897,,0.23845277085599614,0.34216716270508607,0.2812120474587863,8.13082764418343,143.64162470267868,13.08415,1.3990374,10.245405,Orbital+M1,marginal
1546207987711912192,AstroSpectroSB1,181.01133059154168,48.424807519786114,143.16579169972871,66.79929172313935,280.4965841640579,904.6321989443993,27.146511,0.5727501338778268,0.03891083,1.3506395698813969,46.408722,9.453311,0.95455176,,0.23194818716100565,0.24299173471761504,0.2101903020404556,6.306059141230365,143.4544425740825,11.766262,0.84848213,2.6581638,Orbital+M1,marginal
4837373634867295616,Orbital,63.00258709913547,-45.734569727005095,251.89810156802392,-46.43925769109921,216.23587431782462,873.2949884615713,32.953346,0.4604144963729662,0.029764727,1.751874687044594,23.579315,7.7081695,0.90853816,,0.23115846226274092,0.2544290066733964,0.21874387293002798,6.108331975910196,142.96783342909953,11.841441,0.9290533,5.5704737,Orbital+M1,marginal
6078841009892465536,Orbital,188.0974172583864,-51.886310048738004,299.94099871586053,10.8747864011183,133.44394995612657,1626.820876596087,60.26286,0.58176641924938,0.013245127,5.397889978817062,29.230955,-1.2673029,0.6505788,,0.2477265575810526,0.3807787139318769,0.30708358859524787,11.414231580757491,142.525658874719,13.4837675,1.9986229,18.068916,Orbital+M1,anomalous
5351336084698099200,Orbital,160.67458158480085,-56.78108551252486,285.95716162543346,1.7867053939677144,255.3271766820212,873.1410782796834,37.30958,0.5316088751424991,0.034412585,1.5410230969003793,22.74211,3.4361959,0.84579796,,0.23124068677486778,0.2733994391181127,0.2327132884133193,6.128690959438782,142.46779353998278,12.710508,1.0287323,4.234915,Orbital+M1,marginal
4596576499577432704,AstroSpectroSB1,268.0636230358195,29.304067311062287,54.54596001982221,24.921488643886,116.74436745047801,1178.2008476238555,39.408764,0.7093909027566797,0.01350444,3.9929647645989217,33.913082,5.5132074,0.94470817,0.30813983,0.23892192744046542,0.25290553782143,0.21761030278212337,8.276752594824277,142.35061808669053,10.161351,0.96507263,12.223888,AstroSpectroSB1+M1,marginal
5593517436381144320,Orbital,118.74109797882805,-34.958432685441785,250.76625840593564,-3.5355679525746333,197.1898521616206,1224.5600353716916,53.29695,0.8611783892889254,0.020239875,2.8793516317232206,35.805485,1.4074585,0.6811468,,0.23995141961344657,0.352275631965026,0.2880751441932785,8.604101218950927,142.3228300330245,14.024808,1.856782,8.652683,Orbital+M1,marginal
701308171630379520,Orbital,142.11701320673035,33.086012388274426,192.31423473034474,46.11981980462482,192.59496296145878,1760.974782936999,399.61362,0.8494268568516042,0.06222648,3.176907166420004,7.6232767,14.176043,1.0099063,,0.2501059456545542,0.247652626432044,0.21368817076600174,12.40276149967252,141.98247567555785,10.427369,0.79670334,6.7532296,Orbital+M1,anomalous
1343578371348252928,Orbital,261.8745027961466,38.80037552518807,63.53676508477732,32.284045038339016,225.96979404762791,932.0986732830461,31.847725,0.887645671468934,0.040593065,2.0066911078439778,8.20359,1.4732094,0.7076173,,0.23313018686633036,0.32945801708182143,0.2724898492609549,6.6112642518296045,140.98644945633455,13.722996,1.6165075,5.9985685,Orbital+M1,marginal
6080366509252444416,Orbital,196.3984083524776,-52.043782136902045,305.146720466002,10.767082647945589,129.30500868920993,926.8033274257364,15.464495,0.542979211018022,0.017294876,3.5487753139641818,55.320164,2.933347,0.68625057,,0.23323403048684477,0.33986715866507766,0.2796413387316577,6.638616683880427,139.6078989883775,13.08201,1.7882681,11.425755,Orbital+M1,marginal
2280397668743509632,Orbital,328.97822944343903,75.83262997971745,112.73671027530094,16.56533139808059,159.06359208424118,998.0184209390497,24.30519,0.19149635806277146,0.024704918,3.169092566469371,45.94804,-0.57406515,0.63595045,,0.23526491877861813,0.36994221831389806,0.2999156049858916,7.191482280112457,138.7778460775743,13.698137,1.7767344,11.765626,Orbital+M1,marginal
5847671919990099200,Orbital,211.70787721390576,-68.12599873250251,309.8869084005899,-6.278185651864113,279.15410482494264,857.3748595517582,13.515778,0.3923588442991535,0.04066544,1.5446589989430004,48.926292,2.8696983,0.6918484,,0.2314887112654251,0.3345945617333306,0.27602768563240376,6.190422274418036,138.50022204379593,14.272989,1.7581282,5.437221,Orbital+M1,marginal
4895296766412559360,AstroSpectroSB1,70.14175496951805,-22.927773441723957,221.71514583555992,-38.36531371490089,271.5681589319112,971.1130643036313,35.093376,0.31586352861720085,0.028712165,1.412200358828224,35.44033,7.8977337,1.0395834,0.24633005,0.23489706045837078,0.22595306002569676,0.19725847256512788,7.088778005726708,136.99301396081418,11.611258,0.7795744,3.7837417,AstroSpectroSB1+M1,marginal
4560016604087637760,Orbital,256.1423872218235,17.993588882329725,38.30808369198576,31.42716310599294,212.44284163341197,1066.6032559464315,48.966198,0.5600089209360688,0.050884627,2.203890776694369,51.603798,12.97557,0.81666857,,0.23734999221681016,0.2906319661655443,0.24517438900844976,7.795698585767651,136.81945809111883,12.784475,1.3075294,6.9184546,Orbital+M1,marginal
3789343679828380672,Orbital,165.68002639046787,-3.945606374300162,258.5670143604528,49.3289151395633,192.5381407874229,2754.181213608296,658.5181,0.7999260745492468,0.062377676,5.471972616953686,6.8592696,-0.622148,0.6862773,,0.2650135165926043,0.3861609994312667,0.3106175282562071,20.207818180122533,136.292854035942,13.461521,1.4630804,13.459249,Orbital+M1,anomalous
6720848185828369920,Orbital,271.41566873405225,-44.63755454366429,348.250834386856,-11.229247214500496,225.14399011372814,989.9067385665869,124.78879,0.4988108037487364,0.22028083,2.2540871951904653,20.056225,0.98111844,0.62184906,,0.2356389445247337,0.3789327019365931,0.3058675274856303,7.29709132918378,135.65771537044932,14.640976,2.0474663,4.497154,Orbital+M1,marginal
1109889200773585280,Orbital,105.7429852468597,70.77895421054488,144.4758822685654,26.4428211971612,146.08770174518816,2020.7621724747275,315.84717,0.38322679629371464,0.047911063,5.658545630469935,7.119609,6.208255,0.6952324,,0.2555117896887793,0.36751997298327777,0.29830359954501867,14.896289725486369,135.65540209770248,12.6496725,1.3130894,13.761085,Orbital+M1,anomalous
5759192741800936704,Orbital,136.7916216919537,-4.935439680546354,234.70407878657872,27.11185439576177,202.80745991276652,1793.934426137521,349.0977,0.8014548112646857,0.07135195,3.7280668495906633,6.960565,-0.194732,0.6935961,,0.2521129081225635,0.3634866158603898,0.2956113952660432,13.287243149606908,135.01178581130978,13.68815,1.7589283,11.126846,Orbital+M1,anomalous
1645811680913813376,Orbital,229.35549050981226,67.61849394095279,104.59651789025786,43.95244619143573,194.60886903025724,1177.5699638459796,68.378,0.5393041590554736,0.033496134,2.881566327906154,23.675074,-0.19017056,0.66417986,,0.24032628132723885,0.3618391571945493,0.294508851159588,8.725764224286998,134.95321826005465,14.059185,1.9075241,7.330598,Orbital+M1,marginal
4336981735540097664,AstroSpectroSB1,250.41388768462173,-11.661916674363018,6.021668052370397,22.052126575383113,190.57207111764097,1126.642805369736,73.92012,0.6616626421621752,0.016164333,2.2225915201917905,17.879408,1.3628101,1.0697757,0.252421,0.23918835927128804,0.22358739233283448,0.19544473781571484,8.3605246615454,134.75742862786817,10.324094,0.94225407,6.762186,AstroSpectroSB1+M1,marginal
423006316765112704,Orbital,2.639872206232241,58.83692589589393,117.65356633094574,-3.6152509380069953,149.90300152193896,1543.9573378587427,74.64272,0.8570834196155819,0.022000786,4.591637304148335,32.63068,-1.5886409,0.66724503,,0.2482239013040861,0.37201311361451994,0.3012909413438134,11.615600992442626,132.9210033009292,13.473932,1.800189,15.859762,Orbital+M1,anomalous
3362466502322056832,Orbital,109.636267191977,18.949976465680923,198.7047709175188,14.324040171949756,193.424210951857,862.9698895630996,15.716832,0.248186742178269,0.026742695,2.229437397238566,22.184193,0.8188648,0.7041314,,0.23275164826871725,0.3305514286031368,0.2732443945407728,6.51229841563493,132.51387367189048,13.325949,1.4675274,9.798589,Orbital+M1,marginal
6492535794589881600,AstroSpectroSB1,350.74498555573433,-58.22733771127946,323.29078275514314,-55.26541773864535,142.31091606702134,2650.0224714318674,351.81863,0.7010190867337911,0.029287215,6.842495748946347,10.5419445,3.3263626,0.7659749,0.23154584,0.26519599003773503,0.34622021846495177,0.2839716730912651,20.32249599764651,130.39847426904447,12.032785,1.2657909,13.518308,AstroSpectroSB1+M1,anomalous
4806445506649596672,Orbital,83.12606134408958,-40.61369790607365,245.8440862334569,-31.66414247812863,240.2226513539943,881.6844148739667,22.176807,0.19123677687074453,0.02661122,1.7549267158340092,32.345135,-1.311623,0.7629079,,0.2337521974923166,0.3063963430834957,0.25638952251792,6.776420139639453,130.11064790927762,13.192548,1.172265,6.7343636,Orbital+M1,marginal
5343173821440020224,Orbital,174.74015509971298,-56.107414226802426,292.90089634437703,5.346303016791019,295.1456206989211,1311.7240082073372,90.88789,0.7159189002801908,0.02381418,1.8659259183246077,15.010797,-2.4946194,0.81656355,,0.2442637608221841,0.2991362543944417,0.2512460540414953,10.086290353565127,130.05019310629817,13.27378,1.0761166,6.249076,Orbital+M1,marginal
1485745053021020288,Orbital,213.76426104536017,39.82892419635904,74.48762755378316,68.5194577713313,121.98838473580777,2099.739555550888,279.93018,0.6013567185239516,0.033572532,7.1275841634820045,8.096244,7.3526077,0.671668,0.30427092,0.258104196812878,0.38427347957085145,0.30938017479869595,16.222291089923804,129.43545051137104,12.475868,1.4769945,12.739169,Orbital+SB1+M1,anomalous
2134710591362884992,Orbital,295.69111343344406,48.42420682452612,81.49561247406922,12.119189150276977,225.9744988404742,1142.0716917474329,97.48119,0.8074055495985725,0.026294976,2.409758566508964,14.664455,-0.1957441,0.67828697,,0.24071858874456853,0.35489195504466786,0.28984092820208845,8.854517888751007,128.98180410232706,14.428061,1.8537779,4.233952,Orbital+M1,marginal
3283071321731783552,AstroSpectroSB1,70.13058883350158,6.720429249544335,190.2604459416375,-25.120118510640772,147.13582731171638,1351.4003467315067,57.92724,0.5571054217415811,0.02157291,4.148107535396491,30.6965,0.93827933,0.69861573,,0.24554871721337246,0.3514789414784185,0.287536592096725,10.564197325485182,127.9226717463308,13.191001,1.7439613,9.456132,Orbital+M1,marginal
1699187541604071808,AstroSpectroSB1,216.6969991663798,72.50629218195265,113.39939000686284,42.81271928183593,147.67479266311128,1155.55548962986,70.14547,0.6719169720462693,0.030453838,3.018101687347638,20.489916,6.2913723,1.0196623,0.25997204,0.24139592512824895,0.23674106060307265,0.2054728298951687,9.080290378660905,127.25975067333395,10.394721,0.79361534,5.7288275,AstroSpectroSB1+M1,marginal
4972130982558755584,AstroSpectroSB1,2.6377233090900036,-53.09339333123705,316.48217853406527,-62.945962225885395,122.38600106981458,943.6516529683726,6.9725523,0.5082797785957204,0.00771875,4.028852713105237,66.57825,0.81110656,0.61975163,0.41268307,0.2360568046786086,0.3808893634301127,0.30715641399989313,7.416499769625485,127.23679394330037,13.136159,1.8312817,15.603317,AstroSpectroSB1+M1,marginal
564184228240593408,Orbital,7.951147625912688,77.69941497726701,121.85127907965907,14.868879044088011,174.9320543938654,919.4527208551175,22.684816,0.5646299872409258,0.018202184,2.715445234409808,35.48204,-0.10729397,0.6427551,,0.2353947314192278,0.36622771977316115,0.29744213144026405,7.2280002529832394,127.20706816185131,14.17328,2.0191555,7.129871,Orbital+M1,marginal
494236214761630976,AstroSpectroSB1,61.713776841572034,70.27016883045017,138.08004205224756,13.387063915778393,89.10647091804623,1450.4612320496215,81.419754,0.594731581678197,0.010160802,6.7043764760098385,10.718578,4.905293,0.8126675,0.31989712,0.24772384795213026,0.30482805241927724,0.25528153817904387,11.413141969248034,127.08693504013132,10.504083,1.0685635,13.305159,AstroSpectroSB1+M1,marginal
1401175944371428608,Orbital,234.68219600663917,47.88301227903551,76.95990471348074,51.53892564402963,298.71933456103,842.2927106307118,11.4794035,0.22252246349734034,0.020364664,1.1942487071733283,71.413376,4.145865,0.98561615,,0.23320399322002533,0.23660731797794438,0.2053715580445924,6.6306958310551245,127.0293091542219,12.273884,0.829299,5.405181,Orbital+M1,marginal
2853056687794931712,Orbital,359.8103823062433,25.095854233013128,108.23823266534902,-36.28213804654035,172.24306436219626,1211.9509750506284,79.51905,0.1789992943756437,0.02445895,3.4336450489823545,10.554924,1.3724684,0.6299095,,0.24277601133936333,0.3854141037900892,0.3101281583067063,9.554150695627834,126.85072840699914,14.205612,2.0670824,3.9215896,Orbital+M1,marginal
5337687056602207616,Orbital,167.24071237152165,-60.59245318291509,290.67426611397946,-0.1827953528922907,151.37268031551318,959.0721697616584,11.94497,0.1873895140342607,0.007888763,3.316561983544491,43.389854,1.6988896,0.6129209,,0.23659746311219623,0.38601632071918235,0.3105227598985161,7.573248401789059,126.6394707897199,14.077875,2.018323,10.772853,Orbital+M1,marginal
1500217443541286144,AstroSpectroSB1,204.75034818324394,41.16190892097385,91.09792669365213,72.89665163532719,241.88384220419456,910.6755366673365,16.711472,0.3309700181817639,0.018145517,1.6571035093801565,79.042,11.771121,0.88658786,0.30094582,0.23537469682083406,0.2654837810419437,0.22691695056804956,7.222354870386964,126.09121997055009,12.204569,0.89220047,6.0650215,AstroSpectroSB1+M1,marginal
1031356788916864640,Orbital,124.36351526606606,51.8627033875626,166.8451011383053,34.06376935381584,143.86122085416451,902.4380748970892,12.343235,0.46413912562597825,0.020317627,2.5599107970795734,58.466263,8.108122,1.0262923,,0.2352636307392089,0.2292364711518997,0.1997683838886437,7.19112065845031,125.49338521202968,9.57793,0.8266363,8.675381,Orbital+M1,marginal
2797952978941358592,Orbital,0.9356791664169021,18.856356047649555,107.53199320127077,-42.584682006357156,111.70546932995808,1784.977105745103,328.35263,0.44073696582809346,0.021381833,7.081021752948002,5.1545825,0.7790222,0.6367108,,0.2543369134072299,0.3994543588496595,0.31927237172820094,14.323870660560074,124.61555595164171,13.3217745,2.0632734,10.733931,Orbital+M1,anomalous
1881665721165597952,AstroSpectroSB1,335.25606686506416,26.750645520762326,85.93550884553052,-25.112066535356387,121.82865526419317,853.3056497964554,3.0381021,0.16265195143944475,0.01082432,3.588178116087501,197.82744,0.7013827,0.6813311,0.27466747,0.2340758758967378,0.34355671795471565,0.28215934728329145,6.863622674507981,124.32292540872005,12.76038,1.7680635,16.264608,AstroSpectroSB1+M1,marginal
5794362442292767360,AstroSpectroSB1,233.00366801073707,-73.05823173767908,314.08463735139657,-13.76541509062931,147.24902158500905,1242.1759442477264,51.820034,0.6353767102746173,0.017495504,3.9667802458992307,27.885864,0.3078494,0.6744897,0.18717118,0.24406031315532237,0.36184440102640725,0.29451236320684127,10.012192129364589,124.06633114885696,13.1892805,1.6970663,5.1020365,AstroSpectroSB1+M1,marginal
1871432841336284544,AstroSpectroSB1,316.2978578942233,37.1203348642291,80.87257614750756,-6.6534086508042725,132.83199390145867,2813.3978077134875,521.12744,0.7494151455252283,0.037501656,6.259205910491541,8.421487,2.8741791,1.1472703,0.22528648,0.2688155426979017,0.23430880898702733,0.20362889169379128,22.70380051087458,123.91748273008024,9.402921,0.6844559,12.449148,AstroSpectroSB1+M1,anomalous
1525812150090377984,Orbital,198.62416286138256,41.639384262779245,106.36239907365311,74.73867239675022,231.33776465322794,1225.3672247156403,63.63091,0.4941288312146726,0.01643103,2.5427752788493994,14.969391,-0.25993374,0.65119684,,0.2437664769629825,0.37433608849639244,0.30283058176391175,9.905921357603924,123.70047979181979,14.299321,1.6770649,6.5171576,Orbital+M1,marginal
6012190676599582464,AstroSpectroSB1,238.88285248502257,-33.75895629658345,341.22303724241294,15.092890318947916,97.96559814880881,981.0405430016012,23.716637,0.5183538060029509,0.014542403,4.659551205596954,95.01554,9.825309,0.7721516,0.3119735,0.23780544528059294,0.30797766727042,0.2575050038110981,7.932779618478805,123.66920426181287,11.250039,1.4120789,5.5704,AstroSpectroSB1+M1,marginal
2124745305157901184,AstroSpectroSB1,272.76742259421866,51.04808583474674,78.974614303912,26.913781689580222,110.5302019023914,1660.310043987917,105.05437,0.5282012289016873,0.022220943,6.6138528586470535,24.74192,4.97743,0.6706083,0.44082817,0.25257815651827137,0.3766403774963556,0.3043546028689559,13.499110043051584,122.99403728785298,12.471053,1.8211946,19.70491,AstroSpectroSB1+M1,anomalous
5755050606621885056,Orbital,129.4736367392496,-6.9383288797660025,232.2026035351144,19.919152510807663,275.49300903990274,1177.8511275627113,143.21004,0.5714326522279305,0.05875631,2.02754973977655,9.328918,2.6187491,0.68176216,,0.2428840823331257,0.356259260172859,0.29076202448826477,9.592053311882806,122.7944725978085,14.377209,1.5697784,5.6015205,Orbital+M1,marginal
1173115414336218368,AstroSpectroSB1,219.69567867714946,9.170280189972297,2.6886493564432437,58.94327676985995,87.50735750564273,1444.9675813096378,167.37064,0.2559118055470606,0.061652485,7.355697575804819,10.7876,4.989547,0.70093775,,0.24859783689142823,0.3546646440666138,0.2896876845136394,11.768814886251219,122.7793618368239,11.734987,1.6756821,23.179562,Orbital+M1,marginal
5850293533674593920,Orbital,207.3939276243516,-68.27769912106953,308.29098423235376,-6.012949851747789,86.5088095301687,1287.823289755768,23.043856,0.5142764953975791,0.0053049475,7.0507281801264865,47.75295,6.4675303,0.654454,,0.24541640119062352,0.3749941231533782,0.30326612374786566,10.514188326649949,122.4843278193493,12.567115,1.9353743,15.40682,Orbital+M1,marginal
5561290819287537792,Orbital,108.78464131167331,-41.03831679593776,252.49493097078638,-13.302095061593926,107.946450709685,1215.8971983282518,62.06762,0.7964427377599742,0.027471736,5.439923312286147,12.583859,1.0238103,0.64734244,,0.24393354474137607,0.37682303578804,0.30447527282914555,9.966236022175316,122.00164591956549,13.098316,1.9802923,8.594116,Orbital+M1,marginal
2990570201901837696,AstroSpectroSB1,91.11295150712256,-18.33697790149632,224.59764943224675,-18.38741638346362,126.96170598888541,1122.6488754777529,34.368065,0.891174897663071,0.026938513,3.5803146533136148,21.756723,8.422943,0.950969,,0.2418468236396445,0.25431620644339215,0.2186600019461011,9.233050294921767,121.59024803484678,10.537363,1.0630045,9.354128,Orbital+M1,marginal
239070631455336064,OrbitalTargetedSearch,46.711803265191904,40.35851307542976,149.0733250994278,-15.541101399353023,28.62323340094714,1144.0850108001202,19.46925,0.4365256704501733,0.0060370504,18.891130688707204,44.217445,0.6474174,0.6985672,,0.24256739606953254,0.34723558740217253,0.28466136737136066,9.481314760412094,120.6673377807356,9.2625885,1.4918499,22.251827,Orbital+M1,marginal
4792561384913130880,Orbital,89.4085957482149,-51.54861191621802,259.1478754576133,-29.067117870994153,204.11180128644833,1050.0331182303446,67.23356,0.2504744770941261,0.052724548,2.0901009633827936,15.282368,5.6635575,0.9747661,0.22432643,0.24026156676718535,0.24648125614810412,0.21281066907384819,8.704665862713892,120.62876792642,10.725641,0.83310604,6.4000664,Orbital+SB1+M1,marginal
5798244199380457984,Orbital,218.09251225183453,-70.85692818604728,311.0828658114305,-9.599784606161556,261.4547101496644,904.9028506487198,17.782488,0.28687062159210164,0.02732344,1.657010920183712,95.314964,0.26812077,0.7622029,,0.23639683382325238,0.3101494734228044,0.25903422570998846,7.514783921099852,120.41634997753596,13.8805275,1.5743828,5.960744,Orbital+M1,marginal
2760988497527248640,Orbital,350.87711637902675,7.837428760260934,88.46617681553143,-49.060066858792275,199.96818452217528,1745.2325210226861,284.99817,0.4627664300990247,0.06618245,3.755161314924141,6.268061,0.18465023,0.68985415,,0.254845251322175,0.36941903321271774,0.29956772935423076,14.569401202055392,119.78752570671716,13.441287,1.3797369,8.50126,Orbital+M1,anomalous
1617513172193052544,Orbital,224.21153683868735,60.19638665604067,98.8546868224288,50.66320110547015,169.72009841529402,1966.4835386173584,244.47153,0.7311240615672382,0.016869653,4.7103056238249925,10.533481,7.411812,0.73193824,,0.258600922148646,0.35330975618886185,0.28877360082032233,16.486512073765027,119.27832459763408,12.726168,1.3244781,4.581917,Orbital+M1,anomalous
291927110338504448,Orbital,23.684161940828922,24.417259360028865,135.36398591296728,-37.40701915304684,186.06644076084194,890.3420644396742,48.629883,0.6513703225401778,0.038579945,2.510528560071512,16.671898,0.63791007,0.64047724,,0.2362455491224664,0.3688586171944087,0.2991949123396256,7.470931357683075,119.17417277887985,14.074386,1.8170557,6.8834934,Orbital+M1,marginal
4652924748225798400,Orbital,74.34493058652275,-72.96226684988387,284.82011819072756,-34.0874347694119,189.1297188747483,1017.4430162281435,31.629263,0.6859399447441172,0.031228656,2.4770191081941557,26.920626,4.588672,0.7810923,,0.23993970460102257,0.30718483445278255,0.2569459463709625,8.600320441109229,118.30291943132742,12.575741,1.2346058,8.734543,Orbital+M1,marginal
5648931379311503872,Orbital,133.05737198705793,-27.702635386494194,251.80235944313864,10.623876526938872,240.9174460223735,3055.140236566952,837.7892,0.7973746822637029,0.04387907,4.151791736175872,5.354682,12.335876,0.9208281,,0.27320410597056377,0.2966939266711147,0.24950753860167332,25.87605513174449,118.06823802979675,12.14019,0.92181873,11.023491,Orbital+M1,anomalous
200153520471639424,Orbital,72.27093787185413,39.91212170115754,164.32999807235763,-3.14215614621236,270.345717310969,1102.2449177760552,91.539444,0.659615482252748,0.040352788,1.9937489447088548,21.251863,-0.043354236,0.667425,,0.24233485474538907,0.3630892806828091,0.29534563676934633,9.400635073310355,117.25217596260855,14.828265,1.7929611,5.1396155,Orbital+M1,marginal
578619269722958976,Orbital,135.60508325604144,4.176837406089563,225.11911084924103,30.88632053850902,127.90421240213159,853.3132522836904,13.551764,0.25434345861209323,0.021498961,3.427943380698076,37.32116,6.665756,0.68492913,,0.2356584731961727,0.34406256359580767,0.2825038891930899,7.302638342684086,116.84999478832947,12.90731,1.7962904,12.199165,Orbital+M1,marginal
354118683462500608,Orbital,36.826420622962324,46.938007710136944,139.45862957165116,-12.834278863211408,123.22468483634461,982.8166609205538,15.226323,0.5965019586459449,0.011591928,4.058947451375849,82.45536,0.566032,0.6514995,,0.23936729073259064,0.36740977871477387,0.2982301796329987,8.417153781740534,116.76353865039196,13.375827,1.9501486,15.278353,Orbital+M1,marginal
2535214401922318080,Orbital,20.299475234126213,1.2888298935914022,138.26773328399537,-60.69374596531412,161.41663216453486,1440.4354272732915,116.976364,0.5740555405251738,0.04045861,4.117865195960547,16.492031,0.018996341,0.6604704,,0.25017993131811994,0.3787905126986377,0.3057737752978613,12.434531228924444,115.84155451897044,13.316289,1.5423851,13.440854,Orbital+M1,marginal
6454473523831755776,AstroSpectroSB1,313.6774598531024,-60.203716182748494,335.9675832142005,-38.48225567290939,148.04011667896143,1805.1085041770282,240.53159,0.330900188326869,0.06664813,4.792758943371171,10.964974,3.695966,0.82040304,0.26368353,0.2570060662404121,0.31326805713812755,0.26122447177135866,15.649855508060432,115.343461365973,11.676708,1.292037,10.455261,AstroSpectroSB1+M1,anomalous
4334194851521241216,Orbital,253.40363822929535,-11.49749668688673,7.973526333556511,19.7540190302945,219.7090587327373,1197.719321079438,181.76738,0.49885867625748676,0.06719781,2.635695269916152,10.699229,-0.22088608,0.66087323,,0.24576679086198702,0.3718818952211249,0.30120387336894777,10.64702204086698,112.49336354167146,14.502053,2.0715656,6.256102,Orbital+M1,marginal
5762372907385928192,AstroSpectroSB1,135.19542379824253,-4.370653487821895,233.1944682127288,26.097815808546496,123.52058709560644,2964.176946595892,706.3976,0.8569664625656183,0.016006138,7.67607963483547,5.4980216,2.447431,0.98795885,0.24182285,0.27420845030173796,0.2775504776586708,0.23573456512701488,26.64820886555669,111.23362780404901,10.097237,0.7579298,4.970451,AstroSpectroSB1+M1,anomalous
216672342646711168,Orbital,55.87365682534356,31.96911081150981,160.4370736986235,-18.09681291818301,218.54481770054747,1022.2658727659641,113.909904,0.423966881712877,0.04934326,2.333454525306095,9.068945,2.9668622,0.67193204,,0.24178672915986618,0.35983807018328007,0.29316737963616857,9.212576269517971,110.9641692897976,14.411865,1.9742565,5.362854,Orbital+M1,marginal
2785625701247400704,AstroSpectroSB1,20.356302755129768,17.85946443973075,132.94637164567519,-44.428403943843314,123.31967076399668,1211.5171498874915,67.76991,0.15016617354578474,0.030282471,4.702510060126971,21.43184,3.8924825,0.6728463,0.17396007,0.24652651716535653,0.36639350001620186,0.2975527046634383,10.939519259078844,110.74683641898051,12.603457,1.5143995,17.152205,AstroSpectroSB1+M1,marginal
6378532351644348928,Orbital,344.6181930242267,-75.60615247560493,311.7050162366563,-39.53676540231571,136.66537071587067,1096.9641243004246,23.331463,0.6339051628207832,0.013389153,3.9488581737962987,101.268486,-1.506686,0.6689584,,0.24398135633634904,0.36471826503421434,0.2964345662363353,9.98354937737874,109.87716721129107,13.387594,1.8826456,14.262145,Orbital+M1,marginal
442335181421822208,AstroSpectroSB1,52.80319580276252,51.854449129508545,146.34425458783645,-3.6030881468861438,148.22675587810468,1039.4147888184004,29.395132,0.21233901489708948,0.011306059,3.3815106394246515,58.900352,4.663844,0.7153485,,0.24253877587407208,0.3390498224742605,0.27908234520398734,9.471356092637645,109.74297435890591,12.764527,1.5845871,11.328899,Orbital+M1,marginal
5952647586520591104,Orbital,260.401840831564,-46.15652134623586,342.9453813587893,-5.357704698232347,121.3728730927039,1025.0474361146155,202.54018,0.861528297767838,0.26627067,3.335862245607029,14.6604805,3.4253037,1.0569469,,0.2423010326488627,0.22924617943067327,0.19977579231949952,9.388945197515955,109.17599523169159,9.648976,0.7522373,4.5019355,Orbital+M1,marginal
2260047254702382720,Orbital,270.9669349097446,69.39265804952177,99.63880311037822,29.429960538085854,95.89859307970784,1763.8823941854084,121.50633,0.722468933438332,0.017208127,8.2248582466254,27.661308,10.684764,0.64607656,,0.2581503185054751,0.399566141971325,0.31934471162109357,16.246684744947867,108.56875860374605,12.508525,1.7458277,17.136993,Orbital+M1,anomalous
5788692982376353920,Orbital,185.9624780608059,-77.96956210479829,301.4458421511004,-15.177488169403881,212.95464876967517,1108.3523146872276,69.76561,0.8232095156195626,0.02330889,2.162763107589274,12.593314,8.631321,0.93241197,,0.24501564557197714,0.26277616954174654,0.22492361728513197,10.36384481943819,106.944124887747,12.111529,1.1489067,6.201231,Orbital+M1,marginal
4881040842244053504,Orbital,72.28546923504244,-27.02980502542339,227.3979579134321,-37.62344525669402,128.2011350855725,1498.235241106465,205.55153,0.6715461775231908,0.028913567,4.946235044607978,8.374696,10.861498,0.78537536,0.32561427,0.2538984753853581,0.32328296683579993,0.2682137314372556,14.114697991658048,106.14716956692519,11.706364,1.3740854,9.0225935,Orbital+SB1+M1,marginal
338382369967003776,Orbital,38.450899730115886,41.05299301717161,142.9384868932696,-17.80815742107955,119.75411555024047,857.858699753202,10.610456,0.6323220465242174,0.016131207,3.6859701299276693,38.27915,1.7742639,0.694373,,0.23851227258107782,0.34349300534485083,0.28211593967552473,8.149223219208904,105.26876938787298,12.444552,1.5339193,19.98157,Orbital+M1,marginal
1562792535767201152,Orbital,200.79097784180595,51.95090538626084,111.55057653481926,64.4705867119278,102.9613104993368,1201.085618531169,22.371819,0.2423468617344558,0.0056179534,5.674262866939012,47.09452,10.945711,0.660796,,0.24785132755196962,0.3750799529028572,0.303322913652507,11.464492502872899,104.7657031682988,12.392964,1.5976763,20.251003,Orbital+M1,marginal
4583879785977137280,AstroSpectroSB1,268.0721382517354,27.334305246667075,52.49825576992533,24.278321616217045,209.9870301948199,1034.551643945152,46.905117,0.16722676319890245,0.027619284,2.093880807322473,21.764872,4.4854474,0.9250737,,0.24370079133541012,0.26343933001758835,0.22541233882136633,9.882285500898066,104.68748791472738,11.441391,0.9461727,6.7051373,Orbital+M1,marginal
2084017435974084352,Orbital,307.056177492114,49.31301230687916,86.19468271986456,6.1974407318227565,189.86745029202842,843.2881987758878,12.502417,0.5328252073282602,0.019326193,2.3363824383672895,47.376198,2.8932426,0.67095524,,0.23834682509079422,0.35523505984203396,0.2900721738325473,8.098153377200756,104.13339430567598,13.947909,1.8705206,5.701137,Orbital+M1,marginal
1976411527187614720,AstroSpectroSB1,329.6691373718628,48.87033450273972,96.07509741195173,-4.781192975278114,222.86481503720998,1834.125188493007,215.93686,0.9230261880969325,0.019714052,3.171527276971848,8.2987585,3.915947,0.8639406,0.19691744,0.260666111204097,0.30171763224904447,0.2530790326953546,17.621136357839056,104.08665770735415,12.256084,1.0019541,4.8105435,AstroSpectroSB1+M1,anomalous
1386506981788267904,AstroSpectroSB1,241.3967462334478,45.974519888420204,72.48293283740522,47.51127602807771,118.67306197129058,900.3690847897948,16.633623,0.9138327126828028,0.029390814,3.0582897184789752,8.935988,2.6766422,1.0875286,,0.2402694499360732,0.2209316177463978,0.1934031955804076,8.707233823639237,103.40472106599297,9.727119,0.7112284,6.346953,Orbital+M1,marginal
1681845734972510464,AstroSpectroSB1,181.55496021799524,67.7920501375044,129.3859084605431,48.76565954926995,180.8317025992685,1923.354541078627,300.91373,0.47714822625545805,0.06193089,3.8766367862603457,7.9559464,0.2364718,0.9449249,0.30331856,0.2626374426180781,0.27794531091409325,0.2360212860587133,18.759972289170797,102.52438070971375,11.23676,0.8394098,7.515785,AstroSpectroSB1+M1,anomalous
1578421960412442496,Orbital,190.63836945764353,59.75437949628736,125.00491417871343,57.33809621245514,209.65823031866196,1838.9783168183924,124.94871,0.8961127615659249,0.011201535,3.7108404097511944,18.017527,-1.1418078,0.71866363,,0.26129548760057497,0.3635852374457672,0.2956773433963351,17.978711448801583,102.28643593592878,13.357247,1.4188213,8.475169,Orbital+M1,anomalous
5342316756448181888,Orbital,177.42715824984487,-56.54354666149562,294.45947040108945,5.309362009403365,163.4199939072724,1259.1010986628175,39.938988,0.4367329095994169,0.0132071525,3.6097387583861504,51.41575,-0.37099886,0.7019062,,0.25017928087911195,0.35642836517712684,0.29087586198322407,12.43425165241749,101.2607058196398,13.170523,1.665781,15.074296,Orbital+M1,marginal
5323267614410921472,Orbital,135.35817938064707,-53.915069287950814,273.02212793872224,-4.983257402450206,207.9804892026079,3824.8687044734856,727.4252,0.8989888974415331,0.023210967,6.2939282816326845,8.129011,1.1861715,0.78666353,,0.2866976265162926,0.3644475875139467,0.29625373964948265,37.83237617325393,101.10040899777066,12.668827,1.1670809,9.399613,Orbital+M1,anomalous
4162567546069801088,Orbital,263.12237559886705,-12.408243653189274,12.545275997147497,11.277024590209873,149.28506514284214,1194.8361075048595,130.83247,0.6875220670657608,0.016124723,3.9323343135447826,10.646197,-1.323377,0.6540538,,0.24885800054676288,0.3804855163061027,0.3068905812557678,11.876336469086555,100.60645474426829,13.441211,1.7278814,8.8530245,Orbital+M1,marginal
4538132577484144384,Orbital,283.9021997141323,27.389882235059083,58.082084594362854,11.267615647599746,177.6423325076199,1021.508829592073,18.066633,0.28217891858380206,0.0079634795,2.8375964057469356,45.135605,-0.5004393,0.7003878,,0.24452525306115877,0.3491283849830882,0.28594530684279934,10.182154779028377,100.32344349115753,13.207568,1.46488,9.562639,Orbital+M1,marginal
2988920281623875840,Orbital,80.49630999217547,-12.106731171794017,214.01077032775,-25.259758851034746,269.9843042125116,1217.529258197398,85.945786,0.5723493753527609,0.029436994,1.817475147612788,27.158895,10.143494,0.9590116,,0.24948504169948124,0.2601480920287804,0.2229835990693242,12.138623757895617,100.30208386724657,11.680018,0.8502102,4.7133913,Orbital+M1,marginal
128184089223111552,Orbital,38.69628358574231,28.877126249159023,148.73877899675801,-28.764658373565194,189.55849104518353,985.0873864674064,73.352554,0.7022657303478472,0.029027425,2.1928498511023817,18.740112,2.9457676,0.96629554,,0.24358947202375103,0.25208589076159693,0.216999695507683,9.842329319572844,100.08681425731436,11.247239,0.88424873,5.7217574,Orbital+M1,marginal
1138072428275406208,Orbital,127.85420227269081,78.57106214530079,135.0821968259056,31.430073338692935,169.2985339098881,2859.773970461445,574.8276,0.7029652019344291,0.04732007,6.412722711901436,7.564708,5.01208,0.7304493,,0.27663871568096626,0.37872403810703714,0.305729941235425,28.590862518530827,100.02405379018967,12.754431,1.373704,13.44124,Orbital+M1,anomalous
5792351779117547520,Orbital,231.17136691483884,-75.81751654210059,312.01096234526784,-15.723048823068487,268.7562258285468,2341.5756116520215,333.52527,0.8444316268351487,0.029309096,3.0075718805126974,10.615359,9.297826,0.96673435,,0.26984223169083543,0.27912759256652175,0.23687916216048258,23.417217670275587,99.99375863616271,12.222944,0.87850475,7.766194,Orbital+M1,anomalous
4578310617844175872,AstroSpectroSB1,272.12402876090346,23.630806194205498,50.14917106065845,19.551752720163485,296.6455724696621,851.1810679219172,23.892855,0.6401208692415349,0.022369435,1.2227865248200713,32.623913,5.078492,1.0120505,0.24250032,0.23968598286429496,0.23683203617365378,0.20554170987412032,8.518753540172787,99.91849909824397,11.857118,0.86177826,3.2353547,AstroSpectroSB1+M1,marginal
5277008716375304448,Orbital,128.09853342088812,-62.65998158642223,277.65777315443296,-13.341920338230052,170.52792726145063,1027.2134966671958,30.560984,0.2994207453438147,0.024119569,2.9751181090418166,37.15314,0.6773223,0.6978591,,0.24480756363702322,0.3507979772327564,0.2870759513540592,10.286445287833766,99.8608817646779,13.341942,1.6959143,10.983596,Orbital+M1,marginal
1056078380154667648,AstroSpectroSB1,167.82712230152094,66.012914875482,137.86092068809478,48.10984123087511,58.14883245363808,862.040594195467,7.502347,0.7281237690417312,0.015212124,6.495402161047291,63.866196,0.032558158,0.9573699,0.21139,0.24029555485965448,0.2509955127461865,0.21618660896476238,8.71574177082018,98.90616505889734,8.083501,0.8536897,8.282194,AstroSpectroSB1+M1,marginal
2041285878625522944,Orbital,282.7979627220781,29.138328449023575,59.297318683186056,12.87719699898873,222.81559472239982,990.2222212841117,41.758938,0.222012899676472,0.03329065,2.2242096695399947,22.346912,0.22769439,0.69462425,,0.24442929056865548,0.3518870702677075,0.2878125317807026,10.146892482919739,97.58871723051688,13.995198,1.6637983,8.510935,Orbital+M1,marginal
6453422455138154752,AstroSpectroSB1,319.0298022865703,-58.988718739620545,336.610779561532,-41.4086914321577,211.72214097835803,861.2343196466385,18.356516,0.20248392338472787,0.014069223,1.8869890103501386,36.918354,5.4811673,0.86190367,0.23608622,0.24069034249135532,0.2792543431256854,0.2369710736275803,8.845198524247536,97.36743808357924,12.065393,1.0036249,5.489381,AstroSpectroSB1+M1,marginal
1849961642680846720,Orbital,322.08555801959875,29.432196895636103,78.51178620584513,-15.432756487334863,96.76999655040629,847.1650360389662,18.26394,0.4369034539539215,0.016606648,4.067735861917725,116.4291,9.102696,0.86645365,,0.24037881904368585,0.2774283652746591,0.23564586636324555,8.742921902641656,96.89724390458034,10.400167,0.9919777,9.316694,Orbital+M1,marginal
5774686990942293248,Orbital,258.26961034936784,-80.38418763370778,312.4164420608416,-22.812392768838148,49.51569747965181,1282.5278362886675,49.758053,0.4439200659447005,0.007095676,12.156608547306742,34.255775,13.957703,0.6991809,,0.25200880201864667,0.36043433343214326,0.2935673578589547,13.240191005427286,96.86626392043335,10.291015,1.5873098,34.94831,Orbital+M1,marginal
6006905457338223744,Orbital,229.45198714751044,-38.781493745453844,331.802010345764,15.749241081739939,161.8679379273212,979.1767733130837,32.965786,0.24266937361173221,0.058918785,3.172654533862127,44.336906,2.3390374,0.63581836,,0.2444198767581094,0.38441776972049446,0.3094748383045362,10.143438414775616,96.53302295272466,13.419833,2.0313473,14.018214,Orbital+M1,marginal
2277643460835676416,Orbital,318.20903804690863,75.97871737253504,110.90285160451016,18.520469993497183,296.8566555803171,1233.2740715368348,87.89188,0.5530884725236836,0.02610813,1.8492702285128688,15.672145,-1.8833508,0.7944824,,0.25130182636265475,0.31630886123354507,0.2633537389916951,12.924081785128132,95.42450226181448,13.637033,1.438796,5.763778,Orbital+M1,marginal
1403682693444107264,Orbital,241.52325899169892,51.44692115900007,80.29823123751075,46.29805562738859,248.25624142996335,2272.5405919721,304.51007,0.8179268501876262,0.026643457,3.8460352642219773,11.934123,-1.2392622,0.6688806,,0.2707773581126968,0.40482167588336815,0.3227376447817392,24.08207077934379,94.36649417712675,14.463828,1.8779459,6.1789417,Orbital+M1,anomalous
4875854858212933760,Orbital,77.99169616467698,-30.55236835746584,233.11924576997683,-33.64808221187882,124.81938321519755,1877.9232953553642,272.93176,0.5519667276904902,0.052806053,5.25763873126798,9.90205,12.839854,1.0513796,0.21573278,0.2645464967604512,0.2516184510968449,0.21665124050971196,19.91660514958765,94.28932698373269,9.941585,0.7563677,10.385223,Orbital+SB1+M1,anomalous
5958841818358823424,AstroSpectroSB1,263.9536744598575,-42.93999016545912,347.04128942361064,-5.711870001798886,119.20184311304014,1886.4088449703306,203.64989,0.7916295729466789,0.029174346,6.968339385599244,16.837887,0.97874075,0.66455597,0.2740716,0.26473874757373855,0.39836937861978816,0.3185698551416849,20.036086253766562,94.15056518913252,12.47301,1.4819603,16.959963,AstroSpectroSB1+M1,anomalous
611687558669156096,AstroSpectroSB1,133.293999470372,16.86794203230289,210.35032563312623,34.3149411257405,235.1966326485205,858.0838014107122,20.691568,0.32040374836696556,0.025820794,1.7618950104337707,36.721928,2.6117792,0.80570257,0.3839367,0.24186487406085636,0.300191266525628,0.2519957541508702,9.239206930273134,92.87418367036673,12.650235,1.159873,7.0552726,AstroSpectroSB1+M1,marginal
1387655765280652928,Orbital,230.4352300898529,38.22219285727166,62.03946728287744,56.747737799279285,271.6271010668333,1727.203237910672,188.97331,0.8743822176354186,0.023359787,2.553076453043463,7.9770026,3.4001436,0.8387446,,0.2624961587219526,0.3129631651254031,0.26101063136112385,18.676498334112953,92.48003597954467,12.896673,1.0017614,5.9371758,Orbital+M1,anomalous
2251465699589596160,AstroSpectroSB1,301.7689047738081,70.7548853673415,103.60251067578976,19.599026177274737,235.90229706320815,888.3318672094392,28.902454,0.6787703783030642,0.021725476,1.707472263375749,23.699833,3.2627368,0.89662355,0.19770494,0.24299814300780878,0.27101467779609123,0.2309718759812055,9.632183372895197,92.22538990580165,12.007104,0.9555931,4.977352,AstroSpectroSB1+M1,marginal
526174695389887744,Orbital,11.739762136952923,66.53204328311894,122.48511838873759,3.6641789304518144,229.573319217807,873.0356500701506,11.757273,0.4808511709783844,0.014467382,1.8856789801323035,86.516716,1.7800416,0.7601432,,0.24259802230141184,0.31914778134294886,0.2653360107720854,9.491980465965385,91.9761321886958,13.206156,1.5251722,9.201533,Orbital+M1,marginal
3657643184915921280,Orbital,210.3700726603653,-2.6267398646843656,335.24627997421186,55.78751492840529,176.2190267211127,962.5490085350232,64.47121,0.17901284561923933,0.0667537,2.8858341255623534,26.425365,0.8099841,0.6376363,,0.24531694754193503,0.3847286392585396,0.30967874631641384,10.476721065350388,91.87502487953576,14.049837,1.9038792,11.198427,Orbital+M1,marginal
4619929061397465216,Orbital,32.44001303010187,-81.34745096200318,299.3929566410515,-35.23582012197631,200.8795406804144,2246.5310804517853,329.39157,0.49719995961037333,0.05114937,4.5531644876882735,9.471122,1.360488,0.7225642,,0.2713528152689064,0.3755414502921268,0.3036281903952662,24.498444601823444,91.70096783550797,13.372506,1.5686216,10.730808,Orbital+M1,anomalous
1051700708968198400,AstroSpectroSB1,153.45258268994948,61.35151589060526,149.36927483924705,46.87357670526629,95.6904850464709,1169.921839506529,24.245386,0.7004139702625573,0.009445761,5.480395204541336,89.155655,3.146984,0.8104344,0.31450588,0.2511541568025329,0.3099006612770756,0.2588591944590394,12.85880216344897,90.98217894914204,10.653976,0.96250343,17.733585,AstroSpectroSB1+M1,marginal
1064297057773600896,Orbital,141.7752574550389,63.23793758985702,150.69034119000887,41.21470021059993,265.19246996904155,918.8386729220845,14.030837,0.3880719867627206,0.024896996,1.5387929693976456,39.013195,9.437398,0.9209656,,0.2443012036451388,0.2652663687756355,0.22675709402968977,10.099973849697097,90.97436157714813,12.560297,1.1036482,6.5092273,Orbital+M1,marginal
2396276058187317248,AstroSpectroSB1,342.24677287668317,-23.422115913529574,33.70740314449301,-62.139851779057985,91.11643551360974,882.2502480032504,8.949798,0.22567992345177135,0.030794885,4.824615021894912,211.44572,6.2486076,0.750909,0.21703112,0.24323397257869128,0.32391938573982304,0.26865560921333,9.715569548207672,90.80787735866787,11.247049,1.32483,15.574263,AstroSpectroSB1+M1,marginal
1076124092035970560,Orbital,175.14130497159985,73.76823818803146,129.550911353251,42.43704673338639,208.74092296540695,1044.334928827696,53.92894,0.314336115575218,0.042634808,2.32168425930715,25.95448,10.710874,0.7990957,,0.24807931137324019,0.31045006799561703,0.2592456278758173,11.556775414669172,90.36559865151551,12.5468235,1.0147095,8.413502,Orbital+M1,marginal
5472323629765160448,Orbital,154.62387567379378,-25.527941800348838,264.61552353375237,25.741312351511883,126.82611256437698,1887.0194931791787,303.8987,0.481933240547969,0.05963688,6.264656596008086,8.187983,8.110973,0.73618704,,0.2662974075822572,0.3617252040877723,0.29443252705084,21.02548792144049,89.7491416241957,12.109028,1.4998531,9.552132,Orbital+M1,anomalous
6695719809623270272,Orbital,307.972653552344,-34.458545332885905,8.193751703825475,-34.7113153434909,168.8301893330353,1562.0435720473533,186.49156,0.6929824683018739,0.039856594,3.720945982802338,12.5347,8.339518,0.8803096,,0.26028965730545167,0.29567968212508056,0.24878434603933758,17.4099165963272,89.72148507459723,11.405749,0.9707117,7.8598056,Orbital+M1,anomalous
1334449985296636544,Orbital,258.2709516945253,33.152618085414446,56.23150554682866,34.01465373930538,134.8171025409476,1495.4923618795524,56.354233,0.7101560472248827,0.013861741,4.946947695219779,46.42881,7.09842,0.7317859,,0.2589805752823808,0.3539021148178605,0.2891733814565664,16.69070643672404,89.600303471222,12.228968,1.3022499,19.291405,Orbital+M1,marginal
2336713279928130304,AstroSpectroSB1,1.8222323348110387,-24.005929494126068,47.90196090358283,-79.57014661793029,91.82295281274493,4641.488710884633,1326.4526,0.7706857299470867,0.047036167,17.35015482648376,5.827319,3.108545,0.7362926,,0.2994956738517183,0.40676175965202055,0.32398612725832066,52.774506662126754,87.94944764904007,11.338099,1.3108912,9.21137,Orbital+M1,anomalous
5626535560105016960,AstroSpectroSB1,130.06730991034064,-35.27911630246877,256.2339585397974,3.9468036429331974,134.27269028445238,1723.1894719908175,200.4704,0.5224737877717736,0.035819042,5.704107968809906,10.755498,2.3726637,0.6910255,0.1798289,0.26406430112099283,0.3821339485003765,0.3079750484381101,19.61936475053714,87.8310533445605,12.798688,1.6299047,11.226565,AstroSpectroSB1+M1,anomalous
4046163207797090304,Orbital,275.88668730392226,-31.297108339383332,1.9319775335781735,-8.31131874147047,275.22616236125805,862.2515190755776,37.818375,0.4345406836618229,0.06016753,1.4314773799088163,18.895456,4.461351,0.90697396,,0.24406470750564183,0.2690978118486247,0.22956910238432618,10.013788120270027,86.10642732995298,12.711006,1.2071447,4.640088,Orbital+M1,marginal
2192722748989459712,Orbital,319.4986562413791,61.06020912539123,99.83701589573442,8.165908565293961,88.37503673764202,1064.9411745651385,7.2111654,0.15197087642241533,0.004215387,6.587625483940822,221.15466,0.0503221,0.5715975,,0.25028976130339115,0.43787762203707103,0.34371999838268347,12.481809327771087,85.31945542508204,13.352243,2.1666117,27.652756,Orbital+M1,marginal
425432835849870464,Orbital,9.120820478943934,59.22506277220129,121.01621053058169,-3.5910502358810152,186.40389055012184,953.0741569512925,15.253942,0.40845601995059255,0.009971344,2.565865290991532,62.184128,-1.0385083,0.723026,,0.24733578926970262,0.34208423615256056,0.28115547481403,11.257926955536618,84.6580512305219,13.102083,1.4365778,10.111579,Orbital+M1,marginal
5311687867194285696,Orbital,139.4542314010571,-52.42993582448921,273.5986791693943,-2.1727737207694084,246.22562959787015,883.3738141865921,20.094769,0.6340786656636432,0.028680429,1.5369905005976392,43.59814,3.6407716,1.0163214,,0.24522866923215375,0.24129046603248444,0.20890935221409943,10.443550971868191,84.58557980577079,11.635781,0.8008623,3.6800377,Orbital+M1,marginal
5266246803941552768,AstroSpectroSB1,92.51761355867225,-71.9020290777148,282.5046739771854,-28.88522922545658,209.30323256750293,981.214699654467,21.49108,0.6934707826329424,0.027112413,2.1036464150344014,35.947006,-0.08854467,0.8893386,0.23068936,0.24829484543397468,0.2791904477420992,0.23692474220074325,11.644549233008142,84.26386286152439,11.946568,0.93020535,4.9413333,AstroSpectroSB1+M1,marginal
5025246911827079936,AstroSpectroSB1,25.704736413098132,-27.425544754556803,217.37052455325477,-78.58430156138809,223.84773155975253,897.9090988184713,54.094685,0.6839333795161385,0.056010094,1.61660289764416,12.49975,10.043186,1.1325698,0.22018813,0.2460934679426227,0.2172876851741652,0.19059271398147615,10.772038520366243,83.35554102603997,10.6178255,0.69363403,3.80941,AstroSpectroSB1+M1,marginal
844726539915372544,AstroSpectroSB1,172.53357357639177,55.452877490041146,144.8092947061899,58.08647826933042,170.82483838252062,924.2077277685236,10.028931,0.42199854885682786,0.010655031,2.724769631968464,68.98808,6.11394,0.7311088,0.24218044,0.24699251035248102,0.3378327760923767,0.2782491806516403,11.121995969454682,83.09729029814044,12.653775,1.3071947,9.249977,AstroSpectroSB1+M1,marginal
709237437172460800,OrbitalTargetedSearch,126.74311740270946,32.224975497548975,190.55857407076837,33.22878977941434,60.416028661745884,995.3577564008604,23.203238,0.5484135811905282,0.0074537084,7.06133978634258,35.814133,0.71510744,0.9673707,,0.24919345981785185,0.25759872887742896,0.22109673155728962,12.016102543821628,82.83532474617968,8.203903,0.83822966,13.911272,Orbital+M1,marginal
1630261150524543488,AstroSpectroSB1,246.26434718915067,65.84613523890184,97.81660399208721,39.284123720889774,61.81925994933195,1051.1588164420352,9.3364935,0.16798290489590217,0.009805467,7.678354684299604,100.72793,11.982025,0.8547187,0.29480582,0.25083839252093537,0.2934747968881377,0.24720969382651714,12.720074206624119,82.63778963605674,9.772123,1.2181997,23.929848,AstroSpectroSB1+M1,marginal
1415404346389117184,Orbital,258.35419719514596,50.75376974599469,77.62752198428296,35.92117934186624,209.02126271085936,890.3696035841294,17.496902,0.4772933521478431,0.017591376,2.2720219949492195,59.336643,-0.029763862,0.6639365,,0.24624558458696988,0.37088725525974797,0.3005435537413065,10.83064037756139,82.20839881534351,14.416171,1.9459991,6.920525,Orbital+M1,marginal
799612723131537920,Orbital,146.87449820759275,37.19724886954844,186.42728368230755,50.19846294340052,136.93731478250933,1373.501790279216,55.369884,0.8434032765067774,0.00983879,4.869785865894927,31.620031,1.7373357,0.6514341,,0.25905269200384956,0.39766521686893797,0.318113549469409,16.729715315174126,82.09953154632747,13.119186,1.6535091,8.756313,Orbital+M1,marginal
235269894635877888,Orbital,51.74125438204186,39.560938655632015,152.86444499405079,-14.105072191059273,285.36141945066566,1351.6926311645295,179.21742,0.6880038262578367,0.045061093,1.9609160797361456,11.522039,5.4639683,0.9057484,,0.2588955413799397,0.2858360375650535,0.24172779315793233,16.644801412792035,81.20809600802524,12.77438,1.0262346,7.108826,Orbital+M1,marginal
4362984734562259968,Orbital,260.3236809052583,-4.995764897913337,17.63891384266862,17.463223001624357,195.9890337683217,911.1475235900034,26.850477,0.295957714255864,0.049294084,2.4161763536365215,41.157597,4.3547525,0.6949363,,0.24746836971492284,0.35610224771072463,0.29065631136168124,11.310770411525617,80.5557438122472,13.662281,1.9118633,3.3126972,Orbital+M1,marginal
2798887873062721280,AstroSpectroSB1,3.096815165666874,21.261658212493447,110.90167977266212,-40.696107372774065,156.26650136518285,1152.6085985700365,61.94295,0.1951465238834296,0.033829417,3.189520572501929,29.6655,7.1479797,0.8959585,0.53249484,0.2543326096651329,0.2838665121528008,0.24030764143237712,14.321805758637044,80.4792788000866,11.029709,0.8788862,6.240326,AstroSpectroSB1+M1,marginal
2091406497700682880,AstroSpectroSB1,281.84057665942987,33.49162392095402,63.082792674854566,15.356084534564678,117.80788432850972,1964.8373789815391,262.03638,0.7829395984770885,0.021798797,6.132928711401548,10.630801,4.087801,0.9680829,0.29423118,0.2715721659677321,0.2805257324727166,0.2378923619268339,24.65862189240781,79.68155672099812,10.176346,0.8537693,7.2647076,AstroSpectroSB1+M1,anomalous
6059109857112354944,Orbital,184.98470725395438,-59.82154975670753,298.977881426642,2.808155076907961,171.00068878105154,1042.1741555164308,30.301495,0.1561932539841059,0.0151672335,3.0244726090897496,29.092243,5.582267,0.71687406,,0.25166691990983914,0.35106155026922603,0.2872542810908832,13.086583754402652,79.63683838922573,12.916327,1.3944864,10.142558,Orbital+M1,marginal
5362902981352893696,Orbital,162.63817605700174,-47.89143495428496,282.8753696555093,10.217115575633358,273.65677514173143,1532.8747650547386,163.16513,0.6543873957111883,0.036612503,2.4320056623781316,11.873647,-2.9584663,0.78183186,,0.26346256040728494,0.33698110003414417,0.2776655701677006,19.25328523391719,79.61627049260032,13.303754,1.0874128,6.2973814,Orbital+M1,anomalous
4533424022025822848,Orbital,283.77456854598387,24.278385917113077,55.16545617273841,10.051336875453403,85.32646786487126,1776.1635867359091,91.39448,0.8428433112518114,0.004402475,8.822345085642027,26.419092,13.961566,0.76649266,,0.2683155899073561,0.3500563048081722,0.2865739104039712,22.362577650448863,79.42570907966228,11.387823,1.4510565,14.30725,Orbital+M1,anomalous
6435839962840895232,Orbital,274.9710510111033,-67.96944059353453,326.5806801283662,-22.14009480429799,182.88105612374994,1211.2585741894538,129.386,0.36566764463273527,0.039063588,3.2803136996243003,8.054647,-0.6890578,0.6694403,,0.2562256044587939,0.3827459944232635,0.30837728578614515,15.252660103405143,79.41293951204233,13.637473,1.6371479,5.876681,Orbital+M1,marginal
5092467513696376704,Orbital,63.03363496581352,-20.44980490391419,215.9005213194671,-43.899135268452106,293.3183975614373,1034.9968983004942,97.25422,0.1971162391083054,0.12005861,1.5520882595822219,13.623687,9.679103,0.91269284,,0.25161400015924623,0.2756831080402711,0.23437697953477932,13.062931396405784,79.23159564209836,12.421578,0.922348,6.6768994,Orbital+M1,marginal
550183047172462464,Orbital,70.3607880324236,75.14155851281106,136.11871153482278,18.549145110328325,292.9617729148541,1263.5555399982509,70.34594,0.5663474933049913,0.021783179,2.0103528810994393,23.744774,0.7550056,0.7432781,,0.2576396979152831,0.3466262529513071,0.28424755287457903,15.978203370918274,79.07995102240545,13.980768,1.3861313,5.523928,Orbital+M1,marginal
5694707548772292992,Orbital,124.34283483877765,-25.317334016237936,245.22168640351296,5.718589496493247,256.2120278944922,944.814270408887,32.159473,0.3840944141344919,0.029811857,1.6870934788911587,62.824703,7.3039474,0.88264465,,0.24911776119216486,0.28224015208729736,0.23913283686006861,11.984452211285324,78.83666718777431,12.502118,0.96993923,7.5597634,Orbital+M1,marginal
1089196976053710720,Orbital,112.24591306854472,64.01715968994779,152.32052786395676,28.260816511213843,202.1381307523374,1180.1934623054053,56.79888,0.5298497188081309,0.035182912,2.918019698042457,33.446888,0.8072523,0.6666584,,0.2557218290199282,0.38358749915799084,0.30892995825933767,15.000471582703113,78.67709063668865,13.932767,1.6840754,9.001683,Orbital+M1,marginal
744562855986617088,Orbital,147.12047220476896,30.161143299920063,197.40792974664615,50.00990131094498,146.82543457524773,973.8959097112883,17.231924,0.4235859727036289,0.01803464,3.495054836806093,74.028984,-1.4483339,0.6571377,,0.25010525111639026,0.38059793886551596,0.3069645933372521,12.402463561726062,78.52439193747973,13.51029,1.8315277,12.195993,Orbital+M1,marginal
2032802699778573568,Orbital,293.68105132850985,31.12569170660112,65.3193353769047,5.316973339579562,268.2609493189229,1205.944267680277,75.40171,0.44163749482764036,0.03468357,2.1577931182939065,16.802944,0.21487153,0.7176928,,0.2565610113983368,0.3574802674760056,0.2915835756291812,15.422383798993076,78.1944142616275,13.997297,1.4742317,7.2314973,Orbital+M1,marginal
2876460475690780928,Orbital,3.7729141926173293,35.89467727206471,114.72042909903477,-26.396873163216778,134.27774695457697,1408.4570460321713,173.15721,0.4556279143298723,0.05636118,4.592966100757426,9.141915,8.401874,0.8028465,,0.2614366616360745,0.32563717280591886,0.2698469578138344,18.05968756500416,77.98900401585362,12.003041,1.3382168,14.304234,Orbital+M1,marginal
6080911459003695616,Orbital,199.9929771777599,-50.30004853109772,307.5889422958476,12.313510705176375,281.3413131242663,1325.6885880121931,165.08539,0.8505659503983412,0.030482814,2.2281375871860214,13.2140665,0.74468464,0.707868,,0.25964443400754056,0.36679782295889307,0.2978223117886499,17.052481288218605,77.74168260944515,14.326368,1.6261797,4.170606,Orbital+M1,marginal
2445905161207037184,Orbital,357.1713349361624,-5.564969917393403,85.42318626896872,-63.76835558009977,267.0614711766843,998.0435250379958,24.988626,0.6252444949378101,0.022297176,1.8068406989571792,21.730759,1.6930523,0.77493995,,0.25116062298054703,0.3241033341913889,0.2687832779408737,12.861655257548367,77.59837323055714,13.651125,1.4572668,6.912081,Orbital+M1,marginal
1687600127860024192,AstroSpectroSB1,206.11117323698605,72.86430074950175,117.57085843635342,43.707932715731026,178.3314745552841,2967.7624337647785,449.73434,0.9341435957768855,0.014995073,6.346768010858398,11.5467415,5.643162,0.75185573,0.4568859,0.28730498869048693,0.38212781633568293,0.30797101723809184,38.45663277795681,77.17166635207563,12.442474,1.258049,12.192568,AstroSpectroSB1+M1,anomalous
2278451911120311936,Orbital,319.36621232710706,76.96980495287603,111.8846461027279,18.957474551502305,178.72196539097146,1343.4798692719935,63.197178,0.47007462686290075,0.02558854,2.8821264185749618,30.19479,1.7233407,1.0616364,,0.26038962704612856,0.24527193613181497,0.21190362790584316,17.465814263409904,76.92054026284497,9.959834,0.785162,7.708396,Orbital+M1,marginal
827505443341231488,Orbital,151.05705825955616,52.26769623958986,162.37459457125644,50.05267101263118,180.71152105602306,1684.023323783601,188.35748,0.4390081045039208,0.050215214,3.27112681387489,12.798304,7.770371,1.1376014,,0.267730066619657,0.235346117160939,0.20441586603812817,21.96803782056091,76.65788531224419,10.222029,0.6867447,6.9029355,Orbital+M1,anomalous
4046979973137836928,Orbital,278.19982481852173,-30.84805358331411,3.228038874891464,-9.889012031191795,106.57367488233982,1055.7047647713594,56.491573,0.504380332981009,0.026386004,4.948489678129731,19.558563,2.8168786,0.70852137,,0.2532402491273886,0.35742076560711367,0.2915435615991147,13.805136599195466,76.47188111364893,12.021289,1.5959873,14.690508,Orbital+M1,marginal
1817285840732894976,Orbital,309.26152547575714,20.16180236396515,63.52368767202453,-12.376407765079245,287.1800254100631,896.8555877389553,54.986176,0.6728639765752804,0.033504874,1.525492775386802,21.382347,-0.22817884,0.8006881,,0.2485353563724244,0.31040221543920543,0.2592119782521339,11.743105782190458,76.3729463375117,13.382747,1.0997543,5.4267006,Orbital+M1,marginal
1076903920658145024,Orbital,157.62995492416823,72.08723403202103,136.55137000483987,41.10781950771335,196.9363031747327,1650.5741215697076,145.88113,0.4143390106328925,0.039016753,3.7834693617774637,11.613066,0.28604716,0.7041986,,0.2674120514279583,0.3797395391871242,0.3063992837075915,21.75603260712313,75.86742267656346,13.187973,1.2622032,11.556408,Orbital+M1,anomalous
6662155460541591424,Orbital,285.84571413345833,-47.95879090776717,348.96545669635515,-21.696583707039068,147.2324955150909,1516.0134851082287,223.55116,0.7000778903191527,0.07738051,4.3825932733775925,10.965967,5.4076676,0.8266389,,0.2648542538170116,0.3203989808133285,0.26620794055379565,20.108139334089476,75.39302667045479,11.61291,1.0613871,13.883301,Orbital+M1,anomalous
5549593836631303040,Orbital,90.72043676609552,-52.177648057915924,259.9908641143945,-28.356266737630026,99.48172873278236,1202.7277897958354,62.302433,0.5755935401335744,0.021341708,4.492045088715209,20.515898,3.9617982,1.1843224,,0.2577019716764281,0.21759444978353482,0.19082973199755998,16.01076046985534,75.11996647881287,8.834659,0.6451845,7.862438,Orbital+M1,marginal
6585165839596548224,Orbital,326.9776617317733,-38.65721815098709,4.142719724794464,-50.23235308863956,226.5513903427986,1042.5740146942344,23.72202,0.35492428119450814,0.02197648,2.212649581290479,44.030663,0.64045334,0.77265376,,0.25342914487187923,0.32799833311546756,0.2714813186696369,13.893427790319688,75.04080565493368,13.114968,1.4563885,6.5545826,Orbital+M1,marginal
2184499707687953024,AstroSpectroSB1,305.0887355589706,53.11424677326611,88.66097315629727,9.359006906576766,203.86185217932544,869.7928988442404,20.695856,0.253750839056733,0.038839385,1.6971971336808673,34.20704,2.1494584,1.1993749,0.40154806,0.24829256316690657,0.20701830614731032,0.18261348567617433,11.643617097759952,74.70126263526605,9.964576,0.6707039,6.525041,AstroSpectroSB1+M1,marginal
4982374685718253184,AstroSpectroSB1,14.368980949324264,-44.588242257395414,299.3554022571825,-72.49805378351874,121.64324567964364,947.1790289258457,7.962343,0.30249278880548797,0.015177186,4.157563148677473,146.5662,2.9970071,0.6550879,0.31075546,0.25086213535428253,0.38294424283732764,0.30850752687374505,12.730464729902785,74.40254924087746,12.902647,1.7537403,13.299445,AstroSpectroSB1+M1,marginal
5614772095663131520,Orbital,117.11358718960722,-23.93637753361442,240.5618937440262,0.875874580562214,97.31448233513869,1127.0187457870952,33.87168,0.29613607164670797,0.029412497,5.226847807667963,52.552326,13.822744,0.8470455,0.20600156,0.25624120851240184,0.3025117472415758,0.2536419858419239,15.260523747553444,73.85190472035916,10.576978,0.98893833,18.5959,Orbital+SB1+M1,marginal
6562285964694029696,Orbital,324.800313301225,-48.58050886004065,349.50637293960085,-47.346020428089574,133.37047654727408,1075.5843569266524,81.56109,0.9199770545529716,0.06283279,4.027864119388099,5.051332,6.5867863,0.7076173,,0.254900618510929,0.3602238451243188,0.29342618586148883,14.596340302393271,73.68863253690348,12.515869,1.6023111,6.5701637,Orbital+M1,marginal
258958735222473344,Orbital,70.78725128635122,48.268847687195816,157.28097914202132,1.4742841425830997,156.54272777218932,956.1421270318544,24.816866,0.7880585186403549,0.03127739,3.280143580343912,26.605076,0.2633951,0.6457581,,0.251484236810071,0.3894403179278567,0.31276223880384907,13.005074683249262,73.52069483025579,13.697235,2.054906,6.056137,Orbital+M1,marginal
2686690712971975936,AstroSpectroSB1,323.05240410372113,-1.4639883463304333,52.50035464303924,-35.86150443752718,69.96397535461867,1055.8572173543253,30.591225,0.670343179618884,0.013623793,7.631529307498593,68.49178,9.010708,0.69668067,0.21378371,0.2544740623542535,0.36526643429719063,0.29680063315761107,14.389795018404676,73.37541750969173,11.07596,1.6445818,13.882723,AstroSpectroSB1+M1,marginal
595432310045066112,Orbital,130.13665178631936,7.387122896083956,218.94293649483396,27.588569708157205,175.49844964842012,1086.617200262585,82.70747,0.41366359387195073,0.052464593,2.9960967923059445,19.904745,5.4024396,0.75192285,,0.2554446744559316,0.3397219220948273,0.27954203989937954,14.863118751610482,73.10829028697933,12.617849,1.2420073,5.8865256,Orbital+M1,marginal
5799874568971388928,AstroSpectroSB1,219.9087032042104,-69.42324402131153,312.23266679937393,-8.529062226038583,179.8081547349089,1071.7905883673257,22.107676,0.25597833774297146,0.009069,2.573729941567086,34.537643,3.2307217,0.9485445,0.29391527,0.2555434063842074,0.2694058167811927,0.22979468474589562,14.911935870056833,71.87467795643362,10.951523,0.8720541,6.541062,AstroSpectroSB1+M1,marginal
1688459744090343168,Orbital,202.396451976622,73.6812308066684,119.27186085228213,43.17486843220493,121.78352759382416,1090.7172496404821,25.261263,0.3380236987839133,0.013425794,4.086459547816484,55.339855,9.84065,0.8462326,0.51759875,0.25609067560984217,0.302624453028866,0.2537218483014304,15.184794241911517,71.82957057330391,10.578934,0.9318619,13.32245,Orbital+SB1+M1,marginal
2018328105894889856,Orbital,294.9419247127706,21.70682441504786,57.63088326983523,-0.2539473252653646,157.42666683292418,4229.565978099767,1104.1514,0.8843350650835341,0.027681978,9.97065300208364,5.5360365,1.7880731,0.68275464,,0.30393897418407534,0.4451657421895229,0.3482651065576559,58.913275092545476,71.79308859430478,13.3569355,1.7064009,4.01726,Orbital+M1,anomalous
5054018382347459840,Orbital,51.443638546363644,-32.241627700030364,231.12109482323356,-56.27253880114986,264.9572806691876,1391.067894379081,178.60101,0.677028369056048,0.040007014,2.483086123683159,7.8394785,3.1897688,0.7026901,,0.26369042424315664,0.37525847460342254,0.3034410195934296,19.39127956614163,71.73677681425269,14.221935,1.6270409,5.939243,Orbital+M1,marginal
4673696794903438592,Orbital,52.37150082158544,-64.11381951400645,279.70025243169476,-45.234811566538376,157.69366438441716,892.1422290970698,7.268693,0.5824560028521097,0.010421869,2.965850480742704,76.311775,8.177736,0.7056917,,0.2502368073492203,0.35459792009253877,0.2896426957965567,12.458997017770837,71.60626395724844,12.946635,1.5171976,9.302141,Orbital+M1,marginal
2052162213293949312,Orbital,295.0449460176234,38.972132051032816,72.79526227345595,8.090586303656277,235.10343329361874,1922.1211240276527,232.2828,0.640352902824581,0.034426007,3.5073826843972498,9.842161,-2.2312396,0.7364617,,0.27454828600873266,0.3727937058752586,0.30180867477616186,26.9134959438548,71.4184856563212,13.448236,1.3595619,9.301246,Orbital+M1,anomalous
5589629666343560704,AstroSpectroSB1,110.85938078592739,-36.264673837372484,248.81452783705632,-9.779307169830808,147.83763298975967,1503.7773825346917,158.80893,0.44516453069296263,0.052874725,3.7620844146466634,16.097012,4.447267,1.0981935,0.22872004,0.26636660317562627,0.24254978453644754,0.2098577574100756,21.070275735681623,71.36961098179215,10.102987,0.7095499,10.279317,AstroSpectroSB1+M1,anomalous
1608111866739832320,Orbital,213.97322156140092,52.71565623866428,97.08406833499839,59.96664990719006,144.88565754999942,1335.9603688250788,75.98919,0.19934838820039713,0.02634586,4.1050944722810065,22.512497,6.856786,0.81088024,0.28660798,0.2626825955545511,0.32394746026935306,0.2686750956892557,18.78671083271248,71.11198872017711,11.8837185,1.2970543,12.034817,Orbital+SB1+M1,marginal
1363470185961783040,Orbital,263.9493196446553,46.790320865292806,73.13853077636064,31.99369281959336,160.97610879051268,967.358349100105,22.511168,0.4467727025115974,0.02504308,3.1731364320935485,70.86992,2.8969622,0.66975224,,0.2528966239154971,0.3775972796256174,0.3049865396132227,13.645643269048357,70.8913702364116,13.693235,1.8766928,10.298475,Orbital+M1,marginal
1798084248834727424,AstroSpectroSB1,321.75943791756174,23.591962305548307,73.86901847921847,-19.24895009197798,236.86824230309335,1184.286838814459,126.36236,0.31480118026807824,0.081205525,1.9243550367669124,18.391947,1.7342806,1.1302426,0.2603417,0.2590680297137885,0.22921453579227147,0.1997516446407476,16.738020819603367,70.75429356781757,10.656446,0.7639437,5.028387,AstroSpectroSB1+M1,marginal
5259286757905705088,Orbital,150.55384326722137,-57.188531409093244,281.53308383749555,-1.5225321561182843,235.1069250009198,917.4890516362725,70.92707,0.5456939015148149,0.04756911,1.6868750694089734,14.012087,14.63756,1.0163971,,0.25140609074766335,0.2473502592193147,0.213461761409568,12.97032850388579,70.73753385362609,11.268702,0.7939434,4.1282988,Orbital+M1,marginal
1919251937749329536,AstroSpectroSB1,356.51808005130096,38.336817989515424,109.08389209242361,-22.770866923414726,131.43927171595504,1397.9303026519708,137.81725,0.3860948129530451,0.042219907,5.047237515250588,10.721313,4.294974,0.69829726,,0.2643357161021749,0.37854325144064604,0.30561071510273286,19.786245652525707,70.65161967568747,12.554403,1.4727659,16.457441,Orbital+M1,marginal
5824193120494148608,AstroSpectroSB1,233.63636717177602,-65.79158614919776,318.62355962084564,-8.02042848481224,185.37237904358136,1603.0445169586342,167.54164,0.43787788930377014,0.040339272,3.4572905870913946,16.265804,9.720559,0.92456657,0.3689587,0.26901663343303023,0.29096513225887466,0.24541321232672605,22.84218320356455,70.17912879310404,11.322998,1.009552,8.63902,AstroSpectroSB1+M1,anomalous
6593079402736443136,Orbital,325.1409242008045,-31.393705760403197,15.215940728075749,-48.4723135230924,172.98760455609144,1235.3055023806155,83.60402,0.5969963426198035,0.021193242,3.5081871671594698,34.30534,1.2267536,0.6913465,,0.2606554961613455,0.3770258275751055,0.30460922001930274,17.61515332565513,70.1274340077124,13.312296,1.5734682,6.630223,Orbital+M1,marginal
4688846690780694400,AstroSpectroSB1,10.174104524575784,-73.3926218718992,303.9934446393254,-43.71348180703443,110.4318714664923,2131.094758010098,163.4104,0.8470786710615879,0.013431423,8.062964756329048,25.079798,4.7708464,0.743722,0.67371416,0.2788548062322492,0.3749449366040456,0.3032335770823488,30.456701175623518,69.97129287645085,11.36144,1.3500147,9.817707,AstroSpectroSB1+M1,anomalous
241898094329108608,Orbital,51.63638808621946,45.16948575348777,149.53048798952386,-9.542213804119669,139.75714976804875,1669.6451499898287,217.70242,0.6929607940751575,0.04174063,5.500505799332023,13.338179,2.786641,0.68379253,,0.2705315699543872,0.39563399349326556,0.31679567253086593,23.90591692374092,69.84233883669641,13.263955,1.8221998,1.6818907,Orbital+M1,anomalous
5809423518213249152,Orbital,247.73114349990104,-67.77038025183919,321.4625339091813,-13.200096488100135,151.40738818831937,1195.1244384622955,21.27926,0.8665523046305514,0.0065761153,3.9548551727619685,119.5716,0.9842073,0.67584854,,0.2599212095236132,0.38458499610312713,0.3095845339145497,17.205100905843672,69.46337862257897,13.086999,1.53438,13.309079,Orbital+M1,marginal
5366235669815988864,AstroSpectroSB1,160.94302769419767,-46.550895378834376,281.20299855813715,10.864425418123218,99.79727556833453,913.4275503593773,6.5437555,0.21450824213029454,0.01481167,4.257226326039685,156.48535,1.7292578,0.891026,0.27568647,0.2521086641656946,0.28294197755474493,0.23964003499994924,13.285322497572238,68.7546388524853,10.32972,0.9439964,14.620112,AstroSpectroSB1+M1,marginal
4697504137926246784,Orbital,28.75888386763819,-67.76632051805086,293.9777666950047,-48.24125767156206,142.22593547529206,1487.2558263747064,182.68277,0.6035169551119081,0.013406426,4.650706340131392,6.744085,9.777421,0.77983594,,0.2675254626300413,0.34305351819685614,0.2818164447128051,21.83145492520785,68.12444848361598,11.933087,1.2062893,11.588327,Orbital+M1,marginal
2449382023133920384,Orbital,358.5053841679478,-1.4219248505898583,92.35932379468468,-60.83902161353747,249.39883714160737,1003.5101146598321,79.741234,0.28994500596558903,0.04660919,2.126960697755707,18.864584,0.57909244,0.6615344,,0.2551864554835365,0.38574931923790723,0.3103478342510494,14.7360321905585,68.09907183175058,14.289249,1.572773,4.5172462,Orbital+M1,marginal
4680592966193344256,Orbital,57.1524319286298,-60.37410443096608,273.5180803255765,-45.33932217629538,141.75317160410685,1167.416860292682,96.87819,0.5578152514159287,0.041531835,3.504152524070198,13.053104,13.054286,0.94997734,0.24169208,0.25993253479456724,0.27361972155659486,0.23287393390592814,17.21136843414974,67.82824182511631,10.237119,0.86227894,7.8748302,Orbital+SB1+M1,marginal
1662665510540261888,Orbital,205.46722413270476,60.945945712884075,112.2485209820814,55.123941511821684,284.137115401022,867.9405908293867,16.285873,0.3202096061202816,0.034113687,1.6559887610724935,64.92563,2.4838235,0.67512417,,0.2510643840517372,0.3718788273396171,0.3012018375971893,12.819242255762678,67.70607603107105,14.495944,1.583107,4.692159,Orbital+M1,marginal
4861542034317235200,AstroSpectroSB1,54.11489356839912,-33.50260410680092,233.41546994901867,-54.05738773635162,132.28011873586786,907.7106636025889,37.403778,0.923894894220543,0.020291891,3.278901257825312,8.97534,5.35529,0.8526776,0.2612385,0.2527365923996493,0.2964034674215301,0.24930050441419538,13.57185575879062,66.88183839668764,11.148006,0.97775364,3.3923628,AstroSpectroSB1+M1,marginal
394040232688418304,Orbital,0.7367226114721431,50.77891649876158,115.14767316040091,-11.358474418290555,95.49918019114024,874.5169674459822,7.2236724,0.4022217102814397,0.013377022,4.3428021036027395,87.96252,11.958865,0.8806229,,0.2517553383638666,0.2858832443280561,0.241761798151687,13.126176480315166,66.62389224748445,10.499293,1.1693306,6.7769804,Orbital+M1,marginal
4861335944606607488,Orbital,54.25891947341697,-33.77818919860255,233.88751584993926,-53.94189440725564,217.30195645096018,1786.0636008972103,153.27086,0.7541174802691074,0.022671862,3.5260064206947015,17.127415,3.2020683,0.7737405,,0.2744289535823202,0.3546782985735738,0.28969689073590177,26.820108163798352,66.59419827799316,13.405517,1.4583797,9.606634,Orbital+M1,anomalous
6693260232174351360,Orbital,304.78658411906025,-38.48476092914506,2.8541119907124055,-32.950399072948734,97.93498026781643,1019.0172234795069,28.751892,0.6836757715821786,0.009802358,5.36606866598149,24.714563,4.5209146,0.6943394,,0.2563924457615317,0.3692609806772329,0.2994626043021464,15.336903081302601,66.4421766296354,12.364572,1.7516861,17.140951,Orbital+M1,marginal
393135231533156224,AstroSpectroSB1,2.7420833419088066,48.11492212268793,115.98308353176544,-14.210051871147256,65.62241484664901,1877.5243865002092,299.40262,0.38255372758262374,0.055928636,12.492326507892507,9.440965,10.6883135,0.7303941,0.31145844,0.27649430749111015,0.3785549445607691,0.30561842713776516,28.472440684667397,65.94181395595176,10.589478,1.3796244,25.727875,AstroSpectroSB1+M1,anomalous
2983594689678418176,AstroSpectroSB1,78.4752553326513,-14.92975620330384,216.0144150379678,-28.197242689732537,229.61687834953887,1134.457273658522,62.732517,0.41664916927012297,0.020237345,2.227006975733,21.86765,3.0014524,0.8667674,0.37235445,0.26012475077590064,0.3001090590579535,0.25193736468180605,17.318013957426455,65.5073541600903,12.342953,1.2015381,8.072182,AstroSpectroSB1+M1,marginal
1388943327756612224,AstroSpectroSB1,231.2782350776007,39.6334916663992,64.37041620263398,55.881255110080694,154.31264376432802,893.4997363704847,14.152228,0.8248286489003763,0.04560612,2.9817155920728236,13.186423,4.324354,0.74397844,0.24231406,0.2529076385399287,0.3399394722796568,0.27969077476399273,13.650733356726175,65.45433955972976,12.322767,1.2991552,7.2106647,AstroSpectroSB1+M1,marginal
6631710606341412096,AstroSpectroSB1,282.3029934908453,-62.37144176580244,333.3264067886244,-23.576966211657897,38.49739298345797,937.0371096287785,6.415848,0.30882983336456427,0.00527822,11.785039109542074,146.06808,3.085416,0.8225578,0.31731993,0.2543536466317806,0.3092228223681095,0.2583821423969109,14.331901331787915,65.38121411361143,8.67581,1.0593567,28.900923,AstroSpectroSB1+M1,marginal
5795520124960552576,Orbital,227.51682943471852,-71.6408357453448,313.4701824996857,-11.66510083923835,267.88655526872645,912.4330402335576,14.013278,0.4889112294313303,0.01935108,1.685160013409612,99.85915,-1.2454034,0.79808843,,0.2535724201356573,0.31772471592412377,0.2643430351263486,13.960688043600603,65.35731171586525,13.214052,1.1651869,6.146397,Orbital+M1,marginal
3878880351946974592,Orbital,148.42637695467877,9.275330507221222,227.37083387595757,44.48303747593151,224.89140756797156,901.3221373717411,28.599226,0.4064679957286714,0.06461537,1.982513659133122,43.541443,8.624986,0.80392337,,0.25339614737558225,0.315199380088785,0.26257756968501733,13.877972959629064,64.94623818576974,12.70085,1.0234585,7.292711,Orbital+M1,marginal
4340299614955805056,Orbital,254.0055946961074,-6.500986104347518,12.777268124726804,22.030496354783008,156.23493936444217,949.8062610639219,30.263832,0.6512994856151632,0.020020628,3.3222071390153007,32.76306,0.22887486,0.64142656,,0.2552256737057748,0.3979031869329527,0.31826778934075295,14.755279422446188,64.37060484392096,13.96233,1.9568577,10.273533,Orbital+M1,marginal
4360295058541704192,Orbital,260.7855826668217,-7.114144876371194,15.98191282447919,15.986601747260243,103.46099293570688,1079.1332820130053,49.021595,0.26389319064933964,0.029193828,5.37465492530944,21.395195,14.9402685,0.6823614,,0.2594936301458177,0.3802876613926294,0.3067603073589215,16.969769360875425,63.59151141446838,12.204403,1.5256195,17.567951,Orbital+M1,marginal
701419359743627392,Orbital,141.82363114049227,33.77730649500263,191.2875361590715,45.94720376237959,107.71889140703064,1053.0779702354284,66.242836,0.7871912969163276,0.024585176,5.14001785214667,12.372105,7.1533027,0.6625033,,0.2587856638396399,0.39061792299055553,0.31353085355266247,16.585630195654055,63.4933950541938,12.9256735,1.9185972,10.906375,Orbital+M1,marginal
1965415453140709376,Orbital,321.54053851992956,39.964640840340955,85.79580566103301,-7.667930907850191,255.75520581487984,2660.485121707652,757.65393,0.7028191875575553,0.061952308,4.270753142089442,5.0383377,-0.2994521,0.7088358,,0.2905636452209308,0.40991672988988614,0.32601181097269283,41.944049442693796,63.429381689589825,13.957046,1.464345,7.667839,Orbital+M1,anomalous
5273780485811117696,AstroSpectroSB1,117.44168160301503,-68.46641580903544,280.72177502872603,-19.993451300255618,205.12816367118023,923.4051325038697,20.19602,0.47628013442612754,0.028539302,2.2749240546630034,73.638664,1.3671752,0.7660822,0.32410753,0.2549702649027699,0.33282362628965745,0.2748098909119761,14.63028199895572,63.11601735153024,12.698064,1.163022,7.5879216,AstroSpectroSB1+M1,marginal
4821159308691479424,AstroSpectroSB1,81.85418848245273,-37.910548345595664,242.50045225733336,-32.13174141415357,89.9457458165768,2746.3884619141945,417.57135,0.7729906509140955,0.02764181,12.692408667260198,11.25883,5.0876245,0.6805781,0.34484887,0.2919806581906786,0.4290185840303795,0.33815632939255874,43.535092971744916,63.08447448812505,11.677284,1.4471674,19.042444,AstroSpectroSB1+M1,anomalous
2807266460903907456,Orbital,6.503408557932983,24.950007084600458,115.65724242466696,-37.56235461986233,191.4983714806938,1073.2955009224656,36.166042,0.5049899509294278,0.016437031,2.834465917740459,29.329458,0.07316377,0.71298426,,0.259743345576017,0.3643044576556902,0.2961581032130295,17.106901705138288,62.74049617062375,13.246318,1.5735207,13.122767,Orbital+M1,marginal
3534241520302016128,Orbital,170.41443698665856,-25.386693841856214,278.58605921955365,33.205592879255406,142.51445191181682,2007.9038529758516,444.28568,0.4073581395432511,0.09372725,5.948209979963591,5.2524867,13.902979,0.76738554,,0.2808302381803569,0.3659571658135752,0.2972616392012179,32.198520679847334,62.36012744003405,12.04108,1.229002,13.156855,Orbital+M1,anomalous
1905638373188215296,AstroSpectroSB1,336.2737098340745,34.78786210028074,91.73868991747277,-19.071464971314978,115.93281497358703,1523.375134992472,114.834114,0.44615751105759827,0.03223897,6.374624227719965,16.585617,1.8354173,0.6572237,,0.27150341415752854,0.4131065473557165,0.32805410191724055,24.608329620725907,61.90485735811332,13.15753,1.9280691,13.430948,Orbital+M1,anomalous
5664547227559038976,Orbital,145.64476977753208,-22.46044395050121,255.6498947164148,22.61041551073199,226.99125787313966,2264.9442797206257,492.1896,0.7820470258361978,0.043707397,4.326124801473226,6.0051227,0.10929665,0.68649566,,0.2854728199425476,0.4158406758475963,0.3298000455461376,36.59748592719958,61.88797460640046,13.896409,1.544424,9.131356,Orbital+M1,anomalous
1045619859910572928,Orbital,154.1958504025267,57.368937693221,154.07417748073294,49.352805323488596,292.3702914054238,1831.8152463117228,212.3648,0.7333868588499722,0.03959259,2.3335059769729347,13.548632,9.396271,1.0256258,,0.2778545599408461,0.270912211049556,0.2308969586524202,29.603178198322222,61.87900616750475,11.899865,0.9269371,5.2164035,Orbital+M1,anomalous
4844196757352683776,Orbital,63.48933718034284,-39.849171919790514,243.33234986508546,-46.51877150681324,275.2699521102195,2231.412689045392,513.8915,0.5948570945219621,0.07064018,3.456734464694668,6.0685453,2.5394228,0.7164344,,0.2850015067829121,0.39780543642642074,0.3182044365138318,36.13073878040393,61.75939835073712,14.031792,1.4737997,6.7777123,Orbital+M1,anomalous
5607154335501233280,Orbital,104.67074408982113,-31.558174828998435,242.23837646158412,-12.396496093600817,227.3887709358949,965.7586067059375,24.126709,0.7631912663423506,0.015515163,2.2418960327491884,48.14525,-0.40355608,0.6903497,,0.25719706563355677,0.3725605535192147,0.3016540736476298,15.74827350182087,61.324729126292674,13.359299,1.1264887,7.569273,Orbital+M1,marginal
6449564238774562688,Orbital,313.27868558721536,-64.60345842080835,330.6146402496852,-37.241851931896015,146.06000151855204,1305.4425974499918,34.483234,0.7594552494389677,0.008487973,4.44298156711095,82.52088,1.0290931,0.67527765,,0.26677431647418065,0.3950587085673931,0.3164219845499432,21.335682775645992,61.1858833475024,13.410833,1.8044949,3.3159912,Orbital+M1,marginal
4712890673581391104,Orbital,26.363630043961514,-61.58386155450015,291.9335202084289,-54.37588544149006,134.8283930313206,1052.8434009930813,23.599358,0.48677343375767473,0.021207571,4.577427271394403,88.2839,3.1858811,0.52850944,,0.26009084090253665,0.49212146876343743,0.376879798291614,17.299162801313148,60.86094530037962,14.585413,2.4975567,11.3607235,Orbital+M1,marginal
3017257376331857536,AstroSpectroSB1,83.58385596500543,-5.649648631532179,209.1448047099574,-19.70995324265278,90.37301205394793,2134.3651444191687,121.97881,0.7467994511562623,0.011703118,9.668089360286556,25.49717,5.983879,0.79905915,0.32051125,0.2840344964036924,0.3554611638930283,0.29022452294061724,35.18759619499847,60.65674769572766,10.795059,1.2094259,17.620247,AstroSpectroSB1+M1,anomalous
5395496732244508160,AstroSpectroSB1,169.81405969867873,-40.28271378310897,284.48987022967844,19.26487741054895,79.44309356532041,1428.6610970970282,53.032806,0.7053496267858069,0.011656261,6.907879065472489,35.284355,-0.8249914,1.0806011,0.2796605,0.2701165969817925,0.2499688348858407,0.21542019232078086,23.61078597469574,60.508832642342334,8.096759,0.7767916,12.543458,AstroSpectroSB1+M1,marginal
1032615489212068608,Orbital,122.6445381135756,54.00633366828795,164.23673220491773,33.0912594098845,151.91097009996002,1177.7904479981503,46.21043,0.3946775082618148,0.020026427,3.892204673509835,26.82664,-0.24750817,0.698997,,0.26420760269414506,0.377981014027007,0.3052398020346873,19.70733746580166,59.7640574249049,13.0811405,1.6250477,16.44194,Orbital+M1,marginal
2315801462121049856,AstroSpectroSB1,6.322672481636932,-32.70769871283595,346.78044944167357,-82.0519624835432,38.56197099042013,1340.1122207027163,74.58007,0.2408817963966222,0.010473755,18.2980437822734,25.20411,14.535182,0.59262425,0.7926075,0.2684710038387407,0.45302062000368937,0.3531317650356137,22.46821898357414,59.644790790157124,10.497291,1.7983074,29.654102,AstroSpectroSB1+M1,marginal
6371029902772162688,Orbital,325.96882181511,-72.77967766676491,318.84960082275194,-37.9957248606489,245.8983147846756,1232.0632256240083,88.96758,0.40919996915293183,0.048351128,2.174430872247256,24.378227,5.696684,0.91635543,,0.2657765229994917,0.29003650110557166,0.24474734625412373,20.690709793944098,59.54668727626817,11.917447,0.9276161,6.6831136,Orbital+M1,marginal
3320232199115085952,Orbital,87.98759456051948,5.407905107323223,201.1676044477435,-10.628010124202929,218.5826744646399,1112.6198781724163,48.382294,0.570871866746541,0.029165264,2.467291431922241,32.01945,0.8636371,0.7720318,,0.2625230700307467,0.3400417903146258,0.27976071706488026,18.692375872164234,59.52265703308883,13.144043,1.4228077,8.952606,Orbital+M1,marginal
530834528743786496,Orbital,1.0003802614343769,70.44076807683945,118.9486715523164,7.936752142814312,295.3187307701498,1614.1018615991284,225.361,0.6532468766936835,0.038960677,2.437887095274462,8.39772,-0.9254833,0.7675792,,0.2748597844384825,0.3580865468948804,0.29199116241828726,27.158462056071656,59.432741746076644,13.801608,1.2959185,5.5706677,Orbital+M1,anomalous
5346249052382143232,AstroSpectroSB1,169.76337759286494,-55.202963143750374,289.9391186034995,5.321139710785272,179.1850976181985,870.7497754721265,22.001198,0.7886744231569925,0.016483577,2.1043188045979258,35.573265,3.1499207,1.0714688,0.25528532,0.25509150613101345,0.2380764600545106,0.20648324283485367,14.689514506697165,59.27696079234878,10.67453,0.7326031,4.5475945,AstroSpectroSB1+M1,marginal
6600781309889916928,Orbital,340.15157456872134,-32.67814677068256,13.823730604019612,-61.226499199242326,142.9355705162705,1344.7282453124537,67.82443,0.610138107693279,0.026059812,3.885360768016424,18.36818,2.9160378,0.9710211,,0.268813667346822,0.27683606770067404,0.23521548554448737,22.70251304481562,59.23257229972335,10.609107,0.84434605,14.168925,Orbital+M1,marginal
1298126450441668736,Orbital,248.53779331468493,22.90295646648203,41.12421774655574,39.769869893506694,261.93292115847754,874.0821748555553,15.310943,0.46425205154257454,0.024455488,1.8500525111968997,69.72171,-1.5396978,0.66019744,,0.25538670892824517,0.3868338389231305,0.31105809245818283,14.834516181679298,58.92218958479085,14.91357,1.9506645,4.305003,Orbital+M1,marginal
5634026056087623168,Orbital,137.56686707122753,-32.428618929578235,258.0358343367725,10.55642769383613,157.53773447476092,919.9418666990606,10.632928,0.7166079195511559,0.0103414515,3.2137917019486433,77.6721,2.4779286,0.65363705,,0.2569411867690719,0.39309458689201293,0.31514468977419474,15.616533555809994,58.908199019417104,13.523956,1.7209234,7.5251083,Orbital+M1,marginal
5978371446972690944,Orbital,255.04857927233988,-33.95211849385362,350.37996581739907,5.150198098921684,216.4083353624233,3150.947556324534,505.65637,0.8811095138723863,0.016890518,5.772299285339528,9.916855,-2.0167763,0.7155695,,0.30006369101244124,0.4193354979842997,0.33202561141484266,53.53020580280626,58.86298229324852,13.623562,1.5237341,8.65907,Orbital+M1,anomalous
6711667676026064640,Orbital,284.57179936950575,-45.23789453588435,351.44948193383146,-20.02875169916341,83.82909650199565,1199.9912367990974,40.336407,0.36551016331484826,0.019383805,7.892727115124553,35.65119,3.098513,0.5691377,,0.26536874246869785,0.4662645718045153,0.36126358741803666,20.431530342303883,58.732322870328126,13.150357,2.3528595,29.672392,Orbital+M1,marginal
250455799486068736,Orbital,58.27713526878802,50.43925732218087,149.9397343758848,-2.655823440389374,171.98231344699624,1613.813827430881,233.46739,0.6069736813910849,0.039767567,3.906856864000499,8.59094,10.306215,0.8833323,,0.2752698941465568,0.3116266555334454,0.2600725061505168,27.483617915223487,58.71911887324599,11.562807,1.081646,6.4639874,Orbital+M1,anomalous
4684259322075279872,Orbital,4.86494883170441,-76.1044878956548,305.4632628728935,-40.86619804380163,175.13921741342577,854.9136206320495,9.953827,0.30574407841533063,0.011097557,2.7301168112387675,55.0455,-0.2377389,0.6559154,,0.254847353010278,0.3885369377908654,0.3121720536676302,14.570423079164861,58.67459139567078,13.639691,1.6643276,9.839736,Orbital+M1,marginal
4158679535512460160,Orbital,273.4669624177455,-8.644246385043942,20.93139459554187,4.304656793697625,141.01519502696374,848.3288791746362,6.0718975,0.2684972495086358,0.008514519,3.056860200142038,183.62207,1.9303788,0.80066574,,0.2547921741101272,0.3182253999276713,0.26469255370652295,14.543612617643191,58.32999691875105,11.938797,1.3814297,13.060537,Orbital+M1,marginal
5196463962017462784,Orbital,128.1392467224728,-80.87573722563508,293.9735514085358,-22.951123892906576,140.06535420570233,851.8732464732526,10.00931,0.8047355121594373,0.026590548,3.3515056393172564,45.694324,1.1538651,0.6789652,,0.25504388296555286,0.375636157590448,0.30369082254867646,14.66622596774386,58.0840120932828,13.311994,1.8229303,12.743604,Orbital+M1,marginal
665785802795255808,Orbital,126.99205179135994,22.102001783182182,202.0770383412712,30.577213927453393,182.1203063085572,980.6387804797065,77.00409,0.49733257172350154,0.038750105,2.052822412225814,7.819725,13.852197,1.2924949,,0.2594238130803444,0.2007155420655765,0.17767278688579152,16.931582384759423,57.917727841102796,9.568588,0.5842743,6.4996743,Orbital+M1,marginal
5349106481250021248,Orbital,170.23127197928846,-50.47126650441438,288.54039263662844,9.854051972949524,119.79396513546612,1111.8254120043046,16.231611,0.25233341145722116,0.00806816,4.730160607118852,59.25455,7.249684,0.70330024,,0.2638391901536632,0.37514446324252215,0.3033655944697881,19.481786406959866,57.06999290409554,12.448973,1.6569452,17.232208,Orbital+M1,marginal
1308435368384888320,AstroSpectroSB1,255.8989161069639,28.524368004761314,50.19480962544782,34.908536375654684,247.8856214675419,1016.6415010836033,38.072136,0.3157708390557134,0.012324575,1.7832706882359846,21.021824,5.39498,1.0019451,,0.2610227818468748,0.2605160421994186,0.2232555275004968,17.823089765621873,57.04069914098484,11.741224,1.0016956,6.1447487,Orbital+M1,marginal
4389297357784537344,AstroSpectroSB1,261.88463617830513,4.479292857871797,27.21346954997563,20.684213998316313,68.38080779060833,1115.1863283467562,23.549416,0.6965827212384365,0.0069348244,6.774484625819936,52.396027,4.7868805,1.0507067,0.24181539,0.26417857839353726,0.2514294115397362,0.21651027275093673,19.689494743931704,56.638646285753794,8.588545,0.76031303,13.568139,AstroSpectroSB1+M1,marginal
6088883674230055168,Orbital,210.3657991032796,-53.82668359315137,313.2513696239785,7.636134879864943,100.95184819128087,1890.057104124574,263.21695,0.33545316548038095,0.060455672,8.508393525373743,8.569707,12.377294,0.6919505,,0.2821187339535333,0.4077151963165969,0.32459889183140056,33.37572142447761,56.62970037670599,12.031514,1.4902172,7.5257387,Orbital+M1,anomalous
3893779524778085632,Orbital,182.1664211666784,4.078834024589584,277.17732241621667,64.78993845479529,99.32179366864142,1056.9555702440489,81.52063,0.8257278428351994,0.069265366,4.475644325148306,12.921846,10.847591,1.0512538,,0.2625947123894452,0.2497919279650545,0.21528804951402908,18.734695686784804,56.41701300702796,9.457554,0.7600231,10.1897545,Orbital+M1,marginal
4871940631177256064,Orbital,66.71249242071207,-33.020661983054424,233.89992387892528,-43.52380837482006,290.65507353618744,934.9818226539049,19.648714,0.4712927693885872,0.023285445,1.695165744169905,70.44875,-1.3345265,0.7155168,,0.2587642574452682,0.3616466523251407,0.29437990954790577,16.57412149800287,56.41214967360818,14.178791,1.5656195,5.081116,Orbital+M1,marginal
2008561109746759808,Orbital,340.64115259157415,59.81882628608402,107.38277128900634,0.8958881591118699,244.49152291497936,1340.6468495536878,94.45802,0.6064250544389551,0.025360582,2.3327816938923704,14.9689045,4.016425,0.9279231,,0.2704227607036179,0.2914279917903797,0.2457448734110973,23.828255246172322,56.26290450993235,11.876993,0.93714523,5.947089,Orbital+M1,marginal
4592156325396781696,AstroSpectroSB1,277.62501877870125,32.67691708978701,60.92132633129153,18.33246326074347,125.89735192056402,2332.453822910641,361.7437,0.6487562357668963,0.036900822,8.075910806664053,9.499809,4.2914224,0.6833019,,0.29013331405685144,0.4246048535235146,0.3353682986961776,41.4699368560611,56.24445079350868,12.660784,1.5621233,16.700197,Orbital+M1,anomalous
3177382999895127296,Orbital,66.8409230516489,-13.882972037925542,209.5236086920642,-38.13199710308146,155.18112553817772,857.4683181102189,10.929829,0.4345364182782244,0.013390759,3.053332876757749,108.242424,-0.67099893,0.67764276,,0.2562947373873669,0.37821511791986673,0.30539426561483657,15.287523525022062,56.08941936911796,13.120479,1.5273571,7.070067,Orbital+M1,marginal
2961003367859761920,Orbital,75.97456021869998,-22.900650498023783,223.7083369418091,-33.24160225813149,195.19506621183152,1031.1877873193866,44.788277,0.29849698409775416,0.02730277,2.7375981876932998,21.417805,1.4693722,0.7076173,,0.26207785728647837,0.37036667084285624,0.30019770848536875,18.43104844043685,55.948406334661314,13.344919,1.6046333,9.735415,Orbital+M1,marginal
2289222589587635200,AstroSpectroSB1,293.7770038548555,75.74901947243752,107.6368816982059,23.60676715205521,121.15612767253374,1247.5493080071215,43.45041,0.15163973718363066,0.023797503,4.795775333402518,33.291695,1.0131133,0.80368227,0.2211687,0.2683471736918827,0.33389709402354273,0.2755483120899616,22.384015123121113,55.733937863475205,11.336685,1.0792618,11.653274,AstroSpectroSB1+M1,marginal
1500700335303879680,Orbital,206.6883212658822,42.26906034014007,89.7977660388687,71.11977717869493,120.50779507995125,1328.4920681379886,72.685555,0.8521870649608176,0.03307453,5.383900282609559,6.0557437,13.194861,0.70864975,,0.2704988272223872,0.3817101826331586,0.3076964176736654,23.882526401063895,55.62611115040192,12.374557,1.5644608,10.784204,Orbital+M1,marginal
5964867627414712960,Orbital,252.83951090601641,-42.891183494660055,342.310656742848,0.9095717407153795,90.48252935857857,918.678745437636,13.438566,0.5782847183133597,0.015567498,5.2451620930169485,71.90327,6.7954836,0.75380945,,0.25875575462475053,0.34326414177839737,0.2819599927078087,16.56955185936944,55.443789502258554,11.155976,1.2100658,13.9904995,Orbital+M1,marginal
1839766150529613440,Orbital,318.32205127040675,22.611653723664727,70.88271286804944,-17.537913399069907,161.4606494108385,1313.7183555556628,88.2233,0.5558181372338306,0.034516882,4.140503344432567,15.410782,3.236322,0.65459776,,0.2703476044514753,0.412998059697813,0.3279847372521324,23.774727793015394,55.25692521037447,13.932085,1.9491072,11.170938,Orbital+M1,marginal
1478590389123288832,Orbital,211.7501936522788,32.217906944607485,54.72033133691745,72.84326712819717,260.64432955536495,1054.706898734759,68.73905,0.2728275443006312,0.01635304,1.8136703796065254,17.933786,6.9776006,0.93851596,,0.26355102750207193,0.2808167771312713,0.23810309772928182,19.306769889419403,54.62886359425484,12.209391,0.845356,6.140851,Orbital+M1,marginal
491166210798373376,Orbital,51.62331032836831,65.38811890976461,138.17032548941253,7.212358946549318,220.3142720550944,928.5021518959647,17.641638,0.595381757168098,0.02814989,2.3507366797797493,63.123096,1.4397856,0.6433581,,0.2597912665124914,0.40380506892906387,0.3220825743517309,17.133315977726784,54.19278749677017,14.532862,1.8659668,3.2374701,Orbital+M1,marginal
5196404416590338048,Orbital,120.97400088245669,-81.17054674630964,293.73667707041494,-24.085943390488072,171.5569155336594,1516.3698743890423,121.06877,0.38030060243672703,0.045372747,4.381148982912546,12.681102,0.89331347,0.6476654,,0.2759632310797384,0.42608921055770776,0.336307129646082,28.040209455520042,54.07840753809088,13.773736,1.7587805,11.869278,Orbital+M1,anomalous
183106005000505856,Orbital,83.56810010416748,35.20109311379252,173.41612999593326,1.2944824174308052,98.8914339367629,899.1308831570535,50.8159,0.8569170666592868,0.06394679,4.608657752194357,6.411438,11.06849,0.7951186,,0.25890817190338344,0.3256220915537892,0.2698365069299778,16.651613705310986,53.9966215328595,10.97933,1.1239052,8.05943,Orbital+M1,marginal
5375864539815065344,Orbital,173.1940978570236,-44.744266385719264,288.54016059397,15.918121191634357,192.2180058545228,1748.3070163600512,109.522,0.9370046566395712,0.018929059,4.2280524995318896,22.506187,-1.3176067,0.69238657,,0.2810534483516356,0.40591984522293456,0.3234446039106228,32.400101609415984,53.95992387418826,13.533601,1.5678291,9.431167,Orbital+M1,anomalous
2856208983335691392,AstroSpectroSB1,6.272216760864551,27.29168390715418,115.76389698940712,-35.213065320819254,206.97691404366645,1127.3722439265052,54.772957,0.6111204771644091,0.027022336,2.446033283116789,38.499523,3.8388002,0.9100919,0.49107322,0.2661048848100213,0.29239342921286626,0.24643616847366015,20.901264392614383,53.93799258981053,11.713328,1.0606756,7.7520785,AstroSpectroSB1+M1,marginal
601372254111305216,Orbital,130.1282158985944,10.286242252396855,215.9842798697906,28.8573560292429,218.32092917734985,1254.5934600916016,131.39366,0.7730562093874433,0.015981335,2.829315555330785,11.836106,-1.7258669,0.720926,,0.2696194078906605,0.373990413495622,0.3026016801109301,23.26092273838973,53.93567031719794,13.375294,1.3633461,6.4814205,Orbital+M1,marginal
2423524838246188032,Orbital,6.812523059191905,-12.896234506189524,100.05584005127032,-74.68342635217526,193.02361943116048,1365.0777845309713,119.494606,0.7413753905693877,0.07280474,3.192677576142477,13.7209015,3.294986,0.8262374,,0.27246253632712064,0.3297630230197519,0.2727004079040692,25.31718280140237,53.919023899268794,12.230455,1.010086,7.2761064,Orbital+M1,marginal
2695199459797279104,AstroSpectroSB1,325.12340276433997,3.4590357010036694,58.90169788695661,-34.74718000373009,84.5831680965271,1206.0415480605677,36.117287,0.4241408296243991,0.018506374,6.235198831186626,36.56348,3.5999684,0.93032163,0.26425183,0.26838736657907764,0.28848879443797526,0.2436362192572728,22.411319127611375,53.81394737156238,9.357637,0.8896847,6.843201,AstroSpectroSB1+M1,marginal
4505641287336398592,Orbital,280.2401774719128,13.019271834548361,43.420919273924795,8.183853810646532,176.1250656514907,945.8411790462239,66.71759,0.5789405322771464,0.04914953,1.9441758231579955,10.003622,5.216786,1.4602387,,0.26077164304184175,0.1785815181510509,0.16005285533905123,17.680704027898635,53.49567401579528,8.799812,0.5983696,4.4073653,Orbital+M1,marginal
3071733264043277312,Orbital,129.96825099967594,-3.140652746666662,229.01349960038092,22.331179559394755,265.9656732627671,1722.9922812708314,210.91702,0.7839316204823307,0.021340113,2.8253686889566736,10.523763,0.47449335,0.7972169,,0.28089802168211847,0.3523483062332027,0.2881242510745868,32.25963247471697,53.41016462668017,13.123491,1.1612177,6.387819,Orbital+M1,anomalous
4740157806036510336,Orbital,41.18883425230461,-56.27852131862252,275.9490665097073,-54.50548126707779,284.341427246661,1566.780539179493,202.47377,0.45739210425115506,0.06585362,2.3601861460789566,12.640183,7.2726374,0.8642193,,0.2777169152974081,0.3213500470990539,0.26687001388119996,29.487196276461233,53.13426629273018,12.80356,0.9301834,7.0395403,Orbital+M1,anomalous
1905020035336538368,Orbital,340.2461197887916,38.537483611800724,96.68295055522029,-17.59551209644258,203.98521669691095,1142.9408504643861,71.231384,0.3686646220828189,0.060564168,2.614098550232659,24.339558,5.4571624,0.8435373,,0.26734860819059353,0.3169375170185793,0.26379316454441787,21.713929178890467,52.63629815904133,12.231146,1.1258163,11.807294,Orbital+M1,marginal
4952906777660659072,Orbital,37.710881606918974,-39.657199082542746,250.56197064738708,-65.88669438571637,247.53335443946293,881.0102850385513,11.99208,0.5739240154431595,0.013584305,1.8434103693517894,52.925076,3.924547,0.7731235,,0.2591312892947084,0.3351745075388841,0.27642604417374583,16.77231033419596,52.52766419676348,13.438154,1.4554586,8.069665,Orbital+M1,marginal
610126325173311104,AstroSpectroSB1,132.35472960786564,16.18213083759845,210.71069179807452,33.22340882668268,101.76571944797632,1256.2873214324088,66.4681,0.2662653261822829,0.020782052,5.704072080136493,17.526173,1.4422818,0.8244239,0.24227987,0.27065616840708956,0.32829733028229524,0.27168801736435394,23.995089648734872,52.3560169944456,10.760582,0.9698601,18.986538,AstroSpectroSB1+M1,marginal
1325772983126932992,AstroSpectroSB1,247.32369025258484,33.254530990538136,54.31197534612682,43.04772329495613,193.88702617446,1044.1442066133275,31.689945,0.4470076044111039,0.011476849,2.506610049793303,25.514977,1.7018195,0.88509953,,0.2648316744927013,0.29921117959114196,0.2512993220480381,20.094038473503183,51.96288481233768,11.6831455,0.9702091,7.4896617,Orbital+M1,marginal
473247229285202688,Orbital,56.526827960238165,59.073772602735204,143.75619166203367,3.4567322045816296,146.77386597505588,1555.9799214221496,145.76138,0.6752233342719394,0.0127256755,5.197689852868881,10.15203,2.2030354,0.6602994,,0.2782922000933373,0.4214636443917821,0.33337749613991485,29.974301072744918,51.910465489951775,13.242308,1.6629524,8.061962,Orbital+M1,anomalous
1007623280676294400,Orbital,96.06867206017179,64.13461518800082,150.6538711720385,21.370280125232952,158.88895286115016,1151.9954164451046,40.343315,0.5067104602667193,0.025337428,3.9442566107716366,39.066715,4.888935,0.61532426,,0.2683332536114633,0.43608430802465037,0.342597220261387,22.374564908839563,51.486829850710684,14.392296,2.1705265,10.818303,Orbital+M1,marginal
5716326185059721856,Orbital,113.91133548521076,-19.734876428519044,235.43951751731862,0.37909685261003107,169.84774905621833,1785.0773619667375,183.3948,0.8247367711176693,0.01668661,4.8796882756628435,12.226343,2.3825443,0.6955726,,0.2838217959964857,0.408040497872707,0.32480784098493226,34.98273972046646,51.027374534716266,13.435035,1.7480526,10.60284,Orbital+M1,anomalous
5584908565272981760,AstroSpectroSB1,112.25624975795726,-39.848107965015615,252.56826032855594,-10.405500671959675,203.05456921154587,885.2491753819445,24.194712,0.7529607036893722,0.019922376,2.231439960958555,23.529116,2.1161256,0.79488677,0.31660798,0.26027118283721135,0.32743177186925776,0.2710894893291467,17.399601924587184,50.877553361207,12.452535,1.082139,7.0955005,AstroSpectroSB1+M1,marginal
4916537097677588352,Orbital,24.98885255499899,-51.660861878067585,285.7497249473194,-63.81843989253017,284.23249554246246,1564.4132421792121,145.08685,0.45222010446417676,0.046185885,2.4746245373462266,17.565893,0.28363872,0.7926112,,0.27933409426464484,0.35242260101963474,0.28817444951373744,30.872405352047917,50.673513266611636,13.383773,1.3701296,7.526924,Orbital+M1,anomalous
5869381158603327744,Orbital,200.3781041184046,-61.02904318187629,306.56715354871045,1.6302559101762686,248.81061314247515,1256.1862364569997,121.37,0.38415947697356045,0.051720683,2.322465529052322,15.604537,4.6959734,0.83743685,,0.2717569036020456,0.32451032221908394,0.2690656665161286,24.79415440922112,50.66461294561492,13.02321,1.2723522,5.2139745,Orbital+M1,marginal
5488870691351373568,AstroSpectroSB1,114.1711846207265,-54.920890311259505,267.07478511710525,-15.832924019707628,160.11252353664935,1090.8600056489213,32.253017,0.701333111728405,0.019894356,3.258983302225955,72.901054,2.1155252,0.8266511,0.29481283,0.26709511787200835,0.32310501861460317,0.2680901303690902,21.546335093090022,50.62856401963059,11.702915,1.0478868,10.37289,AstroSpectroSB1+M1,marginal
425625765780376320,Orbital,16.487698962741913,57.84587354853906,124.86921816106923,-4.971275276186646,271.15669292807775,881.7419433107667,15.876979,0.5002715630347101,0.030750176,1.8477059826574582,40.301834,-0.3974567,0.64374095,,0.2603026537849158,0.404359320267202,0.32243979069646356,17.417175644570587,50.624852232321025,15.038626,1.8925085,3.029865,Orbital+M1,marginal
5235978039134778368,Orbital,175.27274848484592,-66.7740815930101,296.06393438309954,-4.844982896574741,174.99116310985477,1022.5033697339884,49.688477,0.5350095389502254,0.030318994,2.6494608985571255,24.555378,3.011634,0.9449896,,0.2650470476669275,0.28047614661328923,0.23785645235273326,20.228853380719634,50.54677843028655,11.136301,0.88880634,6.098096,Orbital+M1,marginal
4326927079660410368,Orbital,248.23382958207117,-15.102602680698123,1.6850228149766635,21.680450235071564,246.85224744779256,1023.2093457836818,54.43286,0.2952185982182167,0.04054039,2.247491974601804,17.471756,1.2642435,0.6602564,,0.26511157660226176,0.4015282279772958,0.32061328655295024,20.269382530959014,50.48053852754785,14.863628,1.9302559,4.9528522,Orbital+M1,marginal
4208467105641110784,Orbital,291.93967030671314,-5.551894051325033,32.08787011993363,-10.597663012924263,263.82423760268443,1350.3797006939951,190.39165,0.4570580141025239,0.08999025,2.3507891293766194,5.822009,-0.15090488,0.81336325,,0.2743418217085762,0.33729311022559494,0.27787942956768125,26.75207940646767,50.477560273969694,13.164923,1.3172045,9.051684,Orbital+M1,marginal
766825526907467136,AstroSpectroSB1,172.7725538937361,38.05490064988613,174.91816389532505,69.92483998963593,130.21168439388768,954.095103622849,21.864136,0.42531111571560265,0.0143332705,3.922040166590742,33.387306,4.2732053,0.70209247,0.34851384,0.2629392533221048,0.37450801002683554,0.3029443990498625,18.939261351916674,50.376574138478404,12.537011,1.6565132,11.902525,AstroSpectroSB1+M1,marginal
4857510876795643520,AstroSpectroSB1,58.02599798432722,-37.09412121239424,239.29488694293303,-50.85279216083332,157.8485783004962,882.1492880207229,9.599725,0.5656263946709081,0.008957914,3.011285492160182,122.1447,5.063607,0.71958125,0.2206936,0.26054254554131817,0.3620752303558009,0.29466694384584063,17.55158796461859,50.2603690218233,12.610285,1.3563709,12.443663,AstroSpectroSB1+M1,marginal
546646021344632192,AstroSpectroSB1,37.16882006461712,72.79534281364613,130.06441495626098,11.284163717939236,141.52516532680335,1073.8419224439604,18.429373,0.30762005007952103,0.009019555,2.8966697401207244,47.483387,0.7607101,1.2772301,0.3283008,0.2668582768764446,0.20893515411039348,0.18410949219892916,21.390659422818953,50.20144078860963,9.148654,0.5895338,9.063692,AstroSpectroSB1+M1,marginal
4644226344225727616,AstroSpectroSB1,41.440491839395285,-71.84386764378866,291.24857645202155,-42.59510568712225,108.76201542850524,2212.069214238912,295.11765,0.6405613638621512,0.03625184,7.095594197098592,10.442242,4.02797,1.1214535,0.25610968,0.2926233972998582,0.26093225544572185,0.2235630016364141,44.272058288311705,49.96535737808517,9.296764,0.6932583,14.00414,AstroSpectroSB1+M1,anomalous
1925268710193316864,Orbital,353.8285687192392,44.647662708589294,108.95596051868564,-16.148432331104114,95.5934020955553,3147.4815234660045,683.0249,0.5877706298289592,0.058091424,13.374464518264018,6.4199257,14.106735,0.70652455,,0.30688796167181437,0.4343627709390633,0.3415177327326066,63.28448046100588,49.73544067262106,11.939428,1.6263933,23.259562,Orbital+M1,anomalous
3939983889594792704,Orbital,198.72144236065486,19.94383373483235,340.945816182258,81.03141679544186,111.51141874166433,889.3905372193091,26.787054,0.6554238054137436,0.008582183,4.4160281877026755,34.051586,8.213193,0.6798777,,0.26129360166845034,0.3843244193405885,0.3094135959412716,17.97763161057509,49.47206375594756,12.615496,1.7032242,16.783405,Orbital+M1,marginal
1080154656849528064,Orbital,165.85005105974818,75.91984608155244,131.15599028437452,39.43369675802973,157.50774367448423,1490.9341506143498,77.24244,0.9153837539736108,0.015863085,4.317504471142376,13.898443,3.3684762,0.7916281,,0.27856818374046943,0.3518927333211215,0.2878163598836476,30.21019154991869,49.35202572783299,12.025512,1.107892,9.535366,Orbital+M1,marginal
777270509414153856,Orbital,165.47084650541913,40.64477195783099,174.9521647938637,63.71560809823382,225.92874634797096,1061.039180732425,35.659073,0.6572153216848347,0.027298559,2.5269288048014253,34.37607,-2.258738,0.6622281,,0.26703092600626244,0.4032310362565805,0.3217124223633625,21.50405499470443,49.34135357232464,13.994415,1.4983644,5.847456,Orbital+M1,marginal
2340263671693567232,Orbital,1.1987690617951152,-22.723349298490678,53.00512527805233,-78.55163906510535,283.47525188221414,856.7952761851107,13.13657,0.37090854886374036,0.0629037,1.689270087151221,11.749465,0.07123504,0.6795191,,0.2602350987513167,0.3829695034140501,0.3085241203510833,17.37946915317528,49.299277707142835,14.373459,1.4757824,2.5557837,Orbital+M1,marginal
6681692893110527232,Orbital,311.0408879634447,-39.69542745243913,2.2296811886862806,-37.92631329362054,252.30239065194039,1621.33280827682,276.29608,0.661453646675466,0.0293236,3.0487200973003437,5.2830124,1.0338312,0.7019928,,0.2816763026816511,0.4012524042417749,0.3204350890281102,32.96779538477105,49.17929116442433,14.082572,1.6189804,6.0694094,Orbital+M1,anomalous
5837882727422112896,AstroSpectroSB1,180.88211275558416,-76.04875594389966,299.98304040297865,-13.452046167503493,185.71622980812546,1355.3358028519215,95.94246,0.5154076341968467,0.046146844,3.0936289629541793,26.463549,0.8594533,0.9561874,0.2253595,0.2754197651359343,0.2880395175111261,0.24331335644366664,27.603195641875537,49.100684588700446,11.191766,1.0812073,7.578888,AstroSpectroSB1+M1,marginal
1521991106664510592,AstroSpectroSB1,190.83049045385832,40.244476403757076,129.71677838290287,76.7766677273127,162.9342959776298,924.402175145527,18.289934,0.7433565992720909,0.016771931,2.6010293152369837,80.10076,5.142673,0.9739882,0.5021728,0.26295194211001716,0.26997447069020775,0.2302109822463406,18.94682814131786,48.78928379202735,10.280771,0.8223257,6.8913164,AstroSpectroSB1+M1,marginal
5784477381776301440,Orbital,201.17945100469808,-80.00295223842497,304.4389619850873,-17.228718792014615,144.4586033393334,1111.076997174256,45.672657,0.37618470041372387,0.036474753,3.725131915310753,44.66994,4.1042438,0.80677366,0.2925389,0.26913192852499573,0.3335903748625395,0.27533740174538196,22.92182007792243,48.4724595776934,11.970624,1.330843,14.442358,Orbital+SB1+M1,marginal
1314356822615176960,Orbital,251.9270816834513,33.04570175661467,54.81835078168044,39.20710845463887,242.32519844188525,950.0027210964989,15.856479,0.21003121461774937,0.0139417425,2.095305715441236,46.05694,2.367849,0.7113537,,0.26404480036298816,0.3711863637223177,0.3007421887308377,19.60741690239733,48.45119200685458,13.944299,1.5611305,7.410466,Orbital+M1,marginal
517376231542269952,Orbital,38.96838926571286,66.93880948013833,132.9157935903655,6.113453211366314,116.33273275405963,2169.438099285983,319.92117,0.37452607884404215,0.045426454,7.398450764939819,7.2884264,9.205347,0.88773555,0.15630913,0.2931931421849635,0.33027081502652655,0.27305082270720293,44.93340788214406,48.281183234002796,10.575198,0.95443916,13.384363,Orbital+SB1+M1,anomalous
4418399364687802880,Orbital,226.942449079217,-1.125225422679895,357.7438678046215,46.720286241329575,140.72460687971108,1174.5323815922623,84.32418,0.8127511606875659,0.03958298,4.200800274232916,14.162683,6.204581,0.7279517,,0.2711874217390892,0.3725349081630288,0.30163706643432864,24.378204736813043,48.179609379464445,12.361728,1.3021765,13.187555,Orbital+M1,marginal
4786404124094302720,AstroSpectroSB1,73.42254429439008,-48.04270197431673,254.258366723046,-39.16261335466258,150.06045306310642,1550.9069592034214,142.44325,0.7319814524430687,0.015617244,4.224332398048697,13.708118,3.497001,0.97184384,0.29839322,0.2809383575947903,0.28907767524974726,0.24405918800606924,32.29604104632894,48.021581251356245,10.284924,0.8273163,5.097382,AstroSpectroSB1+M1,anomalous
4632363919432269440,Orbital,28.789474788745203,-79.31750708260327,299.26237116449806,-37.35270138847197,91.25038276320376,1807.2568099312482,180.67447,0.401386467337796,0.025680674,9.138988708724575,7.5067606,14.703605,0.7104054,,0.2866287616839505,0.4034720990537215,0.32186788938517963,37.76209641900098,47.85901687973764,11.654815,1.4374523,15.543626,Orbital+M1,anomalous
4975955702473581952,AstroSpectroSB1,10.337182111561441,-47.54749913125524,307.7942692993333,-69.48538564459768,122.33630895010526,1175.3773961976553,32.61374,0.4988868150134416,0.008052422,3.9180358831676427,38.50639,3.5624616,1.1001198,0.26261145,0.27146522584085686,0.2467596880275567,0.21301934489871133,24.58042917308531,47.81761082856322,9.67606,0.7110834,6.581386,AstroSpectroSB1+M1,marginal
5190493025466422912,Orbital,162.77471484921966,-86.2718040361016,300.88897374804793,-23.887663910711403,249.35707611865678,1061.6585723089745,55.128384,0.7777264860227479,0.038523063,1.99626279001623,12.560689,4.9553843,0.8828255,,0.2684737219806992,0.30410735061724525,0.2547718001941696,22.470070065181062,47.24767520658907,12.349652,1.068347,5.7655487,Orbital+M1,marginal
2201629927048893184,Orbital,335.23536750302515,60.98932988057143,105.68165586253404,3.26270828292919,258.65087349222546,1320.2594519829288,101.336624,0.8611384053812717,0.027610643,2.5047186326823696,9.328858,2.8929336,0.72847116,,0.27585176947532264,0.37867218998750374,0.3056957501798748,27.95014495180046,47.23622915944419,13.852458,1.4650211,4.725437,Orbital+M1,marginal
5698120608963638784,Orbital,122.30325461470706,-23.99934513805026,243.09577171345677,4.886862237628663,140.8750167662389,1018.2476643462601,84.76863,0.6065192754960682,0.034825668,3.6001833057177484,14.182597,11.294178,0.7984231,,0.26711316192783324,0.33455088924780463,0.27599767859587976,21.558231479360455,47.23243023534263,11.716722,1.1149569,8.556115,Orbital+M1,marginal
4651380110488360960,AstroSpectroSB1,77.55999358107334,-72.91639063399755,284.42556927802576,-33.202150302910326,88.31241561394351,1608.8811857841013,166.64279,0.8081050066626623,0.011925249,8.835737146655712,15.798827,2.7310917,0.6803182,0.3495912,0.283299026920618,0.4164213695942973,0.33017031796382246,34.48318973926659,46.656971061816854,11.722557,1.5024757,16.553009,AstroSpectroSB1+M1,anomalous
152705741144152832,AstroSpectroSB1,68.05896049711698,28.091924598044667,171.08928565548396,-13.496128332659163,123.99322129885194,1012.7162816440957,46.594364,0.35412995325992924,0.018703977,4.157291321938087,17.759378,4.2829967,0.77049273,0.23760413,0.2678094278579148,0.3475820297231289,0.28489653965663553,22.021193735465975,45.98825539657632,11.894429,1.4630289,16.717756,AstroSpectroSB1+M1,marginal
1018356369588449664,AstroSpectroSB1,142.00697114628122,50.92744723480005,166.74526103331164,45.08449717627364,166.65990851356153,2729.8676087299687,609.6081,0.6868807070524361,0.04897324,5.975425814468074,7.421117,3.044932,0.9582687,0.18629938,0.3043282332131795,0.31758131364243836,0.26424289748994634,59.47639236360117,45.89833882393671,10.472263,0.88059235,8.079519,AstroSpectroSB1+M1,anomalous
3576057601069101312,Orbital,186.36169308977964,-13.219854297627336,293.2331170790814,49.16181856571595,235.05667202334138,1445.1601812346553,259.52798,0.5037349578405247,0.06964556,2.53496255242095,8.2429695,8.925397,0.99488163,,0.28006207002748007,0.28150290607264217,0.23859965920820672,31.512232881581095,45.860291356229204,10.781629,0.8345976,5.311108,Orbital+M1,marginal
3207027551368480640,Orbital,79.13642613471421,-7.8713981657106995,209.15691276300504,-24.653523719519615,275.8105756226626,863.852557443463,28.801796,0.6569532959738745,0.019461185,1.7470918176766932,33.1025,-0.18607488,0.6902152,,0.26290003502879017,0.3808957645522836,0.30716062675693656,18.91588890382022,45.66809214390135,14.451565,1.6481276,4.4589763,Orbital+M1,marginal
1420572738234378752,Orbital,261.4755720010276,56.07580434703262,84.10408698597581,34.019051005977055,174.80684398065625,1013.5856512364564,42.408577,0.5066498552745953,0.027346766,2.9149791796447686,45.246544,8.265728,0.7921549,,0.2683405296615736,0.33874754406055996,0.2788755012015882,22.379504165014055,45.29080017871879,12.67559,1.3683319,11.011468,Orbital+M1,marginal
1725534279746972928,Orbital,210.6261290688649,83.37482754162363,120.51460007020256,33.41661051173524,176.39577325479218,1467.2844173422243,92.2768,0.5496832361116679,0.011389418,4.101384476339739,14.025679,-0.59924966,0.69195545,,0.28112684361917517,0.40627882150215133,0.32367554886203737,32.4665987948033,45.19365969363819,13.541029,1.7657738,10.248971,Orbital+M1,marginal
2333138389669348224,Orbital,0.6611406293916526,-28.2366375724346,24.253406844033307,-79.14591628620045,94.20900919726465,1623.7412058663945,196.3167,0.9103776972286808,0.026973583,8.294360892689644,8.04246,9.475337,0.69458276,,0.285087022192892,0.4104435619101714,0.3263495157812013,36.21507996812853,44.836051923546364,11.832563,1.4411898,18.9077,Orbital+M1,anomalous
6847348854005532288,Orbital,305.0650950315414,-25.929737287751664,17.223016147505227,-30.124554126086814,133.8164763151165,1398.5209014707032,66.41741,0.5142384790773549,0.031243844,5.197674143695179,36.881092,4.198758,0.6969448,,0.279751561544957,0.4013970292963398,0.32052853037137347,31.23807405087065,44.76975434507379,12.82103,1.7021065,15.851616,Orbital+M1,marginal
4223676787422463104,Orbital,302.4666822829688,-2.198556367940152,40.12251043133498,-18.41673578071446,224.04473737640978,853.260108998616,39.659748,0.5466250740346985,0.029827915,2.142952482517172,19.897467,2.9159715,0.6850846,,0.26321962136631766,0.3842147794918628,0.30934166026613763,19.10700387170546,44.65692867012831,14.357483,1.8274412,6.1700706,Orbital+M1,marginal
2871482131856839040,Orbital,354.45077778643287,31.782343139907592,105.14049627312393,-28.532778498307138,231.1778974876048,851.0017316370789,24.007305,0.46951765491540537,0.029765286,1.8693141476514323,30.643684,2.3072436,0.84395206,,0.2631429351541628,0.31179843939645757,0.2601931529919314,19.061008628934268,44.64620672514012,12.603249,1.2607851,4.752955,Orbital+M1,marginal
1406975107998470528,Orbital,250.09397160549975,46.147825165287394,71.87673918514173,41.492339303858834,192.1299283838067,1479.8830634860703,98.852,0.6404353202343529,0.02336294,3.408845665598934,19.447083,5.6495743,0.8629346,,0.2820380077643638,0.3268359053321127,0.2706771638677787,33.30099985767593,44.43959850487657,11.975681,0.96794796,8.933979,Orbital+M1,marginal
1350313807781094528,Orbital,264.2048412912795,44.87248997193768,70.92979479455987,31.564187162667682,214.42822285714828,2069.806812048657,416.3051,0.7514922569871862,0.024097543,4.127236331308645,6.449385,4.613097,0.79370457,,0.29458547552885195,0.371152550846349,0.30071973666938023,46.58195824582979,44.43365822290124,12.695332,1.160656,7.588186,Orbital+M1,anomalous
5761459896121823616,AstroSpectroSB1,130.89507571921277,-4.863963457306842,231.1233727140862,22.21869197269639,146.57735541567544,2381.71598741296,342.965,0.5623565892471778,0.044188496,6.9900862779293425,8.59167,2.6048973,0.7337104,,0.30013786675522475,0.40906856901096567,0.32546779865254977,53.62950832040407,44.410550497379894,12.367715,1.2989626,16.150902,Orbital+M1,anomalous
1295612657622363136,Orbital,226.95595148930886,38.98742889993568,64.37603212992785,59.28697921071923,289.6640304984725,1122.4146979323891,72.70106,0.7456591134298057,0.02951346,1.8572289250082594,16.969189,1.9114245,0.83489823,,0.2724154280561647,0.326285788080212,0.2702962873483738,25.282000270264888,44.39580278196988,13.049769,1.0417786,5.085086,Orbital+M1,marginal
3619207243410530304,Orbital,209.49029742859804,-8.27157790999371,329.7438648789569,51.10404945936187,97.95974334563122,1178.5785519583374,73.47959,0.6343899021879201,0.03008568,6.4077891080936045,38.82134,6.9782405,0.6582037,,0.27439289842669634,0.4168814147547688,0.3304635253448369,26.791941575949462,43.99003889349779,12.483911,1.7365694,25.761013,Orbital+M1,marginal
2155865774894651008,AstroSpectroSB1,285.44689653639676,60.395274026263635,90.7415610157535,22.123787092240043,181.2482802815765,1418.7774026314682,160.3775,0.28298147793352996,0.063633405,3.7526101832954737,14.625263,4.0471964,0.75137156,,0.28119165049611516,0.37423781326998673,0.3027655125181085,32.52540297266515,43.620594149865894,12.785448,1.3423901,13.457921,Orbital+M1,marginal
6633610871672592000,AstroSpectroSB1,283.094930804757,-58.942075299706886,337.05088363126134,-23.110368976246544,54.21839780661949,2846.8752516110217,166.46277,0.7153073880788923,0.01300394,19.89120821346385,32.29151,7.4851627,0.8842609,0.34653047,0.3085596284889944,0.3489463697622107,0.2858219396137775,65.87194064888301,43.21832974051443,8.959897,0.8551321,52.535072,AstroSpectroSB1+M1,anomalous
227094613369152512,Orbital,62.244050686229365,40.24552767127259,158.7931072955217,-8.489211311950347,293.98707663557207,1043.831621992891,75.184525,0.6755676082700863,0.03160425,1.8481736223389655,16.582283,-0.61700964,0.7356133,,0.2709873296816989,0.36838286455211267,0.29887826667182876,24.23335339927969,43.07417156817916,14.200843,1.504961,4.199466,Orbital+M1,marginal
4730295152375479040,Orbital,50.21123959438041,-57.24300787683764,272.20695440123626,-50.01995354122876,109.34915883702938,1691.682948741198,104.1884,0.3982271746120165,0.031031724,7.202294816232216,22.726187,8.159723,0.7367062,,0.2881150328295199,0.3910853932006896,0.3138357414101586,39.30164422375355,43.04356680626508,12.021151,1.5372496,21.135662,Orbital+M1,anomalous
6101194076978193920,Orbital,223.52045354094443,-40.96344061216594,326.5743138758845,16.21061050582061,126.43058613195144,1352.9848208297842,137.68964,0.6536448692228854,0.032261416,5.392754393274501,13.408316,5.848092,0.6949122,,0.28001060319464327,0.4029438612913713,0.32152717279651977,31.46666211601672,42.997405185251814,12.612837,1.5936527,11.645223,Orbital+M1,marginal
6848852745394351744,Orbital,305.1970095763158,-25.77956167128533,17.430256430171223,-30.191906472039236,207.65017522799687,1215.4301216347324,152.0081,0.4451753646831616,0.019815778,2.9478373640765954,7.2860694,-0.46917385,0.7328659,,0.27630270513444083,0.37701671475422394,0.30460320138955693,28.315906589392213,42.92393456651889,13.191755,1.3254395,11.412277,Orbital+M1,marginal
4937608585189012224,Orbital,30.057127077290946,-50.17420843662637,277.84716146098503,-63.470797892035584,227.02748261193437,927.4761968912488,16.242176,0.6531297268332531,0.01577827,2.2062331113951625,93.57122,4.73372,0.72225946,,0.2672127684791919,0.36996783369753605,0.2999326328378174,21.62399371832649,42.89106854971042,13.299084,1.176568,8.574981,Orbital+M1,marginal
2839624362259344640,Orbital,351.13996344100235,22.912119997553116,98.10162934128903,-35.735860462912036,144.15959803677256,1347.3833782318445,92.397354,0.37381128121975404,0.021729171,4.476853566899661,14.054738,7.866893,0.77569574,,0.2803267876626108,0.36138755543172163,0.294206327645949,31.747435956839055,42.440699150117986,12.101495,1.4022303,14.285947,Orbital+M1,marginal
6385543490617579264,AstroSpectroSB1,340.50153075945485,-69.24668038832714,318.17912711823425,-43.851438998804426,103.83556432355104,3358.8842803848756,704.26666,0.556548095246936,0.0612807,12.302399233140987,6.210407,1.885404,0.8176531,,0.31650609966661,0.38709092168003933,0.31122635505975954,79.3183016531231,42.34690116127344,10.9143095,1.069665,18.96432,Orbital+M1,anomalous
5341201435017319936,AstroSpectroSB1,165.48385759384297,-55.32307591689188,287.72253684839416,4.281802479143521,206.17056042257374,2645.719468302264,384.86905,0.6936651207006703,0.03580544,5.058690175383891,9.579251,4.696667,0.8477271,1.1681314,0.306550936237735,0.36161511060978,0.29435878041098873,62.77253888396263,42.14772120644944,11.806519,1.2385283,8.06575,AstroSpectroSB1+M1,anomalous
1997676326890968832,AstroSpectroSB1,353.6968481020708,55.805168639400044,112.25193389190375,-5.469044790774291,164.8819739663526,1571.3502425278982,139.18428,0.5851704743587695,0.028508332,4.2012459038453365,14.037627,3.6786938,0.85675603,0.4444906,0.2862892616244434,0.33415494154012015,0.2757255691404929,37.41710375191371,41.99550699985782,11.554259,1.2214823,7.5505033,AstroSpectroSB1+M1,anomalous
548081124535936896,AstroSpectroSB1,48.80643784480114,75.35770916220915,131.76969916690027,15.013361651198077,110.49771862053534,1586.6297401275365,105.66644,0.3099990303771119,0.023390127,6.510336196975001,19.614447,9.912617,0.8064134,0.39819017,0.28673915670355954,0.3555733974698505,0.2903001341059872,37.87480880326509,41.89142573284112,11.178022,1.2441635,12.124442,AstroSpectroSB1+M1,anomalous
4640026415965985280,AstroSpectroSB1,44.2555214833969,-75.2239941232919,293.0321024124724,-39.39436290720514,128.7829274068144,956.291217925604,12.612143,0.8706293475750381,0.021805646,3.8237412330330742,17.542048,6.5199456,0.78817064,0.506499,0.26901835535880997,0.34131994161366963,0.28063386339513197,22.843370990616794,41.8629640221845,11.505444,1.3678503,7.903449,AstroSpectroSB1+M1,marginal
5201118091657988096,Orbital,166.4228177782974,-77.91220240465066,297.3605196558905,-16.199963233213428,185.1136824390631,1643.899950729585,106.50279,0.6365613385833198,0.015566806,4.1906396036366775,21.811138,1.9800017,0.7306216,,0.28811837224984904,0.39434692540193383,0.3159593634509899,39.30515742369992,41.82402662858587,13.221411,1.5173721,11.68636,Orbital+M1,anomalous
571016249898269952,Orbital,65.39078947463734,84.00005346938148,128.117730067823,23.384163921844795,261.680628212496,980.5155314433345,38.076244,0.3403729021890159,0.030318324,1.8647918358766642,42.16875,8.69653,0.83439755,,0.26991011232736545,0.3234790309545367,0.2683498912177981,23.464993008604225,41.786312533048516,12.811168,1.1103382,7.0814714,Orbital+M1,marginal
4537135835831761664,Orbital,277.95608962572726,25.75202216958782,54.32598399490098,15.463931119630738,297.39099981517455,1559.2616113152526,202.4424,0.8877273537259375,0.03607543,2.4507914963923616,6.5680304,0.95436215,0.7652202,,0.28641177820317126,0.3742867332820047,0.30279790379705884,37.5413185321392,41.53454572940387,13.804594,1.4951572,6.0871,Orbital+M1,anomalous
5318709176634642688,Orbital,131.00440659702474,-51.875715144511354,269.76455199171824,-5.712234189443931,212.35978306297906,1117.719946916876,84.46362,0.5386760789429114,0.034554977,2.7708237847071655,15.9862995,1.1404146,0.7008728,,0.27457060475150513,0.39175527002970123,0.3142724161716775,26.930990298138642,41.50311349650325,13.78134,1.6371832,8.065392,Orbital+M1,marginal
5617220536259086976,Orbital,108.2511894397636,-25.23651014372314,237.84162060354763,-6.820889662640173,296.76111392344,2487.9918357050624,450.42032,0.8381007931261407,0.03565479,3.647761964701441,9.205421,0.88500106,0.7126037,,0.3047195418565305,0.4276143203933027,0.3372704642350908,60.046685306882544,41.43429105186409,14.241,1.4833031,7.601124,Orbital+M1,anomalous
5407359191408125696,Orbital,153.25145671209316,-48.15682665372943,277.5740368371154,6.759916541691377,182.5518021375184,1126.9026985217847,33.789726,0.2783197995937492,0.02699248,2.7094848908145273,50.861305,6.9394426,1.0036287,,0.2749302843137786,0.27393624343712464,0.23310470184956048,27.21414387006605,41.40871393574542,11.090867,0.9556713,7.718672,Orbital+M1,marginal
5653111275838777728,Orbital,133.70511352008097,-23.808357015813982,249.04999481992425,13.498344893155085,224.41104036174465,1002.9083962612953,38.22631,0.5679879456015533,0.028313817,2.4485388082000226,37.617687,-0.90838575,0.68073606,,0.2711635286542715,0.3983387139768597,0.318549990074389,24.360872656729793,41.16882060808432,13.982837,1.6026812,8.006096,Orbital+M1,marginal
4143075708860032128,Orbital,258.54183870041123,-10.8636898760985,11.453134817424557,15.901463073408438,89.09392569820146,977.1326071745083,53.838657,0.4122542347013032,0.024744721,5.0282216176225845,20.115234,6.4051495,0.9836305,,0.27031689630310113,0.2748154944809378,0.23374535696357868,23.752883904470657,41.13743034758811,9.556421,0.8352957,17.223694,Orbital+M1,marginal
5274061170513880320,AstroSpectroSB1,116.68598237131168,-67.74995353452191,279.9030499022194,-19.96802869223937,102.18458064228413,3362.324750270512,343.4483,0.842775949943352,0.013017128,11.398928451412699,14.231743,0.66649187,0.99483675,0.28998822,0.317938707898819,0.3195888256550887,0.26564348331705134,81.9538829919758,41.02703407719829,9.537621,0.8077345,17.373175,AstroSpectroSB1+M1,anomalous
1847354223872439040,AstroSpectroSB1,321.3701091767498,27.209990363094644,76.39155131729615,-16.519083693381962,29.42369288549918,1597.0884437668408,58.578156,0.6553665689524463,0.009013069,24.418025006334215,42.438683,13.528927,0.8219767,0.42235035,0.2880523745683693,0.35043860380551184,0.2868327335922538,39.2357705700791,40.70490831610603,8.049691,1.0326576,14.540471,AstroSpectroSB1+M1,anomalous
2099408640248007680,OrbitalTargetedSearch,288.95346824846894,38.38135936178065,70.0799575473441,12.066912909597464,64.43736519326197,1211.2785985754617,28.907846,0.6293504652447608,0.011404876,7.721395069762458,55.874973,-0.5707533,1.1077797,,0.27811013556848124,0.2510518338648434,0.21622862943772037,29.819471755215453,40.620390881458455,7.61221,0.7401185,16.05494,Orbital+M1,marginal
5641884987248295936,AstroSpectroSB1,130.8213506096012,-31.334322996936187,253.4798970369693,6.852339845175241,231.8076469973053,1242.485979856161,182.59485,0.49937020912139185,0.058155593,2.5358369892054564,8.536224,4.107557,0.83364284,0.2799092,0.27906266247107797,0.3347508656609497,0.27613507069718857,30.636444380790735,40.555815303266996,12.511554,1.1319504,7.2906437,AstroSpectroSB1+M1,marginal
4232189481317704448,AstroSpectroSB1,310.43955463009917,2.8222490012204395,48.98136867743236,-22.89865363609759,94.75317246958772,1544.7204718523865,110.30625,0.48052355478996794,0.031031283,7.300007284688608,21.389156,4.050299,0.84365857,0.2935767,0.28706604948414255,0.34026330187530696,0.2799121142216182,38.210098788899394,40.42702114921386,10.482053,1.0104322,13.797179,AstroSpectroSB1+M1,anomalous
2813407817461617792,Orbital,352.71244947023104,14.64097352734948,95.394368547296,-43.8796192269445,142.75129416438722,1645.8220418771755,211.14641,0.6677477858990137,0.038164757,4.932122357622849,9.050188,14.67956,0.898986,,0.2895792809912794,0.32211768237584426,0.26740395310688736,40.86568649916777,40.27393598075717,10.889583,0.9863167,7.2530074,Orbital+M1,anomalous
1358957858960685824,Orbital,257.42555782589125,46.41175183400943,72.23073462314849,36.42762085074503,181.15886735670108,856.0863614997977,10.841411,0.5918744893050143,0.018115459,2.6628194093885007,66.63237,1.338839,0.69690603,,0.26671988024576904,0.3827200062792082,0.3083602108986358,21.30009710633472,40.191664724626754,13.462701,1.6127386,8.520669,Orbital+M1,marginal
1373754261812570752,Orbital,234.33960288299352,33.920104002462764,54.12977943933089,53.87659506691313,126.42226303623836,1966.5431466660623,254.89871,0.34176972960302626,0.04839558,6.673035133165966,8.910395,12.790154,0.8253562,,0.2965040568735276,0.35924375694453414,0.2927684891982891,48.930241547017104,40.19075084222524,11.291629,1.0665731,11.274929,Orbital+M1,anomalous
1372799984503870080,Orbital,237.53607787525186,35.64242710376635,56.99174099216343,51.26222863620017,105.66427143729166,1564.4700932557832,192.28227,0.4517273469202583,0.043943517,7.336263355961242,8.05533,8.288643,0.6811366,0.3568063,0.28779270294801607,0.4225183311476294,0.3340465376381805,38.9636883911858,40.1520019755032,12.313127,1.674037,14.085744,Orbital+SB1+M1,anomalous
6554282379035795840,Orbital,343.6986278623696,-35.15540706958253,7.7991612554948615,-63.89333091926668,98.92940730707151,1486.307643511295,62.78762,0.6035028963727829,0.012336051,7.497055314721931,33.51499,5.059174,0.688394,,0.28599522552758727,0.41545280950332164,0.3295526212722028,37.12029605918886,40.040296045628395,12.019305,1.478488,23.833303,Orbital+M1,marginal
4080891351280059904,AstroSpectroSB1,288.4912951997512,-22.524819755502293,14.879996714253625,-14.794713095005067,267.26383786191184,1095.9357457497279,75.80031,0.7370889805489355,0.0462888,1.6594336537648762,20.804165,2.154394,1.1922089,0.28984982,0.2753128946130971,0.23092672585503266,0.20105709220447204,27.517885445325817,39.826306709765134,10.745905,0.7532263,5.1997805,AstroSpectroSB1+M1,marginal
423165776010743680,Orbital,0.9406195978839119,59.07730192816986,116.8299268013221,-3.2284500638654796,167.65220066596513,906.8622551069419,7.2656956,0.47469852567272836,0.010811451,2.999189335913032,103.84397,-1.7158117,0.7022978,,0.26894561478200807,0.3829509535712521,0.30851193514010844,22.793236259943214,39.78646317551053,13.372308,1.6664877,14.076468,Orbital+M1,marginal
4848310580107742720,Orbital,55.03394367347071,-43.513820645552386,249.99256101293548,-52.399712495297535,229.38963362147464,1166.6914294003334,35.31173,0.6196444365365332,0.011860508,2.5687756097636503,45.061543,0.6953438,0.75511354,,0.2775661689431563,0.3675820303508437,0.2983449436622218,29.36058042389207,39.73666094321972,13.250264,1.3210154,9.0342045,Orbital+M1,marginal
4915338458204553728,Orbital,20.549347584883016,-52.83877431169822,292.4362254060521,-63.65815383180144,126.68993214994441,1585.1353616210542,189.08829,0.30206121352024284,0.0669806,6.4124588643060845,11.29843,-1.4840963,0.63082373,,0.28873737617217604,0.45771482870676305,0.35602454067816475,39.960605336660315,39.667451187653384,13.418509,1.8951855,19.902447,Orbital+M1,anomalous
4878519898303321600,Orbital,71.63878653801393,-28.87333473968834,229.49914372357327,-38.61981275839651,209.5224568278033,1355.9670431515074,125.57813,0.3069352421800823,0.06443081,3.2729797321828387,17.100916,2.229966,0.7011215,,0.2829844152742131,0.4036167933964715,0.3219611900575655,34.185237411321204,39.665280858995835,13.519828,1.444562,10.970666,Orbital+M1,marginal
1445740181436862464,Orbital,199.39232442627926,22.641329890947105,357.2155737463448,82.56916715067908,54.94621486969231,2836.925466384833,392.5583,0.6079124086260029,0.038050458,19.46661567248842,9.13893,8.513463,0.9119627,,0.31206978962216525,0.3421957868880511,0.2812315739018055,71.5726371012927,39.63701187047074,8.935616,0.9117813,19.255238,Orbital+M1,anomalous
2882214013881717376,Orbital,0.5198329191037157,41.07351032898939,113.00513135876562,-20.844896237702027,105.53412103430054,1189.434782224566,44.913406,0.6065107162333493,0.015289406,5.901397019496188,14.322714,12.7569,0.69496244,,0.27842213892823464,0.40062904429559165,0.320032201541456,30.085184053371993,39.535566081778796,12.198186,1.7473059,11.658941,Orbital+M1,marginal
3388246377797022208,Orbital,76.65867549524096,12.355463766455644,189.10298677831273,-16.63510463898421,296.3011088467246,1166.369424003423,97.2553,0.6758074381360313,0.040382564,1.866644539229809,23.324234,2.0890946,0.858829,,0.277783101336794,0.3234440085251806,0.26832557122340545,29.54292165777913,39.48050357085448,13.18493,1.0691481,8.7759495,Orbital+M1,marginal
5063202843493275520,Orbital,37.920319559835406,-33.735353271989304,236.10202216031084,-67.47045841711392,164.52714146012434,931.2460860386906,13.37809,0.48991847653089693,0.01969622,2.986537522546864,43.934444,12.931621,0.7697218,,0.2702535463290703,0.3511054827927589,0.2872840009323192,23.707869947399804,39.280040261095934,12.285463,1.4307699,12.4057255,Orbital+M1,marginal
2694364208917340928,Orbital,324.5868012494243,1.8585711499757573,56.93786685588075,-35.25830590293649,238.43723123832632,960.5707481879493,31.017296,0.4652716269761683,0.017467026,2.2225252015259054,55.021915,0.17826518,0.69265246,,0.271439965151651,0.3918847896941273,0.3143568161081655,24.56198719586908,39.10802251169244,14.075291,1.6300821,6.6150694,Orbital+M1,marginal
3730391718933301888,Orbital,194.8481446574756,6.740802921569808,308.58587576350203,69.52518098161076,202.46334546956166,867.5411882472497,49.747765,0.3784990820813844,0.023448797,2.404797728873681,10.450019,-0.0579423,0.70229906,,0.26807110107450205,0.38170505549441347,0.30769304586478136,22.197170729793736,39.08341287310138,13.234044,1.6240826,1.9314034,Orbital+M1,marginal
181372659276200192,AstroSpectroSB1,76.86321018549361,32.2983743945391,172.6245705324103,-4.938798401012378,246.06350450718222,1340.7053436889298,133.98117,0.8654500274907478,0.022147518,2.113608887483194,24.877472,4.337833,1.1913129,0.6625154,0.28313685808983763,0.2376679174050858,0.20617427293097754,34.329356938241546,39.054193357040056,10.605692,0.937026,5.8238463,AstroSpectroSB1+M1,marginal
5759853410850279040,Orbital,137.0594917022643,-3.7667828234484344,233.77533230635748,27.983089379925136,269.35718221401237,1100.1948949677958,79.6326,0.40167415718958294,0.030505238,2.182607980901904,19.995264,1.7493014,0.69419914,,0.2763004593517193,0.39801325225675077,0.3183391168363856,28.314075821418925,38.856818139037564,14.37278,1.6919527,6.8719783,Orbital+M1,marginal
1379426328767560320,AstroSpectroSB1,241.29360869182835,38.71278359999647,61.70143501472415,48.2393660213714,249.12095514714972,1281.9046797736141,100.30971,0.47341355677615127,0.03991477,2.2727133314004493,18.821278,3.779637,0.95017916,0.29947123,0.2817279144277673,0.29649978277163214,0.2493691628280374,33.01518107585258,38.82773433313694,11.977352,0.857234,6.2122426,AstroSpectroSB1+M1,marginal
1076374643248549632,AstroSpectroSB1,154.73954727460531,69.77473495943369,139.63730616426497,42.06134474332632,198.99529600552506,1274.0131274857213,57.687824,0.23634569720884194,0.033100702,3.190905887332573,28.725103,4.0230565,0.74819416,0.3647347,0.28152229011539587,0.3762690300053544,0.30410921657731516,32.82670799770932,38.810261680050985,12.752638,1.1615763,11.4637375,AstroSpectroSB1+M1,marginal
320473936889364992,Orbital,21.8189693152897,35.32225762835851,131.1292826146784,-26.97840448729743,214.17971337527234,1138.5088620240217,114.77236,0.5010319992806108,0.016348468,2.7864406338396783,6.132043,1.362553,0.7115619,,0.27767035711495053,0.39022655652295857,0.31327550211491606,29.448045590300065,38.661610276745726,13.681246,1.5871239,6.890233,Orbital+M1,marginal
4205517871908860544,Orbital,284.7906705963825,-7.736896186965992,26.903349135601893,-5.227203700987586,260.1350065699398,1063.3675779460978,132.17601,0.4637680574166761,0.06941332,1.9211714234128354,7.839419,4.027345,0.91514075,,0.2753263086573616,0.30085679088365214,0.25246828298315355,27.52858203740638,38.62776428154465,12.590461,1.091197,4.8884363,Orbital+M1,marginal
3190156438791456256,Orbital,60.64085639476675,-11.366399164992563,203.16407405760384,-42.54543330150461,130.61559325882598,1219.389908744266,70.96553,0.300972421438181,0.009569122,5.183120521943832,11.699752,0.29534164,0.608636,,0.2801709111348003,0.4603258781690245,0.3576285672330914,31.60877415076633,38.57757668576663,13.7734785,2.0175943,13.3342495,Orbital+M1,marginal
5330838159970954368,AstroSpectroSB1,136.9948447912272,-44.72757947350375,266.88857496597967,1.9440476785236185,95.25984339320762,1149.6783636830285,22.743265,0.6941046779895249,0.009830309,6.454490867592876,62.966843,5.33861,0.6797862,0.31726024,0.27819746548194396,0.4092425873257435,0.32557944785334464,29.893660077925027,38.45893613181239,12.099614,1.668726,11.157111,AstroSpectroSB1+M1,marginal
3333046427316566400,AstroSpectroSB1,83.21695896917214,6.069547507760409,198.18444069651252,-14.434867210654607,248.74064821527145,867.4409817142481,8.816695,0.3480452837852401,0.01781993,1.7534303601220211,84.318436,5.6949034,0.87926334,0.35482517,0.26861679991700066,0.30550210302307745,0.2557579567437319,22.567675135293577,38.43732136845844,12.322392,0.9701309,7.080112,AstroSpectroSB1+M1,marginal
419294056272387072,Orbital,5.332615089694445,53.334281672731244,118.38611243137727,-9.271523010420847,226.64968189049495,1181.3927024057734,39.450928,0.5770823169081152,0.0152390525,2.7310414818919444,34.886078,2.5497806,0.70057607,,0.2791866470339745,0.3985101121725886,0.3186610176726002,30.744051903053645,38.42670790860953,13.775125,1.6900911,9.308757,Orbital+M1,marginal
5450953762286544768,Orbital,162.1466734698964,-32.074852764901685,274.66297606363486,23.967591098512393,198.84074679453104,861.7996768697388,7.597079,0.215868397265249,0.0141846165,2.453597510038304,148.28206,-1.2681274,0.6949122,,0.26852159815211857,0.3864108300367909,0.3107811445914039,22.502693660846333,38.29762293610348,13.629071,1.5954514,11.454174,Orbital+M1,marginal
4789184200588914688,Orbital,67.6523216303586,-46.81732091423286,252.92449186410283,-43.12766383471897,238.72615971457986,978.5413038160423,27.619047,0.6629082502312817,0.029839735,1.9696885710184602,24.591686,8.928411,0.91133606,,0.27284576246539594,0.29939094165376623,0.2514271077944342,25.604810050941207,38.21708897153377,12.432127,1.1257601,8.402109,Orbital+M1,marginal
6477826291812763648,AstroSpectroSB1,312.85500792882976,-50.28923848137324,348.6838696850657,-39.42389620197475,102.6537405719211,1783.1910818893957,126.50833,0.4078119098187716,0.033626005,8.228163263974245,19.931175,0.8699463,0.711453,0.36626035,0.29470151331666605,0.41422483958175493,0.3287687252776965,46.72144299130017,38.16643852848117,11.743489,1.4038849,25.18897,AstroSpectroSB1+M1,anomalous
1567768929691595392,AstroSpectroSB1,190.27486415085895,50.50498501694967,127.06327465994589,66.54025257520036,162.6053700727183,2095.5103209124786,382.09195,0.8846611734703991,0.021223452,4.881258381220098,8.920001,11.224978,1.0401793,0.52287143,0.3012378349044668,0.289601849050924,0.24443547323744974,55.11897595440105,38.017947260958856,10.241791,0.7683153,3.5694277,AstroSpectroSB1+M1,anomalous
6759686505618570496,Orbital,289.36387794463155,-28.47681670039889,9.476030408209718,-17.820382261221393,275.83519863031444,1279.9076691926432,106.30935,0.5481569188988774,0.045753937,2.3385654821893933,16.218338,-1.630547,0.73299015,,0.2824778790511252,0.38537745795722966,0.3101041392274104,33.709734475508505,37.96848860149131,13.857709,1.5514088,6.448391,Orbital+M1,marginal
1296672689910723712,AstroSpectroSB1,225.82581551589928,40.25090810388702,67.21016811523148,59.82783912300128,228.18249306222955,880.4965859498685,18.358517,0.46680953631220234,0.028526105,1.8549109125517418,26.0239,3.3698084,0.9556413,0.3061734,0.2695575276927423,0.28206976763284175,0.23900964927695792,23.21766250289218,37.92356727729102,11.708217,0.87131405,6.4429116,AstroSpectroSB1+M1,marginal
4369846172455945600,Orbital,263.4917410651192,-2.260146348698178,21.758609592435754,16.077337409919792,144.31630774861756,1269.283873209083,48.323685,0.3205952932800589,0.024280276,4.585317716189303,27.262222,3.393665,0.68592113,,0.2822822317127216,0.4115374469617453,0.32705020293947046,33.52745728251902,37.85804161984209,13.379293,1.875843,16.318348,Orbital+M1,marginal
2860024121181144704,Orbital,3.192591336680623,28.721248438952355,112.773841653904,-33.38664954314912,114.77545141856709,6385.216497654065,1742.0927,0.9401724233773592,0.016072225,16.70595733162349,5.5511756,7.336028,1.0260799,,0.35262293254570426,0.3436603084348243,0.28222991825580435,169.47967188651728,37.6754121988717,9.888437,0.79064465,12.40526,Orbital+M1,anomalous
526246060565673088,AstroSpectroSB1,13.623043541934479,66.91793841814116,123.2320155673716,4.04796809148173,130.94977063102678,1382.168900706143,62.74435,0.9194187077401789,0.017935365,4.834333666097431,24.438622,2.699514,0.86132187,0.24906933,0.2856460970184593,0.331636880618287,0.27399267032922164,36.77025819510013,37.589317251254045,10.9846525,1.0260382,11.512235,AstroSpectroSB1+M1,marginal
4720334642179292288,Orbital,44.888884641831986,-63.53667100799578,282.20205263874686,-48.11054186908682,210.86813730927804,2106.7475582819784,317.87756,0.7321381625083632,0.02445476,4.21444121450675,8.40045,11.111088,0.840291,,0.30192714042555696,0.35931258584223835,0.29281469696262913,56.068632714643165,37.574441470761414,12.292336,1.0296144,6.408978,Orbital+M1,anomalous
4857476693152348288,AstroSpectroSB1,58.63379871913229,-37.080407632155776,239.25807645572613,-50.3683083088629,115.03542256049364,2173.16234488297,220.5536,0.7046113448793411,0.026050063,8.28231780290601,13.854342,2.1490297,0.7654197,0.31864202,0.30331635797499124,0.3962745529205952,0.3172115333747795,58.02120412976036,37.454623313622456,11.486747,1.1392546,12.36973,AstroSpectroSB1+M1,anomalous
4982951035969313664,Orbital,17.096216857845683,-42.678544188357485,291.5170704588014,-74.07204480064328,222.0460307625067,3976.7205567344113,1141.0139,0.7645915107189332,0.051184975,6.825170225414329,5.446068,6.04209,0.77527547,,0.32974683073326005,0.4253286012421763,0.3358262097399142,106.36789855658375,37.38647289923608,12.959034,1.2309389,7.498525,Orbital+M1,anomalous
3781417064280463616,AstroSpectroSB1,158.84230809828912,-2.9865854491331483,250.1153799260106,45.473376994688486,104.21825014209223,979.0271443492502,91.07802,0.7127450903256294,0.06259134,4.5749039291950915,12.545201,3.7134929,0.8920455,0.30900934,0.27368788396670807,0.3068093327221094,0.25668101494683926,26.245786158185762,37.302260197067966,10.346269,0.9269161,11.755262,AstroSpectroSB1+M1,marginal
6344821359496976384,Orbital,315.3979676691543,-84.12570374088418,308.6596384381477,-30.17096588185599,158.10822079574226,1675.7004846867774,138.03627,0.4373895983664213,0.03663916,5.202655727583669,15.008954,-0.4800728,0.6844286,,0.29353273516394957,0.4288727076740979,0.3380643554638514,45.33124012704824,36.965688121268066,13.231875,1.8017168,7.926392,Orbital+M1,anomalous
912761265721928192,Orbital,133.95833452237852,41.74248754457004,179.81258354608173,40.28456642574626,189.20696611429807,1030.1243429623341,40.836918,0.41867426187573187,0.019835865,2.985159390275249,14.352631,1.6818118,0.6871513,,0.2759415814366375,0.4015732434548698,0.3206423648869642,28.022698220192222,36.76035529726616,13.450014,1.5049496,7.864051,Orbital+M1,marginal
511287514112711552,Orbital,25.763880651383428,61.5694432038291,129.03578876621705,-0.6890670008840547,240.906721625287,1077.1463207510592,33.778778,0.47878777749062795,0.017675115,2.214686101840824,28.236773,4.855898,0.8301271,,0.2777846396925453,0.33462903812432987,0.2760513732231732,29.544217850737915,36.45878615548307,12.897004,1.3484392,6.6712565,Orbital+M1,marginal
4312556561478921728,Orbital,285.74747150931245,10.741829727197231,43.80354379598032,2.3459422515060653,150.20412082021053,1292.7280952759984,162.10344,0.6452476796145107,0.016894504,4.249750566473294,21.440615,5.1883373,0.76846415,,0.2844686528538081,0.3701781710671339,0.3000724396434389,35.60863732209976,36.30377887203489,12.50528,1.4174728,6.583979,Orbital+M1,marginal
438728916423940864,AstroSpectroSB1,43.04708060246947,49.731569148758176,142.12186396162562,-8.587490940439736,114.46510457273595,1220.7596014501419,83.663055,0.43718848493240503,0.038321994,5.566320653794365,23.973389,5.537214,0.7038461,0.3025842,0.28240553458620293,0.40123193947215297,0.32042186589119004,33.64224430825852,36.286509017190305,12.064153,1.4008064,18.488132,AstroSpectroSB1+M1,marginal
44061730189384320,AstroSpectroSB1,55.73885030799406,16.626102745184255,171.53218820966205,-29.632724575682424,155.883345487748,1148.734252758142,75.41257,0.6822496900414216,0.05694936,3.2901521218073855,12.385176,3.9056723,0.9905794,0.35835513,0.28033223652474754,0.2829982423267823,0.23968068133008053,31.752291599608956,36.177995189874395,10.158043,0.83043575,8.797963,AstroSpectroSB1+M1,marginal
4576232270296202880,Orbital,271.62754466917215,21.027492162412756,47.41238515396547,18.991216860871546,164.72715738949918,1014.7394538922096,23.836021,0.5202362773439442,0.020744361,3.4018389719393536,72.62636,2.631903,0.6842377,,0.2759838847466628,0.40334503236469366,0.32178594528787086,28.056923030651376,36.16716818104523,13.651106,1.8311052,11.82262,Orbital+M1,marginal
711665910464836992,Orbital,134.64970847796266,30.739507321915585,194.15054198753057,39.49796340164995,216.91590714151013,1093.730223100148,68.96629,0.3110474043082597,0.024687044,2.383517297546819,14.83942,14.193802,0.90765584,,0.27893045441325975,0.3073086114922068,0.2570332547975369,30.522022566872124,35.83413322966534,11.755171,0.9221678,6.2503185,Orbital+M1,marginal
40119431248460032,Orbital,59.94844056547676,15.30328975382069,175.82836194032444,-27.653676143091214,146.36657575108606,1275.1060142663353,73.04898,0.1940957953767152,0.037896056,4.199223250829604,16.576422,12.879964,0.8155508,,0.28463174234167327,0.34900553208632046,0.28586204127112164,35.76780845699774,35.64954268303428,11.948766,1.357194,9.058958,Orbital+M1,marginal
5857916585263004800,Orbital,199.73974020063085,-66.40562137657277,305.6859334446111,-3.6811440345618487,288.2358684100579,1893.210721591543,489.63232,0.7697230670801842,0.059066832,2.9493072611689763,5.043156,-0.24708037,0.78580636,,0.29981030588856333,0.38153204398196305,0.3075792574343622,53.19206557665568,35.59197600369957,13.767384,1.4814892,6.276061,Orbital+M1,anomalous
6370656201960998784,Orbital,321.15716807446734,-74.03235141323808,318.4429419986974,-36.16580253636201,284.39238603481715,1676.8444248235664,286.30966,0.36193542912698007,0.08472689,2.4817414539855833,7.2321715,2.3084407,0.9457158,,0.2950260942372613,0.3119606322622379,0.26030704548405964,47.11333555035508,35.591715280514215,12.029214,0.9009924,6.234847,Orbital+M1,anomalous
5058785658607593088,Orbital,46.68992772366329,-30.35548673739777,227.28339514469786,-60.271739588627824,277.1257100164962,996.133306752562,64.69241,0.37780554894247775,0.029603083,2.0316775883611946,8.373133,0.962477,0.66163534,,0.2763906640590559,0.4177386660877881,0.33100957215908683,28.38768338864324,35.09033453399282,14.906993,1.9053783,3.1256828,Orbital+M1,marginal
6353578694733811584,Orbital,343.9080902890382,-78.69579926028327,309.74231467317026,-36.85487224942999,195.13110213977416,990.0931426587902,59.796505,0.3787369390893773,0.022139829,2.836275077670146,14.431951,1.9575359,0.67957515,,0.27622450649459196,0.40646646427183697,0.3237962381488241,28.252213041038324,35.044799542627345,13.78511,1.8226862,7.586289,Orbital+M1,marginal
5508221855482388736,AstroSpectroSB1,104.58992517239716,-49.91447474336587,259.9139643386623,-19.363495451574508,117.15654728330902,893.385181468142,14.786042,0.79452724459892,0.04141319,4.310413984768807,24.005241,5.009391,0.69807106,,0.272735499183416,0.3906987609274797,0.3135835859183474,25.521793766599302,35.00479588693043,12.207698,1.3668232,11.885721,Orbital+M1,marginal
4622915060100689024,Orbital,68.33775424316369,-78.84499254031327,291.9730261487312,-33.02104411059669,236.99207343647765,1467.1067916797874,132.47325,0.7442963922925612,0.018971162,2.8788152354589025,11.637132,5.5761924,0.82729286,,0.29087355604032783,0.35159684104736233,0.2876163159081962,42.28809342632234,34.69314109031415,12.671901,1.099822,6.1894255,Orbital+M1,marginal
5772496729420296576,AstroSpectroSB1,216.11571402637708,-82.41588887531806,306.11352137390253,-20.125458432396215,178.91578424183948,994.1308145750504,22.512375,0.4007288183165487,0.020806797,2.5700536498220297,61.88093,2.7795258,0.9942152,0.23957276,0.2767674787503783,0.27837784155769385,0.23633525237622782,28.69677733514101,34.64259428732698,11.030455,0.82796,8.140734,AstroSpectroSB1+M1,marginal
1492186885489740928,Orbital,213.91661773183688,41.63382266609094,78.42792055994838,67.47375104242897,243.8764184042529,1261.099976977594,55.00941,0.44163357599401676,0.026080202,2.420628187602101,22.969217,8.546845,0.8747191,,0.28530001307444786,0.32616187130057983,0.2702104652841192,36.42581199199579,34.621053259010615,12.394287,0.9062805,8.665737,Orbital+M1,marginal
5418050735088706688,AstroSpectroSB1,150.09284938822879,-43.53197699475125,273.0197471782687,9.184756817809722,199.49485278400428,4251.666329734834,845.9275,0.9384830125118642,0.013092043,7.463036330371325,8.816728,3.9897523,0.9163005,,0.3369447150911083,0.3677229512201632,0.2984388197671469,123.80896217116495,34.340537673330445,11.608145,0.9125204,5.995711,Orbital+M1,anomalous
4688677778273867904,Orbital,4.847112898150194,-73.55953174001455,306.04299897890644,-43.37458716704882,237.72978802489285,896.4968801969284,22.416786,0.6225411910148182,0.028392648,2.068897537513951,28.285286,-0.837915,0.74462396,,0.27357160184822615,0.3673956478541609,0.2982207640253482,26.156543941511792,34.27428647307419,13.340761,1.2555065,7.383498,Orbital+M1,marginal
914948675386066688,Orbital,128.804284278462,41.43883072320096,179.8312068968285,36.41849175838846,160.96769114283916,863.8885910212218,5.2330637,0.75675273107047,0.037883174,2.618454567910179,36.492832,13.176692,0.95726115,,0.27253884072075935,0.2847068870512308,0.24091394426151155,25.374251065275516,34.045875434859525,10.910729,0.9657059,6.8105874,Orbital+M1,marginal
2337751184544707328,Orbital,356.013816067281,-25.82598983407624,34.055128670750705,-74.87649999711923,243.751543567532,928.2302384573491,47.531227,0.5049069705243282,0.052189674,2.0419284683117755,25.160147,1.000532,0.7691153,,0.2750849086832735,0.35766405685411506,0.29170715698913735,27.33657935257163,33.95561041070882,13.149083,1.2140102,8.760619,Orbital+M1,marginal
2135806185978823040,AstroSpectroSB1,295.7033326647785,52.29427589072575,85.0367713601637,13.87221429730293,233.17675308566007,888.382815225512,17.545828,0.22521045899531883,0.016757883,1.698742794948104,43.718647,4.4027553,1.1235405,0.23674773,0.2737330417200055,0.2436343297678757,0.2106735509253481,26.280506828907324,33.80386919510748,10.395064,0.75102615,5.8522773,AstroSpectroSB1+M1,marginal
5779642558571018752,Orbital,228.70331736167202,-77.96166403345488,310.2767275357181,-17.18681781849285,253.62577442308861,1174.1880375121013,72.020706,0.21515974502502733,0.039025404,2.140735290950681,23.532671,3.4092464,0.9305802,,0.2837087769981492,0.3048730000646135,0.2553133168871079,34.874266692916834,33.66918214657645,11.96339,1.1561041,8.606101,Orbital+M1,marginal
4667205587490232320,AstroSpectroSB1,53.77477103689351,-69.15085998881798,284.73426238732634,-41.71999462124183,220.90922651416167,916.8253849086228,25.552296,0.6761895104232087,0.036704708,1.9343268769363726,24.507263,3.447388,1.0218903,0.2840811,0.27515903505307127,0.26926475349648804,0.22969137888877122,27.39542619117434,33.46636692237281,10.657998,0.7920494,4.9294553,AstroSpectroSB1+M1,marginal
3485959323322845568,Orbital,180.62295945948685,-28.778001124621763,290.1526250292237,32.87624545970578,166.71900558031868,972.0191215653945,39.592945,0.21974568346478318,0.027102303,3.164870164767334,18.245354,6.8964467,0.7361287,,0.27719345800442513,0.3765557063273658,0.30429865952532775,29.04934546038841,33.46096465033391,12.626787,1.2240639,4.112928,Orbital+M1,marginal
516820634574016256,AstroSpectroSB1,36.74145883733664,65.55130263221562,132.60790059241575,4.490127955303582,175.25138075903104,1652.6036766677519,83.862976,0.8447498531669804,0.013077633,3.7946903573702158,45.29588,0.9809271,1.0531144,,0.2969541097019201,0.28197706316957716,0.23894261537977798,49.49418605109645,33.38985461770498,10.252142,0.7682724,9.50202,Orbital+M1,anomalous
516900211729798912,Orbital,36.75396203328056,65.88600000610866,132.4912864260878,4.804037494493627,218.67744471919332,979.7557488288155,15.985228,0.6413133027310935,0.014176328,2.387158358110795,61.679955,2.9602985,0.762773,,0.2776311568310901,0.36397613061077105,0.2959386740013177,29.41511350794097,33.30790304665384,13.355701,1.5504837,6.447375,Orbital+M1,marginal
1558358690704748032,Orbital,205.26617265386304,49.25196156448788,102.84811661902118,65.89613264727369,151.24266211911592,928.3493393067914,6.1202126,0.36078932377805367,0.007987824,3.435392725765091,184.30759,5.9440227,0.7073083,,0.2758337561592338,0.3899767034083712,0.3131124354039659,27.935610767335074,33.23175380122006,12.782257,1.4522696,15.145529,Orbital+M1,marginal
1041028883469053952,AstroSpectroSB1,132.88224970649716,60.18724177026004,156.09358422975393,38.09922248248543,128.33710454418744,1082.8265108312162,20.84919,0.7828063482558778,0.013781355,4.687725170538496,52.99518,5.527469,0.6665647,0.39847267,0.2812971285726004,0.42201023743347454,0.3337243054313504,32.62128830376601,33.19386103786121,12.787385,1.7217016,15.410157,AstroSpectroSB1+M1,marginal
1837683675507152512,Orbital,315.42425741289276,20.60780718497457,67.47200080347307,-16.731879289172944,172.17882922998305,899.8816314444281,10.886256,0.3814549749416566,0.027523182,2.969901785299716,49.086636,-3.385237,0.69630224,,0.2749182876022788,0.39482608805978503,0.3162708262385597,27.204662431469455,33.07821347577078,13.308659,1.6015129,13.058969,Orbital+M1,marginal
6696529806095545088,AstroSpectroSB1,306.99593921458234,-34.085943575272736,8.436705024411996,-33.84530301514872,219.9362614746926,1458.3944828931042,117.627365,0.6739367769901151,0.032853853,3.0115517865243664,22.241953,1.6016448,0.87934697,0.3707348,0.2925151187649752,0.3326503983385096,0.2746906595985494,44.14723138282206,33.03478920901422,12.054566,0.93984985,9.181744,AstroSpectroSB1+M1,marginal
2755907688654880768,AstroSpectroSB1,6.1858371134185965,13.579791837000599,113.06094373068693,-48.77965944498217,282.207585870915,1198.7483483002595,163.83926,0.7999957275560946,0.17755604,1.8685699816146,6.475262,2.5676866,1.0203522,,0.2852252400749843,0.2795360539919204,0.23717531085650076,36.35172365055727,32.976382628334676,11.376491,0.84813595,3.9307332,Orbital+M1,marginal
5928485921565860864,AstroSpectroSB1,249.27143078301125,-56.55714956516404,330.4384678058569,-6.266245679120716,51.6378255253149,2127.3667474216236,237.73868,0.4392810265471265,0.04088757,17.4245610205739,10.133492,1.0491666,0.85703796,0.31620824,0.3076882653444998,0.3590135783624824,0.29261393908007005,64.51315600490767,32.97570416892625,9.023871,0.99886227,12.865648,AstroSpectroSB1+M1,anomalous
5514781099477085952,Orbital,124.67604699620561,-50.23669513817994,266.08891791391085,-7.9874964438976255,87.57117956193359,974.8063627515985,93.318405,0.7948078095312963,0.03092626,6.121761742245785,23.639418,6.411908,0.7183245,,0.27792761551603096,0.38691096058928864,0.31110857328681346,29.66488013793786,32.860620309904334,11.428403,1.372261,12.069026,Orbital+M1,marginal
4953822464688318592,Orbital,39.406115269987424,-36.97689093833009,243.32922274462544,-65.54736591700254,190.3383376896762,1190.677114167788,128.35458,0.5555552275616682,0.043064862,3.0594648607977244,10.627941,11.8804035,0.8317807,,0.28513416714541856,0.3427997027565811,0.28164342198226117,36.26164300215582,32.83571883648516,12.147032,1.0298615,7.7177505,Orbital+M1,marginal
5822725994017234048,Orbital,241.17990657401825,-65.15980224852495,321.4814407095974,-9.507961971646912,153.00245715980412,1764.4663852729648,81.379745,0.7999296866898822,0.013220039,5.641391175099847,22.531736,2.3589792,0.6908575,,0.30025001008254143,0.43460481676868057,0.3416696049774318,53.77991179875,32.809023411488305,13.304998,1.7764387,11.416574,Orbital+M1,anomalous
231649683885637376,Orbital,60.34902445517185,43.95548582154628,155.2280726336861,-6.685996653084308,164.61842613294735,941.6597591722723,13.993256,0.526073104208973,0.009010939,3.221663109939227,39.073162,1.6543465,0.6953371,,0.27680653659410603,0.39808968907128106,0.3183886473323716,28.728964837893646,32.77736474271494,13.338155,1.7559881,9.568492,Orbital+M1,marginal
2267842345467516032,Orbital,283.2213654680578,74.49043508966984,105.62902089749052,25.968465211643668,121.06814187018135,845.2734669568167,14.205436,0.4977243333533677,0.02222599,3.573064362942279,48.82087,3.1949804,0.8877262,,0.27309190026413377,0.3076307808039782,0.2572604536179014,25.79088281240491,32.77411917634152,10.817734,0.9492836,9.818996,Orbital+M1,marginal
6448811382546041600,Orbital,299.8109411013782,-55.9224965244631,341.89805605442695,-31.53882002690422,103.2368384115769,913.2383797859864,4.6358438,0.23645830265199697,0.007652961,5.071385689260128,179.74417,11.556819,0.68042237,,0.27586058946086534,0.40542551712138486,0.3231264602429344,27.957263570398712,32.665513829219236,12.547956,1.8155937,24.45413,Orbital+M1,marginal
4843733377624782592,AstroSpectroSB1,61.76475544639517,-40.751194938936955,244.7268514369858,-47.80117393478524,46.763242360848245,1294.1150467727568,20.099205,0.2737492467172673,0.003229581,14.910282650725424,55.83592,4.772272,0.6543263,0.2990565,0.28845329654075785,0.44084012496307057,0.3455709715014047,39.658753547036795,32.63125870150929,10.506287,1.4449635,39.286835,AstroSpectroSB1+M1,marginal
6570205781309126400,AstroSpectroSB1,334.7995869397068,-41.29470720871755,358.4948881366325,-55.833312699035396,155.91895041550399,2575.184273429171,316.91843,0.8855218723259155,0.060385477,6.0092058563311435,8.900405,2.4674504,1.0667211,,0.3163205685712467,0.2965354055411956,0.2493945548801325,78.98186058953574,32.60475575287163,9.8006315,0.7558956,7.2354345,Orbital+M1,anomalous
4862193494956327808,Orbital,56.313783349843426,-32.95915534938158,232.6167702787095,-52.20033218567866,279.67510411182263,1423.994867552048,99.21985,0.6314173754834804,0.017376907,2.5009891434246394,14.21165,3.4000282,0.7606006,,0.29223084539148164,0.3842106293657167,0.30933893719088784,43.82081454254893,32.495855734707625,13.623147,1.4997683,7.1379514,Orbital+M1,marginal
4681518136507496960,AstroSpectroSB1,62.399037333339756,-59.895888278227446,271.3816162092578,-43.16909342003819,107.95681709631067,1417.9766224742727,77.411194,0.4367554679345896,0.03114866,6.519277463163343,28.90826,2.9344866,0.7458018,0.40772557,0.2920748277289303,0.39162526183630875,0.3141876879668858,43.64246693112771,32.49075320861182,11.4498205,1.2374086,15.529247,AstroSpectroSB1+M1,marginal
493163576748733952,Orbital,56.10592959029353,66.76594445078976,138.83164751966706,9.396486541246773,257.7436396112696,1086.052272837362,63.66766,0.4371419638972567,0.056433324,2.4908164635803716,14.119483,0.61129093,0.5843671,,0.2822003891626419,0.48291628821934174,0.3713591225304993,33.45143550635453,32.4665371275637,15.105478,1.761734,6.1654587,Orbital+M1,marginal
2465249075433004416,Orbital,24.914968529883236,-8.95425198914514,157.2737963785037,-68.54810008565492,139.11571850598716,863.8196207833997,24.762117,0.48253033477994905,0.010628599,3.397358661465459,27.08427,10.178121,0.7707032,,0.2741583968695435,0.3557250029654526,0.2904022573746517,26.60930797569679,32.46306223267273,11.987551,1.2571697,13.8972435,Orbital+M1,marginal
5951574871134616448,Orbital,262.943634917124,-47.11418539565619,343.1072116119216,-7.341825652014837,120.27571719505654,1000.2565608059768,22.83232,0.3093084298588095,0.010749363,4.5869743594429,33.70079,9.003062,0.7071365,,0.27929891805685375,0.3949717111125386,0.31636545674616523,30.84174652796474,32.43190394224358,12.362436,1.625761,13.781634,Orbital+M1,marginal
4521292727969006336,Orbital,287.30395285811,23.524570043149048,55.910922418643786,6.820926048948098,142.9114212562496,2204.313914041182,156.62587,0.8225336664391792,0.014485312,7.1117210378973725,25.728777,6.5717344,0.7069672,,0.3100858093866433,0.4386141540215521,0.34418062822226564,68.3053749623821,32.27145616659255,12.832443,1.6114569,11.613723,Orbital+M1,anomalous
6511572296532545664,Orbital,333.4493201880128,-50.809531256170814,343.58592370009853,-51.99151761994179,249.54065112092943,989.665200780635,43.91172,0.45896657112425276,0.048004225,2.246765089865891,22.514097,0.732471,0.6728953,,0.27917745972730135,0.4148898864657128,0.3291933753093818,30.736068072097993,32.19882251884543,14.233782,1.6052628,6.8483124,Orbital+M1,marginal
4937357346782007296,Orbital,28.16519552043064,-51.87149636600752,282.10910147930565,-62.71062212933913,170.46806758981944,865.6584197944508,6.077756,0.3204330825807453,0.017129198,2.4479994577120956,126.65388,5.3266125,0.9904754,,0.27459547425323605,0.27723603207772207,0.2355061393544553,26.950494460180348,32.12031679320283,11.010143,0.9993572,5.7297783,Orbital+M1,marginal
6911157529557113984,Orbital,316.6608815202142,-5.825063094141639,44.0216951448188,-32.60446678112982,130.84498963989074,1154.615261226369,35.20096,0.29391963962658335,0.0061665443,4.807822830184465,25.355536,-0.6191694,0.6794333,,0.285117798564424,0.41964060984300733,0.33221958653207767,36.24547118778013,31.85543526926581,13.115135,1.8195963,19.356617,Orbital+M1,marginal
6155525348849547264,AstroSpectroSB1,192.83756875957403,-35.728133360832,302.9119310565168,27.14361323752782,293.19752179405117,1885.1624432811466,356.8793,0.6185010951246943,0.062102217,2.6604140731458266,7.6909795,7.7091146,0.95276093,,0.30419371323248445,0.3192760136485375,0.2654254209398007,59.28131925583965,31.800278181148006,11.397225,0.8893728,6.1717777,Orbital+M1,anomalous
5506600011410237184,AstroSpectroSB1,113.07043121892013,-47.83244734613888,260.1500112079346,-13.41818518032635,165.66930663467417,883.5361180762915,21.267328,0.23153013970891118,0.015345033,2.9146894053534913,35.993526,2.9420905,0.7680065,,0.2757208883941909,0.3590085332718175,0.292610551256092,27.844676287183436,31.730881298949498,12.322935,1.1224957,8.793676,Orbital+M1,marginal
4768014998277999104,Orbital,86.89103369782582,-54.18878488091198,261.984848763446,-30.86661961252938,168.1558496582491,1095.158270550753,39.136353,0.5586126990379174,0.016931515,2.9654619983106603,24.782713,7.1088734,1.0009205,,0.2833456879636427,0.2830850984677016,0.23974342275833904,34.527551416258,31.71838794323178,10.914284,0.79963017,5.7814307,Orbital+M1,marginal
3303000760260148480,Orbital,59.68803673873056,10.695320052909274,179.57710478506448,-30.911460184250124,253.20370246270366,1398.2187364626286,179.19351,0.7480984792457712,0.052650344,2.162295723445872,14.670248,14.269579,1.2021374,,0.2924689391026219,0.24329078441041296,0.21041523538450788,44.09407736086446,31.709898928594267,11.001513,0.8183069,5.902845,Orbital+M1,marginal
63540437668315392,Orbital,56.51788909337666,21.584502397587073,168.28156578287792,-25.5299514819981,282.89221881911897,1146.4008730016785,97.34057,0.6586353125516344,0.046556257,2.1283512807317972,23.855316,0.17844965,0.7378081,,0.28514890770956786,0.38648112495683884,0.31082717469141463,36.27621117207431,31.602001310549934,14.097377,1.6006346,7.299838,Orbital+M1,marginal
2927386624476615424,Orbital,107.56498554365929,-23.98048491680038,236.42923729290618,-6.812222328230154,268.9281841397535,917.7708264049917,26.199286,0.37474684326739155,0.018076992,1.6961211176841358,42.03286,7.527092,0.9135043,,0.27725532747004766,0.3035074128395123,0.25434720282985773,29.100831547866996,31.53761516729791,12.393652,0.8657656,7.007552,Orbital+M1,marginal
2980855840573399296,AstroSpectroSB1,73.51991267107361,-16.57004724812424,215.649995730327,-33.23070656739462,181.65993809645454,1502.3420188699538,87.80874,0.4564550740659142,0.026548794,4.000542028060439,20.888563,6.4676113,0.7717485,0.2566551,0.2956768114024217,0.38312587306125745,0.30862682987833817,47.90669681570707,31.35974965356793,12.418953,1.146327,11.4987955,AstroSpectroSB1+M1,anomalous
2284148755742377984,Orbital,335.5518923978315,78.65853265494694,115.73518550454212,17.93084241797499,189.7698901874097,979.4609210814018,34.067894,0.1739257425805317,0.036640096,2.7057485626770292,26.704609,5.2707014,0.79917395,,0.2798595276748355,0.35018599802017625,0.2866617253832093,31.333189884472926,31.25953420933918,12.371755,1.042036,10.068502,Orbital+M1,marginal
5500019812273554944,Orbital,97.16640152026186,-52.89201703440363,261.5952597967176,-24.6397747791753,132.92055008094562,951.269201584921,11.598992,0.30561298278611154,0.009888291,4.228739391608365,113.15936,3.6072836,0.631144,0.57937,0.27883596793090315,0.44179454069948887,0.34616627952195084,30.440451427734306,31.250167358497823,13.600184,2.0916739,15.841376,Orbital+M1,marginal
2643510868420893696,Orbital,357.59787067836993,1.6301904344836033,93.43088513001733,-57.702192561229985,220.5524836231104,1141.3697975552434,160.69601,0.7720133440749346,0.06423664,2.824704284877574,5.7743316,0.7584937,0.68384194,,0.2854776949961784,0.41746151666936326,0.3308330804098891,36.60233812936116,31.182975074471408,14.025561,1.6733818,3.4329605,Orbital+M1,marginal
2894469312222052608,Orbital,99.54332580502229,-29.948955097356084,238.90807083277355,-15.798047321045788,235.05514000924046,1886.9406293172815,247.56337,0.6410908851344321,0.033447854,3.84356426156774,8.312541,2.92934,0.7093342,,0.3052455576598197,0.4303268613830896,0.3389806640814315,60.81999151541876,31.02500645431551,13.745705,1.4699326,7.461783,Orbital+M1,anomalous
5423812008526985600,Orbital,138.38624479039862,-45.346246664413485,268.012471987787,2.2406610878012225,208.57621657753907,881.5595179205752,17.00991,0.2517383611226181,0.036989335,2.460885020004412,73.00774,-0.6898727,0.6783581,,0.2766414639227428,0.40781037757694105,0.32466003534871807,28.593119920653244,30.831176183883713,13.885317,1.6465721,9.202878,Orbital+M1,marginal
2149774171239412352,AstroSpectroSB1,271.83248300705225,54.59219245921848,82.81117968525142,28.052384092171465,148.4594258596203,1124.7993395560518,38.116566,0.32989207839287005,0.01654611,3.4884287436418875,35.467422,4.899561,0.97469985,0.3413368,0.2854493517985658,0.2928587199207795,0.24676910186782208,36.57413478908589,30.75395620545763,10.024494,0.82863617,10.745223,AstroSpectroSB1+M1,marginal
6123663666540898432,Orbital,215.1848291680461,-32.127922207747275,324.1054129778438,27.045931130396355,153.89280287731688,951.7934778147372,34.758305,0.5396750938931353,0.04057299,3.0215065234004816,33.78637,7.006393,0.93534464,,0.2795802316276348,0.2989061151744642,0.25108241229772627,31.087597190364182,30.616501879719166,10.706712,0.93425465,12.410369,Orbital+M1,marginal
3461864900389614208,Orbital,183.5938703035576,-36.19572864656424,294.6141732474203,26.07670851130982,165.0081801481296,908.6003720404851,16.70652,0.5580854003302249,0.015117912,3.142774073315404,84.492775,1.6753432,0.698682,,0.278069144972283,0.39799099006873406,0.3183246904623971,29.784698932621748,30.50560873876549,13.136413,1.645442,12.793859,Orbital+M1,marginal
6089576126028675456,Orbital,213.45226369384855,-51.8193312325044,315.6485901495896,9.007000879605675,263.27063172720284,1043.3345139774306,112.34624,0.48108651949588127,0.04406366,2.141416718171551,8.882799,-2.1266506,0.73468286,,0.28340289155730897,0.38574861040389796,0.3103473698030377,34.58199667754023,30.169874912255686,13.8071165,1.4267979,4.4717464,Orbital+M1,marginal
872021404975555456,Orbital,114.18665617239583,26.291167083420035,193.28109260304961,21.019846291777878,146.51196121860988,1599.0943066104724,125.967575,0.6153966357960338,0.030537715,5.0426725755750335,18.848078,3.845622,0.83177245,,0.29977308692083743,0.36040276175838126,0.29354618487097484,53.14253746204936,30.090665274544566,11.555059,1.0431643,11.9742,Orbital+M1,anomalous
2040188630440101376,AstroSpectroSB1,284.1720942809596,27.94465064411939,58.697821417020776,11.283993597374414,106.95995137446639,1072.5052839094765,22.119614,0.8367429018497439,0.007371927,5.065931173713736,104.98777,1.853075,0.8332988,,0.2846324435351169,0.34157308605701797,0.28080666962343975,35.768493996293714,29.984636312074198,10.845598,1.0642471,16.524313,Orbital+M1,marginal
4533448039480596224,AstroSpectroSB1,285.77956228357397,23.671437727259267,55.41731903968706,8.137519827913255,131.09505587469195,919.1056568944955,7.4014306,0.502352947647474,0.008723707,4.161662022368629,122.066734,0.5794446,0.6419171,0.38334978,0.27917110127414235,0.43490210363170656,0.3418560945560738,30.730543478059644,29.908538960617456,13.138246,1.7912683,13.477486,AstroSpectroSB1+M1,marginal
5570543347072340992,AstroSpectroSB1,99.44219196067812,-40.56968068145434,249.28960787885376,-19.68549255944968,175.15044668754854,2161.4912613807564,256.20947,0.6621156422906433,0.035085764,5.5636839070829485,14.03969,1.2228159,0.76246166,0.26238936,0.3125685733631012,0.4099466095427101,0.32603096837086903,72.41284395517991,29.84955628477479,12.445758,1.214263,14.070521,AstroSpectroSB1+M1,anomalous
3187104503750336896,Orbital,74.9573460351083,-6.954403165321269,206.16740692443523,-27.94523365310401,227.38155343750134,911.5063320648122,9.4958,0.21597398956995603,0.013209801,2.2919375277342295,99.08128,-0.59326446,0.6983522,,0.27895363716094956,0.3994454805197838,0.31926662585019633,30.54206241689716,29.84429537281439,13.814619,1.6134195,8.592947,Orbital+M1,marginal
3768092628323922176,Orbital,156.52312256534535,-9.323975509765765,253.84195228716885,39.314965253089795,242.0969334836836,1001.7447497359991,51.036972,0.5680805127970275,0.022861795,2.229061674476921,55.7057,-0.8774311,0.7561104,,0.282460387008654,0.373570282712399,0.30232337710794666,33.69340650131622,29.731180481761807,13.383549,1.3380117,9.093217,Orbital+M1,marginal
5641634676553222912,Orbital,132.8333463863028,-30.159537059454664,253.62662228019443,8.937707873327335,284.2631189092918,1318.4854902911575,71.34234,0.7649918565560027,0.019655516,2.2746516636445633,18.390312,0.51233566,0.8067201,,0.29269867457298837,0.36282557303114205,0.29516920138114894,44.35900193793257,29.72306482765306,13.252112,1.1030931,9.044584,Orbital+M1,marginal
5703018967618454912,AstroSpectroSB1,127.45148110289004,-22.07798485461715,244.13467001031202,9.893883526592173,161.87747283530052,1062.9609038302865,34.704407,0.8043698936346863,0.015434985,3.1938836544864415,32.694447,1.6319727,0.90461427,0.31094432,0.28472424636266086,0.31474657861252087,0.2622605604865003,35.85833562042623,29.64334192981296,11.272319,0.9134102,7.0228,AstroSpectroSB1+M1,marginal
1605276054452588800,AstroSpectroSB1,216.74630975830024,52.43968453151477,94.25737130238095,59.04011197770103,139.54308920086828,1352.737983193732,48.034782,0.45146052351261645,0.013871368,5.027519633182804,32.217617,1.8711368,0.70989865,0.35259998,0.2937973975722319,0.41385822793830174,0.32853452709183933,45.64318655776898,29.63723800225076,12.442784,1.5760698,16.44212,AstroSpectroSB1+M1,marginal
168695599446646272,Orbital,57.89936879705487,31.43036440734998,162.1804440748338,-17.387206760719945,183.45321006600915,906.798617778161,21.08208,0.3508849417032841,0.010050777,2.8614161106101808,57.047276,-1.2198887,0.68320453,,0.27905308000409434,0.4084473493203329,0.32506908647867394,30.62813986773745,29.606715317809723,13.890948,1.806118,8.415671,Orbital+M1,marginal
4807853809245875968,AstroSpectroSB1,85.1538690425288,-39.81106296991333,245.2703997194708,-29.991017358421555,144.2275503628907,1394.1660833776675,78.73987,0.6976641510693553,0.015514585,4.501375544987401,25.88746,3.0307975,0.8769272,0.34473887,0.2955630241835088,0.33704397035642464,0.2777086681036798,47.76722209432037,29.186668645389723,11.020532,1.0001907,8.698198,AstroSpectroSB1+M1,marginal
3492291994903087360,Orbital,176.34656627494113,-23.500327725720794,283.9039518051241,36.9188030774654,202.10012709224077,1871.420668298071,175.63692,0.8470553049196297,0.029097654,4.499541415659563,11.816278,1.4390025,0.7006876,,0.3076746877481882,0.4391039506648121,0.3444867859149714,64.49215734436041,29.017802246953668,13.669477,1.6319809,6.198462,Orbital+M1,anomalous
5967093107668457600,Orbital,254.864330645713,-39.91165541785551,345.58402667079986,1.5971978283214858,241.5807715573303,2075.876406588027,520.6395,0.7361452457640816,0.061640427,4.013427382769082,5.5296736,-1.0817206,0.7265393,,0.31226750114915075,0.4298012443660292,0.338649590456945,71.90477219686663,28.86980019774663,13.982572,1.6085682,6.801796,Orbital+M1,anomalous
6412619926525187840,AstroSpectroSB1,331.31477678288724,-56.583739188879484,336.2841548647949,-48.369072328502774,203.86566680958424,1414.0062590915488,107.92716,0.7689213016846325,0.025660738,3.009522494613291,37.500717,12.682874,1.0053265,0.60651517,0.2967241294269268,0.2951519995047903,0.24840780432307188,49.20537831609451,28.73682323928081,10.876849,0.80431557,5.2281947,AstroSpectroSB1+M1,marginal
504158967902665856,AstroSpectroSB1,83.1999132935254,76.61031675794379,136.53320894502878,21.978069033829723,201.54456167461726,921.6303809922414,17.139532,0.7886187757666548,0.019042142,2.415607224002454,24.414492,2.1997306,0.82455456,0.40381277,0.28081842296517356,0.3405698491199465,0.2801215787455639,32.18787761938284,28.632840968590475,12.1823435,1.089098,7.245058,AstroSpectroSB1+M1,marginal
2244945187618432256,Orbital,304.6303046833307,65.54838236196355,99.3393176568961,16.167945568333256,227.15551434267132,1053.8506405443347,31.239485,0.45281033813253263,0.018112082,2.5428157110194918,48.685635,-1.1707889,0.71861637,,0.2858481157603211,0.39777568273001895,0.3181851518189054,36.97248862283827,28.50364364960169,13.525081,1.5450001,9.853854,Orbital+M1,marginal
5406334755816287360,Orbital,148.1740150954238,-49.7967156313545,275.883050045014,3.4505454064944767,219.42248455910237,2002.7230310385505,466.564,0.7531409730840612,0.044049513,4.377022159523859,5.260714,-1.4788963,0.7008354,,0.3113776037135538,0.4442949096194718,0.34772353313635845,70.41922671759505,28.440003169448993,13.863766,1.6349382,7.0891023,Orbital+M1,anomalous
5061424933190655616,Orbital,49.121748359192146,-26.61508646963692,220.47266388438715,-57.76319129117349,239.3798850076841,867.8801590618834,33.379322,0.5606705045959417,0.027583515,2.0549066330917145,31.847332,-0.35846186,0.7386332,,0.2795955847797087,0.37853102045773157,0.30560264823966143,31.101058622027104,27.905164567202657,13.400787,1.2704611,4.116844,Orbital+M1,marginal
1784562931579211648,Orbital,319.5376775040608,16.00969660202047,66.2774969539318,-22.65795538106912,276.37470791774973,909.8070080949802,82.082565,0.18630960329476132,0.05623128,1.6822881932586724,5.757518,8.78438,0.8916394,,0.28143365721612046,0.315636179381783,0.2628832443378494,32.7457265975075,27.783992069494403,12.626389,1.001852,3.9877958,Orbital+M1,marginal
3797117987245966336,AstroSpectroSB1,172.9364206144706,-0.8939894754464346,265.33805818746544,56.04812217828507,207.5726486758167,1201.8853573670401,42.585762,0.7946278154263468,0.041199133,2.5035916530738525,27.355894,-0.08422691,1.0942279,0.38716748,0.29204587992884673,0.2668967563783746,0.22795501248634492,43.60943817869254,27.560211907391142,10.283474,0.7301979,6.7790914,AstroSpectroSB1+M1,marginal
1653808733924369920,AstroSpectroSB1,251.64553127525238,72.51729904227207,104.65400828423829,34.99329041401244,99.40775630364217,923.3645329244857,11.410674,0.5080216328398026,0.0073148506,4.630074400864533,57.320217,2.6608927,0.9318713,0.2917415,0.28227079134437283,0.3029074861157307,0.2539223646317083,33.51682250058492,27.54928612067482,9.674259,0.8928261,15.11603,AstroSpectroSB1+M1,marginal
5547839600202802048,AstroSpectroSB1,122.49679619265893,-31.90855129624723,249.84128512636298,0.7380802091076538,77.72918264826961,862.1567152021422,6.8545594,0.36744407041797905,0.006507098,6.44960666495835,118.50711,5.511707,0.70479906,0.30525115,0.27988896270919783,0.3971188103976211,0.3177592723092178,31.35916055048092,27.492978130402165,11.346713,1.4949989,18.768768,AstroSpectroSB1+M1,marginal
4244484495221192576,Orbital,302.9003899325383,3.7685175100784143,45.815749142752395,-15.923974805607438,200.62419017762764,1515.3552241407879,164.35155,0.4234108244678664,0.054996856,3.8230232569392832,13.989721,1.3304151,0.72061956,,0.30140314699048765,0.4182555734238954,0.33133862897658123,55.34557736008445,27.37987923193427,13.256874,1.3867941,14.401852,Orbital+M1,anomalous
1245972456407347328,Orbital,212.71670533111526,19.16271294435442,13.53564219392055,70.11324501506776,151.15782420897568,1085.3399194029637,51.968414,0.42565110153648206,0.026757943,4.053094642694486,19.285229,0.25453892,0.67272806,,0.2887538257331308,0.4292281564912478,0.3382884426905714,39.9781385566608,27.148335530047685,13.336156,1.7218065,9.76812,Orbital+M1,marginal
5785390839720492288,AstroSpectroSB1,210.6468740576222,-78.97577421096209,306.4264652169289,-16.589793576657417,201.57787494298205,1017.4896132088076,35.43215,0.7173981550816653,0.02017705,2.2957747061788214,26.473654,0.5181051,1.0698686,0.45532343,0.2864023584678599,0.26769863882617206,0.22854346818438814,37.53175686429035,27.110098173339168,10.333678,0.8037939,4.6578517,AstroSpectroSB1+M1,marginal
4288788693491408384,Orbital,291.31095366193665,2.4537314192880766,39.000175653476646,-6.382263408942539,196.0872030070277,919.5741655869627,23.701876,0.224666716086313,0.020816868,2.455752530333332,27.135473,3.767076,0.84988153,,0.28271822282009795,0.33265603840567415,0.27469454191762216,33.93470760363396,27.09833767621703,12.165346,1.1415157,6.5352163,Orbital+M1,marginal
1048049677528543744,AstroSpectroSB1,159.40348061370491,60.84089980563014,147.3432573729492,49.46265008329182,200.41151608363708,3465.401953721309,787.4855,0.6421513334118486,0.056631725,6.989315725666632,6.7045703,2.7430785,0.79053575,,0.3389824620635738,0.4288009276229049,0.33801909438112543,129.12884024648963,26.836777493752145,12.549062,1.1381941,14.143589,Orbital+M1,anomalous
1575432933756377472,Orbital,181.58225177162603,57.17649243486164,134.7750544654575,58.90251350969186,235.2547685140405,2467.707047970527,553.0374,0.6340399757413381,0.059044696,3.6050304888948395,5.5150814,9.014338,1.2659692,,0.3231602788220048,0.2552671026614264,0.21936672467028298,92.1416207058908,26.781676174844637,10.01538,0.66382694,6.947571,Orbital+M1,anomalous
5650194855606197632,Orbital,137.8072410251138,-25.742145132254052,253.03599491655547,15.139663899000587,227.71449843662407,1591.3195539675091,144.35979,0.5805516478775724,0.03284308,3.3557253034205914,18.81075,4.726095,0.7906734,,0.3043281434005907,0.3848974215815344,0.3097894312446731,59.47626195623741,26.755540809514912,12.849787,1.1515417,9.261252,Orbital+M1,anomalous
2102087699110218880,AstroSpectroSB1,288.21695772832294,40.863723413270684,72.14932587126022,13.62043802158157,172.23234689090975,2864.3984310777996,722.52155,0.7532982949305519,0.046603892,7.001813712668063,5.515628,2.1177897,0.7938317,,0.3302993954324664,0.41608239242196043,0.32995419632500583,107.63471243525858,26.612217994271248,12.471039,1.3759995,11.887262,Orbital+M1,anomalous
6706668093585448064,Orbital,275.4196107192984,-47.868051930258474,346.4867168320946,-15.120525571726048,294.0146123433911,988.4166915455912,59.93609,0.39990732735938994,0.08438293,1.9811929424429666,11.019941,-1.0758321,0.6451424,,0.2860335280211297,0.44336496636153166,0.34714474870012435,37.15885550328422,26.599761433939527,14.948729,1.7742834,3.8277223,Orbital+M1,marginal
5745765677601545600,Orbital,138.630256389432,-7.388681912501827,238.1408827770036,27.211600867617435,191.97532628002836,1026.668440102612,51.67212,0.7441234658887016,0.022128621,3.011520132103059,20.60655,-0.24347271,0.69861573,,0.28759747522182594,0.41166762062533824,0.3271335402702735,38.76009828142258,26.487766688524793,13.712016,1.7394896,7.563259,Orbital+M1,marginal
4921060488514075776,Orbital,12.074235643395784,-54.45381750058224,303.9262080273412,-62.66836823581377,282.684960296349,1006.5790227039212,34.697155,0.872070473685789,0.05189922,2.015033263137461,14.280943,0.3319882,0.69861573,,0.287002468037151,0.4108159261110482,0.32658810978073105,38.144703926580206,26.388434542351007,14.540544,1.7357321,4.2822285,Orbital+M1,marginal
1032805361126362112,AstroSpectroSB1,120.61255357153408,54.11455916781896,164.04859638932257,31.904323973858666,107.86840788911825,985.011545367216,18.051924,0.37033705360379077,0.010719126,4.6402353045872795,65.107155,1.280569,0.8805243,0.3475739,0.2863387526401592,0.3251912069844375,0.26953785232745564,37.46724221728723,26.289939880142438,10.350394,0.9934263,14.551095,AstroSpectroSB1+M1,marginal
5028552524816615296,AstroSpectroSB1,18.983792918730895,-31.951205210284876,256.55891174928627,-82.81588467520365,131.67297706192474,1399.2854338146967,152.25682,0.3814912668587985,0.03991076,5.638376115665223,10.470123,7.556066,0.68354625,0.38037768,0.29986873258835844,0.43869560360954984,0.34423154901887565,53.26988770386891,26.267850264551406,12.67381,1.6708136,11.518924,AstroSpectroSB1+M1,marginal
2528248652163864064,Orbital,8.722103123696636,-4.3379719880632415,112.3791061429761,-66.87003221896532,268.93426940508596,1208.9255443606446,215.47234,0.4318107735408729,0.08114183,2.4317366465922103,5.6575985,2.155442,0.7049715,,0.29431844126327344,0.4174898481455105,0.33085112418280815,46.26219643389677,26.132039495531885,13.93402,1.583806,6.66147,Orbital+M1,marginal
5851661871560571136,AstroSpectroSB1,203.07350690601595,-66.50264432254659,306.99585666296,-3.953804165293467,267.1184017866091,1232.8921091903746,151.74387,0.4220688780744829,0.029899655,2.160719639728822,7.729095,0.6110877,0.9398378,0.4171933,0.29526696717754114,0.31416800108997134,0.2618552928328966,47.40580968231566,26.007194423056013,11.995801,1.054512,5.462385,AstroSpectroSB1+M1,marginal
2387736357532916224,Orbital,356.29381871944673,-21.758247260676576,48.947642364801574,-74.00852050539892,277.42247234948115,874.6241022610571,25.881243,0.5225042935213883,0.055004142,1.7792006693982139,24.0439,-1.1963296,0.7539935,,0.28242452062293144,0.3745715532398467,0.30298646205326246,33.65994620546985,25.98412061986385,13.619862,1.2030993,6.415128,Orbital+M1,marginal
6400112088406313600,AstroSpectroSB1,319.977489438349,-67.45552837970423,326.03987452842233,-38.83294002723537,268.201488720645,1403.5884881212917,101.44223,0.5720570184838488,0.03632447,2.382789916618396,16.883871,3.0374923,0.9386865,0.31875473,0.3005224447594056,0.32015209331557437,0.26603597385926475,54.14666027867649,25.92197710620463,11.968153,0.88434315,6.392812,AstroSpectroSB1+M1,marginal
1743872312632525056,Orbital,318.6726123249233,10.045317804951152,60.56115406876186,-25.67408777255811,79.11445626912182,2236.354568693835,247.76723,0.6678349787123531,0.025190016,12.831408759149218,13.404331,11.968822,0.76475817,,0.32027702009319714,0.41879516009530626,0.3316819630684477,86.4015015972756,25.883283592890145,10.7720375,1.2130547,18.088839,Orbital+M1,anomalous
1372300943664084864,Orbital,239.66866524083963,35.85206856681596,57.351225970048496,49.533921892087,234.74144323749337,840.6565555785635,21.17808,0.5761978761396206,0.020189874,1.8399007746747036,34.052364,4.2763457,0.92769736,,0.2811562388969636,0.3030689218957171,0.25403670987208254,32.493261095982334,25.871720080521786,11.995655,0.91246414,5.755847,Orbital+M1,marginal
5576862858872804736,AstroSpectroSB1,100.52315537549322,-38.00367149150463,247.04569327574671,-18.019625167002463,69.84103973542412,966.1529502271328,8.50007,0.3396689876197446,0.006322102,6.285348166722995,204.25185,2.49759,1.1073447,0.26315925,0.2863633834165313,0.2586036410959256,0.22184108441026204,37.49221468393824,25.769428623298563,8.422239,0.7076769,18.758537,AstroSpectroSB1+M1,marginal
2830007281944349440,Orbital,343.28568537188994,17.570814504947627,86.89560231212262,-36.88949079618447,163.05661540881908,1082.0234836826626,42.445995,0.8940630673777334,0.04170273,3.5736861532113418,16.223698,5.3142886,0.7534608,,0.2907743307771009,0.38591831363505347,0.3104585556164896,42.177701662102656,25.653922358099425,12.483718,1.305542,11.78348,Orbital+M1,marginal
2775377943638744960,AstroSpectroSB1,9.84708233851482,11.3572110932917,118.19438197499066,-51.40366516876318,170.85342941792533,1404.1047581677767,60.62829,0.5642647522930134,0.021033349,3.574651939434101,51.74354,4.7833734,1.0289387,0.2772729,0.3009775657604497,0.2925126444060613,0.246521486078754,54.76367532511941,25.639344872891165,10.765528,0.7796755,6.3892555,AstroSpectroSB1+M1,marginal
3082467688690995840,AstroSpectroSB1,117.78293597728585,-1.473468854298814,221.19463485323732,12.556146601841162,139.23374508058302,1594.185419447485,88.77479,0.8193915692344408,0.04612114,5.785978701527648,21.078413,4.866448,0.7168657,0.35152668,0.3062758464961297,0.42724298100736846,0.33703602650687675,62.35707012153163,25.56543173597599,12.292656,1.3054867,7.4202185,AstroSpectroSB1+M1,anomalous
3955471060628415616,AstroSpectroSB1,190.89931271233138,22.0106027827715,283.3109525773307,84.58106982460352,88.07602205259953,851.8049154095625,6.166293,0.29913469830863204,0.0076988493,5.7634323042719755,80.19802,6.73463,0.6841222,0.27790317,0.282116561234103,0.41237743675428196,0.32758779605823496,33.373708611450446,25.52323223428966,12.158559,1.7833929,11.6584835,AstroSpectroSB1+M1,marginal
6129878999619301120,Orbital,182.54416631375574,-48.929931626963516,295.98630886294393,13.384574587411295,112.2213337913043,1029.6733981477746,14.837943,0.35739110378648115,0.013253109,4.77523432279796,125.609146,7.708734,0.8281061,,0.28913060615609154,0.3491468113759515,0.28595779480723515,40.38138127049173,25.498716630087085,10.772141,1.2845173,16.93454,Orbital+M1,marginal
4513112327101910400,AstroSpectroSB1,286.7595622053628,16.364447818475146,49.26413497620439,4.036381844504527,129.66021106802418,4954.953862975826,1081.6556,0.8394316131671345,0.022695301,14.309247863544647,7.029749,5.272899,0.80084103,,0.360351945764884,0.4499668856983753,0.35124366336323204,196.3340549986709,25.237363243016446,11.885599,1.3202219,5.8868375,Orbital+M1,anomalous
5625430623939427840,Orbital,132.37894341871618,-36.7834081834831,258.57891144062114,4.483318322939727,172.41119174271824,844.9962344684955,10.25987,0.6003807017944532,0.012732865,2.91994485940265,134.29424,4.9095116,0.6889764,,0.2822581486194328,0.40967752412239544,0.3258584253811919,33.50507307934138,25.219949004961425,13.218271,1.4815474,14.521119,Orbital+M1,marginal
6597108455722343424,Orbital,339.308784555993,-35.132753428977594,8.917012664503734,-60.3420722896478,190.50931619010177,1244.0327541297418,113.69251,0.7679968180486554,0.05019854,3.4774021371495674,8.415702,1.037354,0.7256276,,0.2970553840296991,0.4093771840545579,0.3256657925294604,49.621783025784154,25.07029530727111,13.039512,1.3264399,11.421557,Orbital+M1,marginal
5078554495420703872,Orbital,47.479725675451924,-22.123539457565585,211.57750630324983,-58.23394600475185,186.11925945794852,1284.2710934482466,112.386925,0.6629487726055588,0.01598982,3.451462645689649,10.457469,5.9313025,0.81510204,,0.29846584240838453,0.36616991183985625,0.2974035703376309,51.42558306702607,24.97338905762874,12.211559,1.0458641,6.5560465,Orbital+M1,marginal
1949746072413649536,Orbital,329.87612363735394,37.41074809653249,89.0236354674938,-13.89396196553056,208.87206875873568,1022.8932423994922,16.483784,0.5083722792005959,0.010408997,2.7836246079947573,95.90509,-1.512936,0.6953371,,0.2897145599658383,0.41665338006573405,0.3303182035270833,41.0125909976388,24.94095636284922,13.9361515,1.7293739,9.827463,Orbital+M1,marginal
6858621768766988672,Orbital,313.2686257575662,-18.170983441505644,28.865767939066846,-34.76564486965858,249.84151767320924,1152.5488855248216,101.3629,0.4064441356046294,0.037992407,2.5698176951838314,10.654345,-1.3038964,0.6860923,,0.2945801615202756,0.4293593648789925,0.33837114339413715,46.575578237245,24.74577727524948,14.226475,1.6332893,4.700181,Orbital+M1,marginal
4139724019460184832,Orbital,256.23683808541347,-14.734855143747241,6.809191029571171,15.64767519132706,269.2244263852154,1396.9494105196168,248.16359,0.5033344127384733,0.09137622,2.392850081881068,6.446272,2.3007047,0.9281232,,0.30249527522222275,0.32592147573990204,0.2700439435510416,56.86087768893377,24.567848181342622,12.420778,1.1697865,7.7779827,Orbital+M1,marginal
6449519777272931328,Orbital,313.1623440431064,-65.01747699007029,330.13062355562414,-37.083483989951496,161.97019201101864,1536.615682897476,157.5695,0.4592708506956854,0.04581041,4.655864875873153,11.009947,11.527395,0.78338075,0.32378593,0.30644871353824443,0.3911874459180126,0.3139022838997784,62.61790108758484,24.539559075098712,12.165466,1.230793,7.4311028,Orbital+SB1+M1,anomalous
5435966559808649984,Orbital,143.65528027103704,-37.450892630818856,265.23547249710253,10.623403808364248,196.43440147622127,2178.3213616415073,387.6519,0.5094940491457701,0.056039777,5.129757533193638,6.4844556,7.3784842,0.75325114,,0.3214853901144837,0.42679708669196326,0.336754419225925,88.77225836564543,24.538311875194,12.846818,1.2058573,9.618097,Orbital+M1,anomalous
2980176140529002112,AstroSpectroSB1,74.71867371688532,-16.280135912032986,215.84397561720598,-32.0561874158952,174.33045951179844,1098.1627943573692,34.50561,0.41165207196527553,0.014001929,2.8374743243318648,83.46964,7.580595,1.0779843,0.29703215,0.29305895174834107,0.2718582661793849,0.2315883622530194,44.7769548927852,24.525178118673573,10.5811825,0.7252083,4.8980737,AstroSpectroSB1+M1,marginal
5178221925944864768,Orbital,38.90307768169476,-7.01481254757114,178.57229825805206,-58.13788141117869,132.15061767459346,1115.852436592612,52.693542,0.20175712526447107,0.044009246,4.392742361288915,27.196287,6.0295753,0.80620164,,0.2938035649867147,0.36442938289741644,0.2962415764002718,45.6504756812579,24.44339122299075,11.578763,1.1828012,10.60107,Orbital+M1,marginal
5670642881367389184,Orbital,151.11437556351495,-20.061136055131048,257.9062266478962,27.861203775972324,117.44455580643438,909.6827779727495,20.086414,0.24672753367041209,0.02817599,4.515105524398334,40.974,4.3965836,0.7014397,,0.2862247931386986,0.40805332495850166,0.32481607889604963,37.351870160019196,24.354410477322187,12.430938,1.6281109,20.351698,Orbital+M1,marginal
442175752235189120,AstroSpectroSB1,54.762299910241275,51.610167374935436,147.47375665561395,-3.0928315181586443,181.76762281000725,900.2627630067326,44.22047,0.8862202852077983,0.024999576,2.4840816566455457,10.821474,4.253355,0.95712435,0.52765095,0.28610895014399945,0.29892557786257923,0.2510962527765028,37.23487465789996,24.177945307403576,10.610414,0.96993446,4.2577705,AstroSpectroSB1+M1,marginal
2134737804274818176,Orbital,295.4116200509552,48.740169637991855,81.69611934466946,12.428435107444345,248.34301252621003,858.7819448651422,84.90741,0.40830348427343705,0.040900532,1.9050484637665808,8.970247,5.364813,0.811376,,0.28438504255345004,0.3504972430814929,0.28687242523014456,35.52724974078846,24.172485940536614,12.971075,1.1976404,5.48993,Orbital+M1,marginal
3172869264145502080,Orbital,70.21516949864571,-16.299740898781334,213.90340625208162,-36.069115333395494,216.9068053746954,936.8466219296749,28.202765,0.5088251908715561,0.01767685,2.3587412609246345,44.5999,3.2568607,0.79396355,,0.2877184436283409,0.362382433144504,0.2948726186330535,38.8861504780386,24.0920381784453,12.709235,1.0655107,7.947433,Orbital+M1,marginal
804736344242606848,AstroSpectroSB1,157.05854995057734,42.53325842893876,175.56883259053703,57.156811809783704,107.7290451309307,1946.2506298870571,179.01967,0.6943823731940384,0.02628977,8.93988395289251,18.219292,4.5636096,0.69062996,0.45561978,0.3173701250772136,0.45953715284496954,0.35714441206041025,80.89983196795778,24.05753612266975,11.962391,1.4289398,13.345503,AstroSpectroSB1+M1,anomalous
1797774938176175872,AstroSpectroSB1,325.67256108591414,25.114919343500556,77.67692676132849,-20.73984063427109,190.5704887900816,847.795070223427,31.45972,0.6961947077552845,0.059407182,2.4642283382691286,8.779628,3.1253848,0.80813307,,0.28410670077541583,0.35155930728949647,0.2875909364953276,35.25734952617606,24.045910473049027,12.370627,1.1855135,9.992824,Orbital+M1,marginal
3099519297272677632,Orbital,102.73909119155496,-6.608251685840872,218.7642916627191,-3.1145457637913045,163.64502366440504,2194.779637201168,356.323,0.6671953343918543,0.04443196,6.173217231720779,10.08114,5.137111,0.7625191,,0.3227864104489833,0.423315824465733,0.3345520163548245,91.38103255786058,24.017890537748947,12.768224,1.4901781,18.584827,Orbital+M1,anomalous
4557083343280622336,Orbital,264.4467582413091,22.186614451194387,45.924975734790074,25.62557156904027,252.8997319729018,981.2394613266928,41.19237,0.4641492744791985,0.018063169,2.393602658944603,19.240381,1.0697658,0.59926045,,0.28957251879231716,0.48321646969637955,0.37153982194259655,40.858353930119186,24.015638588987827,15.204539,1.9672432,3.8312743,Orbital+M1,marginal
5970550620762007296,Orbital,255.08382272807904,-38.06402524366812,347.14473385957314,2.6023656519969465,262.65604643160833,1165.6402334254346,79.62166,0.8799528110021377,0.018730193,2.327764096624745,31.192131,-1.7598282,0.7801981,,0.29626158674846576,0.37972610776761095,0.30639043476518496,48.62849014444818,23.970315137545217,13.683477,1.4199152,6.512397,Orbital+M1,marginal
6354779258352141696,AstroSpectroSB1,331.810700251361,-79.73017379023125,311.1125852226966,-34.63455684060609,135.98941308705668,2239.193958404215,255.33157,0.7235554378675029,0.023482135,6.924564503411424,11.699397,1.4720197,0.9123278,0.34509027,0.3237957688068656,0.3549116442258624,0.2898542003082699,93.44573394455809,23.96250597948904,10.840325,0.8951416,12.167224,AstroSpectroSB1+M1,anomalous
3482141922030667776,Orbital,172.3835770640214,-30.313545155695763,282.668432103684,29.315220104195454,188.76558226309965,1856.6055902736305,287.39505,0.6828361812535848,0.049157146,4.206131746631381,7.9914527,3.700862,0.9586458,,0.3156736021410826,0.32929116817897086,0.27237464042054405,77.81733006321906,23.858510549839192,10.828635,0.8495197,7.1517,Orbital+M1,anomalous
1257957957783340160,Orbital,209.45000938878255,24.576940798241065,26.940754318654232,74.86536837981322,253.91276199460953,875.6326432477514,41.974403,0.4007982886229128,0.038046475,2.063336755102259,34.012962,0.5063293,0.67928463,,0.28559362716144027,0.42043292843823177,0.33272306017134967,36.71787438036004,23.847585352492985,14.488999,1.8265438,1.575367,Orbital+M1,marginal
2099522611499166976,Orbital,287.63852911605886,38.018557638706085,69.29794959482481,12.851997983266898,231.65558147496833,897.2494411431672,13.939409,0.6949807814596585,0.01583605,2.1779023380323888,54.180634,1.9510968,0.7650963,,0.28658648047149077,0.37457569448977934,0.3029892033060388,37.71899682051571,23.787733417532063,13.16218,1.2641487,7.3457747,Orbital+M1,marginal
6009364931717097856,AstroSpectroSB1,234.9146546518002,-38.28013630543171,335.69330669128874,13.665308059926678,106.94564172112797,1055.5854119499763,15.5613785,0.46586529723042114,0.0060645747,5.5944780671253085,120.41281,6.830909,0.6962768,0.257518,0.29271839283949586,0.4204052175655836,0.3327054574110499,44.3817980500166,23.78419663755785,12.123837,1.5122824,14.901699,AstroSpectroSB1+M1,marginal
1882375181044196864,Orbital,337.732228665722,28.918203171867177,89.28823164213831,-24.62283359857362,168.35217215253175,1214.644411222858,64.18801,0.2587307839762421,0.011751171,4.012456141276307,11.019912,-1.2808145,0.67731756,,0.29823348228506263,0.4403155920079107,0.3452435893265763,51.1249694514651,23.758340088123997,13.657891,1.8436337,9.08063,Orbital+M1,marginal
1419158177869937920,Orbital,257.6854896381019,53.771205737688575,81.37160485454416,36.26823083112816,150.9815171316181,846.2202546765535,7.5723996,0.44361440583247796,0.015472368,3.189196973843581,98.17378,7.384524,0.76810265,,0.28458287858069337,0.3705011043893316,0.3002870339736937,35.72006074328765,23.69033638431232,12.638585,1.4664888,14.74913,Orbital+M1,marginal
4805275110881767680,AstroSpectroSB1,86.73131710587506,-39.701538355344326,245.44292746560927,-28.782715351777785,178.18569385935092,1170.230757862892,46.281116,0.7169427585043027,0.020145379,3.4471036995967976,34.311962,3.933567,0.7797721,0.3658189,0.2968875205182973,0.3807362682503642,0.3070556504698762,49.41042854583043,23.683881971949496,12.52568,1.3583918,9.272986,AstroSpectroSB1+M1,marginal
1984802557556000768,Orbital,345.2527757197138,48.66129997372247,104.80765928538567,-10.28575865393816,268.9329913289642,1657.296225290083,384.3355,0.5609823493088935,0.07877379,3.0889018942536848,5.3663735,1.4302747,0.72922075,,0.31120716132730863,0.42676673997985526,0.3367352495753307,70.13744464556447,23.629264420241338,13.996435,1.5002289,7.4038544,Orbital+M1,anomalous
1585675850938104064,AstroSpectroSB1,224.1624738340736,43.85294111049886,74.78686220209353,59.79996461873258,86.74772748574367,1086.884713125078,24.333506,0.2545056909419514,0.021778764,6.1033384495920435,86.0327,5.283049,0.93792135,0.28214312,0.2941111569664456,0.31357763469291167,0.26144153393751746,46.0151616877779,23.62014330189273,9.7485285,1.0017071,20.95576,AstroSpectroSB1+M1,marginal
4829889431015529728,Orbital,57.70306351736323,-49.58965585966634,258.60905807090893,-49.13620869923981,138.76187297988247,1303.8558200583202,66.26811,0.6331114692198963,0.022746501,4.109997224451687,33.398937,10.379569,1.069902,,0.30137094342568505,0.28168090107621857,0.2387284213536473,55.30137762712126,23.577275576203274,10.15615,0.7080078,9.318554,Orbital+M1,marginal
2888261091612443520,Orbital,85.71894356683403,-35.728641744710785,240.8250904779882,-28.633075486817347,221.95280111637237,1081.978975077956,38.930744,0.8885958762216964,0.024545284,2.4875062061434887,27.99517,5.524207,0.85792255,,0.2941691330271642,0.3428854173958914,0.28170185717866747,46.08415208359149,23.47833096973049,12.258707,1.008255,6.1463275,Orbital+M1,marginal
4686834889409045248,Orbital,28.897358426233538,-71.81955069543592,295.99822880439825,-44.4349091920894,157.92321202597964,2738.4855814607895,680.2288,0.5097304920836786,0.079546206,7.837803832502895,5.2530603,9.225182,0.7177438,,0.3342150868868899,0.46564676751198886,0.36088628931844136,116.95168697142313,23.41552868861081,12.836959,1.548069,16.24661,Orbital+M1,anomalous
456448547038490496,Orbital,32.18026987320277,54.85465895025699,133.9801107799238,-6.350762982172861,130.65817177238893,967.3287506402719,18.282845,0.5082162695276397,0.013589101,4.288601456802547,47.058613,7.5520835,0.6971741,,0.29027210873229575,0.41635528382315024,0.33012818874832395,41.62239454452041,23.24058385457837,12.875794,1.6996107,12.44241,Orbital+M1,marginal
2079045096488142336,AstroSpectroSB1,298.5577557799836,43.86221942855325,78.40415167937657,8.1833098985195,203.30851433210228,934.9609406875334,21.432646,0.602384252998796,0.02618657,2.3400206545700892,49.025074,3.66349,0.92305195,0.24885124,0.28901799540442397,0.313111298195329,0.26111453450400224,40.260531650929366,23.222766872378124,11.459353,0.9152422,6.608034,AstroSpectroSB1+M1,marginal
5253916674432859776,Orbital,158.94699957792113,-61.271478382239216,287.3602977891091,-2.5701904842695176,146.054995365223,1102.9668599041827,30.371336,0.7482802981273615,0.015151144,3.345023534625811,56.57755,5.682679,1.1262879,0.086286694,0.2957105796072334,0.26255326888411323,0.2247592750709394,47.948149089803444,23.003325067635142,9.57166,0.6993065,8.53625,Orbital+SB1+M1,marginal
5481278426122689920,Orbital,91.99044977787885,-61.61107102499395,270.7532871082058,-28.746697972474983,258.22985855228035,1430.3909953796515,224.78029,0.8722225833969082,0.045241214,2.734791014313637,6.7075343,6.800174,0.81191826,,0.30620650894828105,0.37713957738924486,0.3046843427038259,62.25268772998981,22.9771765290476,12.943009,1.1004143,4.287687,Orbital+M1,marginal
1147291940650152576,Orbital,179.62868528572145,85.58635920976407,124.11457186365965,31.41974945012863,220.21100066006107,1189.541317137127,60.548244,0.38773873724520386,0.028470235,2.9571530602885887,20.74083,-0.98234326,0.7132866,,0.2987581384014156,0.4188472730899597,0.33171511343813986,51.80568859110619,22.961596486555397,13.547092,1.4468222,10.720721,Orbital+M1,marginal
414069658053467648,Orbital,18.473419147217015,58.499314282071765,125.86990214171328,-4.244278776206061,186.38120635413998,1729.3994697495032,63.984554,0.91433162890081,0.014585147,4.723468087754596,27.306227,3.0478284,0.6956854,,0.314292742175219,0.4517742476741927,0.35236173987706915,75.37647888804918,22.943489736606637,13.713299,1.7608519,7.8184366,Orbital+M1,anomalous
2771480827754158080,AstroSpectroSB1,356.8173748608062,15.013286070715198,100.72482920657595,-45.07367831077542,119.75439830866154,2042.5570496261737,71.74031,0.8315515821208163,0.0084796455,8.45292159386156,55.492485,3.5540423,0.6806019,0.55672514,0.3218165417296922,0.47284108986798823,0.3652677099618056,89.43070735859665,22.83954929972753,12.445757,1.6509628,25.768167,AstroSpectroSB1+M1,anomalous
1091553500053368704,Orbital,122.09144129490504,64.70962719383165,151.50922455692685,32.5148229862013,192.88329601964986,1597.6172144194911,268.7078,0.45314602544192223,0.05070902,3.598947516324809,6.403934,12.483123,1.0012897,0.44527814,0.31112013389162646,0.3107193912304219,0.25943498519866154,69.9939060937748,22.825090119689463,10.447279,0.80025005,7.565533,Orbital+SB1+M1,anomalous
2073546374433598592,AstroSpectroSB1,298.9528389882884,40.34592140715907,75.49573861557583,6.1525575749124695,108.77034929307587,1668.9649318679321,88.778564,0.8780414449559496,0.020772938,6.372928104113349,15.541853,2.8568573,1.0735087,0.3314648,0.31301325305716604,0.2915796039176026,0.2458534778480706,73.16836203591238,22.809926113267007,9.420303,0.7481518,10.454884,AstroSpectroSB1+M1,anomalous
5548405711254908928,Orbital,123.66734523834732,-30.48372139966043,249.20093937601015,2.35761140236434,208.68354787261134,3912.085311468752,738.72845,0.8379151555475994,0.02578728,7.865615856265733,8.577794,-0.77180004,0.7162488,,0.3532989404056684,0.4932628652632396,0.3775613914159733,171.70727440740322,22.78345704903974,13.502671,1.5552015,15.698705,Orbital+M1,anomalous
1681696098311925248,AstroSpectroSB1,184.55624483625348,67.60218221849371,127.76395474483859,49.21329186779826,136.29272973275081,2266.9849754050665,275.45404,0.5008802616438695,0.040580463,7.153095672884362,10.107696,3.9396944,0.8774903,0.35797802,0.3267386254291206,0.37235583357407187,0.3015182985040971,99.67323542458462,22.744169643417735,10.981933,0.97049904,8.7029,AstroSpectroSB1+M1,anomalous
6233587960009199616,AstroSpectroSB1,237.980261416165,-28.029480940264225,344.62330056901726,19.87996300949001,138.03568359934746,1759.1880151360222,309.3045,0.5464812874339959,0.06459306,6.024684694938063,9.377441,2.9609873,0.8096165,0.45379537,0.3154195716336481,0.3895913302869414,0.3128608492844608,77.36374813483914,22.73917768397016,11.399254,1.1184998,6.386274,AstroSpectroSB1+M1,anomalous
4893337466754381952,Orbital,71.41217945315483,-26.23253248848289,226.1679164009226,-38.173854563637065,205.39587289719356,849.3283062730519,9.728172,0.4583193503542146,0.019986773,2.2880966181197753,88.24509,6.14841,0.82117224,0.36724418,0.2866797233322473,0.3491103452806037,0.28593308073796087,37.814095366082846,22.460627394377717,12.257939,1.0483389,7.2812614,Orbital+SB1+M1,marginal
4880338082515141376,Orbital,74.38622917106365,-27.66792149353195,228.76124588158345,-35.98104771989893,151.86680844233337,1185.1284261604908,58.89425,0.31016586133959057,0.029451262,4.06649176679715,32.503212,9.826373,0.79642844,0.28154984,0.2995201898647681,0.3760792232784965,0.30398376016333345,52.80695080897358,22.442659687881463,11.859432,1.0895824,12.470493,Orbital+SB1+M1,marginal
212054256373782272,Orbital,78.19220883080655,46.82763259894121,161.51734623309312,4.49742975535291,298.87007758392986,1042.0737213516961,91.59482,0.5601463169137123,0.02154902,1.9847180865874805,10.832148,-1.1997415,0.7035987,,0.2945051819628107,0.4185698340893107,0.331538610058531,46.48563006765735,22.4171151350431,14.668404,1.700696,2.5591562,Orbital+M1,marginal
5512272941654706304,Orbital,111.87110471574566,-43.1391768119055,255.44392353233414,-12.126311769197713,152.74330845846902,1602.3601675804375,164.4328,0.4739071006508711,0.026402127,5.260303930410054,9.795342,7.4947925,0.74974823,,0.31204722814189967,0.4162026873341583,0.33003090015337205,71.53481211432921,22.39972567509501,12.646402,1.5028601,13.4966955,Orbital+M1,anomalous
2051529959748093952,Orbital,292.5234039219549,37.11933165149796,70.1997179741417,8.977478009331675,156.90750863182333,848.1868010776784,5.867973,0.27760353833410356,0.009500446,3.304855369909503,139.37657,-3.641622,0.6686856,,0.28688170544781794,0.42902329433378394,0.3381592990073007,38.02073675533471,22.308531434722102,13.6589775,1.8485699,13.770762,Orbital+M1,marginal
659663344094789888,Orbital,129.3452747394124,18.55726725558135,206.8468055387527,31.42580947875041,271.6468213457383,1023.1224926982776,57.693935,0.622106098611297,0.061466716,1.847049091326831,9.627748,4.2381616,0.9623502,,0.29398765078222777,0.3054892636101687,0.2557488847772183,45.86845955279359,22.305577790784234,11.444927,0.84973335,5.361275,Orbital+M1,marginal
1185899195514200448,AstroSpectroSB1,220.57546580947724,14.380252645454188,12.259921490455325,61.21533819376751,151.97959984313604,2426.020285160998,453.5838,0.7566205246717965,0.034036156,6.220047515693795,7.881634,1.5350181,1.0443281,0.40294558,0.33083580485957453,0.3167929761821231,0.26369215519429573,108.87568335687017,22.282480443397496,10.33411,0.75362015,7.6437635,AstroSpectroSB1+M1,anomalous
1092878347141478528,Orbital,134.5477415569367,66.50944558731251,148.13272396395934,37.19591537652337,240.41123701918,1288.495097601087,52.87893,0.2790348375434255,0.027336046,2.8629927171704033,32.015266,0.35788393,0.72810733,,0.30317931942427967,0.4163937178036352,0.3301526904407151,57.82627685134532,22.28217287641458,13.530187,1.3440561,10.500885,Orbital+M1,marginal
2243011765141717376,Orbital,306.02825151199266,61.8510648371939,96.41765364193,13.701275259075816,185.11412807646738,1205.4507539230026,72.44164,0.5877641460363889,0.021870807,3.5831963908810818,17.94367,-0.8008964,0.70638466,,0.3006261602936715,0.4255842146949187,0.33598786543070897,54.28679102406367,22.205231349715685,13.375461,1.5624647,8.236619,Orbital+M1,marginal
6010676064977394560,AstroSpectroSB1,240.66213228251104,-36.39583430334584,340.522154929051,12.158852913961924,158.5444404810934,1432.589190908859,177.48915,0.6873293696861201,0.031983256,4.876105402456684,8.41705,-0.34751564,0.67734265,0.45401642,0.30774086849382015,0.45433558185961254,0.3539432741256268,64.59456050871752,22.17817072562202,13.023834,1.5865488,10.802878,AstroSpectroSB1+M1,marginal
5051256615296816384,Orbital,45.60024580965737,-33.52416405503091,233.7897480421017,-61.15176940479325,183.35015578843513,919.787417544469,14.30683,0.9004598701230349,0.037544634,2.8212810597732587,30.422573,4.602705,0.7677229,,0.2901466460452343,0.3779314701641685,0.3052071083714141,41.48456236571258,22.17179994418075,13.046912,1.4635725,7.7568955,Orbital+M1,marginal
5010364678347821056,AstroSpectroSB1,25.241169622108192,-37.78896319122057,261.7040052767271,-75.10108183520873,179.46430305022028,924.3404558918187,15.067926,0.2534596411403549,0.015594091,2.4476636730979124,58.426132,3.8163912,1.0701245,0.3045084,0.29043349559073867,0.27140159271598296,0.23125469457976464,41.80021616176629,22.113293680459286,10.3122635,0.74401474,5.5037303,AstroSpectroSB1+M1,marginal
2830274012298119936,AstroSpectroSB1,342.7540497298847,18.14551487009525,86.76414723594354,-36.1310901935754,144.46371632674362,1332.6627052825943,99.35326,0.616653493794664,0.02563006,4.122052112592808,14.662164,3.1907258,1.0323042,0.3215405,0.3049772586410491,0.2954335245071361,0.24860871814966717,60.4245982001349,22.054970078057035,9.871942,0.77142906,13.139711,AstroSpectroSB1+M1,marginal
1831400443298171904,Orbital,307.75173034085856,24.18219995634697,66.04265009264525,-8.913655535669152,181.7678878028297,1386.5745655529493,99.20063,0.5751406197349233,0.0192491,4.055218062355729,14.728285,0.7561069,0.712055,,0.30666651987399407,0.43067811901728337,0.33920182814584293,62.94774610778064,22.027390197241107,13.255336,1.5859604,6.2289696,Orbital+M1,marginal
4822909215806992128,Orbital,81.83304680546112,-34.62667612899707,238.71881442210727,-31.457573503208977,207.3244454313405,1470.7271293973927,100.035194,0.9566110682813849,0.026732374,3.7492810539197654,14.727121,0.2310843,0.7007909,,0.309148784792798,0.44114270417121315,0.34575975575329126,66.8031967908145,22.015819602208303,13.750169,1.6304903,4.493632,Orbital+M1,marginal
4219846157627038976,Orbital,306.5795240777219,-2.71498156203115,41.70095707737343,-22.28480719888876,192.16202647955095,1626.2367705317706,190.75786,0.5156361713976148,0.06021188,3.9949006478650655,13.755209,6.219461,0.8486457,,0.31354168373968655,0.36946123512383056,0.29959579640987566,74.07413065322612,21.954179633169193,12.212841,1.172801,15.043243,Orbital+M1,anomalous
3817382433222679296,OrbitalTargetedSearch,169.9358511343462,6.189300349654327,252.6392864742951,59.77833114920659,59.18608143623594,1174.2894452935561,19.65126,0.18816359307353375,0.009492502,9.731892141046732,49.421844,0.18485343,0.9089514,0.38835973,0.3000923549749599,0.33015225501630896,0.2729690225235593,53.568562613608144,21.92124238545928,9.013978,0.9126415,33.968292,Orbital+SB1+M1,marginal
2594309161890648320,AstroSpectroSB1,337.66491579542753,-18.152038847991975,40.91636764291941,-56.42468540006798,74.81342657969866,852.8873319499273,12.603844,0.21466278708210615,0.031181088,6.551506615844952,104.02195,2.115755,0.762843,0.19011723,0.2877992696899508,0.37727194830022714,0.3047717533048327,38.97055084126877,21.885431782163636,11.025326,1.4838228,16.68393,AstroSpectroSB1+M1,marginal
3219400080836557312,AstroSpectroSB1,85.79069295597276,0.4461274854850225,204.5549590854306,-14.93188804466919,145.71220316690747,1041.9190696526416,18.374512,0.7254013422718139,0.012618882,3.7665441648141833,56.58827,5.4000916,0.83236134,,0.29568374708728856,0.35523483935664746,0.2900720252536363,47.915208463764564,21.74505972233395,11.498537,1.0725317,9.613803,Orbital+M1,marginal
3983288979688418944,AstroSpectroSB1,162.36005508722266,18.65538401910733,223.2521729721865,60.7401400906834,194.26631129291766,944.6606377630808,64.31793,0.8825496054302159,0.049858093,2.713166039467066,7.827744,1.6843605,0.77406716,,0.2919098059676912,0.3771117284708103,0.3046659514353474,43.454441415996335,21.739104381061836,12.959052,1.4050817,6.8475065,Orbital+M1,marginal
5255358026752812032,Orbital,157.3178988303692,-59.071083381167945,285.5449642646793,-1.0850567347275208,251.45450499469231,1147.5131271329371,53.840317,0.5414422130674851,0.026353944,2.3599005677293534,26.820063,3.6891336,0.82718605,,0.2995390761207771,0.36211814359519345,0.29469567812780273,52.83195519152462,21.72005792655243,12.813783,1.10112,6.0428295,Orbital+M1,marginal
743280889852692736,AstroSpectroSB1,150.39300455949214,28.56688076410918,200.551338843842,52.62117081485261,73.37996219509084,4514.159827947035,1145.9442,0.8351209497531691,0.030025369,21.24630372523813,5.587649,1.9302453,1.028553,0.3497637,0.3636376829339601,0.35354296739238,0.2889310205681311,208.70426232327932,21.62945680982154,8.671025,0.7457495,6.417631,AstroSpectroSB1+M1,anomalous
4463954643984197760,Orbital,245.69883648417394,14.398134417694022,29.55976318537101,39.35310241278774,275.913542430616,2562.138519786125,438.38287,0.8666185185708475,0.021796325,3.9493553268463315,8.075114,4.7842765,0.86047924,,0.33494390376188476,0.3892527441515975,0.31263973510358484,118.75293191413893,21.575370632858224,12.754949,1.0310268,6.522297,Orbital+M1,anomalous
4809558533305480960,AstroSpectroSB1,84.99120773462776,-36.68849431821753,241.72972108262908,-29.433388929272077,157.71962157953305,1425.366862393424,66.57207,0.5791183279056061,0.018617043,4.8490993341245,29.407959,-0.75490034,0.69214875,0.33104008,0.3087282069765699,0.4460431506667284,0.34881035807805194,66.13736811719177,21.551611486380175,13.170578,1.7188644,14.045954,AstroSpectroSB1+M1,marginal
2986311552848037760,AstroSpectroSB1,76.08506703123328,-15.577101289592065,215.6698223393911,-30.573452754393422,293.068199107542,1553.4428317788722,73.271805,0.8063478949611389,0.016285306,2.456796906001414,51.34379,4.4851513,0.90321815,0.40921813,0.31241881720934594,0.3458951939366106,0.28375075962978874,72.15977648886079,21.527822110406277,12.324658,0.9421835,6.926891,AstroSpectroSB1+M1,anomalous
1847307941304216960,AstroSpectroSB1,322.50315181387634,27.61748236598087,77.42584338684128,-16.96258016149576,179.58399301519833,1474.1208454416912,131.20996,0.6100014002013264,0.03672997,4.3021180834646255,13.803158,5.5899487,0.71656936,0.36679903,0.31019539356804915,0.4328895555983616,0.3405926692965462,68.48275457499508,21.525431542438756,12.880722,1.3837366,6.5068593,AstroSpectroSB1+M1,marginal
6910259507731075328,Orbital,315.45237980170594,-6.59593262755313,42.54584118266973,-31.911637057177334,138.48727105430572,1946.5589803642222,137.15967,0.8985765325254017,0.022582011,6.537646097255835,18.387434,10.732571,0.8099266,,0.3223686805563975,0.39802207877516527,0.3183448365292735,90.53699931082555,21.50014905708799,11.611206,1.1330881,11.869853,Orbital+M1,anomalous
5371467180503197696,Orbital,177.50860577793995,-48.219143801109226,292.48506127043396,13.403168705082704,129.6722454125096,1358.217396047457,169.91232,0.3385297244097412,0.037800793,4.721089395398508,6.5966897,14.55764,1.012622,0.28281894,0.30683093872272627,0.303006392405355,0.25399242226506263,63.19763518852225,21.49158575310318,10.054226,0.7978916,8.576939,Orbital+SB1+M1,marginal
6257946815486608640,AstroSpectroSB1,231.46288387053946,-18.26107872012226,346.7590072271019,31.17157837278737,126.06560153403545,905.294615565107,13.876592,0.3463336838708997,0.008415368,4.369723399228931,85.59658,6.271305,0.6606488,0.39126828,0.2910074849850166,0.44048740412268195,0.3453508405817868,42.43745052922257,21.332445853261568,12.681417,1.5857344,21.370594,AstroSpectroSB1+M1,marginal
6515822454433162112,Orbital,342.75386694829604,-48.02491417396757,343.071749648572,-58.64172524234053,270.92089209475625,871.5744738723207,29.855068,0.2398711716658326,0.028497951,1.6687202963414072,25.145817,4.9783483,0.9345048,,0.28972963744435143,0.31003547041762847,0.2589540335483911,41.02898960079938,21.24289392335754,12.251575,0.8951578,5.4062557,Orbital+M1,marginal
5565149825924130304,AstroSpectroSB1,107.65431032425157,-38.539479880455865,249.78966278990885,-13.056650033622681,133.3863222846376,984.5539205511393,19.884108,0.2741561314135137,0.0154013,4.267831666347255,82.06967,2.497083,0.7089415,0.3967166,0.29460833286296606,0.41556083944739497,0.32962154330980564,46.60940855405358,21.123501694069738,12.288125,1.5818539,16.239384,AstroSpectroSB1+M1,marginal
5818548773218951936,AstroSpectroSB1,253.49188838968803,-61.373723794933184,328.1059627953745,-11.019341449067964,268.77991923090974,1674.7013052957677,132.70912,0.8471977821835363,0.016753025,2.76404434395424,21.017605,3.2683535,0.9584411,,0.31649717434379243,0.33022079436050444,0.273016312200011,79.30209104535855,21.117996804622543,12.391726,1.0927248,8.060732,Orbital+M1,anomalous
3020056144522524160,Orbital,91.95726238902078,-5.8479949410863625,213.218596311401,-12.35161779822339,233.29116307146026,935.9472336301286,30.303003,0.5336131105507113,0.03408351,2.0765763500086507,51.21675,6.0351243,0.9112804,,0.29280376763605814,0.32131029010642054,0.26684234964167935,44.48060424354367,21.041693330098607,12.036584,0.92622375,6.92649,Orbital+M1,marginal
6591526411282334336,AstroSpectroSB1,326.0591374368956,-33.45196134815098,12.204308195552622,-49.43507108778017,103.68511700774886,1302.078177106678,74.225945,0.39936294286587604,0.0142367305,5.796889087368193,14.59503,1.8201107,0.9889746,0.3247485,0.30599965704818244,0.30941104650265905,0.2585146429757195,61.94209523521216,21.020893338565774,9.365423,0.8039255,9.059811,AstroSpectroSB1+M1,marginal
1330157182663684992,AstroSpectroSB1,243.95478311188504,36.44520869512116,58.41343950211908,46.09590049615104,260.5662339795178,1051.5501552552032,66.36297,0.7174003842460008,0.023383614,2.0556325601232253,20.870647,5.558717,0.8943492,0.39036402,0.29752549222457675,0.33267261426647565,0.27470595172874107,50.21743322498062,20.939942321307463,12.181837,1.0087204,5.871582,AstroSpectroSB1+M1,marginal
5360520614542431360,Orbital,161.1983907732961,-51.84866485940794,283.89329914648783,6.2795321391854495,230.41331805152325,1965.1150694194635,208.35411,0.5949862297141567,0.03824197,4.212157348108772,12.564447,-2.0701833,0.71462935,,0.3242283937345058,0.45370147865466937,0.3535520609571203,94.34172074957715,20.829756483196977,13.710694,1.5005617,10.258013,Orbital+M1,anomalous
5605428789447658240,Orbital,111.17191863275181,-30.132281438090043,243.41659130689723,-6.75496030302029,204.66827988182163,980.7718072300675,54.06338,0.28140188520875586,0.01083816,2.77019271700557,13.012977,4.839127,0.71283567,,0.2950111045446018,0.41385569937076816,0.3285329115328082,47.095181179476974,20.825311266823746,13.346062,1.3999939,9.678483,Orbital+M1,marginal
1841945000322547968,AstroSpectroSB1,317.7870965944999,26.874638884502488,73.90737639128456,-14.382782830107596,143.505402020911,1145.1439007265017,58.14029,0.2534802892354087,0.041601337,4.5458846212971435,39.78549,3.7887235,0.68235725,,0.30118683640662597,0.44139171333039784,0.3459150796539898,55.04921565920409,20.80218377344013,13.000086,1.604454,6.807895,Orbital+M1,marginal
4393009339099568768,Orbital,255.38267100419642,5.842610669654173,25.27239515225027,27.059496498596136,239.23722419621146,1094.0179993570778,35.792656,0.6708023359021509,0.025556125,2.295663817673675,59.029083,7.1082187,0.90668046,,0.2994935945388615,0.33031879056006297,0.2730839206814902,52.77175564214469,20.731127589838433,12.039428,1.015377,7.5158715,Orbital+M1,marginal
4799357745459265280,AstroSpectroSB1,83.40270646403316,-44.73021918279531,250.67029980422618,-32.107858144206396,137.83786794366637,2254.011891822907,421.71375,0.7264175876154031,0.020605283,7.395447577453906,7.7142844,1.6604722,0.80994236,,0.3307829133100853,0.4084030268444996,0.32504063093521546,108.75282783883247,20.726007190941885,11.593194,1.087966,4.706777,Orbital+M1,anomalous
1459125567274902784,AstroSpectroSB1,207.91068267881434,35.16905548059022,68.65469020026036,74.84240809875985,175.1890527434023,2270.6071873809137,196.76617,0.6910589097053949,0.019906437,6.184787389492209,19.171078,2.055679,0.7191608,0.44866174,0.3311348852127308,0.46044624153241276,0.35770242306877337,109.57241410816782,20.72243461880299,12.83066,1.4095917,10.642791,AstroSpectroSB1+M1,anomalous
3847643497185599104,AstroSpectroSB1,144.71079470248299,2.697315408329742,232.33124363573089,37.9228961989792,192.79234689583967,1161.7254266269365,55.429916,0.5976105188256446,0.010369455,3.0210070327358256,23.911554,5.7190924,0.8855639,0.33650124,0.30199754151252434,0.34102286475289467,0.2804310145582213,56.16633583906758,20.683660581947308,11.746403,1.0656681,8.995407,AstroSpectroSB1+M1,marginal
383408779873607296,AstroSpectroSB1,4.452121795034713,40.75355186737706,116.08706113380563,-21.67081356606348,138.86672867634965,905.9772742058178,18.241581,0.40745698986115614,0.014185599,3.894857028419227,59.425842,4.205869,0.6928972,0.34228492,0.29223705797705385,0.4217610602706603,0.3335662250319836,43.82792801780007,20.67123213850923,12.655751,1.5060825,8.005538,AstroSpectroSB1+M1,marginal
2249132918170137088,Orbital,298.8345347839554,67.4530477099517,99.9707388723192,19.099550521804538,188.2745611953041,1533.467007056143,109.55638,0.40263705489822227,0.02944523,4.125093637131655,16.62118,4.9717503,0.7637598,,0.3136302570807212,0.41063991640697495,0.32647534062422257,74.2268012486246,20.6592090897162,12.728271,1.2804337,12.594384,Orbital+M1,anomalous
1319358226132134272,Orbital,243.64934318584045,31.384758407023178,51.126347855754865,45.870803607488305,171.41666196656166,1483.972510542311,78.64287,0.5118616313704005,0.024837255,4.074781255269781,31.247887,13.888938,0.90239125,,0.31230480047580983,0.3460858012301612,0.28388032023698395,71.96756542032888,20.620018224531034,11.489456,0.9252415,11.945187,Orbital+M1,marginal
6350169757715082240,Orbital,350.23632337185774,-83.37739971196514,305.9713312138975,-33.208325830346375,253.1504212594419,885.2741943498016,21.758097,0.6627698111403649,0.02511722,1.7545607895378308,29.436186,4.8916183,0.9980025,,0.2916567342420132,0.29224047607583437,0.24632669126795934,43.16731657987814,20.50797372849579,11.736303,1.057394,4.5337486,Orbital+M1,marginal
5266000341537491456,AstroSpectroSB1,94.5019662769729,-72.6402410754437,283.346123631091,-28.28194674562512,147.8936906099214,866.7210312569293,11.851266,0.5828338000165465,0.014728007,3.541855522271929,89.87707,5.3272223,0.69096136,0.28950688,0.2908533787773125,0.42094014980121364,0.3330451861802269,42.26562729613247,20.50652236116791,12.860243,1.5961189,11.428377,AstroSpectroSB1+M1,marginal
6621275622516590336,AstroSpectroSB1,338.16444991360237,-26.707614187512196,25.63771713861443,-59.160902090584244,180.81715880290486,1147.9914632240984,107.1536,0.6443870728881977,0.03438112,2.977581348834293,14.136157,2.5363421,1.017819,0.29942358,0.3018963339170273,0.29661100842484545,0.24944844197357133,56.025920826680846,20.4903631441502,10.366675,0.78229904,5.88972,AstroSpectroSB1+M1,marginal
2053726302953161472,Orbital,303.45181186054435,30.697916102856,69.27684736127138,-2.0845736601287883,181.1826345571303,1838.2766595956657,224.79166,0.5075467027152949,0.046449848,4.94459462525698,9.107975,3.1070962,0.7623775,0.34949577,0.32196729921644535,0.42232004353604624,0.33392080109197375,89.73172297309968,20.486363113151807,12.473814,1.1332788,11.073389,Orbital+SB1+M1,anomalous
4471469290569560064,Orbital,271.0765303314486,5.482121505744386,32.48135928604553,12.9717731089446,132.16993292065544,872.17321158744,40.705833,0.4264794428106932,0.024618037,3.7002954726395143,17.099258,13.107055,0.8058897,,0.2911979275026183,0.36133718823013794,0.2941725793125643,42.650537524365646,20.44929002569264,11.588378,1.1381102,10.166854,Orbital+M1,marginal
846467857096361216,AstroSpectroSB1,176.04984747256387,58.653409089404335,138.69367456986106,56.36962567828156,163.69900906502326,908.9710616200789,12.384024,0.6545571574440759,0.010955293,2.8017955381964166,54.311596,3.8930142,0.9775919,0.37524265,0.2929832827030456,0.2996989756462798,0.2516460246806654,44.68891916949579,20.339965219846565,10.9354,1.016448,7.6731386,AstroSpectroSB1+M1,marginal
4406106073073671936,AstroSpectroSB1,240.92956532458305,-1.9948591112725869,8.645674327193564,35.34340006089581,157.45665449356906,888.9244646770406,16.495506,0.336561411592123,0.016249184,3.134396121018085,128.97209,6.0241923,0.816758,0.3500205,0.29225033051082716,0.35781754049237935,0.29181034436114894,43.843128216332005,20.27511495737449,11.785209,1.1072874,11.916114,AstroSpectroSB1+M1,marginal
3089838063025532672,OrbitalTargetedSearch,122.81276570209195,1.2767402682491555,221.15097681821337,18.288173723419316,90.73797347675644,1241.0674243786907,56.459072,0.27890141478553765,0.021309953,6.124328967437462,23.215963,3.6043808,1.0798224,,0.30555513239838106,0.28296794587252405,0.2396587950993852,61.2787103784945,20.25283196583455,8.611846,0.74415684,15.511589,Orbital+M1,marginal
1606716517764315392,AstroSpectroSB1,219.64515088736886,53.526605732919286,93.44220803275066,57.03007885489428,147.2674902801328,1021.3964512477276,12.353546,0.19046732008330933,0.017817432,4.050477185959636,168.84338,0.24196804,0.6884337,0.39305907,0.2977475175590015,0.43249991195248905,0.34034780502351764,50.500676305170096,20.22540143968647,12.943315,1.6689253,14.3123255,AstroSpectroSB1+M1,marginal
6880404812102479104,Orbital,302.45087248665806,-12.738245609849258,29.997298372921822,-23.055354532331567,189.73603079412368,965.6325922534472,25.882732,0.5472210587164986,0.021024369,2.9799582013722814,31.824944,0.94808185,0.70477086,,0.2958389574952746,0.4197661580565242,0.3322993887616816,48.105994494419654,20.073020055025815,13.489502,1.576024,10.200497,Orbital+M1,marginal
5591550959835579776,AstroSpectroSB1,112.24482153653365,-34.149054898988766,247.43022746233592,-7.808113222791539,156.287474403574,914.0055471271554,16.967949,0.3485252771570749,0.014899978,3.1317902972365044,46.487617,2.5217052,0.8695756,0.34060615,0.29372351173537786,0.3377779977749742,0.27821165799803954,45.55593297073831,20.063370180877286,11.392997,0.93881226,7.0309258,AstroSpectroSB1+M1,marginal
6873316707316310528,Orbital,305.9281690326404,-16.650710021011218,27.498851317858843,-27.694788790594544,246.5913907505741,1280.4826863388867,128.21269,0.36513959667349716,0.05485824,2.6712687054523894,8.744393,7.2854524,0.8106807,,0.3075023410905647,0.3793137617060318,0.3061187184940507,64.22607343469633,19.93711615642911,12.9711685,1.1344347,5.436963,Orbital+M1,marginal
2777902456695772544,Orbital,11.758282491460822,14.264236487418668,121.31817331836021,-48.593711340924656,244.87297588456647,940.4589888580346,63.370274,0.15216889218921476,0.058886833,2.1980110093050964,9.252494,4.1126227,0.7501341,,0.2950811430463739,0.3933711838128038,0.3153247012646326,47.180053167729405,19.933402480802997,13.469436,1.358923,3.4649181,Orbital+M1,marginal
1323571073653319168,Orbital,241.47381092740608,33.3381386330172,53.66489359882591,47.91633312659708,180.01896328540732,1491.5023949391693,111.07915,0.9328259461056589,0.012867751,4.414950349402632,8.978941,1.9911509,0.70023143,,0.31404554642175564,0.44848821640944025,0.3503276311794645,74.94588706266421,19.901057328097075,13.3063545,1.6428156,7.0514374,Orbital+M1,marginal
6059877732874714624,AstroSpectroSB1,189.21194608537314,-59.49664436260963,301.0782842156691,3.3225840463296343,52.645905141468326,905.6121000250336,4.117862,0.4064309754761908,0.0034954378,9.92046116769395,406.92297,5.417095,0.75234526,0.31193632,0.29380388521181744,0.3905173585677387,0.3134652477894362,45.650854172569616,19.83779091189912,9.995722,1.2935123,31.587057,AstroSpectroSB1+M1,marginal
6816727592608764928,Orbital,326.271069825881,-22.564218356142604,28.488766785804632,-47.71265245236431,151.88937484362197,927.924486255406,51.51029,0.46879095074781485,0.026601443,2.1736709721484804,19.94574,2.1846344,1.8489755,0.26697126,0.2948236571945842,0.15945243781913787,0.14447605397591304,46.86861836709689,19.798417759778374,7.256373,0.54371643,2.740855,Orbital+SB1+M1,marginal
516664263403034368,AstroSpectroSB1,42.41444523077984,66.92932092835258,134.15375782487055,6.669265272023365,92.84804306173194,987.5404624882405,5.530448,0.359510845321566,0.006779605,6.252601607487128,123.1985,5.370966,0.69346887,0.31496325,0.297280365721136,0.42868595711371416,0.3379465935296733,49.90615618853334,19.787948780458116,11.855065,1.5447388,24.068295,AstroSpectroSB1+M1,marginal
402609860668328320,Orbital,15.107862584081936,49.14076010089868,124.44570923947329,-13.704553831789775,250.2246291133583,850.6137688881238,8.569734,0.4890410612145321,0.016301244,1.9698638881894446,49.62706,1.2059377,0.76788414,,0.2915563684303632,0.3796879699003741,0.30636530802952483,43.05385517991523,19.756971015337506,13.56832,1.4127865,6.253062,Orbital+M1,marginal
484674556707723008,Orbital,83.25915857249237,68.99090447416305,143.8059303650689,18.580434973017947,222.2481150468145,961.9795114458701,19.447533,0.6860010705274073,0.021660171,2.552520219883465,42.614414,0.9650437,0.6980369,,0.2963405303220479,0.42453418502280627,0.3353235715491721,48.72657518886067,19.742399454862305,13.783569,1.6692677,5.232355,Orbital+M1,marginal
6385191268939895168,Orbital,338.62360451720986,-69.66619397876512,318.4614620934963,-43.09763482262491,265.3444680437831,845.8652520857606,11.359676,0.26784455297971804,0.022271002,1.878606273817749,53.91072,2.7674778,0.7436038,,0.2913809380645838,0.3918497028193224,0.31433395314129897,42.85609207437348,19.737339807321348,13.599388,1.2895737,5.9483275,Orbital+M1,marginal
6325348733690209280,AstroSpectroSB1,222.52661257152147,-11.486459924194337,343.5523998784478,41.838502156842544,113.13156421279412,869.6634044427869,17.78914,0.21637102569837913,0.017854096,4.357275513517219,50.780212,2.3392684,0.7965097,0.37613416,0.2926532911497159,0.36741962759183866,0.29823674201725664,44.30656916807709,19.628317443034607,11.159393,1.130703,13.667457,AstroSpectroSB1+M1,marginal
5779803873242692352,AstroSpectroSB1,229.62245517546083,-77.03357931411044,310.984173656267,-16.52162825908077,242.00105221644537,2118.238743607056,396.09833,0.6347875213995389,0.062183525,4.1375255006671114,9.904678,3.867635,0.7691503,1.7761505,0.3304680452254742,0.42965339549853176,0.3385564365699922,108.02368783119275,19.60902081881523,12.84136,1.4415836,9.082321,AstroSpectroSB1+M1,anomalous
660622010858088320,AstroSpectroSB1,132.91458507069095,18.88801567927995,207.90523694749427,34.70452921616527,228.13261258834933,1013.2857569250942,37.35083,0.6808083222609381,0.029437615,2.289127090247013,53.811314,5.021954,0.9018302,0.53737015,0.298790419168854,0.331315607270651,0.2737712753347976,51.84780052999652,19.543466580397336,11.85627,0.829957,6.8400555,AstroSpectroSB1+M1,marginal
497763624161194496,Orbital,79.16031424785643,70.46407839369961,141.72044191870606,18.066099974570925,284.8416757346295,1269.7275830738556,56.538197,0.6502526772826499,0.025448952,2.2213719106416514,41.966995,0.46649367,0.87281024,,0.30804059199097966,0.3529296246358604,0.28851693500154485,65.05991476894104,19.51628107081399,13.054671,1.2603369,7.052292,Orbital+M1,marginal
725159392038624512,Orbital,154.5849098357847,22.579592811665552,211.8106480697978,55.10606854518595,163.63692393251708,1209.5673624559079,100.52456,0.45353740337439946,0.01668998,4.1136934348521175,20.155851,7.547665,0.70921695,,0.306062750153292,0.4315502458738564,0.33975065639171276,62.03670282211414,19.497608793366354,12.965081,1.4777355,13.688058,Orbital+M1,marginal
2926006226288870144,AstroSpectroSB1,101.6759357205291,-22.191915469484346,232.41101023136503,-10.909071296611192,140.68952531763458,5310.272126480613,928.24945,0.8562386767479905,0.017783964,12.80385418026496,8.360423,3.0612123,1.0229529,0.38775218,0.37875296926503355,0.37025454837007465,0.30012319933004955,273.63099250927775,19.40669102495969,9.819552,0.7768698,10.041443,AstroSpectroSB1+M1,anomalous
5584948598666729984,AstroSpectroSB1,112.84496462859006,-39.34958261828905,252.32617129271415,-9.775035332538579,118.35147309973992,896.9638719378039,10.863734,0.8378202112945072,0.011779367,4.087337266637263,54.192665,2.710803,0.8709985,0.31203142,0.29429363508091394,0.33788075924387995,0.278282047079965,46.23257901508924,19.4011212665652,10.80471,0.9348469,10.0664,AstroSpectroSB1+M1,marginal
1790667798091942656,AstroSpectroSB1,321.10487882238345,21.5467988471194,71.83071273971366,-20.17965142399209,165.7286529011895,905.4059665325501,32.928646,0.48767647303028183,0.03269917,2.88795563435259,26.23113,3.4282913,0.90340567,0.26039454,0.29478332718087963,0.3263022783235938,0.27030770736548243,46.819983525688265,19.33802403061056,11.229462,0.9970026,6.4035044,AstroSpectroSB1+M1,marginal
6346960699887457664,Orbital,290.036957079751,-83.70255932119483,309.994905131036,-27.7380286481184,271.96388092843176,1132.0347692756343,52.94573,0.661604301990401,0.03247825,2.1157062602804118,37.91222,4.7402873,0.88619804,,0.303993935384257,0.3430316028150594,0.28180150690962663,58.99253165258208,19.189459030888795,12.758505,0.9992027,6.956709,Orbital+M1,marginal
1106896742442922624,Orbital,93.53161477378512,69.24951263475248,145.09131130923083,22.042643051027145,196.59039330980383,1056.8178647150166,17.69576,0.8219149882441256,0.01107034,3.0509604224233944,59.181274,1.8336201,0.72925025,,0.30139127527797166,0.4132892300679636,0.32817089022495866,55.3292801129261,19.100517168451674,13.392099,1.5390759,7.270259,Orbital+M1,marginal
6748290312407137024,Orbital,299.16275871799905,-31.168376744358987,9.784687912110213,-26.72901040411382,105.15537522906818,2767.1037234410073,580.3478,0.8165931365710543,0.032787327,11.832370333211022,7.0957227,13.416191,0.75988066,,0.34467003130510143,0.45358442260403453,0.35347981939327594,144.92202781040876,19.093741408731965,11.924469,1.4879875,5.3467665,Orbital+M1,anomalous
4514657518890268160,Orbital,285.948047536254,18.12270927336212,50.484661109774926,5.523948405024072,206.5900646419451,1529.7581382812623,192.46953,0.641756124731489,0.046868093,3.7769296051739683,9.240312,4.842409,0.76732737,,0.31694649154119575,0.4130525049043182,0.3280195491750078,80.12136961528782,19.09301033702464,12.945509,1.2866383,6.6501966,Orbital+M1,anomalous
6534111906943989376,AstroSpectroSB1,355.19881351138963,-41.06443412045095,344.59722728049496,-69.87415338476639,169.96755945203657,1536.5025701477948,147.1016,0.6263472880802761,0.027843984,4.107132134446325,13.755562,6.90194,0.9713261,0.40356338,0.31720434579091833,0.3265683292439985,0.27049193119558107,80.59450118443972,19.06460797656063,10.888721,0.83465385,10.683237,AstroSpectroSB1+M1,anomalous
5567003916062516736,Orbital,92.74008262114482,-45.31791672645524,252.7180337716497,-25.732429442275706,172.84720335415636,1248.376120248754,39.533474,0.6065458028210594,0.011485345,4.026920192712585,49.04905,1.0896477,0.6993074,,0.3083171796623665,0.44088935359656745,0.3456016894425778,65.49165751028364,19.061605213652307,13.324303,1.6860313,15.205632,Orbital+M1,marginal
4896935829011864192,Orbital,62.719638993722754,-24.37612612143822,221.06985016651774,-45.29892039293319,285.25908385395246,1016.299948099522,75.795364,0.5933339088232692,0.013900021,1.9937846244227255,13.437998,1.1166548,0.76583785,,0.29997401815820285,0.3916939060514475,0.3142324256258024,53.410347597176376,19.02814705053989,13.942821,1.4833221,4.557672,Orbital+M1,marginal
1599386103805588224,AstroSpectroSB1,231.1488058851595,53.47759583108112,86.64296807180914,51.45962133552698,232.19899870439062,848.5347056198023,26.296484,0.493463401636733,0.02700458,1.931681830711524,33.57242,2.7190936,0.93444675,,0.2931689490913317,0.3137353181885072,0.26155206969282097,44.905169720466574,18.896147390198212,12.230521,1.1223373,6.4606004,Orbital+M1,marginal
2798752873650790528,Orbital,2.7829631502420735,20.76698100717043,110.38928611693046,-41.121060767735145,297.09357548584086,1300.4531248634369,112.02952,0.3674480423524059,0.041276928,2.3252536219839057,11.547159,0.71834534,0.76302624,,0.3106542608566844,0.4071344412473815,0.3242257080986264,69.22939976915957,18.784694496842437,13.757503,1.3006916,5.2486525,Orbital+M1,marginal
2023189188582956160,Orbital,290.89521694931756,25.41725832201381,59.10577068237015,4.780677308656848,186.2588923846414,1474.4454566995084,147.88425,0.45492941960699207,0.039651193,4.262564887390303,9.837703,2.2870371,0.69803315,,0.3161010896098428,0.45284538104470096,0.3530235498400026,78.58529296170394,18.76235872045464,13.697307,1.7235374,8.227662,Orbital+M1,marginal
1328745444093524352,Orbital,245.77113557531078,34.16534671210613,55.34902940732938,44.439214682938164,183.93238125620542,1424.320322383114,108.94172,0.5128021370751188,0.04838431,3.782215055575243,23.720774,9.541544,0.8714489,,0.31463149480951125,0.36104412321328094,0.29397618106420714,75.96967659819325,18.7485373923125,11.782959,0.8922157,12.120181,Orbital+M1,marginal
5554457831258430976,AstroSpectroSB1,90.99442633081465,-47.8557286562862,255.20622686609948,-27.44375063223556,185.86863625734946,1051.3663989718684,38.08277,0.8589796877628845,0.021697164,3.1320884202540653,16.176338,4.7774544,0.7733659,,0.30196701928877573,0.3904581434241562,0.3134266144930401,56.123960635662705,18.732933083553647,12.691713,1.4101915,7.4856915,Orbital+M1,marginal
6384854887101117824,AstroSpectroSB1,343.6636300343952,-68.915629066821,317.2564934613057,-44.825346384231246,90.907370309884,887.9457371306615,2.3044314,0.25391365904361746,0.004475776,5.896082213652301,381.5973,3.5736823,0.6990075,0.33345532,0.29534142551463033,0.42251538189256477,0.33404466764090995,47.49650402835012,18.694970404572448,11.858279,1.6039944,23.625578,AstroSpectroSB1+M1,marginal
2745570149050933504,Orbital,1.7548439833668175,6.662333500459192,103.67795099984252,-54.540445297494585,234.98097772104262,853.1669488709648,56.914303,0.4805158957728114,0.02924754,2.2393413873014825,17.466955,1.3469748,0.6808661,,0.29383607247685817,0.4315621865685735,0.33975816775521767,45.688910490442474,18.673392289567428,14.362396,1.8207378,5.391006,Orbital+M1,marginal
3046483151314340480,Orbital,105.9851226036384,-10.921090530162601,224.06987287554531,-2.2202467157088406,77.34107911355773,1116.5803416529911,91.32281,0.37284837325587655,0.03758846,7.619818145811329,10.811498,8.261792,0.83114445,,0.3045534706368152,0.3664266420465657,0.297574807929415,59.80413614895634,18.670620688707615,10.472647,1.2366905,7.6579523,Orbital+M1,marginal
3842174599362664448,AstroSpectroSB1,139.42640288040988,-0.7203161426043007,232.33249641826407,31.630965010335434,216.0446834558304,1087.8124540786657,54.313385,0.27683419748564403,0.016273268,2.8492629752149727,14.002614,1.5548158,0.7280973,0.5616641,0.30362900633548495,0.41701706373682956,0.33054995776188806,58.46783661712938,18.605313913050928,13.049224,1.441019,5.702615,AstroSpectroSB1+M1,marginal
878810751838797184,AstroSpectroSB1,117.27447544219073,29.28035328930914,191.2266835521729,24.59894160238412,164.79775281069482,928.6010106512813,15.372091,0.41739746459596233,0.014055798,3.1190812234303267,128.23335,7.5185676,0.8218001,0.27502507,0.29746898667083915,0.361972433521232,0.2945981074541662,50.145545370578176,18.518115692807243,11.991168,1.2061415,10.37881,AstroSpectroSB1+M1,marginal
376685987824249216,Orbital,16.74759666952624,43.98074545152013,125.88645298191364,-18.801766666924845,170.71243962278436,1100.3276530231349,64.078384,0.268792149215393,0.02334869,3.249299245524975,8.778189,11.369088,0.9198476,0.43435526,0.3043175672889103,0.33083476520501254,0.2734397922820823,59.460907057680416,18.505060004479166,10.885862,0.9184933,7.5723577,Orbital+SB1+M1,marginal
5579696162899635456,Orbital,103.18231440007517,-34.72894934309217,244.71019911977623,-14.812121965232862,105.3109007268126,843.0178518721111,5.2469115,0.2502644019017395,0.0069088796,4.071889965672338,186.9888,7.8563294,1.0166221,,0.2940604896061135,0.2892525150660292,0.24418472080059708,45.95493430761058,18.344446892887827,9.813956,0.7875776,16.480066,Orbital+M1,marginal
4898838499523700992,Orbital,66.73829596793446,-22.622718138817884,220.13435448570766,-41.275141900750114,187.32140074331076,996.6388831899318,20.560913,0.556549527142991,0.011867253,3.105945934661516,34.370296,2.5048997,0.7132547,,0.30072458926007745,0.4216230098511936,0.3334786295893806,54.42003976262505,18.313821297029076,13.264633,1.4973536,11.594051,Orbital+M1,marginal
4420014929521489792,Orbital,227.22112623480425,0.8569409675104811,0.17796732538289753,47.852097994770894,191.79907712886035,1115.2243682932278,40.783585,0.5419907349596054,0.0376524,3.183469351377747,40.428677,1.2769758,0.7745852,,0.3053786272557988,0.3942479564668485,0.3158950154357923,61.01684170597601,18.27732044321793,12.930044,1.4172993,12.204679,Orbital+M1,marginal
1818871615680095616,Orbital,308.1375999120774,23.021514482601056,65.2881302409799,-9.871824593977491,148.24000093753727,966.1182155736215,29.107103,0.5136099929341085,0.02398407,3.4366877743454145,53.033813,11.611977,0.8936516,,0.29967595955907483,0.3353386912740306,0.27653878042117236,53.01345682825801,18.22401845447375,10.941348,0.9569855,9.54298,Orbital+M1,marginal
477155099763842432,Orbital,65.29978930903968,64.87741450546653,142.9491952256291,10.516324303126659,240.8600410747155,1194.785092275,43.299427,0.6530958972307946,0.023406757,2.8043338099360273,50.656357,3.0038989,0.7009777,,0.30844415769171857,0.4400199394965555,0.34505899509231047,65.69061009419967,18.188065091216085,13.992899,1.6222239,4.6500173,Orbital+M1,marginal
1773914474996071296,Orbital,326.3034049940591,17.628086010891362,72.3306682326319,-26.4341252744032,250.68391299057558,1671.8031843577214,194.43752,0.8507149570924493,0.036001913,3.2676541482867503,17.191805,-0.603126,0.81077886,,0.3231061966469591,0.39851334817787265,0.318663113714138,92.03129381278666,18.165594713452176,13.105776,1.3672247,6.769895,Orbital+M1,anomalous
4852275075440098176,Orbital,48.85950450773143,-39.94711838830521,245.5725047422241,-57.64717545585767,270.5068424415779,1268.6610391526378,81.03379,0.6320972682060568,0.030004987,2.5493897114626414,18.491734,1.676352,0.74291885,,0.31149549366822255,0.4192860284688118,0.3319941562126013,70.61464159143489,17.965977176417738,13.594918,1.1697683,7.8716254,Orbital+M1,marginal
881175560831289344,Orbital,120.10108286333197,32.31881499382359,188.79886438010703,27.821022373044446,139.35978369545498,927.1378342764508,11.7561655,0.304149282892804,0.008834623,3.9762318257953932,76.18733,8.006602,0.70553637,,0.2986100920922248,0.4232384136241969,0.3345029662267745,51.61289514569885,17.96329835129804,12.8008,1.6040049,17.584332,Orbital+M1,marginal
6213030386802662144,AstroSpectroSB1,229.95147919502008,-28.74601906913035,338.22799962504996,23.77399848134154,82.46311240570567,900.8121774694469,45.1695,0.6316282345607033,0.04977122,5.730291167743643,20.582169,4.450907,0.9348807,0.2310122,0.29756805299001826,0.3182952234463585,0.26474128287123944,50.271633056525694,17.918896258185384,9.683752,0.8815899,22.631552,AstroSpectroSB1+M1,marginal
6418368894870720512,AstroSpectroSB1,283.6203918516381,-72.69670447399812,322.2601990082386,-26.03135707351941,247.40613639164377,1922.1370721722094,166.53369,0.6899424832874816,0.024916572,3.5849861329246924,16.108044,0.44828582,0.8650689,0.3855558,0.3301706831505089,0.38166980500317005,0.3076698633237185,107.33858294397946,17.907233535730413,12.4186,0.93094444,9.502448,AstroSpectroSB1+M1,anomalous
2173429034347772032,Orbital,325.80266916806255,53.14061786763181,96.8847764793359,0.06482547051833266,232.61847789172668,950.2860723160147,18.313286,0.4459931082535694,0.015290111,2.3973875711985015,55.579063,-0.56063306,0.725734,,0.2998069553233633,0.41310860068306143,0.3280554147060694,53.18760543450273,17.866682745968582,13.533368,1.3935757,9.073285,Orbital+M1,marginal
1030578231604610048,Orbital,127.86435542498033,54.4597159447218,163.64582105973153,36.136386558757366,46.351887839043776,886.58022903494,6.7598634,0.22214941376047723,0.005096701,10.895073041389104,226.55255,11.420276,0.7981745,,0.2970930636865341,0.37221567904425346,0.301425329967783,49.669321410391916,17.849654552547356,9.30613,1.1477661,46.14639,Orbital+M1,marginal
1791684094730418048,Orbital,317.951037671376,22.11032766898959,70.24893397885752,-17.6010034381705,133.78896988366213,1428.0940445772812,122.01207,0.720364946699765,0.028472671,5.732987529878454,12.451483,5.0956187,0.7219536,,0.3170260388389058,0.4391224749658602,0.34449836236622483,80.26709829427193,17.79177365228355,12.382035,1.4389553,11.997309,Orbital+M1,marginal
529867783148528000,Orbital,9.589781243597926,69.21326240519437,121.76487652066767,6.3711540073110795,261.23625753412085,1711.6850888671436,392.7855,0.6536613829151392,0.06254978,3.2900736293506125,5.443429,0.41509074,0.7667438,,0.32551125752085075,0.4245372005077601,0.33532548015120794,97.03792945294924,17.639340601317013,13.901533,1.4981871,6.4552054,Orbital+M1,anomalous
1527365656940512384,AstroSpectroSB1,195.4268394789323,41.055550887523594,114.9546470177423,75.91323719537425,130.15216904976015,2110.6981871384987,275.41806,0.41703845787393856,0.04028921,7.998810110239773,9.851395,4.992415,0.7210917,,0.33533520911539616,0.4650382397204088,0.3605144630290588,119.72888965789303,17.628979882545437,12.382247,1.466402,14.092249,Orbital+M1,anomalous
5243124933402167040,AstroSpectroSB1,148.4420435479393,-69.45358142357759,288.4008972132979,-11.763635261602962,166.49199074042428,923.6613308890635,10.823534,0.410142511130898,0.01481403,3.139678123055627,86.66073,-0.040143043,0.7959369,0.3010976,0.2992119021041711,0.37592415766173504,0.3038812503837124,52.40009424097782,17.62709293310285,12.093936,1.1916237,10.424543,AstroSpectroSB1+M1,marginal
4319078353356615936,Orbital,289.64607616621527,12.950705070983938,47.526116231362096,-0.017442037569383093,163.04715142167984,1620.8675863529188,276.33688,0.5426020481031494,0.061614994,4.246165928308281,7.29377,5.054841,1.091682,0.30112335,0.32309533604632434,0.2959610479060537,0.24898504211984443,92.00915073061057,17.616373735462286,10.367284,0.7289076,6.28198,Orbital+SB1+M1,anomalous
4805345204748064896,Orbital,83.82458828462417,-44.89431381446844,250.91044124094296,-31.83399343671359,161.43828804834027,947.1253499922724,55.59964,0.7773215327975361,0.03703256,2.888278510959981,11.501537,7.355772,1.0407528,,0.3004431206129073,0.2886786657710749,0.2437726229027757,54.03967490142153,17.52648126991893,10.309388,0.7652807,6.4003506,Orbital+M1,marginal
5930574439566581504,AstroSpectroSB1,249.630619528391,-53.82684207849447,332.62246586645824,-4.60196290251102,255.32511397599652,2504.4526210402983,673.30914,0.8162094070085145,0.039085116,4.542660658234312,5.897912,-1.7019253,0.76385885,0.57025164,0.3440865267473249,0.45045825494898895,0.351547807749304,143.23597207186438,17.48480207041681,12.989958,1.3678799,7.885241,AstroSpectroSB1+M1,anomalous
1955540017653868928,AstroSpectroSB1,332.52573258287975,39.158634668695,91.81863472625271,-13.77516138235676,280.99829844406077,1584.281846136314,152.23134,0.3937133421259796,0.039401475,2.7579214918137294,10.308473,4.0215936,0.84191215,0.46232444,0.32249897563621993,0.383055376370933,0.30858052678102854,90.799610151024,17.44811286635736,12.762535,1.1234274,5.2950993,AstroSpectroSB1+M1,anomalous
646152717009873664,Orbital,143.44362624504484,26.352304573774582,202.1791630998169,46.15633130644611,260.1706723059297,1103.1521202432332,42.990856,0.7513303875793549,0.032489732,2.4460932176417716,34.524666,2.9230146,0.7046462,,0.3069249449602246,0.43557310321769527,0.3422768387354289,63.34085517195738,17.416122931217178,14.120599,1.6181355,6.671173,Orbital+M1,marginal
250629591042688768,Orbital,60.70981151099561,50.82173123581992,150.86876622105754,-1.3654128287567024,248.11755712698968,848.2842386255651,13.674204,0.19058250900095405,0.018774178,1.9910129515009474,55.843193,-1.5929118,0.78337574,,0.29649049427581436,0.37847801395587,0.3055676871142638,48.91332469065576,17.342600283059852,13.399396,1.3283119,9.135462,Orbital+M1,marginal
1032929124904038912,Orbital,121.92849417987057,55.13651936830104,162.8775658326487,32.70748330350335,196.9427756501593,910.7435811555271,20.350266,0.7597987154080202,0.036875512,2.2746247976334417,20.389378,10.507141,1.0626615,,0.2993396257628363,0.2816885882382193,0.23873398175676913,52.56835805429156,17.32493870580719,10.87372,0.7525778,6.6514606,Orbital+M1,marginal
1302445950591541376,AstroSpectroSB1,245.57061776948836,24.74513739829876,42.488785622612,42.88609571056483,114.63473522203859,1190.7984699195997,27.277332,0.34160377116640567,0.0111364275,5.806488693651145,76.72873,6.4758453,0.7279758,0.3300666,0.3104408638413463,0.42644394212793013,0.3365313105236215,68.88138779288346,17.28766664080813,11.894438,1.390872,15.745511,AstroSpectroSB1+M1,marginal
6195926285136391296,Orbital,200.85293729689735,-22.56580334282679,312.54081550397404,39.70863752961143,233.75681776903582,2181.0039328333446,490.683,0.6678669240719312,0.061358675,4.530952471801643,6.080254,1.5753417,0.73869026,,0.33805262891443577,0.45763786062942546,0.35597720318972015,126.67975586068245,17.21667300363232,13.381793,1.3217058,9.993142,Orbital+M1,anomalous
2227641520298407680,AstroSpectroSB1,355.7209894541325,71.60530149505362,117.52252238826689,9.457183572477641,151.28651584975788,3150.144124009896,788.5408,0.5020403371114746,0.08039387,8.709741602732244,5.627743,2.586038,0.8577187,,0.356619545987467,0.4157768082220279,0.32975930951202886,182.98227435754941,17.21556984177866,11.699723,1.2253084,10.397045,Orbital+M1,anomalous
810157142720508672,Orbital,152.84182036745668,45.51926464865412,172.02938971253946,53.40891065314279,269.6820214127006,1972.2897635280576,137.76666,0.8675421123769697,0.014944462,3.598325889862134,26.421595,-1.0332551,0.75431955,,0.33347512398559137,0.4420873416332314,0.3463488128466236,115.14470756670997,17.128792153867746,13.522341,1.2239933,6.3222675,Orbital+M1,anomalous
5513105856072463616,Orbital,122.75055802533667,-51.47511376851182,266.4795981588594,-9.679158600930466,176.70085145077832,1100.3529930844973,51.419785,0.4574046023643164,0.038634937,3.080254588676874,29.201149,6.1672626,0.9723051,,0.30759682767387997,0.3163583340776137,0.2633883297877415,64.37184416051599,17.0937000086666,10.79661,1.031743,8.937264,Orbital+M1,marginal
1409042400312599936,AstroSpectroSB1,253.21933876640347,49.299955113060605,75.88617258958068,39.250675551573046,217.69600975287273,1031.650355533166,36.921825,0.30718089912564156,0.028246403,2.4652892243768383,24.171703,2.0902987,0.90498435,0.4088988,0.3049804208790071,0.3370007660388342,0.27767905159291545,60.42924672850866,17.07203732272349,11.810101,0.93833256,7.651448,AstroSpectroSB1+M1,marginal
4527338083414187776,Orbital,270.8792944176412,18.840160857781424,44.993318694002696,18.78940538483663,231.69324000132562,932.3171722109105,27.997103,0.7589610862966165,0.03935397,2.1772206703638997,25.14133,6.083987,0.875657,,0.30102808026385613,0.3437739579550547,0.2823073340294787,54.83249436026979,17.003004935089063,12.370819,1.0203638,6.2641363,Orbital+M1,marginal
3902294108463087616,AstroSpectroSB1,186.027880760406,9.184470135338552,281.86788101569056,70.93022895925341,187.52127042697362,974.6208791904113,58.623657,0.8065152333490804,0.033320267,2.984639775206533,14.607961,1.9386957,0.75969684,0.3075385,0.30295041482270246,0.3987780366813767,0.3188345384665299,57.50181320306841,16.94939385212993,12.626295,1.2765207,9.771943,AstroSpectroSB1+M1,marginal
5806855059043605248,Orbital,246.40725093698833,-71.85644863305137,318.0039805012517,-15.583819805700937,243.96236047077264,1900.745073210005,175.64154,0.32969292975924547,0.045364086,3.9971722341010385,14.212879,-2.2447193,0.70294887,,0.3323189095931058,0.47274976117216927,0.36521225660707574,112.36480024883707,16.915840806023922,13.698141,1.6374559,10.461724,Orbital+M1,anomalous
6862591692938943360,Orbital,308.2607610464828,-16.95662347896423,28.13764972485358,-29.877997550998135,145.48704328530286,903.6907500079111,19.819115,0.45259748505415376,0.07680997,4.046322039655272,30.736294,3.4854934,0.60029703,,0.3000600802869234,0.49985267858828886,0.3814839654284426,53.52537560947868,16.883407911067113,14.204919,2.162302,9.521835,Orbital+M1,marginal
5012805113124863360,Orbital,19.17220064326849,-37.39411222965842,277.095410356334,-78.43677107147558,255.77783240675785,847.013152244712,11.092563,0.520124041458701,0.0180223,1.9471476204270148,78.42375,-0.25920394,0.77372706,,0.2976366844860986,0.38467917191707357,0.30964630315729347,50.35912899381611,16.819455958992496,13.498053,1.3589859,7.112244,Orbital+M1,marginal
4316930388681546496,Orbital,295.40810362821696,13.165691489454053,50.40449722907558,-4.842961281031268,230.18762197906076,871.902316921218,59.8243,0.5028186062977862,0.021284731,2.0763420520131795,14.097976,4.94081,0.88141674,,0.2988466719242843,0.3390526399477062,0.27908427287538795,51.92124879297538,16.79278401792179,12.167704,1.0042763,5.4937077,Orbital+M1,marginal
1365322588176904192,AstroSpectroSB1,262.58425968410177,47.89513725019254,74.32493276463187,33.030613337365516,195.65252588967064,1371.3327159825362,73.06077,0.9296861708727004,0.021760637,3.253904326158455,36.617348,0.8741389,1.0065417,,0.31783018271996344,0.3157645367014549,0.26297304502782753,81.75187659608027,16.774327062337882,10.875386,0.8027029,8.600272,Orbital+M1,marginal
4370289481799067008,AstroSpectroSB1,264.43919670702604,-1.6527702586200863,22.78724664294169,15.542566858659274,158.49072277270375,1431.088553654799,59.02601,0.9401567359700274,0.015011769,4.117896264281593,27.84078,2.972716,1.0240654,0.32067636,0.3197887179093584,0.31227373331210684,0.260526855727919,85.45757517345137,16.746187225066354,10.311867,0.90210915,6.1077204,AstroSpectroSB1+M1,marginal
5312831939076424192,Orbital,144.4602747705383,-50.80678521938144,274.7254346778539,1.1467309887825148,182.37058041201232,3173.978984926548,685.8649,0.5270799223192117,0.0655328,7.630036409821776,5.5193534,6.6720786,0.7781917,,0.35858168478392766,0.460788378215799,0.3579123192609153,189.91016058133812,16.71305513728498,12.472064,1.1739006,11.254815,Orbital+M1,anomalous
6387288754872310912,Orbital,351.75588264474834,-70.16144790865626,312.93455550837615,-45.29199078250511,228.26682608096658,2459.781444247894,328.67093,0.8909282796674628,0.014978905,4.968632496014215,12.245005,4.669776,0.7874131,,0.34565831194396746,0.4389796195236645,0.34440908243956797,147.8128714312671,16.641185712921427,13.244292,1.376051,4.379495,Orbital+M1,anomalous
1330143163890475648,AstroSpectroSB1,243.31629657222072,36.28704886219957,58.148454166967355,46.60176166315936,94.91393600516378,1899.494848287093,75.809265,0.9081263322697843,0.012883395,10.093231291348047,28.228127,4.128273,0.7330368,,0.33306345350800604,0.45436115374240027,0.35395904637025194,114.1488592466894,16.640506622865644,11.449809,1.3343468,9.739123,Orbital+M1,anomalous
4913785775987592960,Orbital,16.04827919343808,-56.031450289824456,299.25558424724153,-61.00565910470052,208.6813402037955,918.2246453959106,12.919612,0.22051867959445817,0.018874103,2.877470558699591,60.561806,-0.7310745,0.59325564,,0.3015934385285821,0.5083701167985486,0.38652245912411143,55.60731568292727,16.512659065070224,14.726435,1.9031963,8.499798,Orbital+M1,marginal
2598600113392094592,Orbital,334.3934061084569,-16.66189584299538,41.224073098208436,-52.97027412520184,170.32277523212574,1344.2156662220586,216.96771,0.4093610191768015,0.05666265,3.7710820175108792,6.164122,6.948172,0.96229815,,0.3176490741634617,0.3300942359379977,0.27292898903789375,81.41562770561951,16.510536172274424,10.8129835,0.8434334,9.858778,Orbital+M1,marginal
5447572489153661824,AstroSpectroSB1,158.08298546840444,-33.55772888748581,272.34347051455126,20.92368732531026,144.05221915851692,1099.4977285305742,58.79972,0.5968286438744018,0.020386254,4.137979421507629,26.012665,3.0023687,0.815085,0.3659434,0.3091276467626698,0.3792581744225195,0.30608208132193454,66.76960866418905,16.467038680133445,11.562444,1.0841513,6.803171,AstroSpectroSB1+M1,marginal
4926090788571486336,Orbital,9.892673477158034,-50.63975874259693,307.63107811702224,-66.38007565751931,282.21832399667613,886.4160664820241,10.069079,0.3265705651695416,0.014089068,1.6740153103761282,108.50061,6.4119425,0.92952853,,0.30028960668239413,0.3230558240713147,0.26805595660697745,53.833095940112045,16.46600573498763,12.618454,1.0964966,7.5333004,Orbital+M1,marginal
4902873943418865024,Orbital,16.289797973840866,-61.036597464462595,299.9608151116848,-56.01242707806366,288.8334861723037,2401.59173866456,465.83252,0.8134951923818792,0.024217673,3.5111938384390387,8.169525,6.1691494,0.96047276,,0.34518245772310435,0.3593880755079394,0.2928653729884785,146.4153948289137,16.402590325087186,12.222764,0.86055374,5.826726,Orbital+M1,anomalous
2721888554078345728,Orbital,331.6756070937642,7.572622540366399,67.95640358989152,-37.14777772122193,91.60605936803903,870.1720040154596,16.810572,0.17782232735483136,0.024090005,5.410079698189819,45.46466,6.9479604,0.82110703,,0.29979947612395075,0.3651161970383303,0.2967003232966817,53.17765046430622,16.3634909857391,10.732677,1.292757,21.498404,Orbital+M1,marginal
2036420711487101056,AstroSpectroSB1,288.4358933886525,27.252243033630908,59.7310799739123,7.580303993302161,268.890330030429,1082.7261226532291,57.640266,0.4342135454294236,0.031484812,2.144047332150202,21.635172,4.1757455,0.85337114,,0.3088230951270001,0.36188602993759034,0.29454024349229435,66.28713531353547,16.333880134236882,12.846079,1.1435337,7.806383,Orbital+M1,marginal
5407522881202861056,Orbital,151.79588911075828,-48.01920097428008,276.69637379092967,6.308287997051214,208.56474238747256,1347.406430642203,46.23195,0.3725304023219375,0.012617235,3.5684860372599636,37.99469,-2.754902,0.7132866,,0.3182567444663747,0.4461835593014847,0.3488975744920927,82.54810597165721,16.322681359943417,13.430407,1.447854,11.179049,Orbital+M1,marginal
5922196680670064256,AstroSpectroSB1,263.18583689600484,-51.769383440957796,339.20261579654607,-9.948951080858464,203.72289025562023,920.8660448538219,27.2431,0.411139252418527,0.019214243,2.462771324510554,46.318596,3.0827637,0.87639964,0.31469676,0.30220797558106277,0.34482896052735956,0.28302558562596464,56.459167384509534,16.31030154203932,11.844976,1.016881,6.405294,AstroSpectroSB1+M1,marginal
4631264476523959296,Orbital,10.334699718293843,-80.79114895686001,303.4332866753849,-36.32726766439502,211.4436039212251,1605.4432523574696,147.8548,0.3744686372657946,0.04376235,4.073364204062333,10.697823,0.6620259,0.69842976,,0.3262368634733322,0.467100459642369,0.3617737563193431,98.58925258897759,16.284160901905047,13.696488,1.6522217,6.583997,Orbital+M1,anomalous
5716267120668264576,AstroSpectroSB1,113.72904942128356,-20.265479596065248,235.81982930925759,-0.028635302504276303,110.45068375535354,1164.5908396201683,82.47696,0.5745542346079051,0.027454032,5.146196938755103,17.130825,3.5340438,0.9854008,0.342032,0.31213769077555875,0.3167621662806597,0.2636706225168397,71.6865692538829,16.24559316677145,9.964668,0.8259039,10.654011,AstroSpectroSB1+M1,marginal
1566676083851443584,OrbitalTargetedSearch,197.31530673944388,58.574198852857485,118.49813426196373,58.4003530795656,44.04269289677038,1697.6538060246382,128.15005,0.3616827265843547,0.006401386,19.057368456774714,8.030962,0.16585572,0.8120142,,0.3290897315311475,0.4052758222162639,0.3230300907077744,104.8765562922326,16.187161993517613,9.454979,1.2936611,13.093364,Orbital+M1,anomalous
4161983567971233664,AstroSpectroSB1,265.2465757350397,-12.628402607150175,13.439695383871333,9.386389792927393,164.53980324784382,1054.0257760105553,46.334053,0.7264946120849805,0.02998077,3.27289567228621,22.799622,10.314951,0.9406853,0.34473318,0.308096556660486,0.32752352541295016,0.2711529597498013,65.14709430038161,16.17916788660797,11.306175,0.9527569,4.2752194,AstroSpectroSB1+M1,marginal
1833268655309270656,Orbital,299.98550227080005,22.94624566052568,61.06892474707501,-3.6446066409128917,216.9381042285927,922.7656366742748,40.174965,0.4484065109001927,0.022683937,2.574563047751337,25.524593,-1.1250793,0.7067295,,0.3030575455895544,0.4288169062309517,0.33802916997651317,57.65349026296598,16.005373351472844,13.658121,1.5779924,5.78384,Orbital+M1,marginal
3718187758339756032,Orbital,203.01605657251923,6.4536574186582065,329.79317268780346,67.18217295947241,78.35061845132374,1052.6551097317374,28.435509,0.6022986287420046,0.010870117,7.114727215002353,36.33229,7.4136677,0.879077,,0.30872013027750284,0.3511866698814965,0.28733891984106086,66.1246323830432,15.919258403343154,9.703265,0.99009323,15.149848,Orbital+M1,marginal
2134776802577683968,Orbital,295.13371291255174,48.57784430617246,81.46247324324531,12.517893667779262,266.3893471190344,2232.4579308862317,588.9013,0.5700945233740938,0.08277853,3.828222109517564,5.4722567,0.33653453,0.8497138,,0.343112701022644,0.40379796124142875,0.3220779922809393,140.45608804367586,15.894347920269801,13.024411,1.2661304,8.265623,Orbital+M1,anomalous
5849034146194475008,Orbital,221.95376546930513,-65.39128087550927,314.6631812345926,-5.205201998328506,204.89741662154952,1804.9285617776682,159.53645,0.419641771777349,0.025528658,4.232468511930173,10.00508,6.1157193,0.8430605,,0.3330559890790762,0.39505586094840395,0.316420134340059,114.13086452689348,15.814552612561345,12.24801,1.0695229,6.749779,Orbital+M1,anomalous
2889529343915629696,AstroSpectroSB1,90.63372779123901,-33.47531244082795,239.65141848639988,-24.12417908132658,112.13100354470089,3482.6005663025876,589.60364,0.889107001891812,0.00977239,12.10611302291317,9.5237,6.6942225,0.9722831,0.3675288,0.3667626352282109,0.3772179376835223,0.3047360888876798,221.02354682245186,15.756694779222594,10.071734,0.8085213,8.195486,AstroSpectroSB1+M1,anomalous
5771494421493465088,AstroSpectroSB1,223.82074835419067,-82.9189214986275,306.8271837078505,-21.00356177561612,191.4408466569354,2727.247942078823,739.7279,0.9168347266069705,0.03284405,4.451261108469426,8.763751,13.047173,1.6435108,,0.3537698434986444,0.21525251888850788,0.1890183157214379,173.27241700253919,15.739654292690204,8.366178,0.73975325,5.994447,Orbital+M1,anomalous
539357564924407296,Orbital,7.859174685370988,74.70918534968692,121.58592241514135,11.88973111495638,230.19796354432418,1057.2118650687871,31.2282,0.3155281178648525,0.024627194,2.3684091117276105,59.661705,5.21376,0.927959,,0.30938903598340545,0.3334080791063948,0.27521201997925754,67.1858779230535,15.735626261810385,11.767587,0.98610115,9.077176,Orbital+M1,marginal
2230937890516461696,Orbital,334.9867152875733,73.25664959412494,112.45027166895527,13.548141775752397,298.9568322153197,2532.368680686914,413.36682,0.825657070374544,0.026973344,3.693248704429819,10.411031,3.604797,0.88754755,,0.350032230287364,0.39438138189627225,0.315981765165156,161.1500155731318,15.714355792523612,12.815335,1.0318213,8.471888,Orbital+M1,anomalous
6418742247789025152,Orbital,282.441928460466,-71.3388448351384,323.6878444626087,-25.463514405065027,259.0335879231989,1444.1935582570159,69.745094,0.7499588048868471,0.012093095,2.860014937126353,36.591995,-1.1664022,0.8157117,,0.3230986967428273,0.39609423994226467,0.3170944956972097,92.0160022273588,15.695026118268142,13.329784,1.3310308,9.723121,Orbital+M1,marginal
6510365582520878720,Orbital,335.17623364298987,-52.354936492772296,340.5617900183228,-52.301530855386545,161.71407404336432,1109.0908455156703,90.208534,0.5817957024488236,0.025088863,3.5835016204764862,22.91227,9.244129,0.88652766,0.29911456,0.31178127091241065,0.35168814900656176,0.2876780524086163,71.0900977665185,15.60120017218519,11.334179,0.9521494,5.992869,Orbital+SB1+M1,marginal
4718969972154503168,AstroSpectroSB1,26.01367010032911,-57.55053318421442,289.53808338418185,-58.188512121405346,152.33152302940562,1858.9644605457454,216.72185,0.3958855595716528,0.019948043,5.947378198941168,8.436052,4.440245,0.8099431,,0.33513344739029943,0.4137740733727112,0.32848075689093315,119.22489832410653,15.592082582383501,12.132324,1.287118,10.937407,Orbital+M1,anomalous
1404129193947564288,AstroSpectroSB1,236.9861564135738,50.894264878609896,80.72250373432051,49.181448437709825,172.644390676628,1451.2435271495094,140.50754,0.33061587195635533,0.052997656,4.520068502496513,14.431719,4.288276,0.7383829,0.56583726,0.3238500306261166,0.43859363642866045,0.34416780043001033,93.55774826201375,15.511740653325903,12.485497,1.2995481,12.910941,AstroSpectroSB1+M1,marginal
1372892549638783104,Orbital,236.9962270969554,36.29873957029628,58.05051850939428,51.69445473856542,207.58005909600024,1322.6464850621214,68.600365,0.5187153441889379,0.017496388,3.0755055917233123,27.99668,12.584786,0.9635413,,0.3196965012293119,0.33179324190687043,0.27410039710285894,85.28021716860684,15.509417412096028,10.994168,0.84550285,7.470261,Orbital+M1,marginal
1578798783663220352,Orbital,194.3048342636569,58.33888507225872,121.46854310337154,58.772934812559555,163.18417584186497,1372.760914388048,101.16327,0.6387986233004447,0.029720232,4.575035728262049,17.445587,4.952261,0.74043584,,0.3214572960457894,0.4341460518854212,0.3413817246714396,88.71657122888695,15.473556916963718,12.556989,1.2964954,11.630144,Orbital+M1,marginal
1678960994418454400,AstroSpectroSB1,194.54552522682835,66.66465980925153,121.88315664819422,50.4498545657824,149.54574012649758,1058.9016837308109,40.62398,0.8696423379961284,0.023207046,3.075669133765937,12.955693,3.1051335,1.2956302,0.4746167,0.31022296325344545,0.23943788843385488,0.20751191036303474,68.52743689528667,15.452229525946889,8.900409,0.63553524,5.0450826,AstroSpectroSB1+M1,marginal
1910977670370319360,Orbital,347.1585098648461,32.64320528874788,99.08274815194531,-25.42384325505223,244.92531235559647,907.8105535518449,25.151949,0.5729786087369132,0.03015158,1.9789389758624802,45.625454,4.002886,0.9298407,,0.3038564348684274,0.32678332978705305,0.2706407715715186,58.794405237159694,15.440424133724946,11.850096,0.915802,4.8745637,Orbital+M1,marginal
4728017926355319680,Orbital,41.69405908788431,-57.4139103856963,277.02533947426144,-53.52284641136894,143.7831023779109,1286.6023522945657,58.279446,0.25971574312571416,0.025194803,4.859414893286571,33.554245,10.108276,0.7668001,0.28699118,0.3187854187476959,0.4157347089956396,0.3297324565349056,83.54329660722355,15.400425941335428,12.22196,1.4682884,18.979563,Orbital+SB1+M1,marginal
1273292915176459520,Orbital,235.0955961922629,30.514366176306176,48.47369226664718,53.05353283821786,252.1606567750642,1292.3214517460447,72.07931,0.4812633788652055,0.027771108,2.4964441311186394,27.826677,12.053581,0.9584853,,0.31922822948610313,0.33305490206038235,0.2749690454458667,84.38401505943024,15.314766082603256,12.056255,0.85136604,8.502839,Orbital+M1,marginal
1316736509375233024,Orbital,240.42619218961167,28.47253767014067,46.271216615666894,48.18091947420295,284.0772407461121,1390.1017585523234,119.23489,0.5266533638273279,0.028794969,2.2926377594518814,18.717566,11.817768,1.0042235,,0.32261067016511097,0.32125386541303314,0.26680308564765876,91.0252027085635,15.27161398369009,11.540138,0.83008766,5.323447,Orbital+M1,marginal
1125480408797457920,AstroSpectroSB1,137.68380694307004,76.25181038509237,136.59409120329562,34.31242475079615,167.35211220292496,1462.5569258330868,116.35758,0.2642403791575914,0.046928607,4.615706386844141,16.120995,0.7299784,0.7674538,0.45958015,0.3249126025824297,0.423364386153833,0.334582784979978,95.77237512239073,15.27117735113112,12.170176,1.1233559,14.762407,AstroSpectroSB1+M1,marginal
687825921394091392,Orbital,139.582642939545,25.135729631322985,202.683182655104,42.48981265625087,104.35973276654981,930.4429020069075,8.670714,0.26779337096303163,0.011805829,5.417936598011002,103.42329,6.0668316,0.7057608,,0.3053809106078772,0.4326974813015756,0.3404719741890308,61.020223793323254,15.24810700724954,12.121421,1.5638161,28.146236,Orbital+M1,marginal
3824909067055748608,AstroSpectroSB1,142.61030889308734,-4.719676777765139,238.3312140149557,31.98211879791618,130.17170875258995,929.6686005450726,10.233454,0.20023084371578645,0.01296322,3.8422817989383375,109.30433,2.2291014,0.9088235,0.2789525,0.3053526189736693,0.33598671500632415,0.27698357259149387,60.97832868248833,15.245885228928119,11.015878,1.1144056,12.855154,AstroSpectroSB1+M1,marginal
5327703525339740032,AstroSpectroSB1,137.87727178071833,-45.750948424484,268.0620029035749,1.7036535966331494,136.31769945580177,1697.603911569555,284.6335,0.8010732549531993,0.019753741,6.381888806867635,7.8448896,-0.13620307,0.7644811,0.3284019,0.3321916977417234,0.4345322414059095,0.341624070749044,112.06216025608336,15.148770179784211,11.8068285,1.173336,7.9414687,AstroSpectroSB1+M1,anomalous
4523171144804026880,Orbital,274.4121981864662,17.15444095896565,44.79261510958749,15.035305275321443,218.84737491700105,894.1785779766296,102.78593,0.3808753974044896,0.061403804,2.1775589192680167,8.192387,12.719683,0.9439046,0.28411087,0.3041135977063413,0.3221868021127431,0.26745201098328203,59.165377016764346,15.113206795306427,11.816478,0.9136133,4.928613,Orbital+SB1+M1,marginal
3928484097479599104,AstroSpectroSB1,190.152526267629,11.972738838542915,292.8916373557759,74.63302253837917,105.03551612068476,1384.089238638499,127.31203,0.4426205289813259,0.036623754,6.93698414438726,13.162617,4.399751,0.7951812,0.1914454,0.32293543987430745,0.4061155292151939,0.32357050504370044,91.68362653413095,15.096362250933058,11.1504135,1.1949759,12.142238,AstroSpectroSB1+M1,marginal
3925930962760630656,Orbital,181.46575795643253,17.598371087839897,252.7511269071217,75.80835077115732,273.75518755728797,883.2768586622242,142.70155,0.315129201235772,0.113895215,1.7853056413153283,6.251189,5.90593,0.88102245,,0.3037310438210034,0.34474835763894496,0.28297073587803956,58.6141790637865,15.069337705830595,12.650764,0.9362116,2.907207,Orbital+M1,marginal
2593972990505463552,AstroSpectroSB1,22.8164083206518,18.687345565946536,135.91191173034497,-43.17835315758585,86.00846869329824,1211.338722205666,41.11983,0.3225789152137841,0.025479916,7.035245846841039,29.597258,6.2821755,0.94179827,0.29123804,0.31724724878891924,0.33685265622071536,0.27757751328332186,80.67343342481361,15.015336161868145,9.316339,0.90221786,16.262178,AstroSpectroSB1+M1,marginal
5842716077464759808,Orbital,183.21062330434057,-71.7347724944959,299.88234971426954,-9.09191492757838,219.5681054017586,858.9833899264936,17.473732,0.773465743588443,0.024602907,2.4271183481384853,47.571136,-1.9621959,0.704499,,0.3028118414021019,0.42982578925805237,0.33866505408451464,57.30607981653605,14.989393667766265,13.851826,1.704032,5.8848367,Orbital+M1,marginal
1352509738660482560,AstroSpectroSB1,250.73785891728448,38.27075274379179,61.423415090129296,40.840102179493236,173.59831603723526,936.2331689368845,18.686295,0.208964091103735,0.023125729,2.602548912318627,66.29387,1.5623603,1.1253729,0.28102264,0.30643500715163224,0.27229641906668334,0.23190835401295995,62.59718924505988,14.956472969922867,10.001311,0.7035208,9.8272295,AstroSpectroSB1+M1,marginal
4455905325517019520,Orbital,239.9320391044196,10.545344320019183,21.739706186742097,42.793597526985664,289.655271948635,1094.56531469508,104.88414,0.44489559682870633,0.03909103,2.231046461676322,9.565911,-1.2185885,0.69842976,,0.31333488333704235,0.4486276212641569,0.3504140419200531,73.71862719868115,14.84787978681543,14.329737,1.6622858,4.8737965,Orbital+M1,marginal
1558703490680095104,AstroSpectroSB1,205.24376561453522,50.16591305608826,103.89428085268639,65.09160408759887,112.04279406688804,1370.278023277637,52.953278,0.4276991779721708,0.00902339,6.338032348852447,18.385485,6.685478,0.8315995,0.3952959,0.32386480283486213,0.38944806121061826,0.31276729546485155,93.58826105795411,14.641558757343493,10.856291,1.0618076,8.843126,AstroSpectroSB1+M1,marginal
1032923043230336640,AstroSpectroSB1,122.3122680412758,55.13135316668903,162.88985747060792,32.926688749113396,223.1877842808863,886.1870397080753,16.506783,0.19233311238496872,0.021031827,2.2853789855156497,131.80006,3.2520854,0.81708723,0.38915652,0.3050484184087204,0.3733364150898091,0.30216841207889256,60.52927123994871,14.640636200542932,12.486144,1.1341648,11.623089,AstroSpectroSB1+M1,marginal
2919830849290310016,Orbital,98.75457450919903,-27.285602460525553,236.08008453271458,-15.405828346721846,247.04164779903505,1064.255311162986,36.0053,0.6385472428457801,0.020354811,2.451470014147606,65.15985,-0.86907774,0.76885766,,0.312817401307734,0.4068599669779165,0.32404926821133373,72.83485504136527,14.611895782020309,13.21918,1.2202463,10.410086,Orbital+M1,marginal
4228851668957592960,Orbital,312.1951204506635,1.9783414844447764,49.184571588265364,-24.83623022892807,212.04812404714986,913.971721890616,33.660103,0.2713795634030497,0.018373722,2.670697745180874,21.771954,2.4573092,0.6896637,,0.3064592945988292,0.44436047736111595,0.3477643240910888,62.6338938675132,14.59228646751392,14.060547,1.7836418,7.587825,Orbital+M1,marginal
6893777721055433088,Orbital,324.8068277036444,-9.100956578758923,45.23685880531181,-41.26525984860034,253.94860234900761,1185.4229686224319,70.44743,0.4849267394221359,0.02454697,2.518588826767004,20.770939,6.304268,0.81786853,,0.31755559517627135,0.3882721772959776,0.3119989921646726,81.24249463015617,14.591168993749953,12.852167,1.103159,5.4022307,Orbital+M1,marginal
4865034976599905792,Orbital,66.01138356113603,-39.815783506822484,243.27771995056602,-44.58219438027691,134.88656983071505,910.6321345879142,5.155337,0.585566777485096,0.0074413503,4.156357627829281,141.05339,8.005188,0.7008728,,0.306390346878493,0.43715543834165616,0.3432680559128146,62.52973967352623,14.563184483773831,12.727502,1.6359653,17.74662,Orbital+M1,marginal
2028877821197810688,Orbital,300.86214555719124,27.47912721373125,65.34324344197807,-1.926971913396363,251.17612723674165,1058.3215371812198,47.091183,0.2635060815858816,0.030075172,1.8568087842191725,27.517502,8.277928,1.2782493,0.5881005,0.3127306106443383,0.24465542012016916,0.2114407797996508,72.68744181439742,14.55989522761819,9.843064,0.6500225,6.6746683,Orbital+SB1+M1,marginal
5505243592018033280,Orbital,109.07430020052415,-50.025373992083026,261.1088158120968,-16.7104759303066,284.8464753636088,1361.6528435918342,155.6356,0.937800262318724,0.07334769,2.3194477161757887,11.977681,14.857942,0.956119,,0.32396997323539456,0.33883854721689577,0.27893777933991376,93.80571998386309,14.515669660934028,12.273955,0.8708658,4.971375,Orbital+M1,marginal
1490499719256015616,Orbital,220.8298352843466,43.34799934258975,75.9324041313867,62.20216100917842,298.6705322707594,1206.0214696462886,76.23342,0.5172015285573169,0.028800411,2.312285996428589,15.4757,0.7772439,0.7162488,,0.3186580484086634,0.4448985378126754,0.34809897463864115,83.30268259517354,14.477582618883922,14.216383,1.5637693,5.0750194,Orbital+M1,marginal
4889751448236913280,AstroSpectroSB1,63.33782909846919,-26.457114261251512,224.13104735049825,-45.251096028556184,168.78732866753765,967.552167816509,10.600958,0.6844892826863295,0.00987378,3.1865507861403346,154.0477,7.204832,0.845342,0.25111774,0.3091753648069471,0.36573998683904474,0.2971167219209191,66.84545082815738,14.474465439747561,11.681421,1.0308208,8.280469,AstroSpectroSB1+M1,marginal
2880611273821103104,Orbital,359.9660197574142,38.499702079468115,111.97344006106076,-23.272126138508437,240.12035572702393,2488.4711143881445,465.7425,0.655288519808908,0.04275168,4.848731383072867,6.193264,-1.8673663,0.78636605,,0.3535088693540031,0.4495474739635602,0.350983957109521,172.40365174540187,14.433981468461058,13.296626,1.3482609,9.217419,Orbital+M1,anomalous
1770456270408833536,Orbital,323.56918747440716,14.15227415931488,67.47514747005886,-26.831514320101245,165.7848096075341,1005.6804368742321,124.04078,0.7866092255934899,0.055994242,3.318923537400161,6.554038,6.776506,0.8587308,,0.3109353299082469,0.36208708531605216,0.2946748819245015,69.68985770697478,14.43080054923947,11.644558,1.0003052,5.791177,Orbital+M1,marginal
3186149062505936512,Orbital,69.62532831759444,-7.971759312466718,204.41393060836137,-33.11307573209352,107.8026183324977,913.4914743160132,47.324512,0.6960793014806219,0.021304198,5.003476975249309,20.545088,14.182839,0.7670267,,0.3070262427248091,0.40028102508821695,0.3198071732877144,63.49546635104677,14.386719663819802,11.423945,1.2084532,14.684565,Orbital+M1,marginal
6352472551676526592,AstroSpectroSB1,359.08253590436914,-80.35732654424693,305.77497044845944,-36.46476181012652,117.57345616896626,1126.38155712792,19.733284,0.437174992900402,0.008611139,5.586698760258704,125.306656,3.4158897,0.7129096,0.3206387,0.3159683380240396,0.44320955589411914,0.34704797790614267,78.3461822728126,14.376980785173405,12.269051,1.5380726,19.906315,AstroSpectroSB1+M1,marginal
1084405162645040768,Orbital,120.16972516283897,60.04674491208697,157.05759334829415,31.823091556546032,233.14795426692874,922.9853578722066,23.70987,0.8214382862608928,0.054802176,2.1381149577962995,8.002882,5.504658,0.9168761,,0.30752072867703073,0.3354005368583274,0.27658124194678363,64.25442104474892,14.364542437156329,11.989933,0.9205084,6.959691,Orbital+M1,marginal
5408769864823080576,AstroSpectroSB1,150.03299395842583,-45.66569105159773,274.3035607458213,7.469800823593382,220.10115481142668,1527.1337726573715,103.03305,0.6498737298238747,0.0101971105,3.5669925557288327,16.198053,0.4657877,0.80868554,,0.32983229681363074,0.40786224067192334,0.32469334951622275,106.56307668656324,14.330796558635127,12.637092,1.0642014,8.838343,Orbital+M1,anomalous
4305756326868452608,Orbital,286.2047470322567,5.880908118750891,39.68890423906831,-0.2830047702057207,293.652234734104,924.5254810317351,32.50397,0.3374069460745873,0.03809241,1.905132503218071,25.140835,0.34108207,0.7255195,,0.3078830110099178,0.42436215733640925,0.33521468106247954,64.81492876887076,14.26408234326048,14.280485,1.5232515,4.9040194,Orbital+M1,marginal
3421953826595606400,AstroSpectroSB1,77.0381150168812,27.374916640772682,176.70588695369742,-7.733909095732156,175.4739508060519,1525.3997638621106,143.3894,0.7741333520615248,0.028876824,4.229578678466984,15.569033,3.3193972,0.90822524,0.28895178,0.32999996026637707,0.3633459480553869,0.2955173204700037,106.94677738943186,14.263167166857015,11.466,1.0851526,7.285568,AstroSpectroSB1+M1,anomalous
1896838393216638080,AstroSpectroSB1,331.2610305309527,30.34300509294584,85.32729507849737,-20.122387524776087,160.18637366314582,1588.5048812313032,130.25911,0.47731287253643206,0.027362246,5.325344928246229,13.719993,3.1356177,0.723697,0.33294323,0.3319315300440089,0.45866091329640635,0.35660615467700907,111.44518948494003,14.253687293034423,12.572257,1.3164616,12.182342,AstroSpectroSB1+M1,anomalous
2971370319403648256,Orbital,83.04343864602576,-17.253932238458255,220.3109423278268,-25.048053975460245,150.46269657081976,1065.2301267498665,80.305336,0.43647722910012643,0.013122968,4.057718535212135,11.018712,8.706331,0.7615654,0.31006917,0.31397323040207803,0.4122735035743226,0.3275213005836862,74.82028177883036,14.237184108697951,12.327457,1.4889297,8.624534,Orbital+SB1+M1,marginal
2832906247430207104,Orbital,340.9885747007938,17.66577299853542,84.71979689982523,-35.577022733557726,78.47962009528239,1744.6677839603233,92.154785,0.8892052497727779,0.014746215,11.174730825181603,32.984745,4.6907125,0.7986223,,0.33645718168232636,0.42129699784401053,0.33327172693091334,122.56183200333851,14.235000859915342,10.44877,1.062005,24.211063,Orbital+M1,anomalous
6104891700224802048,Orbital,220.33251070190298,-39.7359936204408,324.8874841384529,18.404892616191162,126.72795175539417,1258.8221998301783,43.013668,0.5421999839008576,0.01733318,5.627412821490659,26.836649,4.17474,0.72176766,,0.32151360251298067,0.4454530433670403,0.34844369074688797,88.8282074069948,14.17142410701234,12.202232,1.3806915,14.144589,Orbital+M1,marginal
5805074709200756736,Orbital,257.7382630447118,-70.34962088617317,321.56000179523676,-17.60008949189484,241.44219251688267,1140.8478270843498,40.624336,0.726868889177301,0.015674625,2.6098847989462497,46.380924,4.5593724,0.7992141,,0.31740420491255444,0.39714538959107304,0.31777650966028587,80.962711229899,14.091027952915713,13.019211,1.2322855,6.413988,Orbital+M1,marginal
5914275558378521984,Orbital,258.451746338066,-59.54047688885005,331.0834563717921,-11.924357494692153,209.59076575043179,1064.2762201895544,23.28613,0.5937238673662759,0.012552012,2.901579771262539,67.51722,3.400631,0.7690445,,0.3144770382502217,0.4089191596808408,0.32537192465246056,75.69875547150154,14.059362185818557,12.903217,1.2199965,8.668412,Orbital+M1,marginal
5283318371229151488,Orbital,96.98679588400302,-67.34564908537297,277.43362400694673,-27.121371315243344,97.89242003702192,1176.1207549352607,38.80528,0.17444095551822988,0.013417801,5.828694109578153,36.44285,4.133498,1.0263484,,0.31886482324083604,0.31067894490714276,0.2594065511212904,83.69357213326619,14.052701120971522,9.55239,0.79002666,20.20493,Orbital+M1,marginal
190186962962176000,Orbital,86.32372702413872,39.47194858250071,170.94737787303322,5.413080345159816,236.95262959297625,1009.400762746893,39.715973,0.5554560680030649,0.014403449,2.517178087294301,34.63579,-0.22538969,0.7362392,,0.3126690300622893,0.42468403236464514,0.3354184088682746,72.58298851813578,13.906850397799223,13.51272,1.4040823,6.869251,Orbital+M1,marginal
5879074831060996096,Orbital,222.67397906041674,-58.90745887581102,317.8104382960151,0.47560050683848104,114.29259660617959,1120.4486931436293,40.46194,0.4372117299440225,0.022632007,4.955950732074659,40.09649,4.4231415,0.96847785,0.30936632,0.3172281274105374,0.3275533136719939,0.27117356455191804,80.63824679932168,13.894755126956138,10.076868,0.84633446,10.074382,Orbital+SB1+M1,marginal
4871019167416871680,Orbital,66.29048496424065,-34.19381176277415,235.4533846893861,-44.0151683326957,245.61290867990698,1404.2256955439173,88.54442,0.6040800244626504,0.021370495,2.801444681186419,26.436567,6.203432,0.9345594,,0.32741855909008377,0.3503453685136617,0.286769620186744,101.15689827561303,13.881660267181688,12.083082,0.88388824,7.3474927,Orbital+M1,marginal
3568346829103673728,Orbital,177.41783352303602,-17.046123436352914,282.4389852936889,43.35424218563101,202.8172955401605,977.9607184617719,21.923914,0.22742645707845893,0.021310871,2.935154181035588,42.216873,4.346064,0.7015909,,0.31140018240195755,0.443848664986204,0.347445854385891,70.4566206405829,13.880323943587895,13.6442175,1.6507568,8.065935,Orbital+M1,marginal
1758546631038360192,Orbital,314.9355131409052,13.709552100613342,61.38960853798275,-20.553973183005716,273.7200295937534,1077.7156769875935,92.220795,0.5888670510028586,0.05938124,1.691508456845816,11.040067,9.981484,1.3447874,,0.3155784085829542,0.23466788739139277,0.2039014097624948,77.64711640277768,13.879661305091817,10.241362,0.6554575,4.3307967,Orbital+M1,marginal
1966620822823708544,AstroSpectroSB1,325.01276072668895,41.92175168222541,89.07803972800895,-8.03427174587234,80.29160216579844,1041.764199440607,5.543962,0.5995504682151771,0.0035535158,7.844090730243688,182.42259,4.3945484,0.6914193,0.37888393,0.31436101741304534,0.45466045836350966,0.3541436260147221,75.49574637602078,13.7989787431454,11.696899,1.7189627,26.614197,AstroSpectroSB1+M1,marginal
5394371691331374464,AstroSpectroSB1,162.94842480711824,-38.79918868224063,278.7557879120023,18.391295054915172,99.0080671875638,1105.144269195751,26.52933,0.5148212363691751,0.014576355,5.631419474100863,80.97083,5.0773945,0.97994983,0.36307135,0.31696408925382386,0.32344930211276934,0.26832924720639567,80.15359044802321,13.787832373053808,9.027522,0.87855816,17.727684,AstroSpectroSB1+M1,marginal
4683833875498010496,AstroSpectroSB1,0.7648496159935632,-77.61377468964938,306.2567304195441,-39.200469254042964,214.51197460296618,2372.247610255727,436.42575,0.5625652621221807,0.058212634,4.604248468214102,7.0329576,2.4970305,1.0369471,,0.3534451201632546,0.34085163027445387,0.2803140670814992,172.191950809144,13.776762497366121,11.124657,0.7827463,8.003108,Orbital+M1,anomalous
6123633498690439296,Orbital,215.092094115071,-32.65570711800839,323.8005966998923,26.586925492941674,287.09803701178487,1129.4614076789521,117.98442,0.596155216048038,0.071263276,1.9859470950564737,16.725527,7.2030354,0.9701198,,0.3180182561431819,0.32781339433990997,0.2713534397546355,82.10219876840793,13.756774174403196,11.416324,0.88587666,5.3015747,Orbital+M1,marginal
491711706003626496,Orbital,55.25481916991016,66.7292541607967,138.58543385125228,9.161544753604682,292.0295275554,1898.1823191561941,169.06438,0.8078718644222589,0.01475939,3.2868634017424694,14.090845,-0.20325509,0.7649634,,0.3424360591557185,0.4476502592532082,0.3498080010278564,138.5493877210932,13.700402075953805,13.939761,1.3405504,5.4659576,Orbital+M1,anomalous
4184510804554837632,Orbital,290.75216234014493,-14.875534878234228,22.98077857791014,-13.601986647001276,113.63564052540697,1532.6842260289059,64.01349,0.4012472039346268,0.026423689,7.360291830865894,28.953365,5.1488013,0.71786493,,0.33211512664173704,0.46264291856463413,0.3590489908833452,111.88030169914774,13.699321531598812,12.197367,1.516882,20.736233,Orbital+M1,anomalous
4539360285293942016,Orbital,280.65593240247756,28.240682181720995,57.673572825989176,14.235456604332045,258.6582953800304,906.9396826622051,20.923748,0.5660884492075663,0.017183479,2.070003405765525,36.576904,0.19052675,0.7789272,,0.30883630015120844,0.3964892962763631,0.31735089439132097,66.30799842144604,13.677681490214805,13.305241,1.2262697,8.23693,Orbital+M1,marginal
6404693066163486592,AstroSpectroSB1,339.00154097737163,-64.59084522253465,323.3721484713306,-46.80201495775749,225.37575614117247,841.254936338137,6.885045,0.2531294124330441,0.0127937505,2.1793002511424846,188.7855,3.4964771,0.8276674,0.42197767,0.30623066576892316,0.3699924150286408,0.29994897292504874,62.289038543500894,13.505665780193869,12.612634,1.1986303,10.193201,AstroSpectroSB1+M1,marginal
4512520622356417664,Orbital,281.4261365150476,18.793830503737958,49.18622779888649,9.670197451545706,228.37321320936178,1899.486964213014,304.34763,0.48562426958644717,0.04514944,4.044384722199237,5.490221,9.483598,0.8347294,0.47568664,0.3431991340306911,0.41115018225625344,0.32680221867766934,140.70110877860566,13.500156329271523,12.475491,1.1383085,6.5029426,Orbital+SB1+M1,anomalous
2276286697846607872,Orbital,308.77231681121594,74.50513466289762,108.15374346022301,19.603428407214455,278.42177621811686,1514.338691800967,183.088,0.8311199795734683,0.06079052,2.7257142766844984,6.1760335,4.2763934,0.8688797,,0.33227183239961616,0.38241409211092625,0.3081591869728492,112.25272849498477,13.490439939449887,12.694796,1.076251,5.6149726,Orbital+M1,anomalous
6398094450208577792,Orbital,336.2931936748008,-66.76476875548387,322.1738529238939,-44.50711772820847,207.64152304531208,1365.3223124375884,82.78961,0.31257113298262057,0.03274415,3.3820940431904107,13.945349,11.249776,0.862982,,0.327506607469502,0.37950573352320527,0.30624523142686516,101.35027508483063,13.47132320356119,12.0226755,1.0291386,8.470472,Orbital+M1,marginal
6319714561231508352,Orbital,226.89557460898502,-10.337545831645565,348.947962753182,40.070023231330694,70.73495479068411,1204.9633093407729,92.011894,0.7797742753560513,0.035900183,9.191836174020652,14.5250435,5.3036532,0.82702106,,0.3218268881197971,0.3891398934821977,0.31256602275678297,89.45134073172838,13.47060088181968,10.006812,1.0895262,22.506575,Orbital+M1,marginal
6060910552242154624,Orbital,192.05677622267515,-57.378822772477264,302.49721254347577,5.490217111485157,295.38781003893024,1103.4352088737708,45.329704,0.6610665788039675,0.020725813,1.9579673752764861,28.704962,4.303576,0.91348064,,0.317957150430535,0.3480721284025172,0.28522909837695565,81.98825007481672,13.458455423391197,12.700791,1.0253258,5.6047215,Orbital+M1,marginal
3787611983373749120,AstroSpectroSB1,165.63530592872905,-6.602708267202566,260.9551153451104,47.199024545360864,128.65494469710177,2382.0031780460745,400.57922,0.5334284234630953,0.043207426,9.06733261709939,6.7768016,3.8591383,0.7395537,,0.35493150357062897,0.4799266211374411,0.3695569597507739,177.1809018599502,13.44390480599817,12.164661,1.398819,12.068884,Orbital+M1,anomalous
4945964426883296640,Orbital,40.52792433625858,-44.521391543949534,258.3633413830223,-61.84992083468377,225.9224788342138,933.9205644656408,15.34695,0.6374391707244172,0.018689236,2.4954109853303525,81.40746,0.9880642,0.7366158,,0.3109964428353343,0.42219628270154697,0.33384231175068046,69.79028971287997,13.38181240266844,13.562375,1.4741545,8.089697,Orbital+M1,marginal
3082043418940394112,AstroSpectroSB1,116.75643084100277,-1.9079813437987314,221.09030460287056,11.446562112515918,133.6127579298168,935.7189163944462,18.898525,0.36093179963415856,0.02196281,3.708233652395702,46.130985,3.9972951,0.9637798,0.2863955,0.31114937885401345,0.3228428076255726,0.2679079627843965,70.04211570911279,13.3593753832411,10.542139,0.98491096,11.021857,AstroSpectroSB1+M1,marginal
6198454199811030912,AstroSpectroSB1,222.2113530737623,-38.70324442449946,326.7476015676821,18.678668948490024,169.1417461610243,4367.029700993395,1014.3097,0.9113012746423714,0.026500149,10.754265610071304,7.693019,4.528556,0.79474765,,0.3893719563061593,0.4899315600376728,0.37557026740194827,327.91928441135997,13.317392140668229,12.234498,1.219099,20.921625,Orbital+M1,anomalous
5868270132136026368,AstroSpectroSB1,200.3572685856991,-62.796590004096636,306.3518044143801,-0.12415404649708522,145.02826504518373,1156.4232499519867,21.100048,0.7846938455611172,0.009930656,4.659716563507151,43.052036,0.2141031,0.71389496,0.501352,0.32058433293860716,0.4490637270679908,0.35068429718540517,86.99970588153425,13.292266200608367,12.384156,1.4815311,13.07481,AstroSpectroSB1+M1,marginal
4393158464661683840,AstroSpectroSB1,256.34894781811647,6.403097299513059,26.324391875970907,26.46375090775383,111.74159751597139,1241.3019341780173,61.92391,0.4541512079417847,0.022360994,5.369446523870713,34.283985,2.972456,1.0234501,0.33025384,0.32377772112548014,0.31635905812909193,0.2633888360232559,93.40850069509688,13.288961121749113,9.898516,0.75033,15.729377,AstroSpectroSB1+M1,marginal
4905601973502530432,Orbital,1.4532027957787277,-61.228583249054346,312.4952852254139,-55.044436117353825,261.43134198992584,1660.3112256626625,198.74986,0.5413149533294584,0.037998185,2.967866723278194,9.431323,3.6401463,0.966323,,0.3374447605324237,0.3492049286013904,0.28599718069413604,125.09832937051843,13.27204954708167,12.04679,0.8468437,8.533451,Orbital+M1,anomalous
197493179069538176,Orbital,86.41531269260533,45.54867350075652,165.71676914730398,8.572956580986995,126.05778855916444,1844.779778759163,148.01479,0.43897276839487964,0.029011333,7.431540176220537,10.22365,7.888571,0.7755947,,0.342900776259336,0.4421133502611796,0.34636502449763207,139.85672693085692,13.190497298504594,11.824212,1.2928009,11.556902,Orbital+M1,anomalous
3050469980480515328,Orbital,101.85381337357634,-9.325223125288261,220.79819936909416,-5.123385071917007,176.01330392528163,994.8998766368813,49.09027,0.28319381402221216,0.027878692,3.2545985321847266,18.120647,2.638227,0.79348063,,0.3144859605926378,0.39633728517617506,0.3172522472228964,75.71438502877,13.140169813950662,12.252782,1.1686544,8.684964,Orbital+M1,marginal
4474209617139655808,Orbital,266.9177386851544,6.337219545408134,31.35923189259034,17.05453143796519,118.22145394538843,2852.9634220929133,569.3664,0.9327529420871956,0.030660637,10.6899690277992,5.094975,8.185214,0.85344326,,0.3665223726661583,0.42946307940317874,0.3384365079895268,220.05678890699292,12.964668966876179,11.006466,1.1225281,11.806049,Orbital+M1,anomalous
1252673086425007360,Orbital,215.26028285332725,21.566111999632447,22.550650800097987,68.88117979279649,127.66932278972277,1838.2360636441244,276.27435,0.485197906753507,0.05462727,7.597935989058794,7.8530517,9.17228,0.7173533,0.3178308,0.343585705190412,0.4789630335315711,0.36897514869186826,141.80103409090455,12.9634884218523,12.323969,1.5369501,18.239006,Orbital+SB1+M1,anomalous
2174214188735833088,Orbital,323.6361368369477,53.712307767574416,96.29714714378306,1.348526826000335,248.05765446647533,886.718485064506,13.178741,0.601360679925081,0.01722646,1.938561995013191,44.543247,5.1222634,0.947496,,0.3101805915446082,0.327368762023702,0.2710458991112559,68.45877421607445,12.952590741192388,12.221352,1.0940351,7.4999413,Orbital+M1,marginal
1564069382300457472,Orbital,198.13481160092448,54.2478476520666,116.22731265448625,62.604858020795405,296.8876701740568,1021.8143917505189,42.57015,0.8453711757511622,0.039574966,1.562536061659593,13.342002,7.7437778,1.258971,,0.316332520413036,0.25126275861361014,0.2163859761771447,79.0035004858477,12.933786293856205,10.956717,0.5982561,3.077581,Orbital+M1,marginal
3031497495027228928,AstroSpectroSB1,111.41871945193161,-15.384848330392487,230.48292885972722,0.38612021641030625,101.9071578862934,1062.1885037636898,22.719477,0.6663264176925296,0.0126928035,5.721927778323427,72.165596,3.1336985,0.8534965,0.32309604,0.3180652896552262,0.3726615078918547,0.3017210196006149,82.18998976869104,12.92357508199026,10.531082,1.0117941,14.577401,AstroSpectroSB1+M1,marginal
3952643700836730496,Orbital,187.69033328050477,21.82639249664896,260.2457880982731,82.91378237120952,176.51456877795306,1215.966922817615,122.898865,0.43849693712140725,0.07499208,3.8672042340824144,15.266842,6.443386,0.76528054,,0.32415960195769766,0.42358270333433234,0.3347210942544009,94.19880479740331,12.908517527720633,12.752463,1.4311638,11.237273,Orbital+M1,marginal
2903665833633799040,OrbitalTargetedSearch,88.55831302801413,-29.14735416534826,234.53344711478454,-24.462348972882637,56.06308602176084,1817.741311485924,158.37828,0.5486191145276611,0.01588562,11.983702409024529,13.828646,0.3223115,1.4772133,,0.3436880088816807,0.23265970958361115,0.20237601860551765,142.0932386093841,12.792595406196035,6.254208,0.51802063,15.052978,Orbital+M1,anomalous
225153837906845184,AstroSpectroSB1,56.44327428566672,41.27270081301932,154.74322896030893,-10.587637223039163,296.28833338587066,1088.0731154585053,107.26669,0.43375207737452076,0.0308408,1.9339666255519163,9.504752,2.4075243,0.92170453,,0.31968625838778286,0.34684245084426746,0.28439440544362415,85.26053505082865,12.761743927713368,12.845631,1.2432213,5.4223566,Orbital+M1,marginal
4556066746008265344,OrbitalTargetedSearch,265.8145945335091,21.606397419471815,45.82379665305,24.23310323015515,22.4335504201996,1875.326864107949,20.228779,0.9131264799297917,0.001903069,40.44948051921565,114.26001,0.70673066,0.86068636,,0.3454816627823453,0.4014025063252471,0.32053206880772017,147.29288735910382,12.731958058068711,7.2970448,0.9714227,19.948757,Orbital+M1,anomalous
4984049997841891712,AstroSpectroSB1,21.73725667055817,-41.536502986980345,278.38364432417865,-73.85607846448505,232.16798270610252,1043.3185364005326,36.54488,0.3666335952285452,0.02216702,2.090005081254468,29.815775,11.836766,1.197297,0.43294576,0.31797439474606715,0.26557687928966267,0.22698539209824228,82.02039445854571,12.720233099193894,10.212364,0.6711788,3.075584,AstroSpectroSB1+M1,marginal
1584148831149585664,AstroSpectroSB1,184.36686607172058,62.263098559229256,129.71539035941908,54.41547637402783,154.7178280293775,2458.7180806314227,284.03143,0.6241027921278176,0.02758586,7.477293962802525,11.432927,6.493019,0.80718714,0.40936697,0.3596492072971314,0.4455586436901142,0.3485093199650393,193.76406258034396,12.689236837258814,11.737194,1.1431665,11.744146,AstroSpectroSB1+M1,anomalous
6397381897954609536,Orbital,333.6980850741965,-69.13073831745184,320.61452323552373,-42.21369719654205,131.5966603445433,873.6995397636832,1.9898028,0.2562791603546806,0.0053137895,4.165841240262689,298.22183,6.291231,0.7089978,,0.31046613497753717,0.43789436453585673,0.3437304724751437,68.92252926995471,12.676544941373091,12.545186,1.5201168,20.373558,Orbital+M1,marginal
867115384092337792,Orbital,115.94606352856843,23.159388294010583,197.03202279734617,21.38351254296333,256.9898929771225,1497.994510189643,113.77346,0.5542154429933677,0.038702313,3.198578761786385,18.293211,-1.4386472,0.73114145,,0.3347641307997633,0.45786507071361915,0.35611693468679256,118.30663856023143,12.661964944824248,13.641402,1.3410721,10.520902,Orbital+M1,marginal
4196907836818312320,Orbital,298.2461158092428,-6.3315200671956795,34.25304923826388,-16.558111642063444,209.97667216025914,1456.3664377986124,130.78754,0.6598172028319498,0.035865877,3.378115262904258,13.910142,11.237142,0.9533991,,0.33380251972810987,0.35011834195047165,0.28661591694205785,115.94150471172846,12.561217326096068,11.402796,1.1672449,7.1529775,Orbital+M1,marginal
1980413616389564032,Orbital,330.28762677170016,52.18008454181248,98.4008226746163,-2.3891722507963666,236.83437206732026,1061.199798819714,17.755737,0.25799221130824335,0.020418646,2.385731236878232,106.76933,3.126858,0.91489154,,0.31928615659993176,0.3489879863240234,0.2858501485599931,84.49448005821863,12.559397940416027,12.381122,1.1237259,10.423776,Orbital+M1,marginal
1698719007915382784,Orbital,219.87257558220406,72.18160343235262,112.05038106248995,42.58916630327502,206.08200472316986,1429.6794585121804,163.52446,0.5159802255627545,0.040882763,3.573451530583167,8.961017,8.579629,0.8574067,,0.33304555956834536,0.3884335974542603,0.31210450987767563,114.10572549176378,12.529427882349125,12.149019,0.9806423,8.274129,Orbital+M1,marginal
5983078426208150016,Orbital,242.77802744420683,-50.53985700738352,332.0300904713214,0.6956941958427363,256.2030931014991,929.6301924081221,47.015976,0.4803148450418845,0.02728494,2.0769439128153047,18.316126,-0.108207814,0.8390013,,0.313840466975318,0.3740643402362682,0.3026506395684072,74.5901119965409,12.46318268634901,12.992197,1.2334642,5.008632,Orbital+M1,marginal
1823984516596722432,Orbital,295.28932328864255,17.29485882752889,53.95207600620423,-2.713650680154938,111.63888379599705,1374.1264183371813,71.79875,0.28442878726196147,0.01836793,6.107091374553615,16.162483,10.972399,0.9437281,,0.3314390438993094,0.35120184261306486,0.2873491829547239,110.2845268811988,12.459829653324116,10.304679,0.8814688,9.955634,Orbital+M1,marginal
5641389210581281152,Orbital,133.85170319657874,-30.487060711733527,254.44499825030488,9.414428879440525,249.74094421903567,4347.473042884615,944.9553,0.9010451242107913,0.017471407,7.271967101636337,6.7048945,1.0952471,0.80570036,,0.3931448774890633,0.48795420253449107,0.37438578712224546,349.10013531294584,12.453369687145452,13.111766,1.2491312,11.106171,Orbital+M1,anomalous
5031342569931933312,Orbital,16.397875891168912,-29.634216820073593,252.59538716228394,-86.0040468284349,260.7708710291538,870.073966881107,14.812989,0.18240620340564115,0.020182084,2.1038962920944715,82.02991,1.7225635,0.7060577,,0.31109846733126234,0.44061335962523496,0.3454294563614893,69.95820593776362,12.437053741131443,13.9080715,1.5669832,2.6522365,Orbital+M1,marginal
303371097943379968,AstroSpectroSB1,23.82194098475361,30.670879168985145,133.9630581126934,-31.259867365879114,90.98109218119447,862.3022701237117,18.31652,0.21388224080309254,0.015942141,4.965735779285677,55.51344,3.2197711,1.0358669,0.28888795,0.310727544673386,0.29996861343819303,0.25183759954893237,69.3492273453495,12.434201549637551,9.382723,0.7687197,15.550495,AstroSpectroSB1+M1,marginal
2484812204788964224,AstroSpectroSB1,23.472707314555088,-1.7771723015174572,146.5817939077693,-62.68328359662964,144.0029274115333,922.0271334220203,45.985172,0.5039668593361353,0.023664447,3.4229190906816296,22.898489,4.071754,0.96803933,0.31209695,0.31371518549579847,0.32407276702045706,0.2687620644699578,74.37341894837104,12.397267013663555,10.326331,0.8302822,8.309437,AstroSpectroSB1+M1,marginal
1994897139453741184,Orbital,356.6675145342531,55.83953556903561,113.87519906400698,-5.889146845585682,294.68753814926674,1408.7516078242074,144.04185,0.5527811572763418,0.042029295,2.661983521979312,11.323727,-0.38095978,0.73334384,,0.33289505818872034,0.45394130309964065,0.3537000468482785,113.74343992475508,12.385343794386223,14.0108,1.3664055,6.1544414,Orbital+M1,marginal
660426022910429312,Orbital,133.32079305442025,18.909457799885182,208.04417978765534,35.072177127927255,198.48439778776927,1209.8217138009795,60.093613,0.8876613074801476,0.020194417,3.351053607809316,17.686586,7.0514455,0.8105767,,0.3260017409609604,0.4021849506426163,0.32103738900662804,98.08447100511042,12.334487828740444,12.770274,1.3185816,6.9255977,Orbital+M1,marginal
1854957415503348736,Orbital,320.9645179093296,33.30339794593363,80.67501292878049,-12.04342188817297,209.98592183436276,1377.3010075918696,150.37059,0.4725249843058842,0.05526117,4.104489324652807,11.486343,2.7796426,0.5697704,,0.3320838803500444,0.5828380744660384,0.4291313627137838,111.80615684289525,12.31865083715549,15.09558,2.3491926,6.8960304,Orbital+M1,marginal
4637012929472457600,AstroSpectroSB1,27.23648629562789,-75.52679179775696,298.21033326031016,-41.06990242537905,112.9868227261686,1175.0346073471826,39.63232,0.24872272681294055,0.019580701,5.3700881818396144,28.338291,2.8487005,0.9358041,0.3375841,0.3249252907289803,0.34721506433062455,0.28464743348312344,95.79906394090429,12.265616792164357,10.313129,0.88216496,15.680549,AstroSpectroSB1+M1,marginal
429339331946235264,AstroSpectroSB1,0.31306004769902135,60.39600234585653,116.76819964654084,-1.873771601786266,144.90140532680826,1424.2159362098605,153.10605,0.19571354713459885,0.05258345,5.407291305929987,11.157618,-0.84207124,0.75087893,0.29548356,0.3339061541051763,0.4446870736728866,0.34796747154658214,116.19461561606961,12.257159496234804,12.106045,1.2466431,16.533722,AstroSpectroSB1+M1,marginal
4795269623787572224,AstroSpectroSB1,86.23001170098684,-48.87246058870121,255.77852820520985,-30.72998714071476,133.11633331673946,897.1036450388176,11.827947,0.1978199970219866,0.010110005,3.6534840440653102,54.17349,1.2858448,0.9552719,0.29905358,0.3130295092014421,0.3276862946556829,0.27126554152585053,73.19609717012752,12.256167742847085,9.664139,0.8452692,8.89055,AstroSpectroSB1+M1,marginal
6421351148364071424,Orbital,285.46714941021276,-69.32007587084051,326.07615989666255,-26.161523957186972,280.73455636147776,1296.039188781999,85.6364,0.35034435864767455,0.04122235,2.189230988906287,18.599249,10.440737,1.0636504,,0.3295409253409833,0.3098207218705037,0.25880295071819925,105.89881600438648,12.23846722449017,11.776583,0.7719927,6.6297073,Orbital+M1,marginal
1766868735765794816,Orbital,324.56054925940055,12.058367506136717,66.39350351829148,-28.92977037208711,245.4566136400111,870.4084216603794,49.04066,0.6701072453445468,0.03811255,1.9494402673448956,19.169678,6.8924375,0.94227326,,0.3119164272769905,0.3310254474950196,0.2735712630531488,71.31582685807241,12.204982540447903,11.716143,0.9490099,5.0463123,Orbital+M1,marginal
6574573449514061696,AstroSpectroSB1,330.41146247634333,-38.244207252326824,4.527331559810381,-52.942367637484736,280.8799871066992,1719.488670341915,159.89694,0.7305730917003463,0.027562212,2.934567004258511,22.863617,2.6433597,0.9223596,,0.34336070517342676,0.37226338889268784,0.30145697862722987,141.16002295544735,12.18113056615623,12.379547,0.91057205,8.959038,Orbital+M1,anomalous
994407215333465600,Orbital,99.79875560482027,54.38137800853068,161.1834270434816,20.05971012013707,287.8076561907769,1064.1612349895636,163.70618,0.7855575839412117,0.022188293,1.984244069663788,6.9692,3.843945,0.90680486,,0.32100044166966524,0.3539906499814459,0.28923311453235245,87.81481662953439,12.118242408669548,12.368748,0.96193504,6.3652105,Orbital+M1,marginal
1654380754848735616,AstroSpectroSB1,244.98830439215322,72.74023726180512,105.94800712664403,36.69505021355352,228.05406671079456,962.4402687220373,18.482588,0.2814641736122054,0.020192811,2.361342053010124,79.291275,4.7042656,0.87128526,0.30821353,0.316611613792888,0.36338456350484394,0.2955431466497495,79.51013697430476,12.104623452391593,12.145676,1.0461578,8.562534,AstroSpectroSB1+M1,marginal
524753610972202112,Orbital,18.94698984445755,64.18803783152737,125.57933321647508,1.441525692264014,245.34137136477167,1193.6258263259253,72.55268,0.7057345706146236,0.029568858,2.7281935193369278,15.846163,-1.576412,0.7862417,,0.3263508431558432,0.41507699086409056,0.329312801363596,98.83468010910507,12.07699387510805,13.478458,1.3995571,8.965893,Orbital+M1,marginal
5193322034524918272,AstroSpectroSB1,123.7606065586289,-84.68490046381247,297.4471087770216,-25.126068174628887,161.67429344108456,1046.9502767969393,20.401403,0.6190153094876596,0.010661434,3.613968533356885,43.897976,3.769056,0.8439963,0.29364794,0.3204989355617379,0.37973974616850326,0.30639942007105697,86.83315219745994,12.05703409702504,11.63952,0.94449997,9.242736,AstroSpectroSB1+M1,marginal
6508109350300808064,Orbital,333.31573370272747,-55.45584785769313,337.0085947682116,-49.88491476569449,182.84548233240508,1192.1533189197492,66.51501,0.28877242376155204,0.027436651,3.684170782987172,16.821447,6.535835,0.7749708,0.45450106,0.326526433787392,0.4213402896772309,0.3332992053973543,99.21370145249944,12.016014940139257,12.288203,1.1098585,12.9353075,Orbital+SB1+M1,marginal
1494543516865276416,AstroSpectroSB1,217.88603658975816,45.90608371185947,83.00243386921322,62.701619943100454,299.95387297500685,1145.3541426706854,69.967476,0.6904622633424193,0.020423774,2.0284895196202752,19.07527,7.060586,0.89779186,,0.3247083832114769,0.3616744557159448,0.29439853394717064,95.3436059420633,12.012909847008238,12.502866,0.93954945,5.3779335,Orbital+M1,marginal
1923634767194208640,AstroSpectroSB1,352.99537601748557,40.95227172156163,107.13708985943096,-19.469799742390055,119.22999648923972,2541.220868696455,168.36852,0.9141092951973181,0.008708952,10.14985534800444,19.694113,7.369272,0.78528774,0.2823783,0.36442002564919607,0.46405923343283806,0.3599158614221207,211.737011988394,12.001779211070325,11.440829,1.141324,9.04089,AstroSpectroSB1+M1,anomalous
6431278398333291520,Orbital,272.9629279948416,-71.0554697234235,323.175295387594,-22.43438197349265,254.93251050988067,1106.4873016042134,72.69333,0.8371502982766278,0.018814282,2.6151320475253077,13.439389,-0.22906685,0.6993074,,0.32318836060832934,0.4621549391265828,0.35875007595050806,92.19894772280855,12.001083840249578,14.173753,1.7095604,4.8986588,Orbital+M1,marginal
4225633815037091200,AstroSpectroSB1,307.77587230282495,-2.59336884652384,42.43351578613806,-23.278189285024606,78.00014002401684,1537.117614651712,39.36515,0.8560423979901268,0.0075222566,8.74919915278618,83.01191,1.9836485,1.1329068,0.34250322,0.3387292608330636,0.298991287247242,0.2511429786647955,128.45831764336745,11.965886233378336,8.54086,0.6814861,9.911598,AstroSpectroSB1+M1,anomalous
3037474234071863424,AstroSpectroSB1,117.13992727503039,-10.876676811000529,229.23742572448788,7.443353729751854,109.90864682183307,896.9812271626935,6.265825,0.5095365562996282,0.013017446,4.147133088911926,85.92897,2.396939,1.0906428,0.30848706,0.314083871305962,0.2879805088010584,0.24327094048709405,75.01251979083082,11.95775358118734,9.436052,0.72368526,14.251253,AstroSpectroSB1+M1,marginal
5313863216571190912,Orbital,143.0496907843288,-49.91498636367916,273.45944975157335,1.2009100027017081,114.80125208671862,3602.7445667010034,443.46414,0.8105390230890933,0.019324642,12.483774821126788,12.360872,5.182188,0.9856697,,0.3843732639056596,0.3899615404976198,0.31310253814017813,301.4117257778345,11.952901160044869,9.959521,0.825058,18.915861,Orbital+M1,anomalous
6499741585777672704,Orbital,350.3723575931815,-53.506072155953966,329.0037371278111,-58.83029410204123,288.91000568239724,968.352349577928,52.343624,0.34710781129106005,0.018447299,2.0813256104263433,10.89448,-0.6597784,0.70013785,,0.31761595561953576,0.45364774090734505,0.35351889741234593,81.35425583105642,11.90290956122625,14.379782,1.6380672,5.1264815,Orbital+M1,marginal
1929213208157296768,Orbital,341.51373985200075,39.73845534494224,98.19964428071815,-17.036618815719603,180.68585759749965,1294.1001881365119,94.34457,0.4516004914619854,0.011530342,3.8278671213038282,17.880194,12.67567,0.84188247,,0.33097268300743005,0.3931340725989061,0.3151703901351875,109.19412258518659,11.851372193837026,11.949112,1.271884,6.4061713,Orbital+M1,marginal
4316404714733836160,AstroSpectroSB1,293.0881963512149,13.568987453334053,49.660088264201455,-2.673816188614868,200.91595798694874,2251.8562672163325,326.17603,0.7434733094747341,0.028939975,5.483159083256481,11.3340025,0.7124617,0.78643143,0.53115803,0.35861353691470915,0.456001022374499,0.3549697650321641,190.02428105619265,11.850360673383785,12.541809,1.2800655,11.674807,AstroSpectroSB1+M1,anomalous
5796609294303201920,AstroSpectroSB1,217.47018569838883,-73.19851996587252,309.9930313851524,-11.690886576799336,228.50630408278232,898.3348318431249,26.022516,0.7944452220109008,0.016573094,2.3194476569130513,36.939705,2.1075835,0.8103586,0.28336415,0.31464427714719473,0.3882778357481791,0.312002691262987,75.992130916425,11.821419152347499,12.721025,1.156887,5.431207,AstroSpectroSB1+M1,marginal
5617462325736012800,Orbital,107.86175802182457,-24.4910284792245,237.01104248420387,-6.800222034501842,237.18435272634792,2258.3628893678774,253.74533,0.8312688320175297,0.014727812,4.413568610220885,13.192048,9.107242,0.8826139,,0.35896946096962756,0.40671177063736197,0.3239539854355101,191.30312475542812,11.805154214052104,12.321228,0.96364975,8.89056,Orbital+M1,anomalous
5915314562518942720,Orbital,253.89446494027538,-58.550166676735664,330.49752663403183,-9.446338778545824,180.0097764143012,1131.937477620488,21.12412,0.20891417573014717,0.012071069,3.7887707257310015,32.3019,1.1605011,0.6949363,,0.32513141654834316,0.46785788570722187,0.362235725450497,96.23344917110857,11.76241200300156,13.636081,1.723753,9.663431,Orbital+M1,marginal
568482562790271360,Orbital,55.17181880615254,81.91677099655034,128.7524428274422,21.033415674400757,228.06114712893105,1055.4034380183632,40.834457,0.46919364799185503,0.02492991,2.6377788582708384,28.56748,4.9350204,0.8095389,,0.32199507893909757,0.3977512119555128,0.3181692908346091,89.78727627850041,11.7544877377139,12.727367,1.161459,9.617434,Orbital+M1,marginal
4643473213120390400,AstroSpectroSB1,39.48333544396154,-73.4507156710481,293.10610162714534,-41.58414518338115,146.17536037867794,986.2410379189561,14.232845,0.373845901722261,0.0155852875,3.581824261956873,104.69299,4.7768025,0.96513397,0.30413285,0.31899949177424924,0.3305235369777453,0.27322515675702336,83.94891717996133,11.748109100737425,10.590142,0.84865475,13.432029,AstroSpectroSB1+M1,marginal
6307278431886565888,Orbital,224.7029644219393,-14.831844101904656,343.19089955406037,37.88828598900341,141.69350166631503,898.6779268838835,52.973587,0.2832313803506707,0.047202818,3.9706833755298803,14.675049,5.8328953,0.7155168,,0.3149381742824693,0.44015482487080815,0.3451432182796231,76.5098358926189,11.745913664553832,12.69438,1.5653143,17.861696,Orbital+M1,marginal
863209364738169216,AstroSpectroSB1,179.43769495811148,63.59946756734213,132.6928910015418,52.499435110349154,247.4674393059779,1670.5065380606325,166.4015,0.6214026642699728,0.044776663,3.2132674699878763,17.792772,6.305336,0.95642644,0.3075226,0.34379977115514004,0.3594628464631632,0.2929155630449521,142.41299421922704,11.730014857275565,11.6858225,0.8559952,8.407169,AstroSpectroSB1+M1,anomalous
5279225988946405376,Orbital,99.51608028020438,-69.12116792562142,279.5293048498985,-26.39394215772943,235.63768737000746,1726.7347159102849,118.01661,0.8283663821282697,0.01765276,3.837530494562561,23.705181,1.3214989,0.77202445,,0.345763631753913,0.4478661660920269,0.3499419240429203,148.12356925305076,11.657393381875456,13.0920105,1.2071314,10.473506,Orbital+M1,anomalous
3297448187882697856,Orbital,64.10793014120242,7.3733320519188155,185.74405887116393,-29.601093427655517,161.45405592368908,1136.2371184251294,46.012955,0.3080548206283493,0.021157542,3.9167342621536543,20.33842,6.490509,0.8245478,,0.3257897709593924,0.3951132489772019,0.3164574206807465,97.6311203867659,11.638062883268404,12.069425,1.2325726,11.508617,Orbital+M1,marginal
6697883751586580864,Orbital,302.86822060529033,-34.99976660563824,6.497274510150518,-30.729801835267313,231.8991009858091,888.472574365431,23.225784,0.4532366341275687,0.045830626,2.083801255866659,25.376848,4.3056955,0.96540534,,0.3150352195210341,0.3263242959702942,0.27032295500422515,76.681383817586,11.58654852237643,11.689718,0.8752165,4.959075,Orbital+M1,marginal
1097790690216823424,AstroSpectroSB1,120.5985544112007,68.49853714160068,147.12221156098906,31.576694366663467,207.81325669385413,894.001565314173,21.446617,0.22463933659288846,0.012313129,2.418752740554103,30.977058,3.553718,0.90083236,0.3068981,0.315325698507625,0.3500381583205606,0.28656162260830276,77.19665517737664,11.580832916400377,11.8519,0.87644863,7.4527335,AstroSpectroSB1+M1,marginal
1320293154613295488,AstroSpectroSB1,241.1866624598754,29.942696151826638,48.59756517248082,47.76100193313135,163.2836149260672,1297.8504200965199,64.420364,0.47204668746318174,0.021930492,3.939096608286953,28.888325,4.576262,0.9890934,0.34733596,0.332674732996957,0.33634308478669606,0.27722806217603274,113.21468932326918,11.463622148806893,10.884841,0.7910204,9.552722,AstroSpectroSB1+M1,marginal
2207011074386468608,Orbital,344.78752284879516,62.0557458052316,110.18450528834968,1.9955864299803185,198.84576011465472,1271.8501426456198,49.777756,0.44778467280321566,0.015336804,3.608461779517901,24.454653,0.7731779,0.7639805,,0.3320048876145666,0.4345724585940238,0.34164930361532125,111.61888406766634,11.394578554239894,13.191194,1.5072622,10.481575,Orbital+M1,marginal
474213425126211072,Orbital,58.1129175860061,60.70178800123622,143.35830547661052,5.224719618099079,215.5104040748681,1562.8895115695627,70.29078,0.7431041786455164,0.012823313,3.9871774412042886,38.8267,1.2153903,0.7323231,,0.34197228747321295,0.4669691325524762,0.36169362716203735,137.2542038820104,11.386824354852473,13.392162,1.578969,13.211353,Orbital+M1,anomalous
5633189980570662912,Orbital,141.23183625899009,-30.194050542172874,258.5439109619637,14.370624596174519,240.57567205729967,1492.1365049020337,184.26367,0.49314352354273716,0.0533225,2.8766120573938667,8.737022,10.389602,1.0660754,,0.3398578080729623,0.3187933930146417,0.26508885559523415,131.4679128869278,11.349815115612145,11.035528,0.7511368,6.004662,Orbital+M1,marginal
3864678711869785344,Orbital,164.53791124390523,6.358529586167394,245.43083823631795,56.0100804850141,163.5886768175839,898.0077571649288,12.010318,0.3804489510617644,0.02500859,3.4173353272397367,47.99639,4.9376535,0.730485,,0.31640952787310545,0.4331499186353488,0.340756243227033,79.14304009475761,11.346642182177334,12.672323,1.3807278,14.545809,Orbital+M1,marginal
5633008080115170176,Orbital,141.8069445822456,-30.29633722010159,258.97703790015015,14.65606922004599,209.5310518319872,1065.4592203323175,71.62011,0.2378733022407118,0.08323393,2.725483917555731,25.746653,13.081592,0.92318,,0.32412215999648747,0.3510931406458405,0.2872756517367398,94.12108935914719,11.320090190060794,11.546042,0.9008875,7.7081366,Orbital+M1,marginal
1357686479921726976,AstroSpectroSB1,250.7459067276988,43.91078187621874,68.88753388024915,41.07793877335072,122.1799486096057,1025.2531570487995,20.011911,0.472885931487327,0.015075794,4.531858855470633,86.50602,5.966671,0.92507195,0.32006976,0.3224668678696584,0.3485857140321177,0.28557743032945543,90.734841737882,11.299442831570556,10.582262,1.1054363,13.858658,AstroSpectroSB1+M1,marginal
122724571611053696,Orbital,46.346916347577405,28.730337708472675,155.3696706362376,-25.575013935304835,173.94509440498445,1502.3878175874174,229.51273,0.7204221445992676,0.031066952,4.795370288953231,8.137671,7.769215,0.732178,,0.3404690796271637,0.4650086348925867,0.36049636881013747,133.1207779552174,11.28590022282494,12.842471,1.3582973,11.974928,Orbital+M1,anomalous
1696260431196251264,Orbital,234.7230448447597,71.70331652024424,107.09116706833488,39.86722128766994,164.7383299643379,1376.5731215768474,79.2715,0.37001478178314373,0.031854484,4.024439247642946,25.75672,3.8640802,1.0249985,0.2734837,0.33624071930912447,0.32804019160533693,0.2715102592681867,122.01125494810016,11.282345404630084,9.7533045,0.8050184,14.552183,Orbital+SB1+M1,marginal
6195964046488904448,Orbital,201.00373381711069,-22.195424500326276,312.7986676313294,40.05137647990262,224.56344342497644,872.749936953081,16.859211,0.5713814110803844,0.024854867,2.482057974079314,25.35757,1.6315944,0.70182747,,0.3154319905779497,0.4494437816126635,0.3509197347561698,77.38587474770915,11.27789715885995,13.774513,1.6878958,10.061033,Orbital+M1,marginal
1127447675617156096,Orbital,146.8414248218765,76.02385456961028,135.38168729897615,36.2814152110286,258.9626444606102,1874.7140967595576,231.87804,0.870155166116006,0.026350347,2.701628643004396,13.121485,4.336438,1.4773562,,0.35164912304555657,0.23802595753726513,0.2064450562221828,166.31032720190237,11.272385355141754,9.641408,0.49664783,6.3652954,Orbital+M1,anomalous
3492532994107339904,AstroSpectroSB1,177.16418112476515,-22.311001341358164,284.3395460171956,38.283575435015884,226.61577349693613,856.9742872888144,19.988867,0.485772504390608,0.025995012,2.1514974673049534,18.316172,2.3768842,0.9025453,0.28848884,0.3148178581369772,0.3488111537989781,0.28573027860987543,76.29756633960015,11.232000290473557,12.009931,0.9276638,6.9130964,AstroSpectroSB1+M1,marginal
5080699883124428416,AstroSpectroSB1,57.24168271749741,-28.097953020482183,224.97977022398177,-50.88312568433474,160.7476720251638,888.1486250657647,6.321546,0.5642113793435276,0.010532367,3.244474427776169,125.97043,4.714949,0.832481,0.24669723,0.3163753079991594,0.3800390613975789,0.3065965879898151,79.08100910940978,11.230871167020613,11.701637,1.0496464,9.287075,AstroSpectroSB1+M1,marginal
1590950448734715264,Orbital,220.42040553492288,47.228303116342985,83.25714198746165,60.51788825736175,231.8340955532924,884.8551279396785,17.670437,0.17720346438662404,0.01942084,2.400178653448744,29.3842,1.6255574,0.7220314,,0.31632228375715926,0.4381004446632639,0.3438593835515433,78.98496580622674,11.202829790551373,13.562497,1.5351696,7.6846557,Orbital+M1,marginal
6127889914364691328,AstroSpectroSB1,192.3922247182546,-48.30669309311804,302.6108122912963,14.563891606745358,218.04654033415744,840.1362737525067,10.943708,0.4009413047067525,0.021433763,1.8153954049435024,83.873474,2.824311,1.313382,0.20329791,0.31434105480327146,0.23933710659567153,0.20743581140016895,75.46085925838084,11.133404549182886,9.661379,0.6757097,6.711476,AstroSpectroSB1+M1,marginal
3429358899969594112,Orbital,87.16332931476464,26.221742795044708,182.66983702556925,-0.8320230160783929,283.87333243704836,1121.9099754632591,76.18917,0.27294072089152166,0.058546674,2.2960081297089507,16.347136,-0.22762398,0.7655438,,0.3272487372914917,0.4274722483474467,0.33718077888261383,100.78473667106819,11.131744870503994,13.738418,1.3381405,7.6579885,Orbital+M1,marginal
6659420979420886272,Orbital,292.87929517691697,-48.781267248007374,349.3668394400941,-26.42497360088254,240.1631242139356,1147.235958690047,62.78154,0.26434250650350866,0.06225663,2.8807072131968834,6.775827,1.596714,0.6983936,,0.32828729552704405,0.4700605838571875,0.36357751213882566,103.07747239207,11.129841778874534,13.636617,1.6061583,6.3425126,Orbital+M1,marginal
3114450660876103296,AstroSpectroSB1,107.2247047893988,0.9388242688665535,214.0880467019707,4.3128608826120205,128.20700141884782,1381.5267086736344,91.37368,0.8672177078610817,0.011290191,6.170709575726462,25.287048,4.3971057,0.71545386,,0.33723650051500464,0.47136023423381257,0.36436803013255376,124.56006822060331,11.09124881199381,12.308542,1.4287472,18.864023,Orbital+M1,marginal
2174319398251847296,Orbital,325.9716015515145,54.61626970950207,97.920595385992,1.1206125731018008,297.70947008267257,2581.293272867105,735.2358,0.6962958461459885,0.0645841,4.1447148753624035,5.3026013,1.4266058,0.7891717,,0.36966037170075483,0.4684156485979152,0.36257572660633614,232.94559561057588,11.081099284582963,13.699367,1.3241673,9.391536,Orbital+M1,anomalous
5916644696708384384,AstroSpectroSB1,256.9397785619271,-58.3798056384118,331.60216579310617,-10.622057517771786,263.57942072446394,1049.927351300755,42.663074,0.5896820986082512,0.023269454,2.13455905130495,26.985075,6.9689965,0.93442804,,0.3244635152380794,0.3472322133581043,0.28465907662386813,94.83146288958427,11.071508540611923,12.295164,1.1423283,6.669526,Orbital+M1,marginal
4143285406342152960,Orbital,258.9520944097061,-10.017808058175692,12.42093156909414,16.013079509658077,183.92691558983157,923.4246929866108,24.358662,0.27783226304783987,0.028616996,3.152225988855758,93.779724,0.80902255,0.7118699,,0.3187536506158875,0.4477695329575777,0.349881987376882,83.48323322093133,11.061199445196921,13.4514475,1.5960503,12.553573,Orbital+M1,marginal
5977727103154293632,Orbital,254.15094738593177,-35.785753999080576,348.47588187153383,4.597783473624644,165.47138462116465,844.5076674484324,16.33236,0.8850848899001171,0.085390106,2.797051378794411,11.702996,3.2478926,0.98289174,,0.31493902004814145,0.32042086400693937,0.26622318107615184,76.51132967124641,11.037681230702821,10.614337,0.8272972,4.6571565,Orbital+M1,marginal
1597185401218640384,Orbital,237.2620527195355,53.71299552419931,84.64469988431418,48.06156234108986,50.52884948818553,1190.9331873121666,18.726,0.3609270509803578,0.0057325345,13.48632134682341,90.496346,8.398017,0.77075785,0.24044059,0.3304898651645522,0.42878559518519765,0.3380094261075182,108.07409330166125,11.019599155812305,9.71844,1.1692486,36.287704,Orbital+SB1+M1,marginal
1886057170607136640,Orbital,345.194214419374,29.87982237820268,96.03209340317805,-27.148500534591143,126.85161151665632,1141.766370639662,45.627728,0.4622101127988562,0.014848058,4.58606216673771,24.535694,8.7835045,0.99840915,,0.3285936240597974,0.3291171994881843,0.272254495861681,103.76141337984659,11.003766558768035,9.770861,0.79624367,6.8904896,Orbital+M1,marginal
4488211347964024320,Orbital,265.85886400109354,8.35933349813058,32.77944998297871,18.88944888990812,195.3621393217466,866.591317417646,32.994297,0.5116948285564075,0.025831675,2.7731023523246465,23.654472,0.20450109,0.74273837,,0.3164505432191805,0.42605923923023103,0.33628818537318916,79.21743921162285,10.939400794093064,13.081566,1.3330898,7.366942,Orbital+M1,marginal
4060759636973422080,Orbital,266.6150185059488,-27.18913283745384,1.5884712766501157,0.7505991292166511,147.40903515774605,932.8559129447864,91.73188,0.44611628816503235,0.05549518,3.448744643574013,10.527546,5.477985,0.95475143,,0.31985485814262665,0.3350137506387758,0.2763156439412207,85.58495757785087,10.899764857582948,10.416204,0.9165125,7.250427,Orbital+M1,marginal
6830500934251570176,Orbital,325.03201891422646,-19.564377556937295,32.14686530316347,-45.700927875170265,159.7184716470927,1379.3467612193654,55.902733,0.5944103248084611,0.020216411,4.904885391896943,25.782364,3.1995273,0.73288697,,0.33817179855461504,0.46142422007405814,0.3583022371131273,126.99160129136156,10.861716422133135,12.597058,1.3518047,14.356087,Orbital+M1,marginal
5792439117270766464,AstroSpectroSB1,231.88184147186303,-75.23879106438316,312.5081302225623,-15.352918093296827,187.52895032007544,1758.9766546608776,168.40788,0.9000244861923554,0.007493846,4.668574761499711,14.669783,1.6619731,0.8701506,0.36607772,0.35067868742429864,0.4030091768765751,0.32156931046635506,163.1980135379916,10.778174418473528,11.779778,0.9647589,5.914268,AstroSpectroSB1+M1,anomalous
53804227846791936,Orbital,61.59712792678108,23.2350419091361,170.68088919542816,-21.067121297326324,249.3802030669034,1120.7331494703633,51.31672,0.7641433038553295,0.013927034,2.440386736647304,20.63979,3.6140275,0.88982373,,0.3288251543694743,0.3695396532191386,0.29964794672342,104.28068999143908,10.747274011730934,12.703807,1.1416931,4.8893147,Orbital+M1,marginal
4263525975057497728,Orbital,290.19605296353683,-0.26049502522204726,36.0588217328897,-6.645236193977967,88.27651071275015,885.1433067246725,9.855947,0.19081177144850495,0.024353012,5.9341516134230305,123.11157,3.962146,0.82989883,,0.3183866083672952,0.3836450844798106,0.30896776293697675,82.79170632789973,10.691207440743261,10.490547,0.993927,20.107126,Orbital+M1,marginal
367986445665672448,Orbital,11.618537629430413,38.83720022256601,121.87365755820835,-24.02435010841092,172.5111609824525,1275.1679581535948,73.90501,0.601455052880646,0.01843632,3.3220216403351963,17.87194,7.6366873,1.2263339,,0.33516859981800234,0.27330942387254853,0.23264763272757902,119.3125885211493,10.687622940370279,9.746081,0.6241436,6.9666486,Orbital+M1,marginal
569494319645906688,AstroSpectroSB1,38.49262306134043,82.34309011004498,126.4527620389817,20.1821576472545,92.09031021878174,1058.589271773593,23.553297,0.5623402645073347,0.008505724,5.751797531992619,47.04528,3.0380893,1.0761553,0.32570696,0.32650902096543283,0.3034032536717529,0.25427346034570597,99.1760645736835,10.67383825244555,9.144853,0.7395811,16.749706,AstroSpectroSB1+M1,marginal
4972983619466816768,AstroSpectroSB1,5.368071256080884,-50.82538659785179,314.44410406938346,-65.62780638461282,254.99759398776968,1142.0118419765663,43.49202,0.531291278045695,0.020014802,2.4809698329010663,49.517464,2.7196016,0.8487037,0.3140159,0.33018048504731434,0.38904094784272525,0.31250138677242545,107.36111193836251,10.637108924805203,12.595284,1.0905132,10.710278,AstroSpectroSB1+M1,marginal
3197091608384014336,Orbital,61.523597204402265,-6.459912463618024,197.98860030454594,-39.448318660676684,262.5950640597266,1922.5346298540317,364.0859,0.7190166549049597,0.043216042,3.485981007458582,8.470212,5.7067213,0.9211657,,0.3561380769569909,0.3866167347844006,0.31091596561995755,181.3127503048917,10.603416619190531,12.207805,0.9168911,8.911666,Orbital+M1,anomalous
6521090837416706304,Orbital,337.8764047727597,-43.0866217113591,354.2610482485571,-57.567587563022705,280.2256627519048,925.8440123294874,12.182635,0.7498185093742833,0.015806891,2.063176191823617,53.013496,-2.9215686,0.7267009,,0.32075149330243174,0.44138034289790673,0.34590798787367416,87.32644410774813,10.602103655876913,14.080189,1.513093,3.8863096,Orbital+M1,marginal
1990772660874811392,AstroSpectroSB1,349.28960840252734,49.51747318330598,107.62154070993871,-10.531025851897006,153.82602046760178,1358.3481260784372,60.517296,0.45359496298644775,0.017188735,5.010666394188658,27.740028,2.3408024,0.7449647,0.2867395,0.3387914481315581,0.45477515857234163,0.35421434851518785,128.62274937410245,10.560714435730556,12.338125,1.2803421,16.299223,AstroSpectroSB1+M1,marginal
1978463014042151424,Orbital,324.1357150231424,48.47312032703842,93.00996217289995,-2.743876189915605,241.54998095210428,1299.2606261119613,76.99058,0.9157521859792414,0.017813783,2.9765601626682154,15.628875,0.6869281,0.80320245,,0.3366867865980902,0.41918047745327347,0.33192703698864107,123.14794733725242,10.550404243067177,13.058997,1.2571468,3.6844513,Orbital+M1,marginal
6687233980742807168,AstroSpectroSB1,299.0862073577012,-40.95514100028594,359.0397479834683,-29.124223546883876,150.56297707688495,1144.1088713612494,59.81383,0.22606040090281748,0.050243404,4.404910251492022,25.014256,0.48658797,0.77239126,0.30734614,0.3307418188411149,0.42820502523852,0.3376432369340885,108.65744881623468,10.529502430120615,12.009211,1.1406479,19.009457,AstroSpectroSB1+M1,marginal
3800085534770336640,AstroSpectroSB1,173.60972282361945,2.2773542203601087,263.0887589537936,59.05763562483504,134.3655480175068,1277.4688869615707,57.204147,0.40396279287816983,0.030984012,4.976218422009503,48.976025,3.0022707,0.9107644,0.33421546,0.33618642679138494,0.3691255699031669,0.2993725267388902,121.87346292074677,10.48192819295122,10.846985,0.9034548,8.224506,AstroSpectroSB1+M1,marginal
3900553959513520512,Orbital,185.70790182053838,6.278118178387562,283.58271194423975,68.06868638990423,246.98651984504423,1402.6833890963153,117.39545,0.35691373731879544,0.041845717,3.1031696659146015,15.651225,0.18851297,0.79797244,,0.34082372293855123,0.4271121476716657,0.33695340931748824,134.08710673067517,10.460986319241854,13.230727,1.3482714,12.067162,Orbital+M1,marginal
711656912510415104,AstroSpectroSB1,134.47765235557458,30.55976832904942,194.34036585459378,39.31711894731075,238.61386291076326,3005.9180383693774,334.79434,0.919031108631257,0.019927405,5.702101428180713,8.284951,4.755326,0.8425031,,0.38205467276480676,0.45347570352216393,0.3534127165279862,289.6975568450699,10.376055880847282,12.4986,1.0439329,8.305282,Orbital+M1,anomalous
194220139112281472,Orbital,83.06497334875812,40.3729723201014,168.85312147798226,3.770165320454469,99.01188878680905,1013.0405283166581,31.672256,0.8373523648490107,0.037164427,6.322255754013992,9.686182,5.4956236,0.7157503,,0.3258354714971262,0.45523624921744776,0.35449858031874437,97.72872426880218,10.365842140027297,11.749935,1.4202728,15.2567425,Orbital+M1,marginal
5743562084500682112,Orbital,136.08441938152737,-9.448983967734875,238.37397546684258,23.96471406051919,286.5604014227863,960.0730972748004,86.284096,0.5139554187412675,0.06607487,1.6758267870580768,8.867218,13.595859,1.1298176,,0.3235017428151223,0.286330945258896,0.24208421661658625,92.84057984838059,10.34109328962304,11.329997,0.7027893,4.0420084,Orbital+M1,marginal
1823318208205404416,AstroSpectroSB1,299.9467926947301,20.217504496095863,58.71548784732935,-5.0376873281976,82.50378316198916,2244.430859761671,109.21747,0.7715027148005832,0.0073944093,12.55704325740136,33.119976,1.7667875,0.9235977,0.370789,0.3658326951820031,0.3960952888677416,0.31709517658939357,217.29995558589107,10.32872212840617,9.705996,0.8567667,19.070782,AstroSpectroSB1+M1,anomalous
3109923322973824640,Orbital,111.03342426492127,-1.1903935387625353,217.74371835216672,6.721139876092227,212.2750824717135,961.5882309676817,25.946312,0.28054208231597816,0.027509388,2.680885730847469,46.154247,2.5359995,0.80564874,,0.3236883852757415,0.4017735863720727,0.32077176479323094,93.22436635452034,10.31477357873246,12.5842,1.074399,10.969492,Orbital+M1,marginal
627755581079549824,Orbital,149.33158764897235,20.235195450506342,213.14268076412466,49.74388288137944,192.80920448418394,1317.108261131259,174.65117,0.8016528257562717,0.05526394,3.0334333017210264,13.480586,4.4969563,1.250652,,0.3387359731979853,0.2708475141145432,0.23084965229071858,128.47605817952007,10.25177982415104,9.732851,0.6414404,4.9801717,Orbital+M1,marginal
2990491037064370048,Orbital,89.70856751139108,-18.651546073487683,224.34969952282998,-19.73569601132416,176.57267403495803,983.8123335253354,12.201194,0.5168803600258368,0.007617052,3.4081182961827237,111.4934,5.616133,0.7441261,,0.325024451359021,0.4367868019333455,0.34303725397118084,96.00784218989922,10.247208051811002,12.690043,1.2442236,12.657889,Orbital+M1,marginal
5422561726362770176,AstroSpectroSB1,141.7593236474493,-46.47886218678188,270.47224401037556,3.107669013204822,189.4685993547633,1116.20111306193,41.806755,0.6486967513400921,0.013117972,3.4719026293219395,23.91309,1.2409087,0.7597028,0.30193725,0.33098049872380836,0.43567102553952375,0.34233821949952253,109.21232724204751,10.220468158215246,12.748286,1.3137474,7.633699,AstroSpectroSB1+M1,marginal
2231423874655990400,AstroSpectroSB1,340.1111232766723,74.38135313487292,114.3086911420037,13.745983356682599,107.80820020072917,972.4552170656896,11.659503,0.3445512278526009,0.008792532,4.597512898483516,71.6486,1.2582291,1.0880158,0.3172261,0.3248849535318445,0.2986031591621263,0.2508669374979485,95.71423689645927,10.159985061759013,8.72481,0.7725477,11.289994,AstroSpectroSB1+M1,marginal
5488238407745010688,Orbital,118.26644549228446,-55.26902637515464,268.4746742132482,-13.88860468753828,189.1948940120664,847.419596000847,19.252003,0.6101713322148992,0.012694332,2.895599979033733,40.223743,-1.7486554,0.713652,,0.31945157906657096,0.4476293382095672,0.3497950227683945,84.8105542676703,9.99191201281752,13.276704,1.5970993,11.916089,Orbital+M1,marginal
5820271295626802048,Orbital,233.62470852345888,-68.88741060334486,316.77234238642745,-10.51975887274195,277.49719458794254,964.1005662577433,10.698877,0.41419470037061057,0.016126484,2.1931274931958424,70.00631,-0.43725467,0.7067295,,0.3254376052242358,0.46048398752780184,0.3577255827258134,96.88153104456514,9.951334953761833,14.285227,1.6009321,5.822921,Orbital+M1,marginal
237071341361522432,Orbital,55.177868815012175,41.301270800520285,153.96369053508263,-11.152296022348505,211.9513993213195,1892.584232656803,302.3772,0.8671723030355154,0.059308585,4.407149597337309,5.714271,7.154447,0.87497187,,0.3588562630475994,0.41013463031550146,0.326151506586691,190.89567823998036,9.914232999437429,12.186728,1.0347786,10.60179,Orbital+M1,anomalous
1250921633121334912,AstroSpectroSB1,207.3764110514762,21.366917413199698,12.529082736756477,75.5779957973499,166.43986151980508,1299.662119133543,94.54199,0.896828135725383,0.06256198,4.565244915955333,12.308369,4.411314,0.72408473,0.54903585,0.3397346760414422,0.46919187721935884,0.3630486329977892,131.1369069568954,9.91072726429899,12.497954,1.3216496,5.8465753,AstroSpectroSB1+M1,marginal
6454830109194371200,AstroSpectroSB1,308.90976311030016,-61.230633226094824,335.2402556975382,-36.001599180394535,100.23970813449286,1348.0716217910588,22.116129,0.662481317865995,0.006891299,7.302173047105678,64.64183,3.363193,0.8350918,0.333613,0.34160069840117024,0.40905764661539146,0.325460790326794,136.22327201268695,9.896044940584808,10.688927,1.0317402,13.040603,AstroSpectroSB1+M1,marginal
5499194972393272448,Orbital,90.18848490009654,-56.35039790635501,264.6685308543942,-29.19308712647539,213.61479443419086,991.913508856555,39.94697,0.31709132994507877,0.034003995,2.2577581136872897,28.22003,8.048348,1.1905249,,0.3272308880817774,0.2748626914590664,0.2337797304789857,100.74568236531765,9.845717310839593,10.513613,0.6406822,8.632534,Orbital+M1,marginal
4095403878288983936,Orbital,271.1621697559403,-18.89612977665583,10.858767179913537,1.3202774517333833,204.95140054730592,1253.2021661556753,117.01373,0.43189493442390237,0.07534206,3.678849751972311,20.8719,-0.7689521,0.6932923,,0.3384120778912491,0.48812321763676625,0.3744871071202728,127.62218437425697,9.819626362769435,13.671703,1.7312212,10.851982,Orbital+M1,marginal
3482788190052425856,Orbital,169.07129878449916,-29.893379421267102,279.45938017307884,28.605182384362774,242.26771434470206,2796.7049836438127,635.1147,0.7638767215940868,0.047910675,5.232381398637555,6.9935274,5.8994,0.88129383,,0.38115303998692507,0.4324925758062208,0.3403431939613466,285.23914864892083,9.804772580800485,12.381365,0.964324,10.952553,Orbital+M1,anomalous
1347048945441402496,AstroSpectroSB1,262.00481219500716,41.0800758970059,66.21772968243907,32.578889157507724,178.31000815219514,1297.3254917479169,50.632812,0.4701239750648718,0.015898488,4.195331559828262,33.543312,1.9394966,0.7492582,0.34585342,0.34024181842554846,0.45410488567832896,0.3538009695478418,132.5043923226282,9.790811225254519,12.59778,1.2503242,10.3680935,AstroSpectroSB1+M1,marginal
1116646902317022720,Orbital,94.59865658589732,76.5219304135783,137.60727938586857,24.432556500426575,184.18579563962228,867.0247562544504,8.248514,0.4482408727495061,0.016333777,2.418393105003578,81.79684,8.738687,1.1339823,,0.32148190600010856,0.2834981690500058,0.24004173440301654,88.76535079265285,9.767603558281824,10.174834,0.689209,7.841552,Orbital+M1,marginal
4382711764168352128,Orbital,252.3041009115022,-0.4564145599777417,17.426737899733375,26.66655369222616,149.62133944388248,1207.0493328846499,61.576912,0.4324622597234914,0.024017183,4.389661477329726,30.368534,14.814652,0.87714475,,0.3368906317365739,0.38407643690054505,0.3092508822415328,123.67013014160237,9.760233384589938,11.25844,1.0637817,7.079048,Orbital+M1,marginal
5585319031007462400,Orbital,113.45605067938314,-39.135680841075846,252.35436995155337,-9.256418274825498,293.7657596763902,1496.3543854507423,172.33739,0.4068751925820387,0.05402471,2.7526516568336787,11.679852,4.4755673,0.80755246,,0.3477362417556913,0.43060514373222414,0.3391558859444631,154.0373073193932,9.714233593736369,13.4837675,1.2654285,8.740751,Orbital+M1,marginal
1414644171538142464,AstroSpectroSB1,258.38091617824654,50.4912980746666,77.303559905658,35.90290294632745,220.66705695018666,1983.661605839845,308.48068,0.6779662869106305,0.043960255,4.555185011343683,10.091865,3.0232782,0.81377655,,0.36252475550628666,0.4454843953338986,0.3484631762078914,204.44833850613216,9.70250783319693,12.6123295,1.1238384,9.908518,Orbital+M1,anomalous
1812912223993041664,Orbital,312.61789634744474,17.99275468128843,63.62799745850984,-16.21755556575347,211.32933944110692,1206.2761101754284,52.883747,0.7316486688303637,0.024211187,3.2191170795554993,18.3868,1.7805316,0.81509405,,0.33714876491127277,0.41363173165367895,0.3283897991307173,124.33385005913868,9.70191230788454,12.69083,1.3261032,12.456165,Orbital+M1,marginal
1039719257744770048,AstroSpectroSB1,136.57003763799196,61.18421268284507,154.2952352808897,39.61297093881553,178.30229399818572,988.6736392892611,23.290619,0.39257419344953365,0.011081631,3.3862100528484653,42.803604,2.746852,0.7549602,0.36211318,0.32777627120245373,0.43416365548420444,0.34139277325665807,101.94431506702132,9.698173347275684,12.509814,1.2502327,10.883994,AstroSpectroSB1+M1,marginal
2450474250496456832,AstroSpectroSB1,21.815096382330804,-17.577097022267598,165.6660646629763,-77.36799729984956,167.9002829993391,1103.2520161073458,83.94613,0.2620714440447013,0.026852893,4.028841781257653,11.196734,2.4493835,0.71022236,,0.332982788434757,0.4688430068675128,0.36283612707384616,113.95451445059132,9.681512149180334,12.923895,1.3857412,4.4300013,Orbital+M1,marginal
2125630377658372480,Orbital,270.7546637616181,53.30563051809105,81.26341603214897,28.499053359879557,282.8607458582258,3155.391644419163,698.0516,0.8700335586987249,0.025114445,5.004832220517479,5.8220572,4.614372,0.8555377,,0.38904822011416934,0.4547411696717182,0.3541933921716434,326.1495630261566,9.674676903265102,12.875619,1.00632,6.4625134,Orbital+M1,anomalous
1981049890022999680,Orbital,329.1431741374493,51.80586187689189,97.61335300869507,-2.25672222085323,274.89624672630794,1056.06688991856,32.547016,0.24654781067208192,0.020386312,1.9788917771351222,19.661312,13.260269,1.0413032,,0.33099585332095044,0.31786694474088073,0.26444233966960023,109.2480986141538,9.666684393734059,10.947857,0.85176945,6.448401,Orbital+M1,marginal
2109382993763712,AstroSpectroSB1,44.296836691527666,4.098236887535778,171.9677605867005,-46.45372716293153,89.91387829738332,4372.942864347273,1276.1437,0.91203010591529,0.033661,21.450132064307496,8.935141,9.474468,0.7622029,,0.4096132208234269,0.5374070485241362,0.4034385984045453,454.32221365869356,9.625201526316774,11.621256,1.5093441,32.59773,Orbital+M1,anomalous
4475461578630641664,Orbital,268.82189339712704,6.193618743124577,32.10400358250548,15.296222927554043,142.83146750224074,1337.5268335000899,86.015625,0.7151422803882804,0.0075431713,5.436873318874551,14.447426,8.858258,0.73072416,,0.3426649808555915,0.46893889860833204,0.36289454345772576,139.19219537063947,9.609208547494621,12.446574,1.3802862,9.1049185,Orbital+M1,marginal
2742920360387615488,Orbital,357.72720434835605,3.676621773873924,95.23843328324838,-55.90611680531374,147.5241042496213,1011.5148718910569,54.181065,0.2885329621682531,0.04732227,3.9053022056297086,10.266775,10.141789,0.8674602,,0.329308629838722,0.37962391030791864,0.30632310106867733,105.37154610914516,9.5995067856679,11.364838,0.96126366,9.013351,Orbital+M1,marginal
6865561027172501632,AstroSpectroSB1,297.0279066026407,-20.48915936847438,20.094548152478133,-21.32587880104344,197.1864659224638,871.6454142846504,33.73602,0.16169620490802983,0.037466567,2.440636827568948,18.087534,2.0644217,0.9867763,,0.3225340581791853,0.3268563104810206,0.27069128762685873,90.87042044590747,9.592179831538424,11.309077,1.0158796,6.920021,Orbital+M1,marginal
2484418059935411328,AstroSpectroSB1,23.942950400242115,-2.7066829283264053,148.3017973714625,-63.37345629856263,136.61933804042624,1067.426662832949,22.663824,0.3283436144283509,0.014573967,4.72427515770006,44.40589,4.2285466,0.74571025,0.42403817,0.3318833671910425,0.44505673019437175,0.34819733395670555,111.33126482213754,9.587842772991632,11.902262,1.1618233,15.56567,AstroSpectroSB1+M1,marginal
1625835680645084672,AstroSpectroSB1,238.02287621111932,57.89605234285648,90.05345161469708,46.034395404032225,238.32676073661267,866.9965346506954,12.416985,0.19786376086097085,0.017478097,2.191847833247817,64.5353,3.9358943,0.82820904,0.40765822,0.3223287511008091,0.38918767429623546,0.3125972333789312,90.45663953087097,9.584664422060555,12.511487,1.0839176,8.869635,AstroSpectroSB1+M1,marginal
2296115737218499584,AstroSpectroSB1,271.32532686824015,81.48143378395353,113.4249296614569,28.510106270206606,125.06741833497478,4471.058371787241,855.4905,0.8667586855465509,0.022674566,12.39793239029968,9.466327,4.125947,1.2618663,,0.41146700350017024,0.32607812203162045,0.2701524566049223,467.55588591172403,9.5626180880362,8.971069,0.5979662,16.625593,Orbital+M1,anomalous
5479495499297853056,Orbital,103.79540197986621,-60.86387425279267,270.9953738326151,-23.029690244012386,152.4721422107498,3395.7933036440845,838.08057,0.8977312903273983,0.01830149,10.128540722606356,5.8741255,8.285613,0.80521137,,0.39431492150403674,0.48970362135271983,0.3754338265729921,355.8800883408221,9.541959257894682,11.88984,1.1739073,12.968289,Orbital+M1,anomalous
4955724894682860544,Orbital,26.782368344117913,-44.36496101896016,273.5814082451928,-69.45483991406583,267.4087736042879,860.8791683692781,7.4338293,0.48102812367355013,0.02034786,1.6570893643699216,61.318542,10.092781,1.1398838,,0.32232429954725167,0.2827694470338302,0.23951538275023068,90.44768402250597,9.51797912431972,11.144325,0.6894007,5.3045835,Orbital+M1,marginal
5333046567779460352,Orbital,178.53387177102408,-63.50922574181304,296.59363737288066,-1.344849502126908,286.8330296314713,1209.878352074475,47.10805,0.6190900616355037,0.027324043,2.429392397148625,42.9345,-3.5294888,0.78191817,,0.3382274291697248,0.4325611591881313,0.34038630021638094,127.1373808241612,9.516307039137539,13.677455,1.2914934,7.2307158,Orbital+M1,marginal
5610717058112215424,AstroSpectroSB1,104.26737830660979,-27.43144807016751,238.2597543627261,-10.991156097985893,257.4430729931523,2848.5241544973264,499.82974,0.7655006340822723,0.033260208,5.2073460018568785,9.638032,4.0066543,0.81146836,0.6180861,0.38396852641112533,0.4731774447525414,0.36547190254527545,299.3407979791601,9.515990381958021,12.587873,1.0329494,10.8948345,AstroSpectroSB1+M1,anomalous
2949834601765533184,AstroSpectroSB1,104.3673296405657,-12.308575386623229,224.5862254733622,-4.262401282747355,217.9940150442556,848.4049104503656,25.982529,0.5047532814709698,0.02510522,2.38884201237178,38.143356,2.674943,0.8060958,0.43652588,0.32169324523214843,0.399075709904259,0.31902727704430034,89.1851070948464,9.512854086143616,12.559847,1.1960392,7.3549666,AstroSpectroSB1+M1,marginal
730544838646482560,AstroSpectroSB1,164.17170233215037,27.608270720169216,205.17056283323066,64.57617684042806,180.74093689362573,1207.134420348039,149.18045,0.7230639129456188,0.09183458,3.5280197915889735,6.7084556,3.8900144,0.9381843,,0.33816025345696565,0.3604411690902668,0.29357194199125175,126.96136376265045,9.507887947743944,10.94443,0.88131905,8.077405,Orbital+M1,marginal
3971704559537601792,Orbital,168.1167243267748,17.53220899912583,230.55556226487332,65.24389135964825,255.23824358954,972.4490839978638,70.53841,0.21703041859633088,0.055526543,2.383314152118736,27.43382,-1.3093659,0.72647315,,0.32808810273084044,0.45161765653652464,0.3522649375757443,102.63461870797148,9.474864292766501,13.81448,1.5111828,9.8274145,Orbital+M1,marginal
1411022277157013760,Orbital,246.52125685176875,48.53007151255407,75.38101247425156,43.70172523281422,169.42835396729495,1357.70422972664,39.53637,0.9254318590129724,0.02383888,4.583157390426879,46.544228,8.083565,0.7526331,,0.3441569713425042,0.45727057941775673,0.35575127225650055,143.43871021468956,9.465396249691024,12.550182,1.2416372,11.3071,Orbital+M1,marginal
4732055534914752640,Orbital,58.425037855560966,-53.74610879454062,264.3290897746478,-47.406276748182506,262.3046673052061,914.3259729171348,13.29127,0.18713774759555463,0.015352412,1.976524421748655,48.37453,8.146099,0.91893494,,0.3253167952225669,0.35401504568456943,0.28924957300571935,96.62541929272093,9.462582202590385,12.030499,0.9421749,9.496852,Orbital+M1,marginal
2854544258308064896,AstroSpectroSB1,357.93406894485514,27.371501812654287,106.98483740303837,-33.644731526006964,222.6764616411135,3481.2215341109877,732.1918,0.7472939531506974,0.037972152,6.828100779572939,7.09091,2.4558203,0.87229335,,0.39638163907692475,0.4544132288489777,0.3539911642247005,368.1057423703139,9.457123683251002,12.101276,1.0066166,8.555925,Orbital+M1,anomalous
5871170510722673664,Orbital,211.32531234414614,-57.701937000822454,312.6968792360662,3.7626543032441493,234.30915951416338,848.67883393387,26.80549,0.5151401513483244,0.05420508,1.9462338789024305,36.03139,13.340301,1.0565767,,0.32198268914084827,0.3047414166505438,0.25522028136909986,89.76249611661743,9.454715172261759,11.325566,0.8575468,2.6628354,Orbital+M1,marginal
1103280620496479616,Orbital,105.10377984343981,68.55990369263435,146.8926923510017,25.923410854742738,175.8567874072834,1095.9035377609741,38.036724,0.8465898108359668,0.010965888,2.784461236398121,25.532751,10.409338,1.3583581,,0.3343195344859005,0.24612031501083753,0.21254006617706322,117.20851237194402,9.350033675739224,9.169302,0.58712864,7.45269,Orbital+M1,marginal
3037784365073394048,Orbital,120.97153661953416,-11.34419597257192,231.55595537896187,10.461676512901713,238.37772685624745,1120.5738649375205,75.6136,0.34187031666298895,0.035094637,2.9475789614236474,13.336485,-0.0125165805,0.6767742,,0.3355038352703194,0.4957396919057424,0.3790382283944334,120.1513797201413,9.326350371902352,14.383453,1.8432798,5.8074055,Orbital+M1,marginal
1825932129609588096,AstroSpectroSB1,294.6962756558539,20.290726673729186,56.285038313843735,-0.7507122913129768,178.1023135859955,939.6661174497532,30.55796,0.5675081005203618,0.016586076,2.8857971098538946,33.386627,2.8918366,0.9800429,0.459438,0.3272940816749,0.33395894208947097,0.27559083344505414,100.88400373359264,9.314322218328659,10.341189,0.8328495,5.875655,AstroSpectroSB1+M1,marginal
6815829635206187008,Orbital,324.34760810311474,-23.374600491002973,26.640228740849317,-46.228657562480045,66.06830556234236,2555.8554876770822,157.88954,0.900777229097037,0.0049713287,18.289262979202913,19.927656,9.88518,0.85095644,,0.37919695340206827,0.4456126490030199,0.3485428812491587,275.7501532416091,9.268736418208519,9.629596,1.0633307,15.629721,Orbital+M1,anomalous
6131463082335709696,Orbital,183.1654000615903,-46.573360874017965,296.0233303481971,15.777582514686987,111.80643611286622,996.5870548391242,10.292345,0.25536142697897163,0.007327184,5.5684533060138595,77.84426,10.25824,0.7248486,,0.33051014216872704,0.4559712599036688,0.354951433828394,108.1209508896046,9.217335277199657,12.0165205,1.4572887,30.018208,Orbital+M1,marginal
6806133351401817856,Orbital,311.1527278255396,-25.06316032731495,20.130569052128568,-35.11945993535457,152.7742068789804,1452.0086977083954,47.230297,0.3721164193205156,0.016172744,5.453667293188159,47.136005,9.712918,0.7283521,,0.3488965370108135,0.4790217847921743,0.36901063598231615,157.60055632648456,9.213220635467943,12.54746,1.3743505,7.20505,Orbital+M1,marginal
4610125884445820032,Orbital,271.0958160248927,38.27879718783892,64.83191764380254,25.14517518767862,284.87195653569654,1829.7239664193578,285.22842,0.5217363514523583,0.060680017,3.3852398937345303,9.498193,0.68138605,0.7868429,,0.36112975329638164,0.45896043704156386,0.35679019171768867,199.2094122873767,9.18492728536252,13.765645,1.3941631,8.314327,Orbital+M1,anomalous
6366236822349425408,Orbital,294.3112778546947,-76.44722514177967,318.1552171213895,-28.99249289474842,103.03277177304481,2102.78518959434,341.40857,0.8281034062767803,0.02241353,10.17240505323687,7.7628503,4.0030193,0.832988,,0.3688251686172971,0.4427736751284641,0.34677649484273854,229.45928064651534,9.164088650803821,10.758404,0.9562807,13.28371,Orbital+M1,anomalous
3810615866866480768,Orbital,170.19379562844443,1.4376089137771242,258.88791504486807,56.34967502168017,172.8062159673691,2004.4152304341142,292.12714,0.7938566679265618,0.02954345,6.3584574518515655,14.135321,0.40995392,0.6896649,,0.366200050016827,0.5309825827818688,0.3997300295378547,218.76501052355636,9.162412332927806,13.312679,1.5854311,15.291746,Orbital+M1,anomalous
5714215118426872576,AstroSpectroSB1,120.23914282334836,-19.106012118582303,237.9060174881645,5.851242790646332,212.06103181402335,3312.7979616295956,625.6939,0.9438962942400269,0.03899291,6.5900248902823915,8.44356,3.898011,0.9701397,,0.3955252493352186,0.4076992793454127,0.3245886664178969,363.0007851457605,9.12614544428427,11.288307,0.83903885,4.7129216,Orbital+M1,anomalous
5616649821003629184,AstroSpectroSB1,110.67465071414098,-25.2192115224354,238.83664812397316,-4.864700299484665,159.67626990515993,4178.749640818633,1162.9268,0.9688957105531554,0.011491822,11.372675577128133,7.1085005,8.108,0.8179306,0.5444249,0.41015907611533403,0.5014595205913195,0.38243719930645687,458.18826814636407,9.120158527244897,11.371152,0.97539616,9.591681,AstroSpectroSB1+M1,anomalous
6862592345773991808,Orbital,308.1900086497036,-16.95058573798549,28.114868410999495,-29.81298787402677,201.13034149023522,1009.3304798694735,29.327717,0.5052520859235013,0.03479761,2.7928381004025664,27.380108,5.788482,0.9225838,,0.33177386487453614,0.35961379144617034,0.29301687435701274,111.07258454972899,9.08712517999957,11.342938,0.93221855,8.265896,Orbital+M1,marginal
542400566432872576,Orbital,46.783705749544104,71.53073647874481,133.324624435143,11.451993807694647,281.045724958017,1115.6180251287756,72.3896,0.2119409396264563,0.020189196,2.22084439018492,11.934565,-0.6939941,0.8729232,,0.33657488241812034,0.38557216053642396,0.3102317455856623,122.86201645411296,9.080251629643742,13.275381,1.3083944,6.161501,Orbital+M1,marginal
4723043838830473472,Orbital,51.491405237539084,-59.76432671268259,274.8629360771302,-48.07698525577969,204.31860845436682,853.3285005684731,6.325048,0.6206204129144179,0.017074225,2.6217404969710416,76.70663,-0.53515506,0.77569574,,0.32417052872922586,0.41790938317839865,0.3311182651551431,94.22149407323143,9.056622471993958,13.044521,1.4017763,8.339231,Orbital+M1,marginal
2909827702954118656,Orbital,89.8646474008139,-28.033025180099717,233.7937204065043,-23.013601162143516,212.3549909860717,995.6969974708293,33.002693,0.4847254956389281,0.012425222,2.847130376983552,30.421623,-0.26086792,0.7745852,,0.3313290149624085,0.4277502595415279,0.3373562676482026,110.02650691005117,9.04961018425161,13.231968,1.407134,7.218912,Orbital+M1,marginal
6398087097225218944,AstroSpectroSB1,336.20811164588656,-66.86232339948509,322.1035893521476,-44.416983128257776,88.96555206737251,1243.9744703714043,65.90028,0.3560276127324569,0.03232949,7.849252018542606,45.767002,12.957172,0.8256151,0.35008126,0.34207472712754444,0.4143271166037029,0.3288340481341395,137.53947529553056,9.044490446822492,10.48108,1.0292406,12.707523,AstroSpectroSB1+M1,marginal
3042669185996152704,Orbital,118.56432224665018,-7.621667423147663,227.07183855027623,10.270616708626877,233.97722092624403,1407.8189663291218,138.90182,0.6849105253499249,0.028503448,3.2560647743037845,11.125609,4.873882,0.8434484,,0.34836488411639976,0.41302453583520493,0.32800166613786147,155.95999004998959,9.02679569213794,12.717358,1.1854191,6.710689,Orbital+M1,marginal
1117111892655320704,AstroSpectroSB1,135.59523155832915,67.8505360378773,146.37559193370518,37.1415245027766,134.40616505127537,1419.6683333550534,61.984734,0.31664029818783573,0.020261658,5.034987246321258,32.45447,2.806462,1.0909587,0.3409799,0.349090477909533,0.3199850491815095,0.26591959800631976,158.20234549862573,8.973750223996431,9.6894245,0.7254267,17.201252,AstroSpectroSB1+M1,marginal
6861848216919367424,AstroSpectroSB1,311.356881155794,-17.51482941625372,28.811747705048138,-32.83171544865163,113.16396254663147,1102.3642581540105,28.4443,0.4175999609664634,0.009355522,5.444835076276716,82.293396,5.0663667,0.88259923,0.26793134,0.33673170149281256,0.38152276627870974,0.307573155049037,123.2628566382446,8.943199015655308,10.665834,0.95560074,6.9584193,AstroSpectroSB1+M1,marginal
3531358639470021504,Orbital,168.74529687362795,-27.623792624906997,278.0760296380751,30.55083737139842,227.65180823865504,902.0113667925353,9.435994,0.32771737954215036,0.04233856,2.433514983661697,50.57938,7.246887,0.79440224,,0.32735894384744607,0.41208209979881794,0.3273988261991653,101.02613093897217,8.928495612065179,12.791591,1.1618176,8.090386,Orbital+M1,marginal
5954345193758380416,Orbital,269.27425804949814,-46.16031478567425,346.1652541193823,-10.608366767935934,268.12741364219124,1056.3281727282779,63.53254,0.7048935976582863,0.08027712,2.3678029666481817,12.883301,1.0145963,0.7733319,,0.3349511530047159,0.4331273046160571,0.3407420373675788,118.77095586532675,8.893825641397028,13.702962,1.4493818,7.0168753,Orbital+M1,marginal
6418994345189354112,AstroSpectroSB1,274.7668438274689,-72.28251082405689,322.0885572545974,-23.342581324234743,191.07786728218204,887.4931009376421,9.899336,0.15717548975408746,0.016316883,2.4482074704235566,72.460754,1.2405562,1.0919398,0.32953238,0.32679574913546017,0.29928000340220606,0.25134824883409007,99.79722803965682,8.892963445687846,10.61496,0.72833633,8.307368,AstroSpectroSB1+M1,marginal
3327806047522918912,AstroSpectroSB1,99.39709641997442,11.025327401613449,201.54982059604123,1.9740282843096142,208.8037527839794,1874.5255119621365,175.71294,0.8769515286003533,0.031455997,4.598209949262433,13.41398,2.8409228,0.8347676,0.56115985,0.3641909161224632,0.4362782226261712,0.34271871288074873,210.84534390621747,8.890523628522299,12.10863,1.0131826,13.087039,AstroSpectroSB1+M1,anomalous
1983200809628942336,Orbital,338.483440308284,46.06452558200351,99.45599778488365,-10.445670254863414,96.82510113272964,1251.9173168042755,21.721186,0.6818741573978315,0.009618604,7.464011150492493,99.48826,12.46106,0.77873784,0.37782127,0.3432680497496421,0.44080052461696795,0.3455462605189952,140.8967095131791,8.885355244489755,11.0439,1.2045202,17.326569,Orbital+SB1+M1,marginal
1940487531671284352,AstroSpectroSB1,356.5207542590599,49.59090144860127,112.19065978084664,-11.912957285626996,161.86808996595744,1909.543554528458,107.04413,0.8619068590919262,0.017152645,5.978046001096821,24.791924,5.95245,0.84763837,0.43972734,0.3653741176900097,0.43104952680545616,0.33943560565671815,215.48181526740228,8.861738760455534,11.512715,1.0195646,7.7445683,AstroSpectroSB1+M1,anomalous
5985470821753778560,Orbital,236.5934069669297,-49.79423128190049,329.5003275150764,3.8344386960288666,291.2792688011242,2012.5273217527522,399.17963,0.7895313188208971,0.043796003,3.5101387534345325,6.350193,-0.050821714,0.8228361,,0.3682701181484119,0.44756193569554015,0.3497532083827012,227.1649246892135,8.859322470254199,13.598901,1.3445091,6.196224,Orbital+M1,anomalous
1957434815485956608,Orbital,336.2334207040265,41.0049907096833,95.30236498823162,-13.876696583655345,98.24982155924793,854.4153347740775,3.2488275,0.7090925038689476,0.00849293,5.706060634207873,156.21873,12.493996,0.7084957,,0.32525705570149427,0.4590812145816482,0.35686438802376086,96.49896894547177,8.854139522017878,12.1576805,1.649188,16.365133,Orbital+M1,marginal
6637964040068095232,Orbital,284.31015696055016,-55.97379467360118,340.3511610330839,-22.986790487532737,175.62207287400594,1002.1945474155083,19.0072,0.8468797617836652,0.017375216,3.585230562026437,54.47579,-1.8122321,0.7211033,,0.3326759567807978,0.46134298913549854,0.35825243555876285,113.21762094872666,8.851930812690158,13.097435,1.5354424,4.812192,Orbital+M1,marginal
6714090209383614336,Orbital,287.8026333739251,-41.57850901882216,355.94918611400317,-21.09883312826297,264.1071124568458,1420.4018107843578,235.36105,0.45898143689450954,0.045000866,3.1340510849318397,7.14981,1.0148548,0.72022974,,0.35026340796068883,0.486321775010663,0.3734064555855683,161.88008444491157,8.77440739949531,13.964415,1.568182,3.33734,Orbital+M1,marginal
5933398264635301504,Orbital,243.42734882179943,-52.07979864083887,331.2724462205665,-0.7050622428376737,107.74866876568139,1171.1564987846264,53.64466,0.37855467349293004,0.021962628,6.401896534477884,22.741096,12.782487,0.7723607,,0.34071102587202984,0.4411294277366965,0.34575147340028645,133.77944141677077,8.754383232443432,11.733465,1.4143343,5.576309,Orbital+M1,marginal
2007232319894578688,Orbital,340.47546646681246,57.30186216695402,106.10957075476357,-1.2770681049170303,246.1092524231022,2444.4109056431867,383.34387,0.9075300414107179,0.024548233,4.959323839415368,9.7069025,0.1563591,0.7823411,,0.37992529625228627,0.48562613579153424,0.3729887198539393,279.2541979139772,8.753354198085054,13.554109,1.4348965,7.973775,Orbital+M1,anomalous
5058352691544196352,AstroSpectroSB1,49.96660023808122,-29.881600607564618,226.69143193584776,-57.41455942460302,194.46126565455492,1674.2118388729095,197.69125,0.5976146063362492,0.026307229,4.471820022840514,10.715705,8.462678,0.8581146,0.49063343,0.35930592745046946,0.41871555078358913,0.33163131866629225,192.51820234242763,8.69638204856613,11.787872,1.0135221,6.7840986,AstroSpectroSB1+M1,anomalous
2339241744354696320,AstroSpectroSB1,358.2460289446878,-23.331716039987622,45.74028304994513,-76.25641153368264,71.96074390075577,1193.7001261162163,44.125576,0.1671160856841463,0.015649408,9.897024102906885,38.159275,2.5812945,0.7455202,0.32217723,0.34199571981574745,0.45873435959474695,0.3566512868027606,137.31941705756068,8.69287207661134,10.707505,1.2958708,34.354553,AstroSpectroSB1+M1,marginal
3459887188210291456,AstroSpectroSB1,181.26979954529722,-37.37786215194907,292.8208127616296,24.582020259563336,285.25261220045246,1084.836392319553,65.2021,0.15533390738764194,0.036676593,2.1061620048368144,20.095844,10.327168,0.91238904,0.42020017,0.3373540099060074,0.36974798591233604,0.29978647574550893,124.86355671648253,8.688174683208826,12.20506,0.9389658,6.602433,AstroSpectroSB1+M1,marginal
4838486959110132480,AstroSpectroSB1,61.01755624478791,-44.459612165685215,250.3121839524658,-47.997677219063,59.89840707190126,1306.947041083294,27.966364,0.8476994013554462,0.007882281,12.678372116451342,54.922356,5.6681476,0.75661093,0.37224677,0.3465771885612647,0.4580652682044275,0.3562400312919789,150.54074897127913,8.681682866694382,10.459314,1.4027557,7.037607,AstroSpectroSB1+M1,marginal
507523679645550208,Orbital,32.480626714834834,60.094221316600326,132.57233994199262,-1.3002936750994343,291.27658962289377,1028.4363160671064,81.985535,0.4980562233278422,0.035699785,2.150602443597541,14.423024,0.13429298,0.7660364,,0.33496507509679396,0.4372704468342593,0.3433400471929421,118.80557663456429,8.656465001053679,14.227673,1.596426,3.1275592,Orbital+M1,marginal
4247256016140833920,Orbital,300.0811638616651,3.5150169570709857,44.16326085438998,-13.59434885948588,234.090589828837,1244.8157232221888,76.67248,0.4424094688536719,0.054034207,3.027251684481107,18.860447,-1.8379787,0.80988485,,0.3443024551115046,0.42512519739383337,0.33569754667075075,143.858116017871,8.653079559776451,13.192375,1.3565559,8.915518,Orbital+M1,marginal
1270150545302725504,AstroSpectroSB1,230.6809730361869,25.778519274518004,39.41040688345095,56.23917744598308,218.56554710914196,927.4357207212208,26.613983,0.6069249207751997,0.019164074,2.4249045801239615,46.352016,13.329184,0.91830814,0.3091837,0.3301672129194133,0.35953858944758466,0.29296640202489393,107.33060773478874,8.640924898262865,11.749393,0.9279156,4.794724,AstroSpectroSB1+M1,marginal
5552907004467589632,Orbital,101.6791305401699,-45.573157741965716,254.8802442228614,-19.78379202756742,68.16685573999732,1609.1889270895654,288.19534,0.8944334154775558,0.015790805,12.724432573116552,6.555156,14.394837,0.8085288,,0.35756617030983684,0.4422429711102789,0.3464458140921126,186.29960373833924,8.63764009584098,10.072973,1.0877752,20.414026,Orbital+M1,anomalous
236564329061181568,Orbital,53.350000179907084,39.75534807571466,153.78128254957227,-13.22302087079454,275.5991003172064,891.4196971805784,38.535713,0.3229370966396186,0.03379119,2.1137702090965202,20.894323,2.729191,0.70441514,,0.32835472751302025,0.46613808773448273,0.3611863586665722,103.22772620152445,8.635467717658727,14.3870945,1.6493998,4.761223,Orbital+M1,marginal
4863626192967819008,Orbital,55.437789821070716,-31.783607944772466,230.6141396740711,-52.8677866680416,292.12919667203863,961.3055795720469,30.45509,0.8463064895806782,0.052686207,2.013605213406571,21.600103,1.9165837,0.7836045,,0.3319083561484604,0.42356616764475596,0.33471061941925234,111.39036251975543,8.630060606917914,13.483071,1.2218828,4.9030695,Orbital+M1,marginal
2998471017579144320,Orbital,89.39061914242573,-12.011790385511835,217.81937729410242,-17.31654998329771,294.8716409615298,1471.5639605346933,137.92252,0.5823214691129522,0.03450105,2.7134331224652697,17.372738,0.7713306,0.8283862,,0.3531821501262207,0.42634963671874493,0.3364717188271304,171.32080540577107,8.58952277891359,13.123794,1.0903082,8.846931,Orbital+M1,marginal
276487905502478720,OrbitalTargetedSearchValidated,63.80740151347268,54.963733958060985,149.44602699422825,2.949182754637572,57.1654411118528,900.3789235797041,7.5536833,0.44986633027983103,0.0074763848,8.286972858311328,88.24987,-1.3382733,1.0981084,0.29143465,0.32907295351917315,0.2996725553434809,0.2516272506071056,104.8386913114195,8.588231237121812,8.050362,0.7085929,17.21023,Orbital+SB1+M1,marginal
1149302088424031616,Orbital,121.02317247314825,83.91901303360946,129.53204656128514,28.868973022621695,57.22471694536693,1565.40207625739,90.292595,0.42734184197458974,0.02714941,13.68982641496375,25.423841,2.4016144,0.9590088,0.30397984,0.3564607099600589,0.3716970117099526,0.3010811789122483,182.43018453176663,8.580828223548751,8.436241,0.84579086,30.632505,Orbital+SB1+M1,anomalous
5411798778836878592,Orbital,149.26040971794924,-45.44635732938078,273.7372948161763,7.310418132270739,199.11914930097763,1014.446130545442,19.804096,0.545128159498653,0.012966126,2.8781596703021237,68.56761,7.20879,0.9051472,,0.33475495118735527,0.3698348214383598,0.29984420843757154,118.28388487535057,8.576368045524386,11.505052,0.9338913,8.640932,Orbital+M1,marginal
806878777004415360,AstroSpectroSB1,151.25130659834502,41.69753356167714,178.69269601753913,53.147949631593214,93.1521938103422,2447.3690945055946,256.12277,0.8776077213648534,0.013149151,11.366222951306574,15.781324,1.9770544,1.0667346,0.37876463,0.38128818461953595,0.35743492490012385,0.29155308369198246,285.9039909670131,8.560108189563419,9.250694,0.7340574,10.877187,AstroSpectroSB1+M1,anomalous
4351641489712639872,AstroSpectroSB1,246.5784504076139,-7.918326966184805,6.906669312180517,27.310272736508963,233.54065193618194,1359.7194011927547,218.30534,0.3456278436229735,0.08803,2.951710645211998,10.410495,5.943239,0.99388903,,0.3493873170748846,0.3515355388730038,0.28757486441053026,159.12688254025696,8.544875507435169,11.530046,1.094554,6.8292484,Orbital+M1,marginal
1089568267386531968,Orbital,115.10850827539677,65.2936851312361,150.93504668997534,29.54881499939601,154.2246436579171,2301.2219974702703,201.99765,0.6550967243319282,0.017388418,7.452221575892604,13.235395,9.355435,0.81002223,,0.3779100743152796,0.4665428404618408,0.3614334637718538,269.64267426321965,8.534339023888572,12.213781,1.3241673,14.437977,Orbital+M1,anomalous
426913740574861312,Orbital,12.74413349092086,60.478802283509474,122.87503394824815,-2.392896755026459,197.47896549917536,1889.0630691846143,180.04219,0.6353094901421804,0.027583646,5.071333361585529,13.980208,3.50754,0.77979517,,0.366853244330027,0.4704482132273935,0.36381338026623233,221.3889922650792,8.532777758538023,12.728709,1.2615118,10.224022,Orbital+M1,anomalous
1509378780582007168,AstroSpectroSB1,210.65251811262445,47.470228054334605,93.24702570856543,65.34794024034923,197.9963181837547,2323.005188276249,248.14575,0.7773234437706812,0.017580913,5.988283756415701,12.843833,2.4552853,0.76914597,0.4376061,0.3786403326732318,0.49228670450034806,0.37697850999253957,273.0953918370182,8.506204270420666,12.554669,1.1412525,10.776601,AstroSpectroSB1+M1,anomalous
3725001324522112000,Orbital,204.91924034356245,9.172075645600179,337.5890447432746,68.73325391623075,87.70979865339068,1640.1216165476421,114.24218,0.3526340659628491,0.03387071,10.257834196039125,20.098999,12.690935,0.7744976,,0.35945358255637605,0.46411192166749393,0.35994808968527586,193.0533187323601,8.495692419675148,10.947058,1.2325773,17.833973,Orbital+M1,anomalous
246534975382564096,Orbital,62.659869944740514,49.14989449624869,152.9203943447201,-1.7659968627345886,213.17020249779924,1020.6773152484067,66.17656,0.32140936194173236,0.036043663,2.809408255630413,12.374635,3.8985264,0.83634144,,0.3355279153338687,0.4011853281621539,0.3203917474850088,120.21180641267235,8.490657828936927,12.962697,1.3766155,3.9318006,Orbital+M1,marginal
3545489391112212608,AstroSpectroSB1,170.20467074794993,-20.22454236384551,275.7073438548346,37.81011272805844,120.52668868866786,1139.4467852555772,46.876076,0.6807869577249908,0.014511823,4.954811632912982,30.601889,4.848933,1.0044876,0.36422628,0.3408802714867103,0.33935735996006644,0.27929272726135945,134.24169263397397,8.48802456895724,10.138374,0.78135395,7.212277,AstroSpectroSB1+M1,marginal
1326885173497849856,Orbital,251.95179713714282,34.56787886572321,56.76463035246928,39.43168058418619,263.73874412758573,1171.145239856993,49.097336,0.6439540607237657,0.018315705,2.6236841912729614,25.531345,-1.0164946,0.7730646,,0.3422433376118234,0.44270987405847073,0.3467367485330559,138.01002157058244,8.485943459243895,13.405104,1.2770796,9.060122,Orbital+M1,marginal
5924308017884895360,Orbital,255.85966273986946,-52.524528626322734,336.0110038534264,-6.663968591108829,293.502662419721,893.5861646456121,27.607197,0.5546760882385108,0.036166117,1.9904980870762181,20.282232,0.35925028,0.70630985,,0.3293789653511077,0.4663377737500731,0.3613082793394916,105.53097931430827,8.467524611746462,14.568085,1.6846361,5.3311744,Orbital+M1,marginal
5820077545371162496,Orbital,232.82370407863203,-69.83702775007981,315.97226469692856,-11.122985703762525,101.16563900074694,1037.8328746225282,14.04981,0.22453829504967046,0.015519846,4.808309223821718,108.04805,2.382794,1.2993371,,0.3366577196509197,0.2590995878140324,0.22220815883397066,123.07362750305035,8.432617902619354,8.296159,0.57515144,11.269389,Orbital+M1,marginal
1762127362454607104,Orbital,310.16142299315385,13.87547974405732,58.70208419275797,-16.675841731660174,259.0780663836019,886.9086651090194,17.27237,0.4556291185067085,0.024414882,1.908599410349031,39.16385,4.446751,0.99046785,,0.32932390512533766,0.3324932821640262,0.2745825009023852,105.40615546886569,8.414201819276007,12.085119,1.0458727,6.445119,Orbital+M1,marginal
390145728136316160,AstroSpectroSB1,11.954662835574462,46.99810592720134,122.29037705212806,-15.869135667617561,147.95732499272918,1030.8422103686678,38.195545,0.2639658826029967,0.02514801,4.035872618238842,23.193983,2.9971907,0.85729533,0.2926417,0.33647531330695,0.3924847130613708,0.31474762032727094,122.60803776571709,8.407623424643907,11.316881,1.016674,6.0093894,AstroSpectroSB1+M1,marginal
6045876581833299456,AstroSpectroSB1,246.42337927026705,-26.10262119857556,351.6285488445061,15.905479568650312,183.850288889701,904.6671085614519,39.828453,0.22118680562802037,0.027131112,3.1575174040668474,30.393831,1.7979476,0.7333969,0.65395916,0.33047368493315377,0.45060688208514954,0.3516397786654133,108.0367141680671,8.373700695433111,12.791743,1.5105963,5.062165,AstroSpectroSB1+M1,marginal
420351030544230784,Orbital,0.7966381895111637,54.515646948672085,115.9004760320362,-7.6960312209095925,194.66329646946957,1187.54424072553,90.65035,0.449236075963997,0.01357368,2.7103004169141114,8.477823,7.67117,1.3654169,,0.34363612421753953,0.25167121348651655,0.21669058082059003,141.94498477156677,8.36622894874838,9.434498,0.5745745,4.917055,Orbital+M1,marginal
4386780678746415232,Orbital,259.44945063443976,1.6018162614102416,23.26737457943029,21.4819408367276,159.30899698340986,1372.4342273455304,79.69339,0.7932597927358387,0.021285644,4.923229256937456,22.26775,6.487741,0.77372706,,0.35094605145695085,0.45357861950088996,0.3534762377986903,164.0509245723042,8.365903641955034,12.682206,1.4582176,14.610982,Orbital+M1,marginal
1223704906404487424,AstroSpectroSB1,236.93353716481562,27.697686615672232,44.280913826743344,51.08516695305684,184.44503825084345,954.5166164896112,30.101192,0.6961406902746194,0.023395555,3.2883195822355735,30.681543,2.7095203,0.73095095,0.35594773,0.3332090327548023,0.45585689715057576,0.3548809915532434,114.50025286831703,8.336371253147968,12.883207,1.3781023,7.279488,AstroSpectroSB1+M1,marginal
6476074799851403904,Orbital,308.9662350652473,-49.06297491855152,350.34210746642253,-36.946890044318295,206.5968845043516,1169.1981842123116,216.14491,0.23213873226428217,0.11238381,3.115208326174824,5.220605,7.3138385,0.90358454,,0.34325735232197374,0.3798840475553633,0.30649448244146504,140.86633357293977,8.300054062292377,11.716723,0.93258095,11.024977,Orbital+M1,marginal
6529471555558842368,AstroSpectroSB1,348.0659218961081,-44.84575353092502,344.59641615558184,-63.43212058993364,105.73024480038737,1726.8757560212343,159.17035,0.4897787614474538,0.03415322,8.94649095915548,15.719073,7.8882737,0.76334596,0.42502296,0.3636528804655802,0.4763932751919071,0.3674212328498497,208.7628518291528,8.27194944354599,11.3912735,1.2995949,7.781707,AstroSpectroSB1+M1,anomalous
3250219563561662464,AstroSpectroSB1,56.9097003789275,-2.5783965814391876,190.4562839035262,-41.26382103638064,172.80785538695514,1111.7463969460416,51.83331,0.3939652521907326,0.019959597,3.9277181802781023,25.577585,1.4786867,0.74356735,0.37251005,0.34117565458435056,0.45883625164453357,0.3567138939165695,135.05143144890926,8.232022311933967,12.761578,1.4495955,11.839388,AstroSpectroSB1+M1,marginal
2739281698453840640,Orbital,1.5089979548502104,3.093940456044727,101.25614261354633,-57.85438385269715,209.8141714258172,1462.7623997586163,167.48396,0.4065189464274007,0.043814767,3.85566650690871,15.226766,3.7354875,0.80970263,,0.3551302365123969,0.43859340607816477,0.3441676564114152,177.85636384694743,8.224402928969033,12.8018875,1.3244791,11.001049,Orbital+M1,marginal
1863928743192752000,Orbital,309.30055231500046,32.891986099797805,73.94170936962809,-4.884019042999085,251.41170086367237,955.8519062992152,47.868587,0.631301412648988,0.018107519,2.430539428227221,21.397171,2.9069972,0.7237125,,0.33405182057321764,0.4615808332292267,0.3583982447294321,116.55110973592808,8.20113946975628,13.798053,1.5481911,6.064739,Orbital+M1,marginal
5190877343437113344,Orbital,162.59204527357682,-84.86017208476478,300.1271595381101,-22.66162027403016,162.26145819191711,845.5499900548273,7.8342533,0.557706481638618,0.009963388,3.3471472542287413,84.2301,9.584457,0.75974876,,0.3283178282243015,0.4321400005578018,0.3401215514889749,103.1454851011969,8.197644222868806,12.410115,1.2698231,13.136578,Orbital+M1,marginal
6464975092530025856,Orbital,322.5147964917066,-53.58122562705328,342.99964519079117,-44.758390486531376,187.3457686222243,2165.357943602533,405.19003,0.43073194731581194,0.07342042,5.879011330737237,7.0877976,4.821659,0.80994433,,0.3769274211354851,0.4653744787243522,0.3607199375373645,265.0503035643737,8.169611256742535,12.3204155,1.1736336,13.026934,Orbital+M1,anomalous
5226145445912579712,AstroSpectroSB1,168.35398608854578,-73.17728552059397,295.8913906879055,-11.659731127587388,186.5065870785102,1060.1679111522274,22.678587,0.43010575538565554,0.015540784,3.341750122640485,100.63723,2.9559195,0.8262826,0.33534023,0.33922573117939675,0.41054443454573164,0.3264141581603718,129.7756218722327,8.169237764824496,12.448554,1.2984829,12.965274,AstroSpectroSB1+M1,marginal
2175111184056682368,AstroSpectroSB1,326.9685492485915,56.198811750575445,99.37394675781748,1.9655881745965824,243.4749534043891,1300.2814185563375,89.154854,0.33235647884277647,0.044014115,2.991042603327128,19.157703,2.6487634,0.8339226,0.4656144,0.349458118606274,0.41905340891658704,0.3318462266200942,159.3480208049189,8.160009845043518,12.573646,1.0551844,10.550523,AstroSpectroSB1+M1,marginal
1087762456976082048,AstroSpectroSB1,117.76858439735079,61.33855333894124,155.5342981452827,30.65976221752526,126.13282939254341,995.2520440545401,16.930004,0.33866678526883426,0.010368729,4.463386427478519,184.86424,7.0527105,0.9226718,0.33325574,0.33650218104988244,0.3647040940375823,0.2964251003994637,122.67653114469464,8.112815342656365,10.291703,0.8922844,15.583114,AstroSpectroSB1+M1,marginal
1811906136494728320,Orbital,307.75895682965296,17.024806661256157,60.04893481551848,-12.990145267880308,218.36588554987543,1055.8407057302509,46.350235,0.46997768683955715,0.03489584,2.847733500206864,30.031847,3.889229,0.8262974,,0.3394233378094935,0.4107762372616286,0.32656268273319594,130.30285253151217,8.102974610436165,12.511558,1.0891981,10.888024,Orbital+M1,marginal
6778413151435607680,OrbitalTargetedSearchValidated,311.93762710535583,-36.59502145007595,6.248690269702555,-38.25095065035003,53.82969278040175,1010.2247575452104,10.409721,0.34842914039979006,0.010682498,10.934374770344636,211.04411,0.33892086,0.86318624,,0.3374457296164444,0.3909303854747881,0.3137346583838535,125.1008382505553,8.075283680529026,8.944896,1.2022896,30.174664,Orbital+M1,marginal
4803135186375674112,AstroSpectroSB1,89.99845958031247,-44.2916792602314,251.1164521433811,-27.401127157291306,200.9870776870473,1000.4709385666429,41.057327,0.5143081382141602,0.033692505,2.6566710051945743,34.01598,5.340981,1.0368599,0.29622936,0.3370879571473832,0.3251046423094496,0.26947783778711837,124.17725042709567,8.056797320971592,10.58971,0.766675,9.029778,AstroSpectroSB1+M1,marginal
4247125350358506240,Orbital,301.19526496322703,3.514482299250413,44.72042882353887,-14.566203859608072,252.17805512236163,1091.1690435280202,78.75992,0.4338720770409924,0.012500982,2.5925343747337717,9.466026,2.8999393,0.78566545,,0.3413341901036672,0.4344523346751319,0.34157393344732906,135.4875913298254,8.053645598228426,13.268482,1.2686558,3.0818295,Orbital+M1,marginal
1571130274175613312,Orbital,188.35370952875834,55.005836487766985,128.42613593038783,61.9297334443815,52.54774220841662,1819.2686248770347,72.25234,0.4044698034873415,0.0145409815,17.971476334308115,22.72284,8.217312,0.84366006,0.3743166,0.3680065039070508,0.43620235547721653,0.3426711825474954,226.08151882088723,8.046958611943632,9.205435,1.0237617,25.97922,Orbital+SB1+M1,anomalous
3139286532603770368,Orbital,110.29875572907194,4.02435610245481,212.72531724518694,8.450133055907994,98.17372592267765,1387.2976027049097,93.785736,0.23218360369805638,0.045519933,8.112483171465957,19.479338,9.008992,0.7697667,,0.35352950655646725,0.45926838860187746,0.3569793580475565,172.4722279724252,8.043599940778352,11.23624,1.259181,22.243122,Orbital+M1,marginal
1907307947234634624,AstroSpectroSB1,337.4958858330682,36.3262454253911,93.51050266778782,-18.33752594556586,164.49470114823603,2680.677766166472,477.15363,0.8775283732377432,0.016125813,6.586564658570966,8.556734,2.316947,1.1976571,0.33933175,0.3905170828700753,0.3260675197946641,0.27014511266613067,334.23919450904293,8.020237632824793,9.476753,0.680418,4.4103246,AstroSpectroSB1+M1,anomalous
1495355059525516800,AstroSpectroSB1,208.6493554559834,36.71357597312317,72.5091488369094,73.56020835386155,104.79073589923576,1352.927937509857,40.595,0.7843312232987801,0.008077869,7.0033576479000565,49.18951,2.4156249,0.8811946,0.34472266,0.35265266352875635,0.40019839763152387,0.3197537362942427,169.57716725983326,7.9782435299019,10.354673,0.9638767,12.46807,AstroSpectroSB1+M1,marginal
388294081834153088,Orbital,9.181018756397586,45.70366065477322,120.24516430215968,-17.091316866110123,271.5589593931391,1015.5325315804854,32.669067,0.2434459392254092,0.03592716,2.3486324480295675,62.920853,2.821562,0.73600364,,0.3383586519929133,0.4597241573802606,0.357259233325903,127.48176470019732,7.966100359284669,13.760922,1.3688059,6.1531625,Orbital+M1,marginal
574194594415939456,AstroSpectroSB1,4.045799504330524,86.72597464948763,122.3835438661654,23.891830486660844,67.01523858247509,1102.0843647445292,19.172897,0.5817314913260202,0.01381025,8.827768249745246,133.02544,11.47407,0.9864952,0.21448173,0.34246487605991094,0.3471531104906531,0.2846053690540056,138.63017774108738,7.949815708978148,8.176266,0.815712,16.038925,AstroSpectroSB1+M1,marginal
6686510639531007744,Orbital,301.2966375329427,-42.100758786905985,358.10617602438884,-30.967427209782052,145.2687358422606,912.4885419474792,14.56975,0.5359260986689914,0.024491373,4.041117671811471,58.325325,6.1686697,0.7357085,,0.3333655414640889,0.4531217904115141,0.3531942333257996,114.87896546516716,7.943042821221767,12.720384,1.5424414,16.076286,Orbital+M1,marginal
6436960365187773568,Orbital,274.9718673246828,-66.43889944440038,328.1481837936073,-21.66322861240286,198.1630762505584,1308.3798900666307,76.64737,0.7825800666516453,0.028599953,2.893244128396425,24.271595,6.291224,1.3660473,,0.3511807498300784,0.2570780377111207,0.22071074852020697,164.8024835463485,7.939078719639964,9.338963,0.6476927,9.586397,Orbital+M1,marginal
2048977546586141568,AstroSpectroSB1,294.8127031552653,37.60014253015159,71.490638691664,7.595364207975741,81.96139226459435,1346.2575290333261,38.951675,0.6463749115548227,0.004792879,9.59301105410408,48.102863,11.233211,0.75545466,0.41529468,0.35290670600283985,0.467144787026895,0.3618008006371513,170.41201648236898,7.900015250230968,10.87455,1.2994652,20.519403,AstroSpectroSB1+M1,marginal
5161891261989559680,AstroSpectroSB1,53.10996125567454,-11.965236703469579,199.0729085842592,-49.37952848592646,144.0204006799443,988.931348944068,70.084335,0.8842796714982262,0.055653024,3.1477956821567976,10.354042,1.9041334,1.4025068,0.5722694,0.3376250955657933,0.24072973389590024,0.20848666180371053,125.56587657850488,7.875796959262092,8.430504,0.533885,4.385121,AstroSpectroSB1+M1,marginal
2057603657672975488,Orbital,306.5039490026027,36.0871060594911,75.16402034802734,-1.1384932631821914,252.49859038073456,2613.3457787948637,622.566,0.586352725107483,0.06530184,4.903305119356516,5.5648985,4.2366323,0.8753615,,0.3901001326726943,0.4456446070627903,0.34856274066106574,331.9271942135731,7.873249990819822,12.349782,1.0333052,11.138484,Orbital+M1,anomalous
5556344013392569728,AstroSpectroSB1,96.59122273830661,-46.047177847032465,254.2343375451441,-23.310376827069156,243.1609294351113,2880.85909966633,415.38907,0.8871693119079369,0.018631738,5.219306360040617,12.882875,3.39859,0.97934556,0.5530134,0.3961483335007637,0.40450311886939083,0.32253244036071066,366.7095043723792,7.8559706397490325,11.621257,0.782444,7.5420165,AstroSpectroSB1+M1,anomalous
1627561402799789952,Orbital,238.32100382034704,60.98312866641654,93.9084104345811,44.55063368073699,264.0647924232426,1714.2416463328102,196.91634,0.6377283455643309,0.04474832,2.9470687142974232,12.820774,7.4371104,1.1481419,,0.36607653976361665,0.31884260317528834,0.2651231804616539,218.27158232073603,7.853709713863908,11.104462,0.6883726,7.362542,Orbital+M1,anomalous
4996421148624328960,AstroSpectroSB1,3.283419502129344,-40.065778834014836,332.0304958998582,-74.8234829767209,129.41586121898766,1002.59655749253,21.803942,0.41489739976551376,0.013342486,4.961117238588976,22.779263,7.2824316,0.71219593,0.34116712,0.3384692652813106,0.4752473998547828,0.36672724640825427,127.77262367564919,7.8467243502616135,12.394001,1.5087042,9.653042,AstroSpectroSB1+M1,marginal
5814389118879672832,Orbital,255.40507563063372,-67.80592346847325,323.28780999307696,-15.49786742222897,267.33906304331805,1399.4202753800423,214.51552,0.21427698173858775,0.0367855,2.890874151506026,7.5806894,6.658074,0.8389875,,0.35529697949797984,0.4234830281730393,0.3346579508931106,178.4246406987309,7.843200747944653,12.832063,1.0715208,8.517539,Orbital+M1,marginal
2829524733778460800,Orbital,341.5997226796772,16.831582616350868,84.71485728543225,-36.59511494673509,118.45761369760937,1002.6458963997505,37.110325,0.2732358387490214,0.026503382,5.1032232388727925,29.22695,6.6952877,0.8118248,,0.3385235546103935,0.4169909014862063,0.3305332885827487,127.91556681428425,7.838341504247517,11.254385,1.0817766,15.143057,Orbital+M1,marginal
1206274997107035648,Orbital,240.6222046472463,22.35610406178875,37.5278642430845,46.61253752068231,237.9921326046707,944.6632621534621,18.210306,0.5743326171435206,0.01638224,2.4545883331933576,158.65459,1.5320064,0.7908029,,0.3356552445037386,0.4244486789209515,0.33526944975297235,120.53172023575614,7.837466023929065,12.985147,1.1665049,8.868763,Orbital+M1,marginal
4919203860051059968,Orbital,2.256324512636426,-57.90954529972758,313.6613213485748,-58.32647604413512,288.52514989906217,3000.999075228174,496.75177,0.9485265834803236,0.018694347,4.828306288648629,7.003857,3.3253143,0.8600611,,0.3989064856313928,0.4638117936347437,0.359764488502642,383.48201988440223,7.825657839532615,13.06143,1.2166815,4.947676,Orbital+M1,anomalous
5164844958242348032,AstroSpectroSB1,51.477261964967596,-9.524129201094565,194.58679595474905,-49.573192148067534,102.5462967219036,1346.811581343556,50.94808,0.5032799562674083,0.012230214,7.6014992623947375,28.603144,2.9221146,0.77270234,0.42872578,0.35353056515023346,0.4575249077644661,0.3559077284300936,172.47574619007534,7.808701287538217,11.512606,1.4258852,12.336419,AstroSpectroSB1+M1,marginal
5330381179750000384,Orbital,133.58406685809734,-46.64530878777602,266.7564539396104,-1.1111966703227296,243.44110659078643,1168.4675636854342,49.286575,0.5413070584182076,0.022512496,2.6157835578759947,26.120827,4.685705,0.9372059,,0.3464207659120008,0.369631435273025,0.29970897967852117,150.0736323392829,7.785961767379566,12.000157,0.89245987,7.879618,Orbital+M1,marginal
1646951187277024640,AstroSpectroSB1,239.83252974996682,69.2388228984173,103.18611537235292,39.91409695475206,102.74730493199883,1924.9742736141636,102.2294,0.697972184054939,0.014987048,9.951712882068058,26.922434,1.9515357,0.7884895,0.32419798,0.3730872623871067,0.47316705252718094,0.3654655945541289,247.68376610345632,7.771903277706586,11.058712,1.1172771,21.905333,AstroSpectroSB1+M1,anomalous
5189427121959011072,Orbital,123.6118127578928,-87.44842003072907,300.27261202057343,-26.19916395393939,243.13321876666984,2750.554509799361,524.5796,0.8424205646050333,0.029422248,5.668254228753418,6.4532394,1.0124041,0.7589232,,0.39452240460135796,0.5198449838702752,0.3932550678498331,357.0929864734565,7.702628206067597,13.52704,1.4036846,8.646159,Orbital+M1,anomalous
6782186881500688256,Orbital,314.88498862908733,-31.407139379761336,13.349659941372774,-39.82387277195262,238.66457291434588,1178.7211372262739,57.71018,0.17020055509041163,0.0156030115,3.088024111569861,18.270163,-0.08907247,0.6971741,,0.3474525144541926,0.49837268521054867,0.3806048632248384,153.17559859681265,7.695227882405033,14.18994,1.7021179,4.6259294,Orbital+M1,marginal
6060499712854154880,Orbital,193.86979663786633,-57.33250744943319,303.47978577132704,5.534943530689796,294.8064720006531,1311.8597831474635,107.78151,0.824114857518797,0.047338504,1.9031402208767447,8.446005,14.659766,1.441229,,0.3532684942841962,0.2451161458506384,0.21178669644168593,171.6064603176601,7.644582731437294,10.519776,0.5823488,3.561785,Orbital+M1,marginal
711959999761867008,AstroSpectroSB1,134.3710838843299,31.615837731285367,192.97722614134,39.43243426401123,175.24093941576095,902.3417739155914,29.24754,0.2592364174559452,0.026047628,3.272725940192724,31.023565,1.1122403,0.76766616,0.3464418,0.3349444286723588,0.4363152183362091,0.34274188934358135,118.75423693909615,7.5983964629267335,12.69189,1.4217176,13.716093,AstroSpectroSB1+M1,marginal
3686794055666928896,Orbital,201.1168733020784,-0.6348574923594292,320.2316890417643,61.12259370180875,196.13181927597944,913.1455304718371,46.456512,0.3211557596627543,0.03933754,3.223744683659035,41.670795,0.97288615,0.6319677,,0.3358424964344327,0.5314234952439485,0.39998516207198337,121.00339217592304,7.546445715705585,14.585341,2.0390663,8.163875,Orbital+M1,marginal
1284634549415747840,AstroSpectroSB1,217.75510694385997,30.90958095502698,48.7464723675308,67.95161572822478,135.9446699502488,919.7774116799675,24.897348,0.6215544671354315,0.019476255,3.7669341715295364,68.9007,12.78075,1.0038388,0.2900659,0.3362952145900256,0.3350091888395066,0.27631251086769487,122.14968339843234,7.529920553946944,10.368166,0.8122549,6.9993925,AstroSpectroSB1+M1,marginal
6391339291285439616,Orbital,347.65647853013525,-66.71250102936871,317.35935554478226,-47.49291091740815,227.6235942426737,1035.6165588523252,31.136803,0.501073406685175,0.018199725,2.9207029177523225,31.374676,1.1884985,0.7046462,0.7856644,0.342140305479154,0.4855490472197307,0.3729424127479075,137.72233822145526,7.519597562939069,13.630782,1.6185694,9.749562,Orbital+M1,marginal
5783033555507474432,AstroSpectroSB1,185.70362130453015,-82.25933552860627,301.9124066609355,-19.44430765971878,198.78082462662363,1075.2077040823217,27.429394,0.2851965099345378,0.027389944,3.3335124568391845,70.08282,0.36406022,0.7571406,0.39642867,0.34401188243179803,0.45435668481514546,0.35395629004693124,143.0213904912823,7.517810450513413,13.071826,1.5255537,13.236588,AstroSpectroSB1+M1,marginal
1412144260053555840,AstroSpectroSB1,252.55284426408366,50.05727446306058,76.89705465596859,39.63812783020488,119.16839812081379,1941.417491430537,78.78416,0.9663425291931707,0.015271174,7.908279707752722,8.623298,1.5082006,0.9615514,0.48664013,0.37554905951179135,0.39056575513069536,0.31349682126440775,258.71138290962205,7.504182729017183,10.097731,0.8545513,16.894136,AstroSpectroSB1+M1,anomalous
5935565367674608896,Orbital,243.48090971017646,-49.51343231591509,333.06201535097057,1.1348137789336363,144.32719646273458,876.6113554616323,16.445406,0.2442776255104379,0.032885525,3.4866458873354915,62.25964,7.2471395,0.96505284,,0.33426264837846975,0.34636719716492825,0.28407154978971416,117.06858122399822,7.4880155400903865,10.5752535,0.8526993,11.222445,Orbital+M1,marginal
5275004478473758848,AstroSpectroSB1,116.025375669676,-66.82678886000676,278.8933435784929,-19.841810556078475,161.89284896280603,2596.0019442966563,228.22546,0.6641477734520524,0.022103978,8.045382621941489,14.57527,1.0554701,0.7842017,0.39895713,0.392774121564883,0.500858555616122,0.38208083414086624,346.9728492374265,7.481859027304655,12.032749,1.1783915,17.580887,AstroSpectroSB1+M1,anomalous
2756814373431435264,Orbital,356.2053889255274,6.518060387416493,94.91158998233796,-52.69136693527693,226.05505135909206,991.6018513395035,12.29897,0.6242210312283774,0.012236859,2.5864689921763486,14.9621725,7.7014403,0.8652142,,0.34030936352749863,0.3933238176934819,0.3152938782001415,132.6873581353155,7.47322024701299,12.572704,1.1864128,7.2216225,Orbital+M1,marginal
6410295833821216000,Orbital,325.7270895395804,-59.35872347806184,334.5136697133232,-44.499183727525995,154.00771055415248,881.487206064916,14.067778,0.36821537372755153,0.011842605,3.7559658005084398,81.4453,9.698666,0.72765815,,0.3347375551068687,0.4600203459823765,0.35744105642821744,118.24077420738125,7.455018896602325,12.686608,1.4572983,13.889501,Orbital+M1,marginal
2249917900753247872,Orbital,300.4731144359921,67.81992920279885,100.60640283454535,18.69759662778937,270.54007744679114,905.1980165370331,17.727198,0.5276056592495204,0.029640328,2.1397362612071915,63.955242,2.142412,0.7604675,,0.33614346675013806,0.44202211639586353,0.3463081551647675,121.76451802145337,7.434004841850141,13.670878,1.363781,7.924767,Orbital+M1,marginal
1480756706204760064,AstroSpectroSB1,215.94927942550976,35.64677244656541,62.09123027274107,68.59614920903967,265.0640868865984,3217.3804502946236,583.87683,0.8768308414066521,0.030742131,5.22570769583939,11.749159,8.60636,0.9942511,0.44183105,0.4065788857376904,0.4089297935113019,0.3253787486626546,433.2914306006318,7.425442146027828,11.731197,0.828948,11.141016,AstroSpectroSB1+M1,anomalous
828986554229040128,Orbital,157.86714657408206,43.31769781589659,173.85583754599793,57.48939490607257,272.10710633334935,1793.271462297661,269.25443,0.5856169263711517,0.049164385,3.2730029134045533,8.172921,8.866946,0.9527862,,0.37186302247621034,0.390290098310066,0.3133169668078365,242.33776299591668,7.39988452533449,12.170699,0.99593735,8.057941,Orbital+M1,anomalous
2782714018362899456,AstroSpectroSB1,11.816140408354476,17.701853826177903,121.5223094094596,-45.158473490607435,187.20893039961283,1023.77905498448,17.136133,0.1892855361153864,0.024995489,3.2911178266914294,109.61492,4.8002777,0.8192727,0.35089654,0.3425126136697792,0.4180691178111233,0.3312199509517217,138.764093781305,7.377838366443529,12.0983925,1.0734844,11.175792,AstroSpectroSB1+M1,marginal
788701410260749184,AstroSpectroSB1,170.92803725420652,46.9105503572159,158.18486712076827,63.76471426640362,136.68375773515106,887.3569713112805,10.435808,0.4139219047574455,0.012502319,3.8527258540635585,102.27411,9.21034,0.90179825,0.3789175,0.3359120590807716,0.3724913634699929,0.3016081880131605,121.17897989478894,7.322697154916713,10.675067,0.96233463,9.749428,AstroSpectroSB1+M1,marginal
4298031020745484672,Orbital,297.1521294058325,7.765690800794512,46.50420783810856,-8.979840789184617,250.96560020560716,1082.073055006432,91.91509,0.3160907478584304,0.011460395,2.7386274226900102,7.702624,-0.76948345,0.7109068,,0.34564482597124463,0.4862027261759967,0.3733349832125034,147.77312388819516,7.322529473120743,14.130621,1.6524849,4.845786,Orbital+M1,marginal
1260452607932275968,AstroSpectroSB1,213.7914227683221,27.56872361877822,39.124636709729955,71.42455118344476,150.7883022645484,2190.55786354823,397.5581,0.686168496304017,0.035689086,7.437445159025591,9.098426,7.69786,0.8183575,0.45868585,0.38419434763419047,0.46947004803928505,0.3632180290686239,300.4948920022687,7.2898339434391835,11.47989,1.0879679,9.610902,AstroSpectroSB1+M1,anomalous
2173072895665330432,Orbital,325.3724182551225,52.08608831794843,95.99766115081921,-0.5623254185566016,236.73672361717163,1529.844142819176,100.6745,0.4487584113411511,0.029048037,3.4923581807504513,15.619624,3.3468204,0.8600811,,0.36412391152335416,0.4233599847975499,0.33457999634022767,210.5851224568911,7.2647304091121185,12.473229,1.0086479,8.418761,Orbital+M1,anomalous
1407222777287964032,Orbital,249.03789093113045,47.02337942855854,73.10426108053379,42.16820838939346,222.522330363181,1164.8532275647412,49.77958,0.34971300498690777,0.014253775,3.1126743946500635,31.98166,4.422155,0.79503024,,0.3498615985015516,0.4400607455564596,0.3450844756646546,160.61279784617344,7.252555482411663,12.921661,1.2676105,9.238727,Orbital+M1,marginal
1190261404818806272,AstroSpectroSB1,236.0642185395789,11.921174968285925,21.015158005866553,46.79613631509849,134.90096954998194,1445.446446880069,132.64279,0.3921255544005184,0.022956574,5.852078513989924,8.408288,1.560387,0.86340487,0.50321966,0.3611657769811666,0.418304076704191,0.3313694978604097,199.34337170230785,7.2510384194697295,10.941718,1.0036707,10.610694,AstroSpectroSB1+M1,marginal
438587358598534912,AstroSpectroSB1,42.28255606188847,48.936362298924884,142.03153257198818,-9.521610276724733,255.74028172212783,886.7987223941752,40.343018,0.19130816652056234,0.023009846,2.0963735989917662,16.301254,1.6905643,0.870514,,0.3364375707888279,0.386481527248434,0.31082743810915214,122.511871790235,7.238471745110165,12.73837,1.0868492,8.690921,Orbital+M1,marginal
4494034739502626816,AstroSpectroSB1,264.3194774257685,12.178993387774184,35.7755152431795,21.889314131912805,209.0862815135784,2347.8207568966945,630.25757,0.6841824002223834,0.08045424,4.803867254177105,8.018898,10.95718,1.1594185,,0.38883078999410053,0.3353670845907566,0.27655827482293915,324.96514591360113,7.224838683225777,10.526871,0.7343149,7.6859255,Orbital+M1,anomalous
2688876026691932928,AstroSpectroSB1,318.38509196501116,-1.1395766175862423,49.83095939375024,-31.742923317308808,146.9900045438028,1037.265768035619,25.179348,0.22003929078676815,0.02519472,3.938527720563469,84.55894,4.3029547,0.9579605,0.44999665,0.344251930139512,0.3593592168178831,0.29284600064057253,143.71235287004333,7.217652117724361,10.7257595,0.8562565,15.706904,AstroSpectroSB1+M1,marginal
6510464950883068416,AstroSpectroSB1,335.5081093501437,-52.12203819448816,340.74903056206534,-52.58879375727158,122.03026149007664,1229.4562744926252,32.74596,0.8031892730492478,0.013620583,5.224876473438933,77.30521,5.9921117,1.0334929,0.30931693,0.3529661225660273,0.34152737264575694,0.28077546692599087,170.60773510379104,7.206333720711269,9.872672,0.77803135,9.925024,AstroSpectroSB1+M1,marginal
637149331686577280,Orbital,137.88136104366777,21.280694269863456,207.00881561625042,39.89790310358025,298.5668543449387,881.7649248569312,28.464014,0.6239076979313528,0.038182124,1.6790324987830987,103.98131,3.8896847,0.99080205,,0.3364257955081807,0.33954894989517936,0.2794237603294308,122.48188099676389,7.199145846561814,11.933584,0.9163799,7.8855596,Orbital+M1,marginal
2073744870636153984,Orbital,297.6779569905615,40.70598345922029,75.31697592600273,7.1709663833455695,234.89000802991336,854.0042637557225,10.681387,0.6599133460138463,0.01156964,2.2506895799780664,60.78966,5.236074,0.84412473,,0.33493208827152904,0.39678032715025413,0.3175397204359733,118.72355936126675,7.193216479949465,12.534402,1.1180229,8.702382,Orbital+M1,marginal
6180297208384200448,AstroSpectroSB1,195.7190861170638,-32.776355596195806,305.7090776119918,30.03370740040561,189.13846387571036,864.6751007774026,14.187817,0.1898585102462546,0.027933216,2.612041676818129,37.17052,-0.33219352,0.9896836,0.31124142,0.33557094250704655,0.33906890342046714,0.27909539998952776,120.3198379729648,7.1864716188505025,10.203428,0.84184456,5.9550233,AstroSpectroSB1+M1,marginal
5910304942715359488,AstroSpectroSB1,261.5990947436138,-62.82143437126073,329.07558114690175,-14.96518169214215,195.6938821868986,1596.6229607477965,94.10733,0.677505689760568,0.026639737,4.638267655025994,31.751534,3.360362,0.7571456,0.38260317,0.36707986788529645,0.4848207211690877,0.3725047601036345,222.30507026059328,7.182125710745971,12.749801,1.273737,13.011045,AstroSpectroSB1+M1,anomalous
1087073338063377152,AstroSpectroSB1,112.32817691529073,60.92528496669306,155.81586903325405,28.013012532377594,256.1041476664059,1031.8143208269107,36.024124,0.21130901556833465,0.036316138,2.233398942530404,32.918674,5.128768,0.97489107,0.35393405,0.3442777456642668,0.35314483584529055,0.2886622573583,143.78681558598595,7.176000919290653,11.871404,0.8568716,8.524062,AstroSpectroSB1+M1,marginal
5832540063031434880,Orbital,237.40839269871248,-61.90049287398543,322.3344100907423,-5.940875374248557,153.4273894363694,963.5496284499173,28.18096,0.27366378992072526,0.018172825,3.9008328260343035,34.025497,3.439509,0.793371,,0.34095420617578726,0.4297537934077227,0.3386196947444106,134.44401581803922,7.166920911928248,12.297311,1.3670244,12.375423,Orbital+M1,marginal
5352173770789048960,Orbital,159.68425720361122,-55.63603868008889,284.9228833322328,2.5257701483919255,260.2659004446899,1379.389718919509,83.55366,0.564525732815001,0.028120866,3.100489392242695,16.238377,-0.8645137,0.7627695,,0.35930593350163736,0.47105439316511877,0.36418207907883665,192.51822424878046,7.164982558414841,13.4491005,1.2866249,8.797037,Orbital+M1,marginal
1789338011794835584,AstroSpectroSB1,315.64503859256536,18.933248465301933,66.23015620577578,-17.932743586261946,114.98691939046198,2218.999749601284,363.20233,0.5466990475582338,0.048745114,10.059086954943988,8.749643,2.8238022,0.78511786,0.45821548,0.38597199641314656,0.4916102585507742,0.376574315889054,309.70117656919405,7.164970356854652,11.12638,1.0307245,12.881332,AstroSpectroSB1+M1,anomalous
5966833863449022464,Orbital,255.84117012817518,-40.57968695724547,345.51417151254196,0.5985551860277446,254.83462986487802,2385.664410278046,466.63635,0.6989002909861358,0.041485038,4.724936418173584,7.6800585,-1.5590158,0.8157117,,0.3904651931047886,0.47868040151785063,0.36880440713401935,333.95078397713496,7.143760472325732,13.296215,1.4521427,9.081974,Orbital+M1,anomalous
6400734034030374528,Orbital,323.0395823420764,-65.17432520037973,328.0502779662598,-40.914697183776134,299.9994460134145,1228.5629935391053,62.281567,0.683596631953961,0.030238394,2.3428783470920913,24.930721,-1.2510903,0.84581894,,0.35339780063114334,0.4178173191035395,0.33105965138290155,172.03494094252093,7.141357370823778,13.049036,1.0202398,6.541931,Orbital+M1,marginal
6347303884953965696,Orbital,296.75113447936025,-83.52381010973043,310.08903857038155,-28.501022549507923,236.44875901106445,895.3421417259971,15.1108465,0.34785882411737484,0.020010263,2.4871029267790763,100.57798,0.29191214,0.7287607,,0.33763145078363993,0.4632953476255737,0.3594484466872367,125.58237824509865,7.1295205126515535,13.682737,1.4806509,9.220712,Orbital+M1,marginal
5997959594529689600,Orbital,239.93994891302995,-39.1674996199064,338.1993361950389,10.47940495116201,165.03814263236825,1316.225778236422,57.791943,0.6307015245079135,0.0130312005,4.642470200306801,37.842464,5.4129725,0.7896622,0.8023078,0.3571336208785619,0.45226126927378274,0.3526627262145147,184.77803460841253,7.123280540491782,12.326772,1.3991203,18.050203,Orbital+M1,marginal
5252873409681597568,AstroSpectroSB1,151.44922684652386,-62.34056787247003,284.9679190412838,-5.394844266260185,76.90270420406799,870.2862671330851,2.6195414,0.25571727130300065,0.006913409,7.48688817857324,329.85648,0.75498325,0.7276366,0.35873488,0.33637717089255165,0.4622873315150231,0.3588311860257796,122.35809806493063,7.112616826319566,11.277454,1.5338573,19.963203,AstroSpectroSB1+M1,marginal
459355724502132608,Orbital,35.675501858827694,60.0969296917445,134.07947744337568,-0.7846459483123867,254.89920104169536,1141.8364242200942,50.200127,0.8165526446987773,0.021968504,2.7992814236864594,22.409657,-0.84754777,0.7237125,,0.34992781589874045,0.48351771457333526,0.37172111587193446,160.8211112826979,7.100040629696481,13.903759,1.6461868,4.8414946,Orbital+M1,marginal
1112605235012899072,Orbital,101.4892588953569,70.6947519682532,144.32737975376898,25.04363089395123,128.13313214555146,1332.7097553849367,57.1922,0.7538724196694885,0.013911245,4.975237168044706,25.058485,8.956625,1.1774372,,0.3579837384685448,0.3040363788843564,0.25472158392644667,187.77770094852073,7.097273790514131,9.32942,0.6556473,8.86073,Orbital+M1,marginal
472582368345179776,AstroSpectroSB1,70.01615793624575,62.31913641838415,146.30649444043786,10.344655539685068,192.40653871980848,977.3283871766936,10.659447,0.31734508269420314,0.021903427,3.295049711904584,120.65128,3.1623664,0.7196298,0.53441787,0.3424056822893949,0.47580807630971367,0.3670668973846021,138.46426389989568,7.0583438618015135,13.096001,1.4826431,10.269005,AstroSpectroSB1+M1,marginal
4464871224365305856,AstroSpectroSB1,244.93239893162095,15.329665155143335,30.296643520486914,40.40035773685729,62.7699825892145,1147.501387550771,38.304344,0.24765079602280324,0.019295005,10.794039364660865,37.314907,7.4449763,0.8189073,0.22842932,0.3506175496771107,0.4281529068066976,0.3376103546091349,163.0034650276273,7.039736163622546,10.044909,1.2966938,28.428251,AstroSpectroSB1+M1,marginal
1682633844291611264,Orbital,187.82460739352217,69.02021915530297,125.62364181027297,48.00263725741387,147.5657847846829,1660.5245140727163,138.1677,0.4317001609722697,0.03055793,5.849347868600159,16.498726,7.616414,0.9077052,,0.3704315366475042,0.4080967495033474,0.32484396664776516,236.20105257135776,7.030131728862901,11.0776825,0.92435074,12.470283,Orbital+M1,anomalous
1307477178360764800,Orbital,250.82659004790003,27.044807543104813,47.00353586510331,38.8855186102102,248.72747932754908,1073.2234272559392,32.873158,0.4898068527282208,0.039205298,2.5403241987414216,50.711994,7.255447,0.8503395,,0.3473584136832223,0.40849381335456203,0.32509891572240285,152.8906345278908,7.0195498276917565,12.644697,1.2561626,9.467952,Orbital+M1,marginal
6056421933478666496,Orbital,193.39196544425542,-60.19598587749484,303.19686954071994,2.674668390746677,136.55666360028275,881.5386484035362,6.958652,0.22153639820927373,0.007622388,3.9130156627236,78.28786,12.074674,0.87503844,0.2828769,0.3377357432098674,0.385966748251224,0.31049028576853666,125.85342020864736,7.004487021028657,11.333812,1.1809139,10.799642,Orbital+SB1+M1,marginal
2467221594997564800,AstroSpectroSB1,25.435399065690767,-7.15444411133688,156.08462461916787,-66.73137727056067,217.33655062214956,1228.7878894122125,221.87196,0.43313899337164785,0.08055605,3.0766256741336337,6.5462003,4.43852,0.94413245,0.33548293,0.35449091130738913,0.37546735348695137,0.30357918465738065,175.6905130500943,6.994048045507446,11.1890335,0.9019251,5.274228,AstroSpectroSB1+M1,marginal
5947724351364178432,Orbital,269.6367508791646,-48.387669647068606,344.27848839331403,-11.872133561068527,236.48029945343893,1001.4283275736472,37.403156,0.7261320897628648,0.06530844,2.620799896981987,21.583353,-0.8909525,0.7906016,,0.34421141912834163,0.43537910153401504,0.34215521698979734,143.59556272176584,6.973950368606015,13.091521,1.3900938,10.413999,Orbital+M1,marginal
5480670297410015616,Orbital,103.15994064994946,-59.211031018020286,269.17181282954266,-22.91267578566673,245.0365668705727,1379.8801312693254,110.67628,0.4580747055145164,0.027499998,3.3255874362361384,10.915434,0.96626115,0.7528329,,0.36096960709625325,0.47948171779359816,0.3692883870203646,198.6147321585645,6.94752154723193,13.374471,1.3077049,8.89438,Orbital+M1,marginal
4558646097199161600,AstroSpectroSB1,254.35154653469544,17.177726454832978,36.674760511190826,32.71733178618559,209.23949324558944,910.9033758757062,23.732353,0.47865138335052454,0.018959947,2.407781781381355,39.36951,4.572454,1.0413612,0.35259825,0.3397490900553924,0.3262547960323813,0.2702748238841039,131.1756214560247,6.944151403781055,10.967487,0.9414377,7.079745,AstroSpectroSB1+M1,marginal
2746712747791030272,Orbital,359.8837449974244,7.7033407443245885,101.24880064577579,-52.96938974937579,189.29414093451615,1334.575842612275,49.425514,0.9070089888336165,0.013219398,4.150718198072786,30.990398,2.7966385,0.77048945,,0.3592645060588247,0.466280886867537,0.36127354847986526,192.36829462558646,6.93760811889407,12.865504,1.364398,9.457417,Orbital+M1,marginal
2175196430569209088,AstroSpectroSB1,326.57915623687495,56.777265964066906,99.58035980141949,2.5472118178842043,252.2013742048983,2510.9482021990784,421.20407,0.6901212432502688,0.038349167,4.703441300324542,6.473301,-2.4660552,0.9278616,0.47213945,0.39546665993225955,0.4262129957306984,0.3363853664888008,362.65355603291783,6.923820711056702,11.735873,0.9519901,6.445931,AstroSpectroSB1+M1,anomalous
469738378445217792,Orbital,59.90077951929614,57.46828246392149,146.14999359908074,3.3411613874263835,247.21565550550415,1175.8633307868688,51.170776,0.665288027284932,0.023809223,2.8595130460125837,22.249695,0.53010464,0.7821794,,0.35278673121297,0.4510304469097348,0.35190181743490095,170.01735092509657,6.916137231810601,13.498555,1.4033022,9.400739,Orbital+M1,marginal
1487415692219283712,Orbital,217.58164836284723,38.10681302390414,67.09427017993514,66.5652724250246,162.66413067083033,1225.8615641008578,20.626984,0.6660568465431955,0.0136882905,4.542351679523683,92.92753,9.61118,0.7643767,,0.35544353892370634,0.46501095462332787,0.3604977866262555,178.92529520039426,6.851247962049787,12.644165,1.4899817,17.60252,Orbital+M1,marginal
1786363695401638016,Orbital,324.63563123303106,19.035312251505403,72.25287313344445,-24.31717378316065,97.98458459605448,970.0812399872278,24.898384,0.5888337459859566,0.027079934,5.811189092371459,162.99152,2.452142,0.90113074,,0.3435430859712797,0.38123556582276896,0.30738422418573547,141.67944111339742,6.847014869368337,10.094672,0.9357023,9.198184,Orbital+M1,marginal
2279533143367169280,AstroSpectroSB1,338.75612315903214,74.88450872978444,114.25141808574075,14.361593839337635,125.66609740722497,2921.2378314193766,360.41376,0.7400937452650833,0.02530126,10.45512117604253,13.876282,3.9205968,0.9664238,0.5871892,0.40564562636173235,0.41973885821346,0.3322820369098106,426.97785445426706,6.841661226559622,9.841704,0.8950319,18.38658,AstroSpectroSB1+M1,anomalous
2052795458963268736,Orbital,291.84233686516507,39.33499481305191,71.95642512571918,10.459847303758291,187.70973028671594,1726.500336011998,176.72244,0.5458891254763668,0.046352375,4.972025007861201,11.284525,4.1437426,0.82562923,,0.37414014552619484,0.45315757966961634,0.35321633032577626,252.35445744908176,6.841568615289304,12.179532,1.0751839,14.621238,Orbital+M1,anomalous
3881797596813635584,Orbital,152.813057868055,13.527286509799216,224.77762485600184,50.26997977373983,267.9356160861923,1112.1906250482568,51.07648,0.26482525665885315,0.035308592,2.539705033689395,18.787062,1.1499659,0.7756856,,0.3506422802020955,0.4520417504344857,0.35252707599287314,163.0821391366528,6.819818717954818,13.389059,1.2631168,8.289013,Orbital+M1,marginal
6853508867900332928,Orbital,303.22343015490867,-22.33965168253862,20.477528930370887,-27.37251744428032,195.84199974503164,1533.7935740852636,234.6008,0.3776616662107541,0.046103526,4.584473458857458,5.867498,1.643035,0.73348385,,0.3678711432142632,0.5015395263778608,0.38248462847940395,225.52677528266975,6.800937813981706,13.234623,1.4771757,9.448373,Orbital+M1,anomalous
5379561441503173248,AstroSpectroSB1,179.9817244446824,-44.60797256100162,293.3654804004206,17.304840394592837,106.74465092289913,1122.9890961687977,17.728128,0.3396139159883734,0.010805833,5.912994105917102,100.40722,3.3654373,0.92559576,0.46024612,0.35135498682433447,0.3795987426446278,0.3063065181688009,165.36216093440873,6.791088661536262,10.360364,1.0918322,19.58842,AstroSpectroSB1+M1,marginal
1870439879256692864,AstroSpectroSB1,310.50495448445787,35.49472345814822,76.62353235101237,-4.097690902426294,154.3613598501903,2624.4138446543243,296.25317,0.8252428968947421,0.0148215275,8.561325820120738,13.825303,1.4777222,0.7954027,0.45754942,0.39968526882666794,0.5024942283673737,0.38305035535195486,388.32416053191866,6.758306877067486,11.855337,1.1335335,9.307278,AstroSpectroSB1+M1,anomalous
6676537862906769920,Orbital,308.81443385250117,-42.559146618908976,358.4454674737133,-36.535064487616054,245.56667479730913,3307.800219141031,529.00793,0.9432461838717134,0.020882128,6.108536575693571,5.50322,9.496501,0.9011158,,0.41454280090643625,0.46003278641592693,0.357448692308267,490.1726796147098,6.748234564482581,11.985025,0.9380779,12.329333,Orbital+M1,anomalous
1571048532357938176,AstroSpectroSB1,187.74015397893012,54.87331487124569,129.21134513847946,62.00457019561012,247.6687814582237,1669.9620512486604,171.04483,0.919815023877832,0.020527083,3.414050899495783,8.283571,3.4095318,0.9669875,0.47285467,0.3730935234483358,0.38583076519015325,0.3104011979444527,247.71134053201115,6.741564789331295,11.686544,0.84305,3.725786,AstroSpectroSB1+M1,anomalous
5818805646624314624,AstroSpectroSB1,241.21810847603365,-71.25013504881947,317.2648336673788,-13.986767889345066,164.1643546033768,1079.1778336929253,24.17824,0.39535996478626245,0.018943591,4.056156976114885,60.31407,4.04095,0.7750438,0.450727,0.3497662271251325,0.4512857642835928,0.3520597237206359,160.3131377272935,6.731686803664838,12.163695,1.1647339,11.271373,AstroSpectroSB1+M1,marginal
4551656978519298816,AstroSpectroSB1,269.7495822550044,19.686757468285414,45.38072580928885,20.101118159823823,178.85506434627987,1122.9583334978217,49.397682,0.375598225268926,0.01806081,3.6359378866234726,25.558832,7.2479563,0.87168556,0.6503158,0.351838902962959,0.4036305260573164,0.3219700444175221,166.92433508982361,6.727349447841424,11.571188,1.0869522,7.7048154,AstroSpectroSB1+M1,marginal
6524017496851783808,AstroSpectroSB1,356.77604979096816,-48.42705176183217,329.0426200911243,-65.31031957722169,192.66180408713905,1315.5904853729228,125.96093,0.4441903033518371,0.051133763,3.504964079099484,11.18063,11.567944,1.0432634,0.40664718,0.3602492541110434,0.3453099590185773,0.28335281560670317,195.9568556538815,6.713674196204953,10.870853,0.75888824,3.5723002,AstroSpectroSB1+M1,marginal
926847109185544320,Orbital,115.85424455332551,44.96207403802683,174.03038515897032,27.633801377244694,188.58746285995392,1391.2013943029851,158.83824,0.7803672872385347,0.07528802,4.196245778331231,10.334074,2.9425395,0.8219174,,0.3634126936207206,0.44215232228501133,0.3463893157863108,207.83837896615802,6.693669384947966,12.175477,1.080823,6.072214,Orbital+M1,marginal
5795779266105063936,AstroSpectroSB1,234.52903444813208,-70.65694035816453,315.948499318017,-12.124848032634683,133.66607938759745,1580.2416839854309,70.845665,0.6100927008411605,0.009160455,6.696388193453881,26.764555,0.7819219,0.7818036,0.50730526,0.37053189858832714,0.4739449841685106,0.3659376395735362,236.62731686078715,6.678187898800883,11.62668,1.1451416,14.680123,AstroSpectroSB1+M1,anomalous
5879887885544268160,Orbital,225.32011421114566,-58.43272938814236,319.2503556678565,0.26383335057517066,69.51811245451317,2470.9902099645055,389.4362,0.6763455025372137,0.03920788,18.06550033274863,8.012082,7.946209,0.80444807,,0.39673466948010433,0.4931762349761828,0.37750968216239633,370.2263424084842,6.67426902658961,10.138656,1.0391407,16.452486,Orbital+M1,anomalous
685744240941198976,AstroSpectroSB1,133.2577367728366,21.133282841063874,205.44977294536545,35.76431868350893,119.05407518877836,1958.3204588664198,136.54977,0.9149130600529889,0.017452829,8.009083726675065,16.324337,12.579552,0.98186886,,0.38299267974787,0.3900650016911793,0.31317006751313003,294.39316148665847,6.652058250867925,9.226049,0.84128857,19.351707,Orbital+M1,anomalous
6445649565061505024,Orbital,295.1404928399102,-60.11499457587515,336.87608591102054,-29.31917393461998,269.76783763674115,1080.84193195671,58.408875,0.5894328358968819,0.041398976,2.0093890082184203,18.092894,8.45002,1.1882988,,0.350537519104387,0.2949910517262505,0.24829291694421227,162.74906967581742,6.641155824175566,10.910725,0.6635313,6.7819943,Orbital+M1,marginal
4663888532725252992,Orbital,74.46938414943638,-64.5038251204111,274.85823106778423,-36.42207010580847,199.72551994483848,891.7604730831017,11.9625435,0.7741461808975838,0.021136025,2.840076166132892,25.446045,7.036172,0.7966822,,0.3409193611876606,0.4279239202094939,0.3374658656463562,134.34863255387504,6.63765946948137,12.505523,1.1075468,9.432166,Orbital+M1,marginal
211288412163328896,Orbital,89.33267035017144,49.55828820742884,163.12379332205577,12.239603496773,207.91270655658343,887.1002979840896,31.888803,0.5972554396875698,0.05558566,2.538317250010821,32.947964,13.154498,0.9191693,,0.3407160750113879,0.37067825536321963,0.3004047265531928,133.79321391124594,6.630383350926625,11.652946,1.0014772,9.2331705,Orbital+M1,marginal
5868455472919175424,AstroSpectroSB1,202.40103085006444,-61.67213630076221,307.4438187171811,0.8648118391876093,168.90251099445075,1586.451556406229,92.37788,0.7209163037661024,0.017537573,4.531263293383819,26.257149,2.0202572,1.095949,0.4029382,0.3712060332815513,0.3387073806091081,0.27884801358269795,239.50607958143507,6.623846706433252,10.185106,0.7270889,7.7320833,AstroSpectroSB1+M1,anomalous
6453380162596177920,AstroSpectroSB1,318.3208789501338,-59.515185863732086,336.0776130783967,-40.91129704008102,236.6863790191616,3162.1838556343505,639.7877,0.9141840397126519,0.017327484,6.218489365758808,7.6106277,4.3454657,0.87338704,,0.4128684867855121,0.472721105864353,0.3651948566719742,477.75819006137664,6.618795703383151,12.222217,1.0124531,7.2628627,Orbital+M1,anomalous
1942837600336286464,Orbital,350.6891957606316,48.98757327543487,108.30222104263254,-11.34875405363373,244.86527822507082,889.0070297520468,19.539099,0.4344152258441526,0.035276435,1.6089683015065803,61.29202,5.363325,1.6199691,,0.3411399203365839,0.21058421059464277,0.18539405415933619,134.95327106780599,6.587517462287918,9.387604,0.37030697,5.481822,Orbital+M1,marginal
5208795667820413824,AstroSpectroSB1,117.08257502170947,-79.63127617413419,291.9088373364599,-24.153401551718762,132.9450065118309,1252.9889269448277,44.13138,0.4218151871823623,0.025197318,5.651458492295873,48.86642,4.2743526,0.7730306,0.41034397,0.3587264152902046,0.46405203751763224,0.3599114597231322,190.42913354135837,6.579817403163771,12.085349,1.4502983,21.802446,AstroSpectroSB1+M1,marginal
3174410229691023616,Orbital,68.41973297030567,-14.016138132870656,210.45248787873007,-36.78222193610044,200.52533036543872,1017.2267476498128,22.711533,0.6365744709016267,0.02351458,3.3310582697097493,64.077705,2.0945776,0.6990899,,0.34794150791203926,0.4977063972717706,0.3802087433552793,154.66306852276318,6.57705008290391,13.315669,1.6585112,10.0255575,Orbital+M1,marginal
1972124943667713408,AstroSpectroSB1,321.0023939627515,45.983572930586824,89.75051780939236,-3.0975440144217026,199.0716801836356,1153.874470719909,26.0411,0.18426684735194254,0.02189236,3.2821306701225224,52.32828,1.283021,0.908026,0.3756444,0.3544970865866643,0.39040412322600315,0.3133913686929968,175.71133452205632,6.56687557384107,11.736849,0.92039394,9.184338,AstroSpectroSB1+M1,marginal
4906274977697877632,AstroSpectroSB1,6.811769167396654,-59.211999743196955,308.71520738486834,-57.64379343044744,228.1613371607254,1159.2465757926786,54.658672,0.8051218147484053,0.020281587,2.161455250288191,27.993187,4.145812,1.5824658,0.28743854,0.3548686489234516,0.224250442651442,0.19595354700750428,176.9676846696,6.550611643911151,8.979236,0.4540701,5.548777,AstroSpectroSB1+M1,marginal
4229376617041050240,Orbital,306.3239809209432,-0.7140085587703168,43.45968106955173,-21.102092956379042,196.03659582360362,1197.2303562641825,68.55576,0.22000871734900973,0.032469235,3.552440066582671,14.76002,8.874759,0.84440845,,0.35658800757601544,0.4222932711245455,0.33390382270526864,182.87254838673675,6.546801949368002,12.190908,1.0318279,12.949193,Orbital+M1,marginal
5303472861744201216,Orbital,135.50856487588138,-58.07598658823279,276.2371219572889,-7.64993288420272,234.97276530014736,2421.978492987966,438.32623,0.710655904565041,0.04326696,4.923327286559797,7.798814,3.7044497,0.93562293,,0.39689037413835043,0.42419906694132714,0.3351114325333407,371.1646505335437,6.525347954085627,12.079924,1.0910082,9.4787,Orbital+M1,anomalous
5254527040816294144,Orbital,158.2801946830306,-59.70784409925125,286.2918285587442,-1.3816887182909094,229.16639580677366,889.1198741926543,12.01761,0.2198315896684844,0.010852798,2.593424278707824,49.03294,1.2840434,0.71919334,,0.3416137940471177,0.4749957700621801,0.3665747600073791,136.25950169577354,6.525195403824325,13.5911,1.5547314,10.747827,Orbital+M1,marginal
2977648535092550528,Orbital,72.84827700379357,-19.29702990700528,218.44300978160564,-34.80760439487649,266.34286797827394,1205.7278100127219,48.636368,0.7468250052379545,0.023225155,2.7595816770013175,27.32198,-1.0161264,0.7610438,,0.35715593945366914,0.46929749056931214,0.3631129524418455,184.85630684067473,6.522513787165093,13.580762,1.3362398,6.562034,Orbital+M1,marginal
2944715413063025920,Orbital,94.6093796409445,-16.1990595798413,223.97374372645282,-14.46841472358116,286.26657912146703,945.2198533381251,17.156155,0.587086517326727,0.013494689,2.055636314084089,83.39133,-1.2788476,0.81619453,,0.34487397227332395,0.4225389386714755,0.3340596038577273,145.5149478292873,6.495689050770383,13.224011,1.1793203,7.2391715,Orbital+M1,marginal
446391279815980928,Orbital,48.758380598591664,53.832596145174456,143.2118301874911,-3.2874140759513786,46.058567365712236,1083.583053021569,23.422447,0.5776451369875231,0.0065537365,14.784124873030933,53.97114,12.186166,0.750039,,0.35184217679193064,0.46909852087622916,0.3629917733907359,166.93494257846987,6.49104996404343,9.761938,1.3095942,31.186613,Orbital+M1,marginal
2640064827179625216,Orbital,355.0389247897392,-2.2116962390803527,85.49418239201677,-59.797427068440896,253.4133277549453,975.615451416163,64.88983,0.6584091650151658,0.06472655,2.2770334331144313,15.324426,4.0664487,0.8965269,,0.34652319520801,0.3865173544717899,0.3108508971403864,150.379383879542,6.487694165562333,12.398575,0.92663383,9.367072,Orbital+M1,marginal
2922666150482912128,Orbital,103.23507840240313,-23.14842814208865,233.913683925673,-10.014029239771208,266.1662847112134,981.6038635654107,27.466524,0.4476779864415132,0.018560799,2.2883911539352293,34.24052,0.7702509,0.8087329,,0.3470281011115611,0.42910099192466233,0.338208281753484,151.89361599356243,6.462443185281817,13.310066,1.3307247,6.175036,Orbital+M1,marginal
1906566635880577024,Orbital,332.4709641521756,36.17501226430776,89.93987181153435,-16.14368843221616,293.3142071258456,1004.9735259630637,28.974401,0.49940746434637995,0.021497041,2.1121528054833587,62.489777,-1.5602376,0.81190366,,0.3483850856105147,0.4290965845984682,0.3382055033401681,156.0220836890557,6.441226153381763,13.663782,1.3707352,7.4593277,Orbital+M1,marginal
5521999015364693248,Orbital,130.12078374105548,-46.1774829249435,264.8935265097782,-2.6774489743328695,262.0861012866118,1227.1661015765626,66.493866,0.5915437150424742,0.021281138,2.8276352051367675,20.99258,-1.330091,0.77312356,,0.3588184226439992,0.46411523348200756,0.3599501154029917,190.75962548773884,6.433049438207454,13.807351,1.4621868,7.7559524,Orbital+M1,marginal
3020787388476487552,Orbital,94.24132600831179,-3.71209234889394,212.3184274727183,-9.358155877294774,193.69031216614587,945.5915929851784,26.362793,0.7477082849836636,0.03132654,3.078895403565969,17.235487,5.9614305,0.79616463,,0.3455048789861563,0.43396160186884847,0.34126594771684177,147.3611451959933,6.416831192018239,12.44673,1.0729761,9.024443,Orbital+M1,marginal
4959773433934670464,Orbital,24.976984937863502,-41.85837107361666,272.08968915478584,-72.24423666268785,251.6186885036475,2224.49290375145,241.10423,0.8025089921427178,0.025521176,4.235260092261454,15.721743,12.021431,0.9697803,,0.3927242959366011,0.4049621192060706,0.322828095424329,346.6877350709906,6.416416500272052,11.792828,0.84754753,8.3487215,Orbital+M1,anomalous
2084975965284764416,Orbital,303.69185230689476,49.690441508226066,85.27734842581889,8.219097794293111,285.91106156305864,1956.2632906664655,173.42542,0.7553816307308417,0.019949244,3.6604467304847286,18.942036,-2.0824876,0.81024855,,0.3850584270682549,0.475234945233467,0.36671969972978363,304.9428956454578,6.4151790994367595,13.230874,1.1110048,9.182971,Orbital+M1,anomalous
1966615741880926720,AstroSpectroSB1,325.1471907629952,41.80292003344461,89.0735866776702,-8.189593636777234,206.1884017138988,990.032982616926,16.217058,0.7788454023537258,0.011822711,2.9211704111695607,76.897804,3.4432414,0.8420402,0.4127031,0.3479104383210365,0.4131755777280889,0.3280982349736868,154.56822500342204,6.4051520459331615,12.132833,1.0555267,10.224379,AstroSpectroSB1+M1,marginal
5247836267705546880,AstroSpectroSB1,138.18054432316822,-67.4721497259995,284.22292490216114,-12.946850200347273,145.53042297278907,2286.364047962342,255.33626,0.4590077565970974,0.035181575,8.34684773003357,9.725255,2.748799,0.76415664,,0.3945340869096526,0.5163000181855193,0.3911818655889152,357.1613740234663,6.40148743467462,12.106418,1.223136,17.256378,Orbital+M1,anomalous
1363633699660712192,AstroSpectroSB1,265.76541445664145,47.87706380121928,74.58299118800547,30.9086442036649,181.9171413251152,864.1720118382436,13.124539,0.74157892884253,0.016608711,3.0250725515781767,37.636044,4.136103,0.8151505,0.6088977,0.3415132123535126,0.4189572509964751,0.3317850681133365,135.98143017120927,6.355073709330723,12.113989,1.2031565,10.8057165,AstroSpectroSB1+M1,marginal
5623097528985188992,AstroSpectroSB1,136.7247556862591,-37.43222959039453,261.33460547150077,6.699046945242471,134.5092072376696,1033.7701096988728,20.064243,0.7098944255931129,0.014325701,4.833009715614509,47.669933,2.849473,0.77057815,0.42385536,0.35065272159358063,0.45505147456167505,0.354384692468121,163.11536473235,6.337662374081977,11.766122,1.2228203,13.983511,AstroSpectroSB1+M1,marginal
1186395586359272832,Orbital,223.01310299022964,15.994082017825383,17.44520307475765,59.929312264771276,207.94424548806847,1202.6820725578693,57.699512,0.8402922811336445,0.034441426,3.6424185541651735,9.1715975,2.4595065,0.7142827,,0.35865761325818846,0.5021227835098241,0.38283030151069125,190.18228665650582,6.323838532502615,13.415009,1.4530716,10.236683,Orbital+M1,marginal
6277569249746769792,Orbital,213.74898971086094,-21.06897863764692,327.81147047019704,37.73282059574811,285.7767392493204,996.3923650463244,41.28356,0.45652143989718125,0.026900286,2.118341220943237,43.708477,-0.057784505,0.8459325,,0.34919914949226427,0.41279789608742545,0.32785673945197025,158.5403285327779,6.2847880679162476,13.179575,1.2551966,8.895893,Orbital+M1,marginal
4111629165296041472,Orbital,260.72320249366174,-23.05263173969365,2.2057918593292922,7.471027638383793,223.0741579551788,1272.1485240771756,134.10442,0.6324944502630142,0.021993577,3.2522082747994605,7.9297214,1.9335593,0.8657958,,0.3620395018780284,0.418158075586746,0.3312765745482291,202.61396394592268,6.278681386524326,12.471963,1.188281,6.544747,Orbital+M1,marginal
5811544196955283328,Orbital,262.377679386296,-68.2088188810731,324.37036805244486,-17.926415484056015,210.00596189671614,909.450628011706,6.279868,0.3365914435647912,0.012533511,2.7242687637061707,195.53748,9.192309,0.8196167,,0.3446621959885062,0.42051632957567264,0.33277603643082143,144.89928564498936,6.276432792359698,12.433536,1.0902205,10.830455,Orbital+M1,marginal
4756379622643396992,AstroSpectroSB1,89.62702518612448,-64.55620250514819,274.0709486308966,-29.95238074382352,127.73931232869501,1475.35856395651,58.999683,0.8617073371863211,0.011889327,6.2230333498209065,36.460457,3.0326378,0.9138833,0.3514958,0.370285331838632,0.4051779043519689,0.32296704686803945,235.58115024672915,6.262634181093587,10.735211,0.89329624,14.688075,AstroSpectroSB1+M1,marginal
1700761045822288512,Orbital,227.62163392478814,74.50730358547854,111.56498685739558,39.398958794361135,280.73443130454416,1102.6510640739345,55.401043,0.6160097578859708,0.019335696,2.3967694089354907,22.073088,-0.52549314,0.8009488,,0.35474731620635824,0.4429088560984452,0.3468607016198991,176.55666110120748,6.245309903328216,13.451915,1.347147,6.0026073,Orbital+M1,marginal
4796509357507649536,AstroSpectroSB1,82.5181103769256,-49.745977691111634,256.52359286856586,-33.223725528769315,236.35177088106678,1211.7542960374267,45.361095,0.6827480044218885,0.021634106,3.0289803202026424,38.975735,3.897016,0.82219505,,0.35978790534255,0.4375943445363131,0.3435427571429444,194.26921209621213,6.237500440560306,12.986658,1.3021498,8.700365,Orbital+M1,marginal
5358023245676579584,Orbital,157.234208197207,-51.02266521250254,281.323870061088,5.771532132854887,190.8649772667016,1581.7301643181404,99.57913,0.8805689472316464,0.02810819,4.711868652096242,22.400436,0.5449618,0.7892521,,0.37451442159182197,0.4745181171704541,0.366285215824308,254.03118110858452,6.226519742243913,12.533288,1.3720274,6.934101,Orbital+M1,anomalous
1017397114412894848,Orbital,135.71124317741467,52.221952330845745,165.93047882384772,41.00795712244037,99.53990694718243,1234.9347162827405,49.085556,0.4195443256031215,0.019195747,6.215982728390954,33.151596,4.592959,1.1452637,,0.36089908650827945,0.31512314183285284,0.26252420450111796,198.35330229034153,6.225934743829438,8.539594,0.7062807,13.704704,Orbital+M1,marginal
797729603310486400,Orbital,144.95135469536908,34.78077880351805,190.09770443359335,48.59941261388571,253.97424446091344,1400.2923478010919,107.22689,0.711386645015941,0.026397685,3.1847159759187655,23.541935,-2.0637712,0.80780894,,0.36780526159756644,0.4553121974383034,0.354545386600453,225.257158516405,6.216416636983865,13.311235,1.3296518,6.3341937,Orbital+M1,marginal
6246319136423898624,Orbital,244.1045042539221,-18.090867779680746,356.4730641705069,22.829430129505038,145.11412708923385,934.5230392926835,37.771782,0.7784786088878767,0.02716877,4.121475346899115,25.475874,3.768611,0.7818236,,0.34651512664412326,0.4432139647669112,0.34705072339666054,150.35528164507545,6.215432069082168,12.079164,1.2691813,12.565896,Orbital+M1,marginal
6749323818976503680,Orbital,302.5925262397232,-30.399363256478157,11.568863026621157,-29.335367926082853,299.587867153089,1456.8072600058858,202.45236,0.499911833106675,0.04923846,2.8224938123969503,8.582503,-0.4875303,0.78508395,,0.3701697041014571,0.47150333961883006,0.3644550215622575,235.09179014395147,6.196759398164662,13.642984,1.4152107,7.03437,Orbital+M1,marginal
2785724210617355904,Orbital,20.36407669709705,18.30827204298461,132.85507057783053,-43.98433236617772,170.74977802868787,1071.1362721215494,91.40513,0.8332801021232292,0.04136779,3.0050558207316986,8.270581,9.050849,1.3248063,,0.35372206573764226,0.26699907528868494,0.22803012499382003,173.11311401449333,6.187493525371347,9.315578,0.5667677,4.870042,Orbital+M1,marginal
3027142363832484224,AstroSpectroSB1,114.42416369936875,-17.29064066994127,233.5426408530471,1.9959959681827943,143.0931415794487,1542.8546645407805,175.33578,0.5637768614950801,0.039925884,5.419129266379638,14.042207,11.859886,1.0385772,0.44704676,0.37350712242077466,0.35963347046978855,0.2930300814857912,249.53817305722436,6.182840267035903,10.267736,0.76289654,10.558135,AstroSpectroSB1+M1,anomalous
5587552929401133824,Orbital,117.41387514016805,-35.17604508636143,250.400074381165,-4.581499847601625,215.4912075887304,2061.557836148744,411.65115,0.5766967717071962,0.03903228,4.894773869863916,6.4972963,4.991932,0.88091415,,0.39049507548737833,0.44328391676730083,0.3470942824628233,334.1168507669056,6.170170200685198,12.317148,1.1405258,8.971448,Orbital+M1,anomalous
5534003620751053824,Orbital,120.71983552319729,-41.576193976832975,257.2481753787541,-5.647352470795811,219.4651049001119,1529.6226027530681,186.31267,0.37897865700540684,0.05924331,4.035767127554596,11.312624,3.1919062,0.7720314,,0.37314445483248787,0.48332806419304797,0.3716069866021137,247.93573688345512,6.1694317325141546,13.0835705,1.3190422,13.365857,Orbital+M1,anomalous
2012482934585668992,Orbital,353.55988480591265,61.07183390697706,113.7322823092568,-0.4134896121204211,196.5206261722562,1570.1162754960153,152.81636,0.858282661984466,0.015814003,4.343717788044251,12.509039,8.118428,0.8752165,,0.3746414018503064,0.4280556966982557,0.3375490192393443,254.602005503434,6.1669438635857015,11.926138,0.99362564,6.4477997,Orbital+M1,anomalous
4363577650505377152,Orbital,262.54751509752765,-3.8870559734234664,19.801733532699885,16.10038570081754,180.01348964057223,845.5732142091823,5.3855453,0.3826580294445068,0.019218413,3.251826742554786,93.74576,1.3227654,0.69167244,,0.3419538389691978,0.4943869627388868,0.3782320235958407,137.20287788433282,6.162940801591875,13.834845,1.8926363,7.904683,Orbital+M1,marginal
4323184032858295936,Orbital,292.0264629449664,17.846537215862796,52.924932130314644,0.2739468297354748,89.1918871803058,1588.0781535640847,102.78382,0.5946807476713791,0.02949419,7.040972064108452,25.802366,3.0711198,1.6357828,,0.3756406215470939,0.22963966417250475,0.2000759989700402,259.12877239849144,6.128528834775316,6.821282,0.42043543,12.598749,Orbital+M1,anomalous
6726085984344367744,Orbital,272.5371462072116,-39.22602338865458,353.52772154308286,-9.486692248474782,64.99085585657173,1103.6509091122502,24.817013,0.5645025190820334,0.016359301,10.518179130701764,59.200905,13.210876,0.7801706,,0.3561494416513708,0.45650199168639327,0.35527825039792843,181.352021053112,6.085682986620962,10.607663,1.3945675,14.497655,Orbital+M1,marginal
4243116049918892672,Orbital,305.75776399648845,2.1124007761982515,45.788570797169484,-19.223153044956707,251.40309056458773,1375.6305930255664,121.02707,0.446822779443923,0.03992842,3.221012956975496,14.656796,-0.32899237,0.78608453,,0.3680709722179953,0.46823332210353763,0.36246460167265326,226.34609964109003,6.077553778071993,13.188311,1.2275248,6.515582,Orbital+M1,marginal
2972153996313101056,Orbital,83.81562871499331,-15.67351627899654,219.0269274298911,-23.752358409472755,196.27168162142968,1577.1551620331702,363.39987,0.6558354203448791,0.05522098,4.602398684422992,5.0600123,7.0584736,0.7833222,0.4276795,0.3759271144626024,0.479913766296139,0.3695492011348173,260.438146879329,6.0557763174529375,12.43002,1.1185474,9.996251,Orbital+SB1+M1,anomalous
2889380085212270080,OrbitalTargetedSearchValidated,89.73529546850624,-34.35925883638526,240.33702772450332,-25.098176733597125,59.03705429616157,1157.3084626359737,23.05939,0.2427695049248912,0.007895414,10.773648341985925,40.06375,0.23649004,0.9842632,0.25755337,0.3589274185599333,0.3646661027642626,0.2963997226598206,191.15171771804887,6.0543973993632525,8.012411,0.8098712,19.492304,AstroSpectroSB1+M1,marginal
4707420087837371008,Orbital,1.0119095028456622,-67.35016695292735,309.872519568057,-49.13453054565539,276.0057125001106,1320.4176042861798,106.24312,0.2728430682139988,0.056708362,2.7807916665483874,20.022427,1.9396888,0.82519853,,0.36619169636244625,0.44376193429689836,0.3473918732008666,218.7316100246362,6.036702258706267,13.005526,1.1341515,9.776456,Orbital+M1,marginal
6030640756606498048,Orbital,250.01660697362308,-31.52494683756267,349.5782290888399,9.963270989962233,231.2406519214845,849.7802268348856,23.778355,0.393048035830317,0.04424473,2.440010886266634,44.41841,-0.45407867,0.76083285,,0.34328547568351503,0.45119697107451295,0.35200481165909553,140.94620232932485,6.029110488903772,13.764341,1.5779886,8.218148,Orbital+M1,marginal
828582380620958720,Orbital,149.8869259298809,53.66432285381875,160.80838508861322,48.864846099555834,254.82375791647604,1115.3527287107545,86.09852,0.24803152432351608,0.02396216,2.5197245676467825,14.585429,8.938945,0.91003513,,0.3572388265357527,0.3925549832521904,0.3147933821469412,185.14722126571561,6.024139714795107,12.248133,1.0283413,8.344753,Orbital+M1,marginal
5806446968432105344,Orbital,246.65116571237365,-72.58420135152633,317.49171808768835,-16.124507653096924,281.27339980808665,963.5190750855451,15.143412,0.4156103104431594,0.01461004,2.087595904157943,64.546104,0.7216256,0.8636679,,0.3499270798946464,0.4051639267070781,0.3229580469944413,160.81879473175084,5.991333766011089,13.022371,1.1784582,7.989984,Orbital+M1,marginal
5360422105169714304,Orbital,162.06869575520287,-52.405232751484625,284.6290941720344,6.0344733622357865,168.80551111858557,1865.5088903295,192.07535,0.6122499386124419,0.03419644,5.723781157276657,14.184297,6.459323,0.90540063,0.35504475,0.3864275481017729,0.42680282481670195,0.3367580438725353,312.09536739813694,5.977368090663418,11.2658615,0.9314194,8.090513,Orbital+SB1+M1,anomalous
4423930187349699328,Orbital,235.23003577623135,2.6608805228614494,9.254135418833526,42.68635413935692,292.3782660350831,939.197436336306,42.936913,0.5124023253763161,0.111701466,1.904373503533548,21.293674,4.8617215,0.926209,,0.3488181255002831,0.37660844981503294,0.3043335083430384,157.3577553097437,5.968548766392769,12.456223,1.0379372,7.105341,Orbital+M1,marginal
5451067561739649920,Orbital,162.79930736580454,-32.46782115691112,275.4001497302203,23.89738405871762,253.26504213293944,1091.2651643665736,39.161457,0.20654225232627293,0.018079897,2.6652646215321725,27.089909,1.2146789,0.7923853,,0.35706678009263265,0.4506226819774064,0.3516495549953813,184.54377519880887,5.913313321952769,13.394124,1.3437977,4.3371463,Orbital+M1,marginal
577128327660829824,AstroSpectroSB1,136.05300924454113,2.0145776666318675,227.5546270965037,30.196624658646744,136.32666588784633,1331.284068548762,132.95645,0.22958448657883315,0.062048044,5.958560555903557,12.896643,3.4475892,0.7427446,0.36406118,0.36781534171563085,0.4952110449892895,0.3787232709138435,225.29839457292255,5.908981602254001,11.9989195,1.279954,22.407951,AstroSpectroSB1+M1,marginal
5409678130150170368,Orbital,145.7606098297991,-48.58941127655688,273.8951724163601,3.368330238880986,242.780632641852,1222.2476139722012,53.158356,0.43289644831763857,0.04040638,3.0794777663252852,39.353073,-0.84505457,0.7710259,,0.3635180830874711,0.47147324744763464,0.3644367298951679,208.2436273579094,5.86931580802479,13.195868,1.2546444,11.551084,Orbital+M1,marginal
486917079392505088,Orbital,54.816863441309344,62.75871473803935,140.8497716342874,5.880999343610921,212.18483473408756,2463.155760681021,297.51532,0.8490415015434275,0.016136281,5.980470392204188,15.287414,4.133169,0.8095389,,0.40460194295468627,0.49979308286329527,0.3814485868840044,420.00225194638887,5.8646251282372415,12.648265,1.1953144,9.279665,Orbital+M1,anomalous
6519434491866098304,Orbital,339.90901606929634,-45.69995249346271,348.7083556222405,-57.98819294276739,135.81370427311592,1322.812889294177,99.23856,0.2193268301963822,0.049202934,5.75472560296867,17.854174,8.72405,0.8017378,0.2715017,0.3679005982804345,0.45887895644672827,0.35674013207221783,225.64739962838323,5.862300613579888,11.707507,1.2002363,14.578297,Orbital+SB1+M1,marginal
6199759594992923264,Orbital,227.85338239386576,-35.9984660263927,332.2755308719001,18.774655444357574,198.16416224022518,1210.0714330551284,127.11891,0.5990184772710859,0.06261233,2.948341633527493,8.04021,3.0695152,1.2606201,,0.3632018052263811,0.28811360399094743,0.24336660692009365,207.029303129979,5.844928301262795,9.956588,0.68875504,8.534138,Orbital+M1,marginal
1523103709353539584,Orbital,197.9499703091848,38.56947275562951,103.78151558386554,77.7914058164346,251.44185691030074,1828.4769518763042,111.51319,0.905556744847539,0.01500733,4.092288329938352,14.273693,-2.0481608,0.76638496,,0.38662851146861343,0.5044834280955401,0.3842276656963341,313.15611207053956,5.83886720200573,13.586181,1.440527,8.132477,Orbital+M1,anomalous
648198530191859200,Orbital,146.48936853709318,28.793957953898364,199.37554152812433,49.26988404472394,206.37452315734598,1021.7138766922218,34.83075,0.7143870059613157,0.02721965,2.923896057400486,21.12423,5.504209,0.9051117,,0.35450017946937146,0.3916645768978517,0.3142133112054225,175.7217636576548,5.8143843734845975,11.685882,0.9226179,2.635897,Orbital+M1,marginal
6662760333674079744,Orbital,287.88287461425125,-46.468596934507744,350.9335019603133,-22.597871006939148,194.77462272669192,1011.7850679638909,51.734123,0.9301810129313708,0.20620184,2.9383428458408107,5.4709134,3.681115,0.9935975,,0.3540062745431344,0.3562874019703576,0.290780970124632,174.06241610292756,5.8127715943319815,11.27788,0.78436947,7.730546,Orbital+M1,marginal
237857281717366400,AstroSpectroSB1,51.48911552005261,41.38553473679667,151.62839263237984,-12.719290283663502,219.04237449362446,1336.3846142726875,67.50689,0.439853128237017,0.023178961,3.4411055212668273,26.11767,2.6703074,0.8843575,0.40906113,0.3690235190657923,0.41727866169462824,0.33071661272726155,230.28353802919307,5.803213836775749,12.156479,1.1388006,12.534253,AstroSpectroSB1+M1,marginal
4944462322200954496,Orbital,32.85452782920546,-44.45153134904076,265.36902674666624,-66.3974156841337,297.1132887061335,974.7918403640206,15.478961,0.2946827449707389,0.014551085,1.9845056866940236,48.54879,-1.1229337,0.87976,,0.3521683173150578,0.40030043026991635,0.31981972247174895,167.99429670063213,5.8025293686077415,13.060689,1.174942,7.8399363,Orbital+M1,marginal
1758191115122583424,AstroSpectroSB1,314.6548394586109,12.718564238463326,60.36154886385513,-20.91771644792627,161.82405549827612,1143.5643303923566,30.79783,0.4532629323898773,0.015123202,4.422530960406221,51.658833,1.6588832,0.75920415,0.41201648,0.3606028596778787,0.4749748273055504,0.3665620673445544,197.25806916556104,5.797300638852698,12.3555355,1.288415,5.677994,AstroSpectroSB1+M1,marginal
3137160665531336448,Orbital,114.73722551823941,3.9328316653736657,214.8438297141618,12.358284490644115,237.22179831762136,1075.5001559786504,68.93828,0.7059765322277507,0.029643651,2.677627232076647,28.353811,4.795511,0.8861532,,0.3575828635003391,0.40352261321604044,0.321900462902272,186.35851964996485,5.771134896321083,12.119046,1.0251083,11.07277,Orbital+M1,marginal
5898516120782069632,Orbital,220.23690955757672,-50.28023555156972,320.2347041559574,8.876131047505988,154.14139265439576,922.0652973832715,22.03255,0.6544977015406177,0.030678181,3.635810032230923,53.564125,10.777465,0.89424,,0.3496109833403611,0.39095877488633435,0.3137531726335581,159.82628665470986,5.769171746918638,11.0415745,0.9740248,9.842392,Orbital+M1,marginal
6532890929345410944,Orbital,357.19868440520577,-42.76576970013378,338.03145497581824,-69.83951193093661,180.65084549270176,1240.9831182475132,34.425133,0.7486159439028232,0.01573824,4.102980731548121,48.292114,4.8469977,0.81037164,,0.36533189752490725,0.4508201924762856,0.3517717552525091,215.31502006949296,5.763569665725065,12.496722,1.3211994,15.89269,Orbital+M1,marginal
5871920338942139392,Orbital,204.86049807065714,-57.70862292449522,309.32993659659724,4.565579208830331,187.05966325054945,883.5021553618044,13.679131,0.2660680374130819,0.016972167,3.1582498641600947,85.49541,6.2302885,0.7437403,0.5514814,0.347507282487798,0.46724276343077853,0.3618605728354539,153.34164195465107,5.76165837341881,12.638836,1.215683,8.872775,Orbital+SB1+M1,marginal
255283892481396992,Orbital,76.46009646007853,48.55074721884557,159.43200445933272,4.579104802389086,243.55432932417392,2094.851513868598,306.38663,0.8047129896697248,0.027780853,3.135058835781572,9.27309,8.681764,1.7462051,,0.39601218345261274,0.226784462710379,0.19789483187071466,365.896607724436,5.725255358055334,9.205133,0.2803297,5.441996,Orbital+M1,anomalous
3098105222234744448,AstroSpectroSB1,124.97338554261957,8.427803583120252,215.39131615292482,23.468677923205448,187.05423262449514,1016.4655654847966,30.088644,0.4316446677275446,0.017352281,3.22573914893493,40.76991,2.9295244,0.90133095,0.37461236,0.3551035918732266,0.39397692125189177,0.3157187633126736,177.7656868431995,5.718007696172451,11.585672,0.9004488,8.635727,AstroSpectroSB1+M1,marginal
270579095658045824,Orbital,64.00179460107668,49.64337720698805,153.21657065912805,-0.8075883614662778,204.32897946899624,2287.3168270430365,528.8702,0.7338250215954463,0.03849608,4.340991274749766,6.5425935,6.945117,1.5070881,,0.40173384292510433,0.2665629515723177,0.22770991178951625,401.28860941240384,5.699929610243094,9.270183,0.6238127,4.884681,Orbital+M1,anomalous
1098980018200547584,Orbital,106.51978863697816,61.33529317438651,154.9029885876483,25.299738008041594,265.3459032652071,1235.6249884473984,51.127884,0.5448442248266412,0.028697371,2.820654658389708,37.67052,0.80004895,0.79047453,,0.3659013546802665,0.4628882259022792,0.35919920860122667,217.5731962921265,5.679123207752006,13.273614,1.2301474,12.256149,Orbital+M1,marginal
5753338667017464320,Orbital,126.34846684449015,-7.424622290203148,230.91638792276896,17.027334395521983,234.9516041171051,1740.3969650104682,208.18153,0.7625439632911379,0.022207957,3.8757534644407343,10.588908,8.848565,0.9263707,0.4062546,0.3853515194191479,0.4159798314007155,0.32988879374100605,306.4632130287133,5.678975129871153,11.8194065,0.9017811,6.756756,Orbital+SB1+M1,anomalous
2290983079501780864,Orbital,307.06393202268094,78.32049573666859,111.45494225936325,21.880722786741458,101.06393415934478,4075.8957755672777,587.2466,0.9539449636288914,0.025781777,15.799205425600691,9.999978,6.9806085,1.1769905,,0.44061336705760473,0.3743559218837974,0.30284371298497403,717.9572060557533,5.677073426087685,8.872063,0.65279007,18.760878,Orbital+M1,anomalous
5557816701842814848,Orbital,102.5390708865534,-46.566276728442475,256.08406046254964,-19.544783030016763,252.47664871071734,2677.4039449671814,393.89438,0.8788009813132917,0.018261615,5.2379053296643585,11.378358,4.1469073,0.86321056,,0.4121456807830624,0.47745671845397764,0.3680646969940405,472.4750291870779,5.666762854269395,12.413235,1.0336132,11.024605,Orbital+M1,anomalous
532355565643115520,Orbital,20.47891061055163,69.50058028338334,125.61212649421981,6.787587538480861,173.8744747183162,3048.199540570872,331.35025,0.8565418966511801,0.014732127,8.081177823953265,15.400243,8.510378,0.9467654,,0.42075700328279664,0.4444152618386519,0.34779840479843344,538.4583500619473,5.660975524328279,11.248531,0.8778982,11.035999,Orbital+M1,anomalous
4855541930645024640,Orbital,57.331104637862694,-39.30507834994986,242.85355875748317,-51.28509423763117,298.25916164805807,1188.0564120982453,74.25432,0.6136090157402718,0.02445741,2.3520756539109575,17.74306,5.132924,0.8515331,,0.3639549739243682,0.42741141542426275,0.33714237367139444,209.9301391383838,5.659294167928364,12.932536,1.0205355,5.3139606,Orbital+M1,marginal
3010410133309686272,Orbital,84.01046689962868,-11.084525987684207,214.56866366321026,-21.705456641585428,163.77886174485826,1377.7881235254279,67.33403,0.33599163431309725,0.02365694,4.964536790117916,26.077803,7.1814966,0.7958004,,0.3721210023125395,0.4676059574606677,0.36208210233767574,243.45677153458345,5.659272136243336,12.417804,1.3558168,18.408052,Orbital+M1,marginal
2797533412176016128,Orbital,4.279259559638804,19.510005362993688,111.91343352383646,-42.62626691397137,194.39709583903218,981.3638854583746,34.69055,0.5704270947200071,0.02611124,3.1525698715415205,23.273422,12.139798,0.82511765,,0.35389412843359486,0.4289014172008465,0.3380824575288435,173.687348121849,5.650174846183422,12.221014,1.0887756,4.483854,Orbital+M1,marginal
6762273592060506112,Orbital,286.96160533899035,-29.047653088500944,8.094210293885773,-16.08444108644593,98.09805859653264,1058.100726243029,51.855923,0.3240264007664247,0.034819067,5.954238182052088,21.227636,14.970589,1.031711,,0.35792907061140455,0.3469276539109801,0.28445227149927876,187.58367191840162,5.640686715543663,9.0640135,0.8939867,18.520144,Orbital+M1,marginal
5833100332935965312,Orbital,238.57767434931083,-60.38054270957658,323.7407183362772,-5.122792304985823,176.66399608950337,1229.4401578733268,58.87586,0.8050848395820698,0.019022979,3.788783213387018,22.213907,7.4200945,0.9961159,,0.3662375757655944,0.36766561736019865,0.2984006276090061,218.91509903348967,5.616059208804263,10.136887,0.8461008,7.036554,Orbital+M1,marginal
5368489050184018560,Orbital,179.23613094851646,-52.838360192460776,294.6458200026838,9.154452812015533,264.3637316511984,1458.6396987442522,90.24801,0.8555848189659631,0.042754505,3.249005896520537,14.36245,-1.0447057,0.7801603,,0.37585783008729906,0.48176999815155963,0.37066867562184996,260.121021965163,5.607542549712119,13.377889,1.269062,8.548305,Orbital+M1,marginal
4162427667578051200,Orbital,265.96718892804734,-11.127701292110427,15.113432440440839,9.540326889095857,232.1003412121323,928.7688452386926,30.97121,0.4501919158246935,0.020739239,2.7284830946591714,10.069586,-0.13185999,0.70013785,,0.35153913966213723,0.5020998905334317,0.3828167368974776,165.95529536736686,5.59650020918419,13.903006,1.8830118,4.00395,Orbital+M1,marginal
4572291448814767232,Orbital,254.82344407662083,23.649663535754954,44.17256841844104,34.47876259023572,231.44594164331005,865.0684604931223,5.619465,0.4670356930250008,0.0120319985,2.266282489604056,108.95256,12.183227,0.93167555,,0.34794530860018125,0.37346188526639046,0.3022515550798004,154.6746736692706,5.59282550899596,11.835321,0.91250515,8.245845,Orbital+M1,marginal
5197948440151149184,AstroSpectroSB1,174.19434375118007,-81.23861534022858,299.9801944095463,-18.797847996471496,265.12471778384156,935.4772963603616,25.94304,0.5472833777535986,0.033341877,1.8611906269132565,40.64057,3.4923882,1.1908046,,0.351946165950808,0.29555324672015804,0.24869414254751526,167.27214933819943,5.592546637689012,10.655525,0.84159946,6.8547063,Orbital+M1,marginal
816196004177361280,Orbital,139.37088698466948,42.675886002662466,178.58386148443242,44.29856964509712,149.94649209293996,934.5295894270788,14.339025,0.5022405019115674,0.019182896,3.460506184239719,65.64179,8.446195,1.0771058,,0.351910442199409,0.3267185591986447,0.270595935467549,167.15624786528645,5.590754766045175,9.751215,0.73552895,5.9792852,Orbital+M1,marginal
424569543118038016,Orbital,10.153460887865505,56.960599236849454,121.44913844094872,-5.879984549293344,294.9716158520468,1232.7519593903453,47.83258,0.5505958447723037,0.030030426,2.29666847847297,24.387068,7.652661,0.9774286,,0.3667046722924297,0.37517284293692577,0.3033843700186781,220.79001637696757,5.583368213921396,12.395752,0.8702879,9.649475,Orbital+M1,marginal
6761146042907513088,Orbital,282.9661517733073,-30.38088112817307,5.416653614177985,-13.417285204131154,147.67836395719183,998.3796278289659,43.37481,0.6928438964904821,0.049365163,4.6462371559124565,15.158192,1.2711142,0.66383576,,0.3554855929673298,0.535502321932948,0.40234107621155635,179.06915550984965,5.575385805480332,13.468686,1.8094406,17.643282,Orbital+M1,marginal
488053699538620544,AstroSpectroSB1,53.25447874554164,64.50679267644728,139.24883805070868,6.883743678373662,277.52268909656476,1553.6399601055152,368.56726,0.23043584984044138,0.1185504,2.971409163351406,6.4441557,7.96626,0.95046073,,0.37996969498696104,0.39977421707273997,0.31947934708283926,279.46891375663745,5.559258592382946,11.972922,1.0104752,7.2303667,Orbital+M1,anomalous
6357263226917886336,AstroSpectroSB1,335.0846144117287,-76.52200917185893,313.2853365680869,-37.400609059743424,258.96585578656317,923.5649505610153,33.275223,0.7058964091084291,0.035185874,2.280161951174414,17.5477,2.0435805,0.8103019,0.46051326,0.3516211267823784,0.4339384207558251,0.34125139590806974,166.2198978776236,5.556283948874601,12.8711815,1.0922222,5.507085,AstroSpectroSB1+M1,marginal
5238879890815037312,Orbital,161.4318978992609,-66.98977210699474,291.08038102109134,-7.056440802819771,296.5880402942583,912.7191084951553,28.748232,0.4782033785294794,0.02916586,2.0194341003040734,47.77497,-0.54258555,0.7714659,,0.3513681818705964,0.45545523526296194,0.35463353140903525,165.40460569138253,5.518099720863501,14.251625,1.5501957,6.6258335,Orbital+M1,marginal
3240750328904991360,AstroSpectroSB1,77.71850616393019,6.27443536320799,195.07868331587125,-19.026711059039137,76.98797438281626,1027.2418288372517,26.469303,0.6193161153654791,0.014233021,8.52321802216673,66.73173,3.3304782,0.77405304,0.35028514,0.35765167135959686,0.462050601427485,0.3586861471155884,186.60151883091584,5.505002506266095,10.620305,1.2317123,30.508795,AstroSpectroSB1+M1,marginal
5880732791497259264,Orbital,224.12670707921515,-57.68565968462905,319.04403184375644,1.2199253867050628,134.6142671783662,989.629718896081,27.37977,0.5042366789545568,0.03182268,4.357781211605566,38.683857,10.094438,0.9240007,,0.355790404271064,0.3850542665175195,0.30989227260750357,180.1145584861943,5.494446019320174,10.514639,0.92251396,9.851222,Orbital+M1,marginal
5807538405520003072,Orbital,254.9635601862938,-71.44514625768073,320.07709111094886,-17.444337277136896,160.50536490645615,946.0836074291122,31.719683,0.44262483691976323,0.019172866,4.2039352111680275,29.84824,-0.4492501,0.6287019,,0.3534969388179754,0.5622647626883421,0.41761021076437116,172.36401694104904,5.488869569294653,14.241687,2.104785,9.913039,Orbital+M1,marginal
4450751948876645760,AstroSpectroSB1,240.74110672753048,6.804642817136212,17.869949636065353,40.29369943259905,116.37565551251313,2030.6865797741998,299.07495,0.673288981068066,0.041659806,9.016714522517299,10.104719,5.378777,0.8968005,0.36247712,0.3969958447992014,0.442680213509103,0.34671827008086625,371.80128833826177,5.4617524023389015,10.357025,0.9464617,12.047931,AstroSpectroSB1+M1,anomalous
6486719244935683968,Orbital,350.3618834997502,-63.0834693755268,318.96284568472066,-51.152150631634576,256.1931494550282,1643.374726902657,182.16068,0.34898335612154024,0.04411603,3.5241573120744563,7.966207,6.3879986,0.86550206,,0.3843916380790239,0.44412561920302196,0.34761820362634893,301.506004949005,5.450553885918816,12.568153,0.97896576,8.69723,Orbital+M1,anomalous
6208562250724337152,Orbital,233.08379083935344,-31.1428446382285,339.02116864831316,20.228807976138963,145.4515254065919,878.0706406780865,14.831953,0.21281846971119636,0.01898499,2.9483621799982256,47.763794,3.909368,1.4230841,,0.3500845951713191,0.2460041436584608,0.21245294941089865,161.31516129597608,5.443199719256578,8.513659,0.58826923,12.364047,Orbital+M1,marginal
2803842611759278336,Orbital,13.010917783601487,23.004820909520035,123.11353233601605,-39.86671548550831,78.73789400739284,894.9116298687251,16.267958,0.3839355687216755,0.012469045,7.472189979947289,61.66761,7.329829,0.7784102,,0.35110104282249377,0.4510488743459753,0.35191321542147974,164.54694344703717,5.438640251356421,10.608785,1.10046,31.310583,Orbital+M1,marginal
4991522102768757760,AstroSpectroSB1,1.113243111111974,-44.56715160068166,328.25583101872354,-70.17945971854525,112.81297308773637,1454.580543201554,105.88966,0.40738102363479994,0.016264047,7.606113159988792,25.81727,6.270546,0.78450304,0.4185361,0.37747560806126873,0.4811652568779464,0.37030415358968666,267.6046539995956,5.435557720919728,11.307201,1.2083788,10.233974,AstroSpectroSB1+M1,marginal
2932002447313866240,Orbital,104.63899788406597,-21.146497362296394,232.65877281739267,-7.973885676231514,204.00556409189585,1046.3361990255758,46.811283,0.8508653874834894,0.027142765,3.0264001985118685,26.291845,13.612472,0.9131297,,0.3594491728332951,0.3936452596262532,0.3155030277318346,193.03732072957476,5.420382934610785,11.641602,0.9171696,3.8038068,Orbital+M1,marginal
5364010120846123520,Orbital,159.09604514106533,-49.69595632898722,281.67131447239046,7.518391259572325,235.9286301500707,879.3630707851113,16.935452,0.21562385032450251,0.018745996,2.504074647731939,28.621721,-1.6945027,0.74924976,,0.3503809550149633,0.4676424010176604,0.36210432725204234,162.25228818239293,5.419726776343465,13.32644,1.314043,7.296714,Orbital+M1,marginal
1563274985149662336,AstroSpectroSB1,198.61914961426015,53.81545283786691,115.43912842882106,62.976355448466016,163.26639552522323,936.8112104980645,35.550022,0.7209189265031337,0.017206037,2.7570000625688413,28.441477,2.2852159,1.4330332,0.34966886,0.3537285496464328,0.246839042357536,0.21307880749570363,173.1347263025618,5.410879899743157,8.983025,0.47220135,5.890791,AstroSpectroSB1+M1,marginal
4539430550959192448,Orbital,280.28449964142186,28.567960459163263,57.850325326925486,14.665059378478817,257.2529640859453,909.0711056860005,15.763448,0.5618438658606756,0.012120064,2.32455819026567,44.482388,0.3378258,0.77316934,,0.35230566434863625,0.45566429850873547,0.35476234393778033,168.4419821545843,5.396939017564626,13.772318,1.4598475,8.927281,Orbital+M1,marginal
709881716627949696,AstroSpectroSB1,130.8133826761187,31.51256893234162,192.33837007519546,36.44157342888048,167.10086846915246,983.6387532759376,19.654257,0.3389377695018953,0.020913783,3.479586082049128,87.14997,5.4703054,0.9361896,0.5015533,0.3564456806365855,0.3807409137277805,0.30705870821712383,182.3780120678357,5.393406486468731,10.739493,0.873909,7.657344,AstroSpectroSB1+M1,marginal
1098436618938349312,AstroSpectroSB1,121.77724685253258,70.58256091492139,144.6334501995434,31.733832497819606,89.88766955866785,1238.8672304955883,27.490303,0.18082697559509392,0.006003631,7.656534527456266,44.391132,5.1337376,0.9625255,0.34380358,0.36898189617043653,0.3833476631783951,0.3087724850093356,230.11038093270847,5.38379548751376,9.188007,0.83772945,20.53213,AstroSpectroSB1+M1,marginal
5115855672207198848,Orbital,56.17767963957178,-10.776837572497401,199.61795763983292,-46.166602441416636,62.22528526334625,987.3058667740476,29.164062,0.2036214231029734,0.03127626,8.468777058910307,31.24488,3.0712404,1.1489272,,0.3567537762470579,0.3105103374652445,0.25928800677479114,183.44985064899825,5.381884276717665,7.840172,0.67411137,14.1959915,Orbital+M1,marginal
1323945079405283712,AstroSpectroSB1,241.83663802703992,34.663447195860016,55.66652008959161,47.715447890239595,122.98064673458533,936.4560788170447,7.5262785,0.27263198306535524,0.009429314,4.331374028669896,203.76863,3.401329,1.0350492,0.39888313,0.3540060477051061,0.3420185704073533,0.28111067438594795,174.0616568173586,5.380025078123094,10.038375,0.7612343,15.092909,AstroSpectroSB1+M1,marginal
24670330803634816,Orbital,36.831827880793014,11.284239085497381,157.29351512409858,-45.094590980881996,133.96673516336287,988.1815792964128,32.772472,0.40228999457130005,0.01845003,4.5673293338260486,37.934437,7.544603,0.84838027,,0.3569072684386757,0.4206925621218036,0.3328879662413531,183.98566207238156,5.370970586325654,11.208432,1.0235424,14.844348,Orbital+M1,marginal
4770013257582276224,AstroSpectroSB1,80.62751730903395,-54.48665955004121,262.18975984919825,-34.52513559672805,170.64352858839592,1316.7079319070356,116.5747,0.5247837974906491,0.01847755,4.386196548816805,14.521307,3.467975,0.89338857,0.39220938,0.37255243366682256,0.41701052201259947,0.3305457897631378,245.33711637337427,5.366933268683083,11.414204,0.9157715,3.4648192,AstroSpectroSB1+M1,marginal
178340378005535744,Orbital,67.3442711163163,37.66828304953415,163.4634797044079,-7.504242070514605,158.4147105735945,1341.7693472526641,248.66946,0.28353303772720195,0.0945845,5.141735454484812,5.2125397,5.1814494,0.76761156,,0.37361912938994785,0.48672941797493263,0.3736511350786858,250.0346969780929,5.366332606911052,12.7516775,1.4850082,13.856006,Orbital+M1,marginal
513745919027525120,Orbital,34.61817697664943,61.84620526747457,133.00609384043284,0.6887454862651581,280.50358059472984,1901.424187296795,254.82968,0.8266675397830513,0.021102764,3.518763030806969,8.986266,4.219228,0.92001975,,0.39427331017348066,0.4285487479610455,0.3378600593570907,355.63722437324367,5.3465274639002285,12.50476,1.1008835,2.9348981,Orbital+M1,anomalous
2073341001961764608,AstroSpectroSB1,296.70246657706093,40.027807112663766,74.35225352284048,7.482011390448825,149.35387144941942,1361.5290582028053,55.243755,0.5692368220429852,0.016947383,5.166219285198797,42.02415,2.3266144,0.88744706,0.29150075,0.3748662068514565,0.42240965586003454,0.33397762805417075,255.61503531387714,5.326482679436068,11.080313,0.9654274,11.930893,AstroSpectroSB1+M1,marginal
1450144034743842688,Orbital,202.38021826121013,29.6044904762536,51.62773678571745,81.26740196516621,76.13855657624178,1415.672422999281,37.494404,0.6585169022011452,0.012033658,10.773953700000739,43.758533,5.7335505,0.83090466,,0.3770860240268686,0.4538258611316386,0.35362881611062336,265.78737675068766,5.326334306415169,10.1185255,1.0500107,19.188736,Orbital+M1,marginal
3708891250088548864,AstroSpectroSB1,192.3357764744388,5.774333387213415,301.5012197515972,68.64026396314763,131.04848555700684,866.59104800868,34.203014,0.520521232672621,0.009101917,4.418373003403839,34.46397,8.604505,0.7670997,0.33519012,0.3505488713929109,0.4569795571690126,0.3555722012335368,162.78513669565604,5.3235268624608105,11.944006,1.3326483,8.857026,AstroSpectroSB1+M1,marginal
4924060574710493440,Orbital,2.088293588984937,-53.704487311474935,316.68061214611237,-62.25864242215734,169.83034558283154,929.8487267541204,9.9291935,0.35121641252513164,0.011113998,3.444873031704581,131.19112,12.608861,0.84504473,0.47667432,0.35419707359950564,0.4191459459452439,0.33190507726444657,174.70198289395566,5.322485248026863,11.658904,1.0106869,12.079503,Orbital+SB1+M1,marginal
3537703504461143296,Orbital,168.71243022878502,-23.657467965416892,276.0214149935738,34.117493550821386,181.28519101595398,1078.6708753168316,130.29298,0.5119667772225867,0.03243628,3.7561055832376464,9.652747,6.666628,0.78309697,,0.36209215053329546,0.4623848192601927,0.35889090596199336,202.81236694709753,5.3185655862800365,12.511853,1.2616558,9.969772,Orbital+M1,marginal
322344584125381632,Orbital,22.114433068708692,37.17443408580298,131.06797761900413,-25.11177950144926,267.065739668355,952.910090287493,65.1944,0.5553910936582137,0.047178414,2.3785524272325187,12.530023,4.1522303,0.7368164,,0.3555165233578814,0.48250353865933804,0.371110586694123,179.17502094484368,5.318319960352241,13.826871,1.4744606,6.249577,Orbital+M1,marginal
5639082160309955072,AstroSpectroSB1,130.98086769399083,-33.848715443139625,255.5607694554229,5.417110310075485,187.6003368917314,851.1775720746822,16.337488,0.3411960805005944,0.012775614,2.554138128520955,46.920456,3.6329544,1.1032267,0.54565686,0.34969187266636764,0.31697191956291193,0.26381720397152386,160.07981529202496,5.317207360102989,10.066467,0.7220545,6.8325415,AstroSpectroSB1+M1,marginal
3653324784278419584,AstroSpectroSB1,217.45946629796623,0.0905234486289589,348.1453427529317,54.08897630633954,166.50846983474906,879.0707495495993,14.7372875,0.306830486778686,0.018957982,3.563840702332368,150.21707,4.1436224,0.7455748,0.29770556,0.3514633284065075,0.47139916938843873,0.36439169921929726,165.71091627193502,5.3048451443417655,12.480491,1.2793055,15.801676,AstroSpectroSB1+M1,marginal
2091542493545281920,Orbital,282.3067347071844,34.13696289149773,63.85495854477935,15.247686564739041,154.91503683386014,2073.7771772773285,331.0572,0.60145977736499,0.05070037,5.424228226930193,7.1769238,6.188452,1.4653972,,0.40011233436584925,0.27304018582171774,0.23245121938237606,390.9995825302332,5.303783609837941,8.391939,0.6679125,10.415564,Orbital+M1,anomalous
1600492697835189248,Orbital,228.59209726188357,54.85404046832375,89.77810626106618,52.067774574617964,158.48900064987427,3064.1239475638645,593.0352,0.5566501472899482,0.056687966,9.207432479615793,5.5560308,7.6332016,0.8958479,,0.42563163368229073,0.4751159496984908,0.36664759229913324,578.8600914773223,5.293375709739883,11.319041,0.9441786,11.045786,Orbital+M1,anomalous
1275901815753372288,AstroSpectroSB1,227.28355604519948,30.32396190625017,47.26424801912365,59.758532122380714,200.75428642378222,900.0098354859481,18.950518,0.39745651365871276,0.02103844,2.0562266360568744,42.562553,3.5938537,1.5941585,0.33072516,0.35280647833060685,0.2213120412049197,0.1936959846546015,170.08226153973152,5.291614935845054,8.599839,0.58568573,3.9049408,AstroSpectroSB1+M1,marginal
250947590422304768,AstroSpectroSB1,61.072487132914276,51.657092535693984,150.48606717491745,-0.5889042937415229,147.03496816613168,1229.1864478458629,40.394444,0.38524124245513375,0.01153383,4.6634507469488415,40.1181,3.868755,0.9622925,0.68153423,0.3696248724879642,0.3841086524223709,0.3092720225310805,232.79658127188912,5.280088054258256,10.235664,0.8723812,6.239538,AstroSpectroSB1+M1,marginal
5356442212369828224,AstroSpectroSB1,151.3524061216861,-53.23804566867794,279.550399119006,1.9247141966551335,287.0645814290539,1385.2616792213269,139.42326,0.6214454147006726,0.015030515,2.65599012264392,8.920812,0.9081302,0.9397686,,0.37654610702640057,0.4006795950237808,0.32006488166633373,263.28473249148686,5.261458445054798,12.389335,0.9000759,4.9917207,Orbital+M1,marginal
2013333544271181824,OrbitalTargetedSearch,345.65265289297406,58.875432745482016,109.25948850250712,-1.076933653994295,63.69658526803745,1981.938418532585,120.84798,0.6235755661521855,0.018108943,14.985482449530004,26.167566,2.0664754,1.0621291,,0.39781119115714536,0.3745412645344819,0.3029664124767917,376.7515612065804,5.260597758865951,8.331917,0.91288567,34.770344,Orbital+M1,anomalous
2237411711902753408,Orbital,300.4487315533973,60.558759245328424,93.85984866167813,15.361171183757499,290.0096285967361,940.9713250892568,11.873698,0.1562247001361271,0.027442316,2.0152453355439754,81.30433,2.7287765,0.866694,,0.35550343812645463,0.41018335073208,0.32618273746739657,179.13022818954806,5.253001319763634,12.836407,1.0022392,7.230555,Orbital+M1,marginal
705370076821224960,Orbital,132.2526826381938,29.797659855228734,194.7677708932636,37.27565588958517,296.43019168778886,871.4521389179016,18.315126,0.2602187920408349,0.02773266,1.7601608183077389,61.534626,9.124268,0.9684111,0.61420643,0.3516414392948239,0.3631117442332765,0.2953606641697039,166.2855044955724,5.240698168859963,11.641438,0.8356447,6.377588,Orbital+SB1+M1,marginal
554559412688938624,AstroSpectroSB1,61.551597496720895,77.46751585156913,132.83033903705262,18.520189144583064,127.33398188504138,1144.3807411444882,25.356518,0.8524882576506265,0.0068318667,5.0050704056709625,56.80491,1.5055145,0.9981144,0.39089322,0.3661236065667282,0.36681527085080046,0.29783394397773205,218.45951381481922,5.23841109577192,10.26396,0.8094139,8.833664,AstroSpectroSB1+M1,marginal
2110664993613776640,AstroSpectroSB1,280.43388503658053,41.49957726472817,70.48406316812999,19.29013345938649,230.63713119463728,3190.3388623114815,817.7319,0.8113916560957749,0.040833395,6.499848337919331,6.1390266,2.908939,0.9086624,0.56695265,0.42913627533965876,0.47227252427029687,0.3649224163094548,609.3349808932061,5.235771722205835,11.631514,0.929451,10.947892,AstroSpectroSB1+M1,anomalous
950379681676268288,Orbital,104.0988962150332,39.83425776659387,176.700922475861,17.87080038285918,203.49865116306358,952.84784280817,61.128376,0.26812806502855296,0.034077365,3.1550526957964276,12.047815,1.9679508,0.72244817,,0.35638083537963344,0.4932960592707013,0.3775812037941734,182.15304270133458,5.231028967056551,13.265749,1.4149456,9.032403,Orbital+M1,marginal
5880110433572447360,Orbital,226.4838861158822,-58.0688076053533,319.96239323068886,0.28484873496703056,160.59155519874304,1230.605698787778,61.16954,0.38044886886401613,0.022306561,4.736824508827899,26.018398,6.9647026,0.77458847,,0.3704586853639734,0.47826517147228287,0.36855348792749243,236.31630153191833,5.207451584213139,12.4021435,1.3157568,13.4237995,Orbital+M1,marginal
5773242644982363520,Orbital,230.1923782106718,-79.71621397213225,309.49914392345346,-18.803645990285432,281.0992071168952,1620.245785452745,136.19095,0.6864730518034027,0.018445157,3.0862204225234553,13.455254,4.1779904,0.93176574,,0.38629202156955667,0.41458062579176636,0.3289959352876452,311.38159718411805,5.203408936510475,12.24831,0.9787617,9.176726,Orbital+M1,anomalous
229325518164371712,AstroSpectroSB1,66.54321886816984,43.561794551671575,158.75061804623266,-3.882449820975994,197.85722120818602,2369.134401933065,494.91742,0.8304258145372845,0.03587561,6.129650882164553,6.8647833,3.9985704,0.8640466,0.3772645,0.40975290344284004,0.47422548268107045,0.36610776874473383,455.3090997455686,5.203353948464816,12.077321,1.0415068,6.3659854,AstroSpectroSB1+M1,anomalous
3677688381402114688,AstroSpectroSB1,193.71683740336334,-5.498462397218713,304.5144530532365,57.36274952237014,146.12922325172497,931.1264713560998,80.46916,0.30371834997140756,0.02678111,4.163514733211876,10.152224,2.5846121,0.78325593,0.37167695,0.3555334727275378,0.45391736847392194,0.3536852791321707,179.23305418821442,5.195060004826535,11.790148,1.1213942,10.672068,AstroSpectroSB1+M1,marginal
1687920669859256704,AstroSpectroSB1,201.4616988627716,72.40559749820457,119.29883121768026,44.47912251386317,100.93588437923407,1771.1058774078224,72.269714,0.783710729058894,0.007001569,9.713753490850541,47.744843,3.9336293,0.8332463,0.31617454,0.3918386502657154,0.47025549906040376,0.3636961255172654,341.65019214834973,5.183974480654708,10.999559,1.2378893,19.985363,AstroSpectroSB1+M1,anomalous
1190138465674819072,Orbital,235.25752677262454,11.480055656548506,19.906312489321316,47.29380453562513,255.51769254856413,1696.9455376281935,415.84808,0.4591044919644954,0.087063566,3.5677041279663544,5.22231,7.709727,0.9077635,,0.3894282681196248,0.42899750453775576,0.33814303965881726,328.22787699414675,5.170022586650844,12.152982,1.0058374,9.397995,Orbital+M1,anomalous
6558936676180184448,AstroSpectroSB1,328.79573681303884,-51.01255181358931,344.9504846406651,-49.18116009579896,140.76265132166904,893.73165405054,5.391017,0.3875863507680636,0.007985708,4.249358357294497,286.8993,4.854878,0.7591756,0.3004251,0.35376428926909553,0.4659847997110509,0.3610927528275683,173.25389195938996,5.158508382946036,12.083848,1.2795467,15.6182575,AstroSpectroSB1+M1,marginal
1883198612173961216,Orbital,344.34264878026994,27.024185591076975,93.74249496196836,-29.304048135612717,166.38726009047477,2093.125007601974,256.84628,0.7893118933637144,0.025028015,5.997852591349038,12.66194,10.233511,1.0655307,,0.40254169419796776,0.37778518268173533,0.30511056560618816,406.49265109733403,5.149232100387415,10.266849,0.74529266,8.914403,Orbital+M1,anomalous
4321498825120565248,Orbital,291.88293936006767,15.365888539977968,50.67921336617875,-0.7888439961077567,209.42041930726458,1071.5348196202783,44.69699,0.22960797336695288,0.029912679,2.979251257915218,20.298166,9.716632,0.94120836,,0.3635205548547458,0.38622750212134915,0.31066108509351487,208.25313928055473,5.145347740360958,11.229885,0.9077835,5.2424893,Orbital+M1,marginal
5674941907409285760,AstroSpectroSB1,139.7450918767152,-23.050829840761715,252.13493780784074,18.239998891958734,98.13023706784908,1452.8519606105435,93.45323,0.7522491463013221,0.02232085,8.50023903016742,15.852738,7.418463,0.84581894,0.4399303,0.38071457804750697,0.45011356623996646,0.35133446813245184,283.09041618007393,5.132112843009082,10.442826,1.0101786,16.995644,AstroSpectroSB1+M1,marginal
1368245777278481024,Orbital,266.09022226043425,51.79148685841343,79.14976585951938,31.13923363731183,155.38991693720936,2214.375319589596,202.20798,0.7747838257222486,0.018995052,7.710614532862016,17.605461,13.136134,0.79093635,,0.40631321470067905,0.5137116460486075,0.3896643220416412,431.486801149752,5.131965366470327,12.037873,1.189415,19.928234,Orbital+M1,anomalous
2143335912184433536,AstroSpectroSB1,291.3537019141564,58.8259282250263,90.19513279633478,18.78937970734844,221.0819288632157,1077.2441321470915,29.413153,0.33996729826074834,0.020828046,3.113283163489419,61.768673,2.7364347,0.7701542,0.53113836,0.36396723906344364,0.47259009870109026,0.36511530178799007,209.97763855961233,5.13028025049088,12.753983,1.1407242,10.177041,AstroSpectroSB1+M1,marginal
6385589975047535872,AstroSpectroSB1,340.80709606584526,-68.72987337757907,318.53962230611546,-44.31190869600761,290.6432942233817,1037.4615225074208,93.973595,0.7458357505944374,0.04005491,2.113955664691272,12.38948,6.2580457,0.9223748,0.3670689,0.3619530727901482,0.39241431866675025,0.31470177471401095,202.28858895363493,5.128621084727669,12.210711,0.909379,3.9634035,AstroSpectroSB1+M1,marginal
1714502909648991360,Orbital,218.13820651929385,78.10146360169317,116.53945227189321,37.74238486774971,275.1282747090686,1207.798777484233,90.236786,0.49911231720520477,0.06100659,2.520016833094619,12.980849,13.518217,0.9208303,,0.3704006211513181,0.4022463393893685,0.3210770202778237,236.06986650141633,5.116276784428082,12.338986,0.91524124,9.44933,Orbital+M1,marginal
5347862207742089216,Orbital,166.29925182251108,-52.45552891451756,286.99493664748053,7.097711231272912,271.12077662309724,980.3556755882167,27.568045,0.6879021579980185,0.02040242,2.2959613583063523,36.250134,2.513216,0.81723386,,0.35917275356228673,0.43949813012611005,0.34473308163590166,192.03655743076817,5.1050471259444885,13.034089,1.1306925,6.4487147,Orbital+M1,marginal
6630258254564309888,AstroSpectroSB1,276.97272053749043,-63.18276628987745,331.7596568830482,-21.454509010435363,214.78905939009778,1246.4744456977924,57.15616,0.7994013600234675,0.011666519,3.2733117463260357,43.356674,6.5918827,0.94278073,0.3312313,0.37231338049165974,0.3949098315406536,0.3163252469411034,244.29384015194012,5.102357247004425,11.429591,0.8740883,5.6858706,AstroSpectroSB1+M1,marginal
1346153492003786496,AstroSpectroSB1,268.4581011007465,43.348056708553074,69.81131011675916,28.292092344869754,151.56186979181874,1026.5984876566044,34.281395,0.24260654485507469,0.009108953,4.318903198063592,22.300152,2.2524865,0.79297465,0.33234718,0.3617502588087499,0.45619397595685984,0.3550885970535624,201.5266616225601,5.09410754582599,11.881361,1.1456261,9.173551,AstroSpectroSB1+M1,marginal
4743609379194508672,AstroSpectroSB1,33.55008287754604,-54.20783305689716,279.30746600030886,-58.95954522609246,185.89397020333132,1225.0646361371312,31.919683,0.5943255801809189,0.01422755,3.4757667276453135,80.01233,0.5690628,1.0907068,0.36241937,0.37148330844409727,0.3405895148375806,0.28013501431233623,240.6980042451238,5.089633542991661,10.289804,0.72571373,8.936316,AstroSpectroSB1+M1,marginal
2905634818441206784,AstroSpectroSB1,83.72156995523629,-29.794823246861217,233.7972400400014,-28.67122420867506,110.66809084131346,1167.1096699436976,51.29852,0.8171406594646152,0.014479182,6.265561747419574,29.68703,7.829529,0.87125975,0.6020089,0.3689472267359374,0.42346410147677593,0.3346459603682815,229.9662285304712,5.075135063968978,10.788538,1.1749363,12.45756,AstroSpectroSB1+M1,marginal
4702956581729640320,AstroSpectroSB1,0.5082483643175572,-70.40320762476641,308.8761617626806,-46.15062867635474,214.46386037418623,860.0188231299297,10.499233,0.42514270626906225,0.021364864,2.6223794283118247,124.924484,3.7379866,0.8164672,0.26699698,0.35264930047410725,0.4319209509430797,0.3399838140696531,169.56613676998083,5.07187838039006,12.452616,1.0906239,9.489315,AstroSpectroSB1+M1,marginal
812989725191523072,AstroSpectroSB1,142.8935672812148,39.41126380293261,183.1583923938273,47.03735974279071,239.48848649708853,1111.2864712360838,42.251842,0.5998692606244898,0.032280024,2.9025055477197523,30.051313,3.7933874,0.79788435,0.5740959,0.366383348197781,0.4591935541393495,0.35693339382854344,219.49889248752754,5.062834070104612,12.802074,1.2435303,7.890524,AstroSpectroSB1+M1,marginal
1060368640165652096,AstroSpectroSB1,164.89498347315026,68.08459118554855,137.4606437895946,45.76000334081719,103.22343561028282,921.2800795118897,9.773469,0.8167345784837661,0.008873055,5.290442945361065,47.58701,1.659185,0.9740709,0.37999257,0.35653516895868353,0.3660258883912879,0.29730748974904436,182.6888311062375,5.042892189595024,9.94621,0.82501507,11.869243,AstroSpectroSB1+M1,marginal
3368900745587213696,Orbital,96.55222350638367,15.873196086533092,195.96967002839557,1.7575210938738315,297.84655273627664,1180.6421543175097,99.04133,0.44733487123103477,0.065927744,2.4629254387592896,16.67262,0.6744289,0.78845334,,0.37015422249002466,0.46946877318196223,0.36321725281708467,235.026328879228,5.023446351511542,13.468847,1.1961985,9.228463,Orbital+M1,marginal
1870103394346059264,AstroSpectroSB1,313.3973998545019,36.696869514164995,79.03109938553813,-5.1692878318951045,84.32069715775087,1006.8047325859181,13.140809,0.3865322466337895,0.008014081,6.763455441657301,44.80965,4.3612328,1.0308588,0.3626521,0.36176042394839547,0.3509311262620052,0.28716604357248293,201.56479659028116,4.994943311616266,9.220565,0.7809181,10.553381,AstroSpectroSB1+M1,marginal
4637257811327504896,Orbital,32.60913265571496,-75.21989566463262,296.3843001116553,-40.88825494511187,192.4135194390702,888.179253073999,10.224665,0.41118266387787306,0.016409941,3.075510379477128,131.91473,9.6605835,0.7755309,,0.35517833495504303,0.45798090898584043,0.3561881634100579,178.02014349184782,4.9892064777190335,12.640894,1.2270927,14.612423,Orbital+M1,marginal
4358630088697880064,AstroSpectroSB1,246.66457959421012,-1.9920934027673245,12.525398899292169,30.623854357121694,286.29014384658944,1025.8221540929705,106.09799,0.6778907712380672,0.06447692,1.8982767013294881,31.984997,11.168173,1.1693685,,0.3628480382181057,0.31029400613950564,0.2591358803788236,205.67757526702928,4.987525512983879,11.034719,0.78445435,4.78777,Orbital+M1,marginal
3974491885938200960,Orbital,177.54818315838196,17.739771894566903,243.3579882753057,73.04169743321401,177.832960218093,1203.0347602850652,119.735374,0.43977496342907557,0.052550368,4.1772506437402965,19.119518,2.614753,0.79460955,,0.3718385767439537,0.46795130804338647,0.36229268504549256,242.23193550942682,4.966458108651191,12.252204,1.1343584,15.994077,Orbital+M1,marginal
4594899091509654400,Orbital,262.52817143442843,26.744848280043247,50.120404167079435,28.7732571407673,291.99926284565964,1035.9828865641878,31.079515,0.30213833772252274,0.020736942,2.2773142082236033,41.85425,0.61327505,0.78335786,,0.3636398888279609,0.4642066008643889,0.36000599929386057,208.71276568967707,4.963677631987929,13.487063,1.189496,9.532569,Orbital+M1,marginal
5560641179714473344,AstroSpectroSB1,109.96731890267019,-41.563796524650655,253.36736980005708,-12.716484366808142,267.92667720141634,963.7473406400788,34.694633,0.35107428398093843,0.024463098,2.2935981244716834,32.989857,4.3604,0.82265973,0.50987095,0.3598842480900709,0.4374642814854076,0.3434613646074422,194.6207026049793,4.951926119577279,12.83226,1.1318312,8.00598,AstroSpectroSB1+M1,marginal
4671656651077714304,Orbital,46.87536464163008,-66.69309632839258,284.5949813180469,-45.28772071208516,172.87563542563694,1045.9189552855587,22.809153,0.3826285423684061,0.011298148,3.8414968777174012,38.14055,8.323373,0.79943997,,0.36437830926952897,0.4557919599433933,0.35484099010780523,211.57443862026088,4.943503393445369,12.147895,1.12181,14.386717,Orbital+M1,marginal
5929723112664222464,AstroSpectroSB1,254.26487085334531,-54.485792270764804,333.86252476962363,-7.1067046700653815,252.41227907490727,912.1509197058086,27.528675,0.8165201723178624,0.024490282,2.230487032671443,31.859493,1.8233935,0.9047874,,0.3571842167890495,0.394771421893622,0.3162352992160115,184.95551374158669,4.9317314269432035,12.223156,1.0549774,4.4020524,Orbital+M1,marginal
5308427746490712320,Orbital,146.66327725640636,-54.32204135050601,278.03730684263735,-0.6363387709511866,274.78854165002883,1874.951735652367,185.14299,0.6202585572047559,0.02717836,3.5706155523661356,11.561106,5.173595,0.9314679,,0.39881460062638474,0.42815711050413974,0.3376130068425016,382.9138304397681,4.8965369924064275,12.301527,0.91162586,6.4549665,Orbital+M1,anomalous
5794684289960595072,AstroSpectroSB1,237.505153875214,-72.21213140490053,315.7103943591986,-13.930666430431312,254.11262587796276,873.3081061154083,16.131449,0.2750437894528191,0.020406635,2.0869725845552987,46.44562,1.320129,0.9562618,0.37479168,0.35538865124338453,0.3716436714024799,0.30104577675023103,178.73766826886808,4.885976831709168,11.890415,0.9906368,6.0598564,AstroSpectroSB1+M1,marginal
1495661136074774784,AstroSpectroSB1,208.47974296470213,37.8900824868153,76.19900833080847,73.03270825175393,153.08156288581986,1060.4170341228942,20.151697,0.7743161714617467,0.0097489655,3.7039278588311415,74.9793,5.80089,1.1385692,0.34658557,0.36578695311935544,0.32126895898587593,0.26681358895178714,217.1180664180319,4.884057101361627,9.830435,0.68858814,8.003088,AstroSpectroSB1+M1,marginal
4989698670108892288,Orbital,17.63169304181953,-36.736760563044065,281.3073342588468,-79.57693439436751,230.4165835619558,938.203178949032,13.603555,0.18929094904488136,0.014956438,2.527380089922078,68.01302,6.995459,0.8852539,,0.35923010308339637,0.40579329901533134,0.32336317364038064,192.24385621484177,4.880276527019645,12.0864105,1.0283117,8.699683,Orbital+M1,marginal
1602483810314164224,AstroSpectroSB1,231.09027714327354,57.38262452708977,91.9959661012881,49.54424949044917,51.79775058411002,1240.668655156754,14.116132,0.3061867689625191,0.0061297216,14.685205776718592,103.41565,7.968602,0.79943186,0.38221413,0.37463582261178113,0.46862758559852424,0.362704877087734,254.57690377687473,4.873453313125941,9.573561,1.1890955,43.043278,AstroSpectroSB1+M1,marginal
788718865007839872,AstroSpectroSB1,170.93930578469744,47.10378563768889,157.84619040943238,63.642699481346895,219.53623346933148,1623.9917284475662,187.08827,0.7426560570735256,0.012147204,4.205886510947455,13.490827,5.564651,0.8326278,0.4934103,0.3905703114327851,0.4690815319454136,0.3629814256307645,334.5352475167581,4.854471211934744,12.220072,0.94613075,6.0560246,AstroSpectroSB1+M1,anomalous
5814956359494336896,AstroSpectroSB1,257.3294457141913,-66.42891104728969,324.90512170594906,-15.340440536740845,290.5603222261953,937.7900481729961,18.362682,0.17889751022200154,0.026010819,1.8772350812572882,53.770737,1.947758,1.0145453,0.42422014,0.359546644743643,0.354391900624629,0.2895037692684111,193.3911789619304,4.849187295960395,11.934896,0.8362093,7.4483685,AstroSpectroSB1+M1,marginal
4232994422614280960,AstroSpectroSB1,310.0784136534615,3.441826291180724,49.353577613710726,-22.269524717039356,147.9981968546104,1123.0242857678302,67.71932,0.7221546783011696,0.029679475,4.416367566861255,33.05418,2.6039226,0.9369509,0.2639523,0.3693986373489529,0.39425612235439167,0.31590032498210857,231.8486595212856,4.843781663808702,10.508479,0.880455,6.477681,AstroSpectroSB1+M1,marginal
5598386348753854848,AstroSpectroSB1,114.5029914495269,-30.94275359747715,245.49910999437012,-4.611702319591495,271.75396945588955,1725.8843793531155,241.69217,0.5618680029306881,0.050523162,3.4183113291843292,10.2786045,4.8556223,0.9127798,0.39274326,0.39439224264268635,0.43207818486656047,0.3400826847244671,356.3317146520299,4.843476761641889,12.295687,0.86263466,11.17294,AstroSpectroSB1+M1,anomalous
763966315639066240,Orbital,170.43356296660238,37.8254707623817,177.6948791270434,68.35040315916018,286.7486619417584,1380.0638542512158,271.10257,0.3532843936058496,0.1269348,2.517347421131917,5.665242,13.2985525,1.0686119,,0.38115756477574764,0.35668475986927894,0.2910484266603086,285.2613888158576,4.837892222217557,11.1267185,0.7541008,5.777196,Orbital+M1,marginal
4620480466478600704,Orbital,43.612325441569254,-79.51450158801717,296.3282594143341,-35.98403278960363,222.9487934635261,1101.958567524588,38.6643,0.49256565549416015,0.017158233,3.4388957127697135,25.481583,0.9132685,0.63701075,,0.36856860389604257,0.578590866905669,0.4267680024533038,228.39651603514773,4.824760844228503,14.512553,2.0541487,8.648925,Orbital+M1,marginal
6479581795267411712,Orbital,316.5486664477792,-49.21279783726111,349.83296590923396,-41.8922234411583,261.9229600967665,1424.0579444806651,64.203354,0.7691631747691353,0.018235575,3.270992728711205,39.263355,0.16900171,0.78334135,,0.38327847041728413,0.4892866581242965,0.3751841713709005,295.83551088510484,4.813681563176957,13.494906,1.3894129,9.265881,Orbital+M1,marginal
6338376365931235328,Orbital,222.38415091647818,-3.763297205387027,350.19611389834756,47.97212493029476,171.515196136629,1029.140090156512,44.06234,0.4426705675467807,0.0221909,3.5958692950936006,21.827738,5.8523207,0.9179748,,0.3650375610868885,0.39765530522946557,0.3181071245429092,214.15500139670633,4.805585129670196,11.434642,1.114603,12.96381,Orbital+M1,marginal
6581934752878936960,AstroSpectroSB1,318.2828094955216,-39.25452481367459,3.3292177465090123,-43.47001790582171,263.79803126286475,1051.941481170355,58.990547,0.2909174586596255,0.018149272,2.3261444455364093,13.335302,2.885495,0.96202576,0.48492464,0.36630703100677076,0.38076634288452305,0.3070754459733479,219.1931044767704,4.799154077777285,11.532299,0.90261745,4.60017,AstroSpectroSB1+M1,marginal
6247088244811178240,Orbital,240.41041908750222,-20.23085021457923,352.1837419900431,23.950350623514495,262.92195791709395,1124.5260355459493,70.0477,0.4214665824296476,0.058653805,2.552251088027102,21.961378,0.615411,0.89081687,,0.3700674531610666,0.4154248383972634,0.32953477490916516,234.65970241855288,4.792156573778391,12.936108,1.2721167,6.8643785,Orbital+M1,marginal
5499362579197012864,Orbital,93.42875168650836,-55.22309887766314,263.67064963092224,-27.239689691440574,249.78795860920192,1806.1549120239924,195.7003,0.8512548883856956,0.043924116,4.099529940254601,13.55563,6.1947684,0.7998458,,0.39789789995473507,0.49746825280512397,0.3800671093461545,377.28100298677447,4.787293549702811,12.980417,1.1692495,8.989344,Orbital+M1,anomalous
1711853846836267392,AstroSpectroSB1,209.06482222652988,74.71158247550814,117.27601071648033,41.69714724433686,120.48244252830634,1557.844877607764,110.63738,0.7371058770337632,0.009438823,6.779260946408937,12.373334,1.1695176,1.0127814,0.5249045,0.38898613126895065,0.3840770953467938,0.30925131432964237,325.81100167292243,4.7814373044764915,9.582597,0.78739643,6.1276464,AstroSpectroSB1+M1,anomalous
3162965649379040384,Orbital,110.35492284502867,11.845423649966037,205.62200009711606,11.959779899326781,276.7030537949874,885.9229431221621,28.717957,0.6637380988778939,0.1763665,2.1154739776091835,9.828449,-0.6570615,0.7993983,,0.3572981414851241,0.44695884408308106,0.3493789613727977,185.35562146393673,4.779584973604535,13.174323,1.1265535,8.855814,Orbital+M1,marginal
5299937764367213312,Orbital,136.84479263182283,-60.53067942309114,278.55527861025723,-8.757129507317527,253.37238327921216,1112.0487767422621,33.112812,0.6943560739651238,0.01644291,2.4526762512726092,40.02595,4.6866226,1.0279448,,0.3698297537606551,0.35977588737812705,0.29312565416269354,233.65762911947218,4.759308655715484,11.54144,0.9523907,4.8918204,Orbital+M1,marginal
5492162324225491840,Orbital,112.43092431898835,-53.98251673202871,265.75073883516046,-16.367484280125513,274.087542532661,979.3407035350264,23.392279,0.17281994932019817,0.024568707,2.3342943769063296,60.954456,-0.4700077,0.78282905,,0.3629884787944977,0.4636880562028337,0.359688779377046,206.21336818935032,4.749162055467573,13.308714,1.1596804,9.700262,Orbital+M1,marginal
6482496192573469312,AstroSpectroSB1,311.7600720521056,-46.896402387832026,353.08698802864484,-38.81696142396377,206.1448046903311,1270.6485005988025,53.376534,0.6944694274462455,0.014978425,3.6515513785744536,36.284218,4.314785,0.85809016,0.29890493,0.3775280315019328,0.43996312753433653,0.34502351843625506,267.84992734045596,4.743882192597049,12.1219225,0.9791479,9.765091,AstroSpectroSB1+M1,marginal
4697574888924553472,Orbital,26.205098052028863,-68.08668036444469,295.4967896418763,-48.26364068708608,186.38737689475477,1049.705354497368,48.233406,0.40982874584240103,0.023933042,3.85316024367952,24.084377,1.1218,0.6832309,,0.3671166920966269,0.537324504053718,0.4033910702061114,222.45420239921273,4.718748143105805,13.450668,1.5142517,12.397767,Orbital+M1,marginal
5799475102658292992,AstroSpectroSB1,227.27203376254002,-68.3401130233533,315.1171015415821,-8.788382531666425,189.95146356062367,1100.570114978732,19.766691,0.3582003546670844,0.010214997,3.3096266376855557,36.423393,2.0312128,0.9896468,0.45164207,0.36981167322833286,0.3736804646505131,0.30239637418994897,233.5815431587577,4.711716945164244,10.332058,0.83590126,8.24958,AstroSpectroSB1+M1,marginal
2766572573488174080,Orbital,358.72327220834364,12.089167093801597,101.8278213579819,-48.45190826232502,266.35999769976746,929.5236371775719,25.173332,0.7998680168774706,0.03115949,2.3329369795652393,16.144896,2.160091,0.76455706,,0.36064390716756967,0.47170306095804093,0.3645764113326113,197.40955177194363,4.70860517555604,13.789005,1.524498,5.608403,Orbital+M1,marginal
526370855134525056,AstroSpectroSB1,16.95633316716356,66.82998797887933,124.54666346092675,4.009630450529646,227.022298148886,1535.579111792098,205.5668,0.8667333835955906,0.012404046,3.923070058647034,11.083239,3.099137,0.8248308,0.4306131,0.3890711148397395,0.4716981091859641,0.3645734019143622,326.2744736297884,4.706402847605121,12.492635,1.0618658,6.202783,AstroSpectroSB1+M1,anomalous
4669979724046949504,AstroSpectroSB1,59.616573585850546,-65.18082908923732,278.61429188923194,-42.0518737310238,201.4229715725647,1109.0876544749874,24.496063,0.38860717794117083,0.014130922,3.3632361247892377,80.973465,1.5080923,0.85744226,0.35985443,0.37044270628313375,0.432032247132889,0.3400537999062909,236.2484634744407,4.694581451087311,11.948724,1.0244169,11.245207,AstroSpectroSB1+M1,marginal
1294456658584956160,AstroSpectroSB1,222.23796068029512,37.20208812620928,62.49298333536016,63.306139446304336,129.86218810878916,1839.0839472161547,85.26912,0.6828884690604263,0.010758623,7.995753647598698,27.333637,4.7763834,0.8047538,0.40367544,0.4002446741612877,0.4973504740540139,0.3799970513166181,391.83154952539775,4.693557600054737,11.685429,1.2671471,17.0608,AstroSpectroSB1+M1,anomalous
6806538658875464448,Orbital,311.3297054844188,-23.875075733267927,21.575369552204076,-34.92557638921299,136.65494213117688,1083.36605850067,23.932743,0.5628917107778086,0.009424969,3.9029560783505026,56.21302,7.1381183,1.3391131,,0.3692122142641279,0.2757139854578534,0.23439944817946973,231.0698081388069,4.688479499882896,8.805397,0.5486374,12.931493,Orbital+M1,marginal
5866248512529481472,Orbital,209.47159817208288,-62.15447760587201,310.60602017602014,-0.27686336254539234,277.09914386671295,1125.4065935494173,31.91058,0.752594202265909,0.01129896,2.3764410866208827,78.26089,6.080275,0.93409747,,0.37149661915497084,0.3977064830409416,0.3181402984274917,240.75533891478483,4.674482396204531,12.65229,1.1762161,6.545927,Orbital+M1,marginal
4892192398410376832,AstroSpectroSB1,66.92173752532307,-27.556599453191073,226.59345700968893,-42.37897498032453,141.03823039304714,1655.9099063556978,119.23156,0.43296563464953336,0.01821261,6.730359680492612,19.688576,6.226404,0.81850404,0.5380216,0.3940425180330981,0.4814179294857722,0.37045648041144763,354.2925484093056,4.673849093892501,11.700189,1.2921658,6.4345326,AstroSpectroSB1+M1,anomalous
5540011970758460160,Orbital,125.08291283591977,-39.80635722525707,257.5714116497156,-1.9100164399809605,293.71410477259684,920.3897271602219,19.700985,0.1744674235580568,0.022160938,1.9760489469980334,82.29634,1.2662003,0.8741945,,0.3607776085684507,0.4126971828355236,0.3277923281722937,197.90359393805068,4.650697386770699,12.725582,0.9885597,9.4422245,Orbital+M1,marginal
955371292668830592,Orbital,97.54092165361004,37.821521680473396,176.5670455945826,12.383001045462589,48.03895305369192,1199.9341640111502,94.39854,0.344342837263053,0.012586491,14.372801674233974,12.604671,4.2515097,0.9420517,,0.37549146985571935,0.3985890226499069,0.31871212822626,258.44912597957205,4.642825389573938,8.473092,0.8764553,27.80372,Orbital+M1,marginal
3822220211370230656,AstroSpectroSB1,149.37831942693273,-5.02179462716664,243.66230616731474,37.11255403919228,187.9221663323971,1024.3756405502143,44.005096,0.628594293960706,0.054627072,2.9627524505181357,13.831607,0.7184095,1.1328837,0.30820888,0.366797791967073,0.3237735721198529,0.26855439183447066,221.16528554733935,4.6317198380165845,10.00802,0.70077896,9.748726,AstroSpectroSB1+M1,marginal
1907202909515814528,AstroSpectroSB1,335.07653494153436,38.22863974228586,92.93833665170915,-15.68710649729213,208.6310366802579,895.1288088224662,19.530775,0.3511816370104114,0.018785393,2.7127580512313387,52.94935,5.667251,0.88163,0.37591338,0.3596084807740967,0.40789047487714347,0.3247114850613922,193.61592749794798,4.623218866288535,11.994915,0.99549866,9.249492,AstroSpectroSB1+M1,marginal
2273745898274253568,AstroSpectroSB1,318.44440386930785,73.64780528893952,109.08214173529403,16.961619852639423,216.7257560283116,910.2034109909077,16.011696,0.21685553709591723,0.016204821,2.5449910487702048,46.77419,4.622039,0.95674145,0.35947886,0.36060454939124204,0.37690908923784594,0.3045321155303084,197.2643031380727,4.614131378619588,10.990699,0.8823738,9.324262,AstroSpectroSB1+M1,marginal
4754047519816683136,Orbital,44.49075122960409,-46.00458420137792,258.4227472155604,-58.69150576107722,130.1131709392958,1255.1734903349518,32.333035,0.9137722163135382,0.03156417,5.862734381991944,19.720093,9.700323,0.82254475,,0.37848459066087126,0.4601385991785818,0.3575136364145609,272.356163242507,4.608573844599729,11.664191,1.25527,13.70676,Orbital+M1,marginal
4966806425702335104,AstroSpectroSB1,35.44474936681965,-35.20147218052173,241.23700393388478,-69.1180695348264,259.2848221273447,1050.0794237043222,42.21474,0.2847383654050326,0.0246249,2.247577371249721,29.983751,6.469217,1.0768043,0.25209025,0.36843781537594866,0.34215857247500836,0.2812061873935333,227.85622789093304,4.608517543821357,11.4436865,0.73086834,5.896572,AstroSpectroSB1+M1,marginal
1625370179205609984,Orbital,248.44687440505214,61.6872756815354,92.3198429761777,39.790957950709206,162.91347366020213,1293.7208632881025,84.984116,0.41938049495157714,0.048792057,4.675462273962225,19.510109,7.2463694,0.86945474,,0.3803419584689245,0.4374488289320153,0.34345169389796537,281.2742660818151,4.599499560730501,11.578054,1.0836201,12.0271435,Orbital+M1,marginal
3617394080017327872,Orbital,206.56874796112484,-9.375880686645415,324.8184569104266,51.15062051183801,251.52275804121743,868.6186480982127,54.28497,0.21262596235116002,0.035184447,2.1774276682203033,12.37738,2.6023562,0.9003763,,0.358358698457837,0.3980099104600031,0.31833695129901185,189.11273257788469,4.593126207091733,12.328741,0.8824568,6.5665903,Orbital+M1,marginal
3028362168904390912,Orbital,113.13543539263847,-15.475511294441059,231.35439047134193,1.795928841250368,256.64511607728394,1620.7944503551028,217.76231,0.5281874267115909,0.06640089,3.3436424004442373,12.0388975,6.3603845,0.98662025,,0.39401600752975924,0.3993593366672261,0.31921087289159594,354.1383424941833,4.576726820767012,11.691943,1.0078268,9.340027,Orbital+M1,anomalous
1580735397301100032,AstroSpectroSB1,190.61997695971067,62.970700518457484,124.66853198956846,54.12733374248605,201.36060851460255,983.9498407968226,34.339962,0.44084981009734203,0.016427843,3.1163987331162226,30.084528,2.52969,0.8310535,0.45736906,0.3652602786252471,0.43951476125651656,0.34474347143824163,215.032311745819,4.575823199817105,12.10643,0.954895,7.430692,AstroSpectroSB1+M1,marginal
5557512240201330304,AstroSpectroSB1,104.06054329207596,-46.98804125128064,256.8748504683933,-18.704958883789615,104.96633620158539,1321.0341822371815,47.22157,0.23265758907852238,0.015910767,6.840262923061938,27.99544,2.7839625,1.0211385,0.42902884,0.3819039650290759,0.3739981861019691,0.302606827830473,288.94858776723976,4.571865854908867,9.722778,0.77978516,17.100676,AstroSpectroSB1+M1,marginal
1423899448103596928,AstroSpectroSB1,248.40195987736647,51.22490950667118,78.79990468964051,42.13238552388607,89.57390856034193,979.5726107857641,15.647087,0.3274463985100822,0.0134521155,7.1304217993840515,42.441143,3.4711456,0.7957661,0.28387582,0.3655705819032811,0.4593945066593341,0.35705681462290384,216.25929010890067,4.529620948503463,10.744002,1.1193275,31.699045,AstroSpectroSB1+M1,marginal
2235664931523704832,Orbital,299.5502120200324,58.94208473210814,92.16207028055436,14.995711373387907,280.2925531717042,910.0264506142984,21.87407,0.41442597075239157,0.015995767,2.0691109791876006,85.526764,4.9786606,0.86550206,,0.3617155745565494,0.4179257236919348,0.331128668054507,201.39658436528805,4.518579366588042,12.786633,0.98309326,9.997616,Orbital+M1,marginal
4546574249798778112,Orbital,259.8582370593822,15.70900373601674,37.41302002835434,27.273142454536096,285.6209098441973,917.5935163268169,23.107254,0.1531523208402207,0.031913135,2.154710576532745,65.68381,-0.22425702,0.7726079,,0.3623469355460086,0.4689920009468651,0.36292689088397456,203.77464359014795,4.50298182423704,13.634408,1.2799482,6.368844,Orbital+M1,marginal
4789299653606529920,AstroSpectroSB1,66.41619566681484,-47.165645568711625,253.51487345559798,-43.93329570707973,164.6752147867243,989.3931715007674,23.948208,0.41671011981961326,0.013287823,3.3265783436920304,37.292854,2.907914,1.1162888,,0.3665866564227501,0.32839768938626546,0.27175738304867875,220.31512814569876,4.490809050781397,9.785296,0.7147913,11.6608,Orbital+M1,marginal
868946517629051904,Orbital,114.59006920034487,25.802980151280355,193.90827950268925,21.185120168803305,279.3738138254111,850.9486040946748,14.805037,0.301719556690243,0.03705931,2.030804478778003,57.07705,2.1620173,0.8121449,,0.35860999254858184,0.44155913969922256,0.3460194960113704,190.0115795910175,4.478403926362087,13.282674,1.257453,7.596366,Orbital+M1,marginal
5644526701380898688,Orbital,124.5121455433855,-29.8364803100401,249.06991669109036,3.324730128587632,287.5184353438067,2103.2687886783065,280.23746,0.6149482722798869,0.036484446,3.998658260642474,8.733134,1.3271106,0.82254475,,0.4117775537559859,0.5006141635188397,0.3819358619721143,469.80182657080337,4.47692765273088,13.4025545,1.2695799,9.827715,Orbital+M1,anomalous
6804071182982382464,AstroSpectroSB1,317.426316405308,-24.293583909678134,23.07938271707179,-40.37847308356606,297.7606412781285,919.9491655745474,31.683561,0.4326220752537235,0.040372413,1.820849362532299,29.973385,10.073533,1.016096,,0.36284657261807174,0.3570987131935366,0.2913269482064223,205.67198959106685,4.4728947651241295,11.523759,0.8042555,6.394274,Orbital+M1,marginal
2884792510384051456,Orbital,92.97838844914182,-37.06355866127762,244.01761341467156,-23.3715208958448,231.95932197721004,1057.5079758384236,26.989561,0.40187824916205817,0.018670758,2.8994748251347056,77.20268,4.392695,0.8136307,,0.37058671955963013,0.455472881626634,0.35464440495534477,236.86040887415814,4.464688636082986,12.748328,1.1646042,12.359363,Orbital+M1,marginal
1830228883609553408,AstroSpectroSB1,303.3499281133195,22.624832811556395,62.45785881569585,-6.43935115517285,88.68280518533625,1410.2998069379464,70.242546,0.7373015854291378,0.018915433,9.37704686878663,29.411812,3.8150709,0.83991146,0.39892858,0.3872888554352102,0.4611067635998993,0.3581075894018719,316.66136308998153,4.453652928087725,10.373501,1.104311,17.739397,AstroSpectroSB1+M1,marginal
6672962422892694144,Orbital,303.746697030184,-45.00871447125726,355.01791354946664,-33.14872068078409,249.24619257921825,920.0574351306838,18.161995,0.4322612555165082,0.026391247,2.2110280889551652,34.231915,6.074991,0.9841195,,0.3631057437673885,0.36896510335675325,0.29926576710971187,206.6615752843346,4.452000493390346,11.09233,0.82813835,7.5446215,Orbital+M1,marginal
4590948541934525440,Orbital,272.33172299919113,30.707646012140295,57.29803839856007,21.8799008470849,134.05148468579372,1614.371434148212,111.092354,0.25443644212030575,0.027611267,6.165086573684852,17.061735,4.671327,1.0677838,,0.3955087495846286,0.37040151529555065,0.3002208622318846,362.9029735058963,4.448493266815248,9.533139,0.7564001,16.913961,Orbital+M1,anomalous
858005479283005440,AstroSpectroSB1,173.48718011408863,58.47833126248459,140.93116542061105,55.85914122140157,180.387823135338,1883.478747104036,80.67619,0.7962603079505016,0.009174603,5.889222961409923,50.154716,6.894741,0.8103043,0.52878577,0.4054237291559731,0.5003351668174802,0.38177032679053097,425.48728677641526,4.426639304252033,12.057421,1.1180544,15.913717,AstroSpectroSB1+M1,anomalous
824405610825317248,Orbital,145.15360923067453,46.64331747501397,172.2554443805304,47.963168394470316,298.37784319611285,859.1433126067236,17.829205,0.28245636161057075,0.033196073,1.864271708241599,36.891613,7.039969,0.8655417,,0.3602149061543081,0.4161727939748534,0.330011839966846,195.8308171682211,4.387171156359465,12.911714,0.94152164,4.547457,Orbital+M1,marginal
2901526832543171584,Orbital,82.82542865667112,-33.50511908355741,237.67507490604552,-30.393597865648434,253.9207367167531,1051.9566320390477,39.230625,0.48984061469343865,0.014502728,2.385757476879687,16.941074,4.33156,1.0113343,,0.3714381777682266,0.3672753685434137,0.29814061512289286,240.503687027353,4.373972994099697,11.757933,0.77040195,6.329235,Orbital+M1,marginal
4791045987308715648,Orbital,66.91806942463639,-44.868500930527574,250.2992864788768,-43.78207733678065,265.1750780116472,1678.285019783156,187.83572,0.7159470937599286,0.030180652,3.5946660943453215,15.774431,1.70463,0.84519666,,0.3989541071504064,0.4720251794475373,0.364772150434138,383.776755024254,4.37307626846001,13.12472,1.2437563,9.680694,Orbital+M1,anomalous
6252768528039098240,AstroSpectroSB1,230.5229704444789,-21.33064492963955,343.7068544588806,29.36687695263356,184.75847969638895,956.053775714574,45.542557,0.27929294961767787,0.03806225,3.4563287644261336,47.635506,7.569583,0.77041626,,0.3661809550395071,0.47530273459039685,0.36676077464887996,218.6886687158356,4.371757262635641,12.682043,1.2612333,7.610333,Orbital+M1,marginal
4805442099210085504,Orbital,82.81522409400841,-44.0706149760891,249.8297607123109,-32.43366951078095,205.73034426658919,1557.2055117044972,99.50595,0.8772623299195711,0.01719595,4.449611353580055,29.750834,10.200226,0.81235343,,0.3947005786105077,0.48587297471253954,0.37313697594725453,358.1371142604832,4.3480707519519965,12.443265,1.0844107,11.675347,Orbital+M1,anomalous
3371460580454248064,AstroSpectroSB1,97.83933479478557,18.861700424776124,193.88354404119767,4.227414370591044,176.5748067983743,914.564550374649,33.014458,0.1825590802390808,0.047465164,3.118400670772767,36.5969,3.372934,0.9824705,0.30550787,0.3641442701792703,0.3706414244366344,0.3003802590209206,210.66416162542328,4.341339045607642,10.38485,0.81853104,9.065719,AstroSpectroSB1+M1,marginal
4190046197062744064,AstroSpectroSB1,298.32117393815525,-11.795154368281931,29.11588314824748,-18.99373331840817,201.06169882124036,1340.4399095171607,125.70948,0.3630126453059857,0.021809649,3.9330897155009055,9.539486,3.531815,0.8655323,0.36731252,0.38599908555698037,0.4459672907825485,0.3487632324573388,309.8431451176552,4.326188688176923,12.1233225,1.1055393,6.6089344,AstroSpectroSB1+M1,marginal
1597227247083769856,Orbital,237.9903886754797,54.21550889807866,85.11170070407684,47.4805376907381,200.6502474424812,842.4362018266164,24.001032,0.2720006389482868,0.029312994,2.642100038504694,32.333565,6.897944,0.93091154,,0.3600538836981925,0.3867756149173712,0.31101997896145356,195.24079195489372,4.314857532544959,11.673361,0.89243793,7.3424544,Orbital+M1,marginal
3217691749004793728,AstroSpectroSB1,84.54586029518514,-0.9369461644007772,205.21022773534432,-16.682579339752518,84.85102935977041,841.9424660555871,3.310426,0.2340903819730857,0.017582506,6.782044363770848,290.45496,5.1717033,0.78072107,0.4263593,0.36004208842763963,0.46116609760984806,0.3581439739133985,195.1976256473483,4.313282312033208,10.804612,1.2680407,25.809113,AstroSpectroSB1+M1,marginal
2553658743838387968,AstroSpectroSB1,8.658444156979797,3.2735350617937256,114.68872904443757,-59.328996940851134,128.4973932708805,1169.8793558654559,92.037735,0.28761490547147506,0.006519934,6.013366510085815,9.768931,2.7101293,0.71881545,0.32351172,0.3782735738662746,0.5262457505941218,0.3969833480172401,271.3570571281496,4.311217730051424,12.223281,1.4251728,8.320338,AstroSpectroSB1+M1,marginal
2209571802610694016,AstroSpectroSB1,353.979997537428,66.2187376720338,115.41162512718056,4.455813067067847,234.42920020012443,1032.5310145375265,24.764091,0.3681769045833655,0.01722256,2.6385903534352653,42.273006,4.868995,0.94303775,0.42338556,0.37121728301621565,0.39363989794779763,0.31549953959698124,239.55434935982186,4.310216104599364,11.5174675,0.93888664,5.212228,AstroSpectroSB1+M1,marginal
3251265302198748672,Orbital,56.460924198169145,-1.279722484155901,188.7052687444044,-40.88264456234754,298.5303715992058,879.7416615969269,24.563515,0.4879806969407247,0.03852875,2.0051330094104887,44.367416,-0.6649946,0.7729932,,0.3626096978514098,0.46909816875247523,0.36299155891776663,204.77076480366043,4.2962268683249105,13.924673,1.4648476,4.9240546,Orbital+M1,marginal
422908357152123904,Orbital,2.568302386841216,58.666207935279196,117.58967086559761,-3.7779081148548883,284.06072294468015,844.7833784724677,14.432077,0.38424054530180274,0.023931151,1.9097039939426552,75.167625,5.4107566,0.8933412,,0.36070227212361083,0.4037676519567208,0.32205845264769095,197.62509892860254,4.274676562098364,12.641108,1.0066919,6.244307,Orbital+M1,marginal
3598812990639344384,Orbital,177.20739454989973,-5.667415746073659,275.83941475934813,53.878243952209814,167.86132568991172,1098.732581557783,30.950651,0.6247006218055509,0.028244166,4.186680666579265,15.9853945,5.643155,0.798207,,0.3751878304264863,0.4700382701211171,0.3635639321273743,257.0698027302086,4.2740631917428615,12.274859,1.2524948,5.520301,Orbital+M1,marginal
5103096969342260352,Orbital,47.31596960106302,-19.98494708809229,207.64859292594068,-57.72530921142504,253.82107085909055,925.5366537403643,23.595366,0.16655816641105164,0.021166692,2.291818403199631,25.150827,3.701241,0.89715105,,0.3656465099824979,0.40756404262074397,0.3245017815143252,216.56034684396963,4.273804818050128,12.110132,0.97666264,6.755775,Orbital+M1,marginal
498013797415751424,Orbital,77.40520027620882,70.93223944581142,140.9813368569291,17.818637033128013,293.1076859235134,1416.1625545540148,62.969177,0.7031712446175673,0.019505188,2.891867107285887,36.899017,2.2174864,0.82065237,,0.3901585957011357,0.47542493267012387,0.3668348109731603,332.2506212810541,4.26233229931591,13.301762,1.1869993,7.588064,Orbital+M1,marginal
2009599877654970496,Orbital,350.29281629643214,57.66215089636817,111.06845868058728,-3.11549991227159,155.27122474779546,1238.7661652019203,56.205704,0.7672349840611166,0.012767739,5.2893195875123435,20.988504,2.365539,0.69496244,,0.3823400852972974,0.5501593499647441,0.41074372317364466,291.1201024489655,4.255172194503747,13.077552,1.7516613,12.727566,Orbital+M1,marginal
3113462788339369344,Orbital,102.22637020386591,0.20916682372309592,212.45706315316497,-0.46807369596126974,280.1912086137276,1081.3621897746514,129.21614,0.7180419144828312,0.10592166,2.411573031897143,19.906971,2.2914157,0.84891766,,0.37496869945577166,0.44170208225807406,0.34610863093463873,256.07793278907644,4.222785532501687,12.864017,1.0146875,9.183601,Orbital+M1,marginal
510194049796917504,Orbital,21.578866066691205,60.06139382512171,127.2750825883482,-2.515915491987246,226.6817402691593,1061.738010911499,30.465508,0.340203450060615,0.014057009,3.0869236065635666,28.220621,0.41111076,0.7625191,,0.3741882105256286,0.49072633083804806,0.37604580346922833,252.56930128620814,4.203749250224008,13.498358,1.5464296,8.429579,Orbital+M1,marginal
1434505646502439552,Orbital,262.95426179452215,58.350320514945075,86.81472264698985,33.17260064739913,241.19752279893763,976.5575718181979,27.927944,0.625588723024898,0.017631667,2.483752345415486,44.712723,3.9797354,0.92637616,,0.3696792722984962,0.39905956854332103,0.31901682709503154,233.0249645323839,4.190785196675715,11.998565,0.912344,8.13523,Orbital+M1,marginal
3314151251273992832,Orbital,67.9051025367819,17.70963694563987,179.28859247978897,-20.305430508686843,44.05355936560033,846.6754378655676,2.5223029,0.15332296710758697,0.0034956418,13.052388511927507,310.47232,8.233274,0.7956223,,0.36191842001588004,0.4548872309604899,0.35428344403098144,202.15824769347756,4.188181523760234,9.247976,1.1795635,43.27126,Orbital+M1,marginal
2116764534369457792,Orbital,280.6474317521578,42.35137822214212,71.39128906321588,19.42495613352867,243.2591530840017,1053.0231503379352,39.43743,0.7628862931115666,0.023305716,2.5349676170777666,27.948574,7.8469825,0.9877893,,0.374012102528531,0.3786355173643594,0.30567156557354075,251.78281676859876,4.182267733169882,11.19058,0.82753277,6.042236,Orbital+M1,marginal
6251721689888263040,AstroSpectroSB1,232.62049801828005,-22.317747286529226,344.71134557414587,27.370708273823375,120.3610877888732,1147.9849472461553,48.66089,0.3596802501790938,0.013190274,5.316262776997749,15.90212,2.491122,1.0560216,0.44020268,0.37948932094004023,0.3593575465730444,0.29284487941772513,277.1525947969004,4.1420681920276,9.7742405,0.9197626,16.149311,AstroSpectroSB1+M1,marginal
2195095426360560640,Orbital,311.97809731020567,61.61011312624,97.87454069393715,11.257874673666882,276.7275073334015,858.0660985650989,9.38585,0.20148615013691004,0.021248017,2.075739639423955,54.501125,0.6147092,0.81835794,,0.3633006862547994,0.4439386074291277,0.3475018302943693,207.40835576180748,4.137085487291175,13.056417,1.0040293,10.162068,Orbital+M1,marginal
489286423870186368,Orbital,63.88222103786742,65.72214693238983,141.91446361999738,10.689335560625837,265.4206949399961,920.6926652159844,12.375388,0.5202845948767939,0.016203292,2.337023348875139,149.70169,0.046156,0.78077394,,0.36716440215454954,0.47025699043581803,0.363697033001066,222.64753617057747,4.135202576464229,13.393442,1.2553396,9.52274,Orbital+M1,marginal
4876237316460593280,Orbital,77.34428388402898,-29.29798788298519,231.49008655960898,-33.88045828568822,202.50033397874157,1396.8057794787778,105.394806,0.540782474685229,0.030555662,3.172997182397773,19.629211,9.127631,1.4255127,,0.3911897089894879,0.2744203659627338,0.23345752144153137,337.9953058892555,4.132618871152141,9.276603,0.5169563,8.061638,Orbital+M1,marginal
6373445529818715264,Orbital,309.3403535363517,-72.82505591564909,321.4248362974907,-33.5617087737036,250.27263811076233,2025.5317655925348,263.16147,0.7165092616173776,0.02704712,4.280368064328378,12.004512,6.043533,0.9205381,,0.41458005447364504,0.45036706478909405,0.3514913731916973,490.4517265092092,4.1299309516336296,12.181014,0.9258089,10.4257145,Orbital+M1,anomalous
5915665615954468480,AstroSpectroSB1,261.4005251857063,-58.94712377441407,332.43280251588567,-12.867052688063598,230.25266073153847,949.7067550061803,31.737823,0.2560121933885665,0.03683848,2.206563219234278,33.599552,2.7494304,1.2404718,0.38713166,0.36901743783240243,0.2974815114390078,0.2500686180100397,230.25823292367792,4.124528981862607,10.415546,0.65001297,6.396438,AstroSpectroSB1+M1,marginal
4721613511641568768,AstroSpectroSB1,46.6555987451487,-62.3266442103181,280.0530984904018,-48.35842960903035,231.0118414303145,952.8784811606986,13.734988,0.3468731144769742,0.01755065,2.385784193054372,79.0634,1.1168227,1.0612013,0.33444878,0.36921107001597386,0.34791802289244134,0.28512454584666347,231.06503391114796,4.123854072733097,10.916831,0.75133324,8.238612,AstroSpectroSB1+M1,marginal
5044766984135472128,AstroSpectroSB1,47.0445658549033,-38.86549550787184,244.11430433785156,-59.2453917798595,167.94172451003777,971.4620325129706,21.511194,0.7761664133516332,0.010178317,3.8942716455035287,43.50034,2.561107,0.76334023,0.45337498,0.37043544722966,0.4852822245742633,0.37278210936426115,236.2176506801247,4.112571730841912,12.332332,1.2435656,7.5613275,AstroSpectroSB1+M1,marginal
1689459097081097984,Orbital,194.26146592589893,71.59671751792499,122.30021136953863,45.52465338471413,209.52195185843917,1138.4405852233758,54.617645,0.3719977443866733,0.013952423,3.3609509535755935,24.247412,3.5869825,0.85342556,,0.3794535340404929,0.44462405482853373,0.34792827740788634,276.98063329442806,4.110181176505662,12.168607,1.0791616,11.129829,Orbital+M1,marginal
2881947558406152960,Orbital,0.9685532275139082,40.35206191992033,113.20752723897851,-21.6198652143275,200.22716159823315,912.489334373473,21.297266,0.736695165564776,0.028987069,2.8122011316881705,18.219515,10.768973,0.95055306,,0.3676825448897046,0.38680906992499764,0.3110418788912599,224.75561582117493,4.059917840270955,11.5299,0.88644695,6.881421,Orbital+M1,marginal
3576862615379348480,Orbital,186.85626738733785,-11.774319776272034,293.63674341075927,50.66354079474636,149.03273541176537,896.1515451015296,8.252405,0.38207429255582165,0.009970856,4.0998333931938555,149.14389,7.4730396,0.7743831,,0.3667942241525506,0.47365988622067134,0.3657646795094453,221.15089824115566,4.052217523097348,12.416976,1.4034405,17.799477,Orbital+M1,marginal
1098255371318851584,AstroSpectroSB1,117.82550521757436,70.09884947739975,145.35976232971302,30.463466022617133,284.3150164443887,1568.1821167658607,136.50032,0.49305683024203595,0.028402023,2.962059131812152,13.452695,5.364081,1.0039812,,0.39966310641828495,0.3980782642381804,0.31838124434026155,388.18571018048493,4.039772911879581,12.0647335,0.8060179,7.114988,Orbital+M1,anomalous
5796381867195732864,Orbital,219.28293384001753,-73.69366847673702,310.2803859590436,-12.348806001616577,217.4673009608796,848.4524242740126,7.3783083,0.6749925051447349,0.015938692,2.7054107388886433,57.65691,-0.46615866,0.76645815,,0.3640042019661732,0.47491725438272525,0.3665271732820636,210.12083600373836,4.037926178148831,13.460162,1.5098925,8.188273,Orbital+M1,marginal
4441260071152593152,AstroSpectroSB1,255.28118391288402,6.77115851125389,26.14863299375417,27.57553633973455,261.1110105806643,1253.321046511764,132.35692,0.1572824495365454,0.0249543,2.7957082015381416,11.5595665,2.3634953,0.9341802,0.29514414,0.38618823938370755,0.4133980139403409,0.3282404263253946,310.83587211007625,4.032099120361262,11.906518,0.9732313,9.3567705,AstroSpectroSB1+M1,marginal
1307275276241080064,Orbital,251.3569472257762,26.915894452620122,46.99376847445552,38.3956788188516,164.91044917216894,1736.9499793855846,150.89952,0.7241635130178214,0.011697256,5.52434788900273,12.622883,9.244667,1.0099221,,0.40626749782223415,0.40227605574415004,0.32109620374357084,431.1768495734519,4.02839341004483,10.798561,0.8165302,9.3950405,Orbital+M1,anomalous
2186361318306379008,Orbital,303.1220370347801,55.99217308754864,90.51010989838944,11.864730261559135,253.7309339351249,2523.202749277425,485.19336,0.8696791039668084,0.023765706,4.793847255238474,6.827227,8.427922,1.0264916,,0.43109449847865067,0.4199688344655498,0.33242819736304147,626.8977848580382,4.024902959018761,11.595372,0.80389977,7.4977803,Orbital+M1,anomalous
4387528479793480960,Orbital,260.52227920679854,2.8176857074447557,24.962198103443633,21.115695687011428,194.39814464598123,1071.6048873332252,49.597797,0.6898780592286704,0.028746309,3.646733053611118,17.840494,0.5680095,0.76168513,,0.3772535599614629,0.49528807065635216,0.378769169883005,266.56769477257245,4.020010332637968,13.19157,1.4788389,6.9414997,Orbital+M1,marginal
1790202571530814464,Orbital,320.5141472143,19.811458233769162,70.05097293584309,-20.914231273411257,47.88867890699078,1116.7979252339853,21.021864,0.3059397359058317,0.012742294,14.598144428610947,54.894943,8.361753,0.84406155,0.35934442,0.3796612779127256,0.44980283291923784,0.35114209048771833,277.9800326652192,4.017547283976986,8.9522915,1.0442114,20.378487,Orbital+SB1+M1,marginal
1571145907856592768,OrbitalTargetedSearch,187.8296795599063,55.118844491249305,129.0168315296333,61.771071509699155,25.249617391031386,1093.357554042765,5.222795,0.5371278530888679,0.0026974306,26.811827957040734,110.17618,0.27805266,0.8729232,,0.3785038046737357,0.43360493418522483,0.3410420191278931,272.4472781911265,4.013097731428815,7.7882166,1.1858382,37.48392,Orbital+M1,marginal
4960742992735555328,Orbital,28.076442489679867,-41.26981611995703,265.349490841178,-71.12767664039944,200.91218223514682,2124.6623513452337,136.04922,0.8141385582016208,0.013686769,5.725347037622633,18.41876,7.4146667,0.8639324,,0.4201489810564474,0.48632160929711554,0.3734063561024192,533.5770924260991,3.981921978105725,11.999342,1.0030928,13.033415,Orbital+M1,anomalous
2671125618347262976,Orbital,323.8307101610045,-5.169698950879277,49.06889461943337,-38.48139240294313,246.87583195559526,1061.181356091534,39.020153,0.8817846130269955,0.02029167,2.7118721997125244,26.336002,4.7975216,0.85215235,,0.37737559031818124,0.44284990987427875,0.3468239841147144,267.13718598875863,3.972420957283684,12.4878845,1.0663767,8.410602,Orbital+M1,marginal
3312551736733766528,AstroSpectroSB1,68.27333509507281,15.356376018575391,181.4952727573653,-21.49411011740586,109.61858725086645,1034.0415071718364,37.674393,0.2516559407321684,0.020407226,6.158856988604169,26.542475,3.451241,0.8020237,0.3944125,0.3763675407918683,0.4692723377784538,0.3630976346959727,262.46108176602525,3.939789854610322,11.427728,1.3075066,13.574784,AstroSpectroSB1+M1,marginal
4697584200413554688,Orbital,26.829831482226705,-67.86345071739208,295.0563109143274,-48.40135974977498,243.55772709348827,921.9066399056481,16.516148,0.2734281936938469,0.014826714,2.5795691498169244,40.946384,2.1703484,0.7706487,,0.36998278382901606,0.48009264823886677,0.36965715887841694,234.30237803111964,3.934687507880104,13.557075,1.426857,9.66523,Orbital+M1,marginal
5407760169558465408,AstroSpectroSB1,150.07180652097279,-48.81493313660262,276.2521830344782,4.986538030687289,187.08711487593865,1252.1277958050985,57.91488,0.636108434765695,0.019684605,3.9514858854363952,58.24948,12.709378,0.91449875,0.61110455,0.3877606015509859,0.42401436095949896,0.3349944818470161,319.184125475723,3.9229012217912906,11.193331,0.91593075,11.848931,AstroSpectroSB1+M1,marginal
1176861897128540800,Orbital,214.5804874754546,9.326839133016948,356.0746341721232,62.84378084031501,292.9748935463082,1096.466820099927,131.16058,0.4033516679095605,0.07860348,2.41053832928886,8.052157,1.328285,0.8047754,,0.3799792549345303,0.4721556436469292,0.3648514133998911,279.5151632260468,3.9227453975840403,13.282629,1.15378,7.7124324,Orbital+M1,marginal
4687253738933765632,AstroSpectroSB1,18.259404012451846,-72.69506633895136,300.6888553872528,-44.33899017560932,282.04616226180934,873.3309263080479,22.82114,0.8266110442177734,0.022929491,2.0315101480506077,18.689816,2.9705555,0.8596915,0.50484145,0.3672509304248324,0.42718920699027785,0.33700207103078034,222.9985050209025,3.9163084354587365,12.652448,0.98249626,4.1166463,AstroSpectroSB1+M1,marginal
3734969673034664576,AstroSpectroSB1,191.57469057509323,9.503726024660686,298.7530334598193,72.33376471194106,128.41487437646637,1255.2713566584264,196.62613,0.5849889370444409,0.04454406,4.8490129961102815,10.78812,3.2210507,1.3025506,0.3889027,0.38802545572049446,0.2978966570217436,0.2503641953432954,320.6073246114448,3.9152921979550324,8.588555,0.6287031,6.501456,AstroSpectroSB1+M1,marginal
2875409071992948992,AstroSpectroSB1,359.92691579357876,34.3146541998317,110.92022502604954,-27.347630302610167,91.09975902653255,1449.6360403450826,38.854256,0.472342650586784,0.011433315,9.088234447773663,48.51706,2.4775064,0.920216,0.43069413,0.3968456865194079,0.4312527452282878,0.33956348660219565,370.89516477573943,3.9084792092709013,9.681792,0.9051914,21.866167,AstroSpectroSB1+M1,marginal
4462701956643983488,AstroSpectroSB1,251.2687376805141,15.756693607486236,33.755741547199996,34.92639082056174,164.4266625028853,1151.7878047740164,27.501408,0.7179070269762553,0.0096225,4.463037823600818,33.67752,5.0768046,0.8066832,0.3707264,0.3831910400939899,0.4750204892131985,0.36658974112099646,295.39367888799086,3.8991619898906444,12.051746,1.1970453,9.093846,AstroSpectroSB1+M1,marginal
6797015032752022016,Orbital,307.6051558979145,-29.220306613170287,14.257929659578725,-33.21156654440918,154.9508631208845,2213.760253539844,356.7501,0.4999385855372928,0.05207282,7.689068617436099,6.7210546,7.014608,0.86491436,,0.4246145649595016,0.4909324966083384,0.3761691075205539,570.2420491465929,3.8821413763732284,11.825508,1.2012482,13.403034,Orbital+M1,anomalous
4163032708207267456,AstroSpectroSB1,264.2076050490245,-11.83029770394337,13.607770519379132,10.667242703524071,96.94902210437493,1044.3443027590192,12.941893,0.6032201215308208,0.0068180347,6.746448694318663,57.161385,5.225522,0.87734205,0.37732568,0.3777814649598621,0.43059769787688673,0.33915119817927836,269.03813237574303,3.8817705636629642,10.357869,0.9763632,13.603291,AstroSpectroSB1+M1,marginal
6411024947469526272,Orbital,333.7241280491314,-59.3816591275705,331.68908358067364,-48.07367170537572,222.64038600820345,1608.0819721492462,113.31702,0.8743778016509485,0.02124483,4.178546999421515,19.035975,8.995289,0.854992,,0.40374511914982136,0.47222094728510766,0.3648910850675513,414.3420828459438,3.8810491106865093,12.239825,1.0357265,7.669022,Orbital+M1,anomalous
2145810745355659136,AstroSpectroSB1,277.6045047359114,53.19581724181414,81.98620786096787,24.452148779969807,205.93522385383284,1195.7896801409365,37.030575,0.7265661338036763,0.013417211,3.6687640300851663,47.699642,3.912004,0.8083957,0.42656916,0.3856816777564126,0.47709517195830764,0.3678459983866358,308.18285144640834,3.880130495673862,12.471918,1.1866512,14.150089,AstroSpectroSB1+M1,marginal
3355502401836614272,Orbital,98.20071616860038,13.135493249109476,199.13671884320252,1.9042807673149273,258.685726058288,926.3068847781931,33.194767,0.3988487709363771,0.036200624,2.4016668497596214,39.407097,1.703375,0.7994439,,0.37103821182899827,0.46412038613016726,0.3599532670810472,238.78689773985545,3.879219896676873,13.039691,1.148592,7.288766,Orbital+M1,marginal
6888481240401391616,Orbital,315.405739931648,-13.24659344220855,35.36390504556862,-34.788030658813476,228.48091279736983,1995.742457509085,316.6361,0.8977993363442754,0.032649342,4.882186343412331,7.1617327,4.861874,0.8351298,,0.41792886081435704,0.5004358149908437,0.3818300480683768,516.0453132115063,3.8673783220488436,12.815398,1.2405615,8.721207,Orbital+M1,anomalous
5357586121094068992,AstroSpectroSB1,155.9516519495014,-51.59135502618547,280.9423683687088,4.864926849281842,261.60617230405984,1387.4335710941168,147.55305,0.4480104976088804,0.04530917,3.14990601786398,12.404648,8.454436,0.86609614,0.36263403,0.3951141731817634,0.4562012869135703,0.35509309917970083,360.5699978055642,3.847889673400626,12.482275,0.99147415,5.9525785,AstroSpectroSB1+M1,marginal
4525276640852794624,AstroSpectroSB1,276.3844393087429,18.987282994358043,47.31496134455102,14.079126224821843,143.23348795262947,1107.3384253223353,45.93332,0.33829504762035334,0.022713307,4.216900677120906,32.211666,4.677542,1.1431355,0.43839684,0.38205643433875675,0.33421796315248864,0.2757688866946844,289.70632022068065,3.8222791428189495,9.3796215,0.72270966,9.802965,AstroSpectroSB1+M1,marginal
452720790305076736,Orbital,41.54827029892475,52.230154289446894,140.15466291057788,-6.7621089952427065,244.33584573120578,1399.8836122122327,170.34003,0.5468676566902918,0.05344993,3.8024187742361626,9.468975,0.55041426,0.6715924,,0.39634881434494973,0.5901627324236085,0.43318898059575056,367.9090503042028,3.8049719381862164,14.531774,1.7956285,5.11815,Orbital+M1,marginal
4461084162727175040,AstroSpectroSB1,250.76941351124992,13.534635152070074,31.038617943029394,34.49904307717557,129.95099934493692,1188.962911583254,40.15103,0.3072457747074677,0.01811422,5.605765335497543,35.656185,9.150502,0.87164754,0.44672376,0.38653808865119915,0.4434568702968983,0.34720196921078805,312.67848701389846,3.802509481665763,11.244273,1.1933947,11.851752,AstroSpectroSB1+M1,marginal
2077690365021037568,Orbital,292.9205330082136,42.07401332262311,74.82035439655695,10.961042214815718,298.68402444209266,1143.7477472762696,75.13059,0.4330509776956587,0.048145436,2.191502204541667,21.129627,2.3272707,1.0248585,,0.3844046295296514,0.37508069553738244,0.3033234050027945,301.57267883321134,3.7926106293893884,12.139731,0.824666,7.117511,Orbital+M1,marginal
5193724219558548864,AstroSpectroSB1,121.58247427766327,-83.51683173058316,296.162050944436,-24.88581748601486,237.9427111703834,1175.1216476671557,97.86613,0.8665737184156551,0.022487534,2.7928369466116565,12.257966,3.5217326,1.0386219,0.34541017,0.38607452120307645,0.3717180624503359,0.30109514989025465,310.2387543424101,3.7877977242333025,11.363858,0.9606209,3.3591714,AstroSpectroSB1+M1,marginal
1920979064358803712,AstroSpectroSB1,358.05356572779687,40.08929593223935,110.81204320939007,-21.38457283127601,173.34420590983305,895.823031177653,5.9894996,0.1561532167699251,0.0155307,2.760279711307378,260.77634,4.500088,1.3007282,0.3536305,0.37051005926900543,0.2848481786874737,0.24101583184758962,236.53450847702078,3.787282612357942,9.345324,0.64005756,9.895931,AstroSpectroSB1+M1,marginal
3386110061065176320,Orbital,99.84088421449444,28.035475193329905,186.42987803780787,9.95957646261981,220.30783410958531,1163.8479400245178,103.74204,0.39741932913033023,0.05982069,2.9826735589676217,16.828026,7.9957337,1.0464565,,0.3855293674560356,0.368414151566097,0.29889909456498964,307.38860928102025,3.7862429019303927,10.50769,0.7906656,11.163419,Orbital+M1,marginal
411137565477487872,AstroSpectroSB1,18.264794615994326,54.271240067510874,126.12003845462702,-8.466615945562834,246.9639784191153,1034.9046118492633,52.45663,0.4574963813853575,0.03770313,2.5216654094839814,32.543743,3.220751,0.9650182,0.41019064,0.37872631386434047,0.3924550944663805,0.3147283310403481,273.50416911292035,3.7838714313052657,11.889723,1.0901518,7.276347,AstroSpectroSB1+M1,marginal
6017532585148360960,Orbital,249.51691949976592,-39.14411274133742,343.5213609086189,5.251948682190629,283.951741805561,990.394769228862,47.8339,0.8656357600842645,0.03207382,2.294606268545512,11.3671875,0.64638674,0.8135022,,0.3762153896683544,0.46246389147823297,0.3589393411074905,261.7608553618328,3.7835862350764264,13.976287,1.5900898,4.1492453,Orbital+M1,marginal
4092598676220310144,AstroSpectroSB1,279.2400679626469,-18.833243774346503,14.514014697044187,-5.395065277737718,182.51828013839733,1099.5267309113492,94.91349,0.4695944621227854,0.015331395,4.021440603045122,10.039041,5.022027,0.7491664,0.6013571,0.3822634143071376,0.5102516603627612,0.3876307415417523,290.7374284080209,3.7818547716129394,12.596594,1.4277658,9.360431,AstroSpectroSB1+M1,marginal
6783221487581485952,AstroSpectroSB1,322.3810206850441,-32.78578830829931,12.780501571614646,-46.3072545127194,150.1139444624039,1136.422645622578,51.671806,0.5905446584794941,0.02094126,4.824631858994571,29.988144,4.5763035,0.81816816,0.36184016,0.3842596575265268,0.46965853080479203,0.36333278567077204,300.8293125321769,3.7776326916314895,11.728437,1.1699228,9.918103,AstroSpectroSB1+M1,marginal
2262376123408524672,AstroSpectroSB1,285.2644695282143,69.7747896355775,100.62090274899568,24.516624499625372,192.92967836627005,1054.991214156411,16.462578,0.3673578419071501,0.008573516,3.5463367720413568,78.71644,4.4655957,0.81677455,0.48590744,0.38033082247611166,0.465649699573113,0.36088808041911047,281.2201290078538,3.75147830945966,12.070876,0.96522045,12.727006,AstroSpectroSB1+M1,marginal
1314537383040578304,Orbital,253.6029734100528,33.514355680695836,55.72088186313901,37.90923945137495,187.16435694490528,1017.1833161519304,13.856997,0.4856061893930337,0.011484563,3.7703484352904058,118.75616,1.7491279,0.71478635,,0.37829841947466764,0.5292468429060826,0.3987247682565043,271.4745459125356,3.746882834752579,13.118249,1.375227,17.072374,Orbital+M1,marginal
4778611266712694016,Orbital,64.0878978514223,-56.31550710707911,266.32985374808254,-43.51383251271575,268.44217835422404,1070.7472566819793,50.93774,0.371525469906868,0.020435689,2.4769729578339756,37.12027,5.566519,0.89237946,,0.381461811422112,0.42746592381210535,0.33717678615457913,286.7599140644364,3.733950263499441,12.824591,1.1534395,7.8421154,Orbital+M1,marginal
1907616703844044416,AstroSpectroSB1,336.90974772870624,37.26327415601195,93.63346224381361,-17.29607729714526,213.12749298080587,907.1495473722712,20.866568,0.4201091390174837,0.013559152,2.913747788653982,49.057358,4.843279,0.77995664,0.37399554,0.3721238861743068,0.477108428412925,0.36785401835819415,243.46930319102626,3.725929862544194,12.753492,1.1480875,8.047804,AstroSpectroSB1+M1,marginal
5387580351606687616,AstroSpectroSB1,164.52080196917177,-45.437119666776105,282.94363962395505,12.989703582883312,214.14614082509323,943.7772352054171,14.46555,0.4698261736381724,0.012798384,2.9861269871596177,127.513794,9.136719,0.7832981,,0.37442935699443963,0.47801643952623474,0.3684031398784307,253.64934061922264,3.7207951453822687,12.875755,1.2588882,12.228428,Orbital+M1,marginal
203107044925629952,Orbital,70.0734045004322,40.62133260030322,162.69657461627,-3.9524747302945764,259.52348243899604,943.369330973866,48.126904,0.6518901777065226,0.029200763,2.334042562117965,27.213531,3.7682402,0.88095754,,0.37447195549501244,0.4250737826235096,0.33566502063047354,253.84050218995722,3.716386167042451,12.67513,1.1698246,7.589102,Orbital+M1,marginal
4856868285265062144,AstroSpectroSB1,55.726046517246125,-37.365506437227616,239.84916095734476,-52.671951339075484,267.8988664722297,1101.072727280303,34.4388,0.4317878062200161,0.021145264,2.5790297477675566,60.412453,2.1411455,0.8646261,0.38371617,0.3838892675381644,0.4439945350664143,0.3475366348088676,298.93655176050214,3.683299084022503,12.533239,0.99246883,11.005533,AstroSpectroSB1+M1,marginal
629641174801549312,Orbital,151.2711894006295,22.424106743589128,210.66990783185233,52.116274049801795,202.90550980131394,988.1396996593968,25.051107,0.5968029936552518,0.033101436,3.22473738536958,39.050224,3.0748832,0.8087329,,0.3776829840851673,0.4670058205226212,0.3617160132063074,268.57592570613514,3.679181955945594,12.825216,1.3243113,11.307548,Orbital+M1,marginal
4775770884580833792,AstroSpectroSB1,69.06772792796627,-55.54036089764022,264.3917651202128,-40.99916322980209,71.87863555484999,1274.6887688991976,30.914589,0.3212782114231101,0.011052557,11.206797357517509,77.21034,7.816082,0.79720455,0.52427083,0.3932637834768154,0.4933034833577682,0.37758563490548214,349.78452592100456,3.644211434290474,10.462159,1.2971478,39.155407,AstroSpectroSB1+M1,marginal
4938595564376818048,AstroSpectroSB1,34.619795338156095,-49.34996497863551,271.7693225456339,-62.179550427191266,200.42079836642264,980.7310654391079,10.55521,0.8118449941076591,0.009638745,3.2015079229004346,124.583916,3.9639583,0.8357914,0.34706286,0.37792143932324185,0.4521719597098214,0.3526075410403341,269.696147450101,3.6364296439220065,12.126897,1.0816555,7.617789,AstroSpectroSB1+M1,marginal
368078765987438464,AstroSpectroSB1,13.106739416880094,39.4994317329749,123.13976683854841,-23.371919124312438,75.47437272122431,1648.98254881612,98.53656,0.9190958472355943,0.013645427,12.888584941133262,30.757282,3.810604,0.8236803,0.6143857,0.40952180121803017,0.49718538897531217,0.37989884269830276,453.6772168972383,3.634704339119653,9.963783,0.96489143,13.723603,AstroSpectroSB1+M1,anomalous
2287958151214880896,AstroSpectroSB1,298.1257951919268,73.53450407978093,105.80839029895809,21.768885366611688,277.05423952936087,1735.7314229103904,276.80344,0.678345415423345,0.033300996,3.60360034726332,7.8316193,1.9882375,0.85087234,0.5670154,0.41286868233511237,0.485229879953335,0.3727506572428698,477.7596255688286,3.633064264992672,12.5439005,1.0541763,5.1245117,AstroSpectroSB1+M1,anomalous
2062046303128515200,AstroSpectroSB1,301.90892025868516,39.594264165630975,76.04485910610896,3.829308626264671,202.30800157090212,944.86482853635,25.919336,0.522732280243003,0.017153569,2.404534704921218,58.619225,3.054776,1.3810196,0.22589993,0.37585296111281785,0.2721561397191321,0.23180592054545793,260.0987472433799,3.632715799481418,9.366264,0.6354418,7.395273,AstroSpectroSB1+M1,marginal
2890638201392401280,Orbital,88.52137058235532,-32.316893508333834,237.84881463545983,-25.469489294345777,263.4019571185786,927.3545816533123,18.005215,0.5594319638995762,0.01700097,2.4096624255738655,38.57527,0.5929528,0.77762175,,0.37488763657690233,0.4820951040461493,0.37086456454702943,255.71176664505265,3.626562022625071,13.46536,1.3165064,8.208567,Orbital+M1,marginal
6361094372106587648,AstroSpectroSB1,286.9369994765016,-79.90618577744883,314.286823893079,-27.388218283909282,137.72482310645805,870.9975322077677,3.004949,0.2392530450876281,0.0088859275,4.003142607998386,265.68414,6.2100177,0.9471362,0.5333272,0.3714157543765653,0.3921460770195584,0.31452705083557825,240.40718497368405,3.6230095714614796,10.146566,0.88876724,14.744491,AstroSpectroSB1+M1,marginal
4977876033894561792,AstroSpectroSB1,2.7461966192262595,-47.586406422239975,321.4155052515888,-68.06387381163644,295.27790921459655,1325.5258904597395,83.9311,0.8394791178162452,0.011217314,2.7323307375500026,27.160702,4.74246,0.85339564,0.58479637,0.39638987889526395,0.4644854741704798,0.3601765423719542,368.15512977603004,3.6004547628227623,12.720967,1.0049963,6.4495215,AstroSpectroSB1+M1,marginal
823136533889117696,Orbital,148.8510128812802,47.59152877370316,169.99669928278718,50.208408097762586,235.39758603656696,1001.4536906779113,31.57681,0.8284858562853499,0.02128857,2.4459629631141233,37.05697,12.082859,1.0896174,0.23267885,0.3799056083829206,0.34865964722947684,0.28562756063476097,279.1590268710459,3.5873949766292905,10.387572,0.773386,4.0621133,Orbital+SB1+M1,marginal
4137130069698490240,Orbital,263.1400454263543,-15.43832680637843,9.928939945261604,9.675987468261182,281.5587590960738,875.3725652678751,49.42333,0.4154580878898269,0.029754141,2.0537143307517547,17.344162,0.88788515,0.8657464,,0.37227017069226287,0.4299991080134289,0.3387742378992048,244.10563268873616,3.5860400090975353,13.512153,1.4026327,3.9673681,Orbital+M1,marginal
4327013941079393536,Orbital,249.84680926264366,-14.67544026459522,3.0668628784591396,20.704488116901178,269.3821730121869,1049.2315570807555,106.27352,0.8138989173344198,0.032202456,2.252421042658202,9.734882,11.204192,1.0560153,,0.3826526420372614,0.3623552225461819,0.2948544032759129,292.6841659202445,3.5848593099726065,12.103747,1.205759,5.4279475,Orbital+M1,marginal
6602528399506818432,Orbital,343.78924988843386,-34.05481391556242,10.25656606438061,-64.13347476491587,264.1740576657646,1215.6680035293507,710.56323,0.6919372918042874,0.11155404,2.654383920222717,9.316682,7.521703,0.9967251,,0.39143956152195364,0.3927257058490081,0.3149045491648539,339.3988753938791,3.581826846416459,11.53123,0.8067541,6.813023,Orbital+M1,marginal
2779822783818066304,Orbital,10.105146243732923,15.360997215816878,119.00454806201124,-47.426721573029184,176.70489674518373,1081.5740315376243,34.721138,0.41140058904509563,0.014061901,4.24383986722323,80.97669,7.7092233,0.70294887,,0.3845846996892082,0.5471019544182913,0.40899905984525914,302.4980048819891,3.575474925725772,12.788519,1.6234322,7.197212,Orbital+M1,marginal
3749496695538250112,AstroSpectroSB1,161.04901861795528,-15.549382070428418,263.2419842792943,37.32912095970242,156.12651644577628,1245.57228561136,43.04151,0.23055177864445667,0.028568177,4.4061845167751965,28.610878,0.7437523,1.0797172,0.4331579,0.39304464467576494,0.36402556104698025,0.29597171386285537,348.5240318410214,3.5738490658214515,9.61018,0.7533665,13.217777,AstroSpectroSB1+M1,marginal
4516489928060374144,Orbital,288.22264015455187,20.147870299336947,53.27548819371798,4.5291218566534654,247.38487151454473,1085.0917746218277,81.09859,0.4967395514981759,0.040521562,2.6892933856972863,12.946714,13.699968,0.922316,,0.38487517351388684,0.41729208574053,0.3307251636814447,303.99531461731647,3.5694358512985374,11.952705,0.99119186,6.049541,Orbital+M1,marginal
5797315593086446464,AstroSpectroSB1,213.92456712506973,-73.0745721256063,309.05561804105264,-11.212486289621795,217.19622259737793,980.268160016933,29.783497,0.26864182972715944,0.016114274,2.687267908192087,28.810781,3.1895578,1.0252879,0.35954532,0.3789911371600138,0.36964363815170154,0.2997170939240148,274.7661998767827,3.5676446391751555,11.088338,0.94765854,6.2417307,AstroSpectroSB1+M1,marginal
6591913336295519616,Orbital,327.4610166107038,-32.7646083899567,13.398581738233872,-50.558471993067805,284.67637684224525,864.6546885460139,12.978159,0.36395264547154854,0.016032849,1.9471481532447266,99.16208,5.1285534,0.9297206,,0.3720539887138458,0.40017828634341157,0.319740729283128,243.16570902196545,3.555824922945482,12.2192335,1.0942326,9.07323,Orbital+M1,marginal
1319178730859255296,Orbital,245.99194962042267,31.32078454690475,51.451484188637025,43.88257979138433,148.03431247542562,1276.060444092099,63.57431,0.2785410231054195,0.009900411,5.3795847996467865,14.873563,9.443817,0.8251118,0.40092546,0.39491471381102866,0.4786196376677335,0.3687676936349783,359.3951204083416,3.5505781008997848,11.589701,1.1175947,11.7212305,Orbital+SB1+M1,marginal
2888382278409659136,AstroSpectroSB1,85.77453225328546,-35.262826502023245,240.32440770532094,-28.473013566200525,245.93453373590475,2200.6244212810257,253.47308,0.794947770959472,0.020134628,4.444129591787199,11.808015,2.623901,1.0584704,0.55215025,0.4304017471980815,0.4066261655058466,0.32389893991693813,620.6402729832892,3.545732555676866,11.214902,0.7456541,6.2972074,AstroSpectroSB1+M1,anomalous
4482248936925366400,OrbitalTargetedSearch,271.71181626508815,8.875295389692015,35.8968153493262,13.907766841193975,44.413133549383055,1778.1387889976804,87.58925,0.34449914958719563,0.011366231,19.571978183967826,18.774666,0.50611866,1.1961467,0.2664086,0.416083573271129,0.34785328924566905,0.28508062294567876,501.81733103397846,3.5433985217965325,6.854615,0.6442642,32.36682,Orbital+SB1+M1,anomalous
1360284419739819392,AstroSpectroSB1,260.82817319250466,43.444556256008234,68.8670050573349,33.77576494132807,238.4678089308682,1271.4511721290849,100.27489,0.21922726542650076,0.04022944,2.8722789568053115,14.762144,3.016463,1.1304836,0.44512552,0.3952104029996226,0.3495940971182103,0.2862608639101458,361.1378883471727,3.520680640705305,10.431293,0.73079586,7.9344063,AstroSpectroSB1+M1,marginal
6399732138419097344,AstroSpectroSB1,321.67230726785505,-68.31877959120236,324.68493227456617,-39.03601637235171,220.423657106529,1342.363436988172,71.662,0.4440234802081368,0.011711781,3.628108867575194,16.51077,4.101145,0.89450836,0.46280336,0.39856677763946435,0.44557076786865,0.34851685460060894,381.38463117604357,3.519710358670823,11.884049,0.9471197,6.336421,AstroSpectroSB1+M1,marginal
1356045596256006144,Orbital,250.56164040587666,40.76053593807863,64.70299982782154,41.140357815343336,209.58296543946992,891.4007082835908,23.146025,0.7146994923654053,0.018218748,2.955747367433647,30.911007,3.6019728,0.7721084,0.77731925,0.3743453899066422,0.48483529194865516,0.372513518325934,253.27286461761014,3.519527090394868,12.967543,1.4185228,7.5667076,Orbital+M1,marginal
5199757510443410304,Orbital,170.84018355540886,-79.41314444483814,298.7956564186064,-17.255609378196382,283.50808436535334,1366.0094119098121,63.119347,0.9079942960780271,0.02925146,2.9218802877304864,30.256163,0.4780265,0.8541181,,0.3997870014664016,0.4680699277665178,0.3623650009921092,388.9601853912423,3.511951770939712,13.10786,1.2177696,8.997253,Orbital+M1,marginal
830664890005291392,Orbital,158.76324459469262,46.3775752535555,168.15436620664033,56.98664961571534,296.32743142400153,1157.68939029249,141.7547,0.31595943392823717,0.047687083,2.389287314404009,6.4982295,8.965176,0.9047319,0.4366869,0.38973153298442015,0.43077017662569383,0.3392597796066039,329.89367500160586,3.5092803470295535,12.256921,0.95465374,5.9750113,Orbital+SB1+M1,marginal
5605277091201448832,Orbital,109.47771018624474,-30.391074237983517,242.97590733732576,-8.175307710584336,271.3790411533756,1053.1201139062468,27.32805,0.45517761263760625,0.021403432,2.573576702539955,34.31284,-0.22977297,0.79216754,,0.3841920389258304,0.4849883609329544,0.3726055187784762,300.4830755114996,3.5047568390118653,13.544926,1.3458138,9.306323,Orbital+M1,marginal
2876603068606315904,AstroSpectroSB1,4.504496499495465,36.69661293854356,115.50333814150986,-25.692609602086257,148.32409187635827,884.029361974417,5.650084,0.25169294977607837,0.010789893,3.83629955466637,203.95473,7.4949026,0.9172921,,0.3743751376236016,0.4081307690839747,0.3248658136681155,253.4061921483583,3.488586267287645,11.197692,1.1104298,9.75545,Orbital+M1,marginal
1001820882938607232,Orbital,100.39567516450404,59.01038820120072,156.57288983925264,21.78952266547236,158.3153251541909,1826.773068586764,301.97586,0.30117761872628285,0.0698732,6.304596573562881,6.343508,8.46853,0.9409896,,0.41891143340359305,0.44518178243302486,0.34827507821591464,523.7482903916402,3.4878835923660363,10.938115,0.8813753,15.016334,Orbital+M1,anomalous
3530712607668098816,Orbital,191.17070363124358,-10.377468542623367,300.2051167277125,52.45851289647543,163.2220938402735,1632.366440953702,213.98398,0.3063674518487177,0.06599924,5.2701966467567205,10.190781,11.224985,1.067546,,0.4115838741046777,0.3855420471272908,0.31021201099612683,468.4001273746819,3.4849829142935778,10.496372,0.7446337,14.62146,Orbital+M1,anomalous
2145312078175593472,Orbital,278.4143496852654,52.1202942070254,80.96954386878177,23.71963743365031,133.97457022127043,1233.855223454409,50.21723,0.35248746373212914,0.022079123,5.832336470339024,23.345,4.3858647,0.8160603,,0.39414380618492173,0.48298367650410756,0.3713996920203757,354.88220089324324,3.476802218732805,11.546956,1.1604404,13.428199,Orbital+M1,marginal
515338561621276288,AstroSpectroSB1,35.031502063441884,65.08519299225055,132.1001411594538,3.8041476884698597,190.64045046842025,1117.169778814373,34.291103,0.18077401861748585,0.0127865495,2.846475143888905,41.307205,4.1043997,1.4633112,0.36392567,0.3883370291914416,0.2653823946807924,0.22684240867333347,322.28788390796734,3.466372254730471,8.891242,0.6614542,11.08606,AstroSpectroSB1+M1,marginal
2050401517217276800,Orbital,288.1119614133074,35.499945111261354,67.12476900034461,11.4470175511091,252.26671113898811,1358.4919206980544,115.11345,0.40546404027829447,0.03863949,3.3569274164528466,11.349637,3.6961203,0.80868554,,0.40036208842850635,0.4950775895630638,0.37864373897479614,392.57083783375333,3.460501366312266,13.0005665,1.0947714,8.366419,Orbital+M1,marginal
482088505360742784,AstroSpectroSB1,73.63662006827695,65.06138162818542,145.1506992863067,13.312528670562367,121.4423165941932,1062.115823345505,14.733293,0.745907724298192,0.007346733,5.3160745904556395,58.533184,5.8015547,0.9560956,0.3482362,0.385459782166173,0.40316030293057414,0.3216667984340563,307.02627786611913,3.4593645557877877,10.087384,0.919549,11.813523,AstroSpectroSB1+M1,marginal
535361042018118272,Orbital,16.5953907628066,73.61129302940361,124.0042214705061,10.77066385433312,277.95035236011216,1012.3780897755296,73.6062,0.4839504797528816,0.054352555,2.1539561076025158,15.017301,11.28002,1.0339668,,0.38272409046855066,0.3701512446814932,0.30005454375330387,293.0426165995145,3.4547128384370525,11.264465,0.9467659,4.8088336,Orbital+M1,marginal
5341094030804180864,Orbital,165.33346206238824,-55.76287685811666,287.8261302041561,3.8459267932386587,248.87411661775678,953.6142964595381,20.522701,0.30223838628852523,0.019718925,2.332299716443857,42.529114,6.353721,0.99982643,,0.379295312668044,0.37936115790075764,0.30614995551183305,276.2213497531202,3.4523555015275065,10.911025,0.8417673,9.888622,Orbital+M1,marginal
2230138030167327232,AstroSpectroSB1,339.73885029455477,72.03084078856531,113.01724361155343,11.758513433578376,203.93129712878823,2089.141392506361,239.4275,0.8067199006292893,0.020513276,5.096284747803303,13.299256,1.8128211,1.0866685,0.47507817,0.42871360071751036,0.3945210559842136,0.3160725664411278,605.5948601908506,3.4497343518536097,10.809158,0.72909546,8.439282,AstroSpectroSB1+M1,anomalous
5375453940942942464,AstroSpectroSB1,171.1042373906415,-46.17358849376109,287.58746056344614,14.089339614505933,200.90870801200603,931.161944728004,25.13508,0.8556968301854965,0.016838476,2.7877244025801033,31.337791,5.2834625,1.0361108,0.33680186,0.3781296820083027,0.36495102362706855,0.2965900248535084,270.67740536826614,3.4401170037119475,10.842203,0.94029236,4.9865575,AstroSpectroSB1+M1,marginal
1025452686353123584,AstroSpectroSB1,144.7804452271104,57.2542338074592,157.5161716488368,44.84148123046292,200.27522825762503,1739.312550389546,108.37063,0.5733981086151965,0.016326195,4.512181340033952,18.589096,2.0207152,1.0738813,,0.416584979677689,0.3879246168983641,0.3117717452681117,505.65281968053256,3.4397366783961174,10.126558,0.78846836,8.160999,Orbital+M1,anomalous
917891037220988288,Orbital,126.83146429729076,44.281356732796866,176.1677913931546,35.25606280871537,186.40392996718253,987.7665077054742,44.52751,0.546324222805565,0.016521152,3.1782940404839093,17.72403,10.318609,1.0162365,,0.38156668567068097,0.37547034502241805,0.30358116324706474,287.2778742698041,3.4383661123090494,10.758673,0.7880249,9.353725,Orbital+M1,marginal
6810661621317922304,Orbital,324.30738853267763,-27.960379702476434,20.11031997613164,-47.23494577126762,247.91856857724574,1167.7372909961873,52.70876,0.29828518521209635,0.022194358,2.8875471641833084,33.020424,5.226175,0.90190727,,0.3916053746416068,0.434196939926758,0.34141366318123934,340.3328453657226,3.431162483718942,12.232578,0.93854046,9.844573,Orbital+M1,marginal
224784470719124352,Orbital,56.93477424761902,39.88988198390715,155.9237495333739,-11.429495733847348,231.8414209897223,1546.8047940320107,150.8083,0.4870125904246154,0.040921666,4.1451285921886925,13.424363,0.6643819,0.76810265,,0.40939051566400103,0.5329893313909313,0.4008904965598904,452.75219819676187,3.416448998354247,13.389534,1.525423,2.1441321,Orbital+M1,anomalous
2014262936528230656,AstroSpectroSB1,343.2486832862917,59.43169134595645,108.37834984045013,-0.05118424571172212,211.23299406965089,1968.0361526694255,170.66666,0.713260438287346,0.025322834,4.962329824682775,18.906183,-0.4073882,0.9674008,0.5961286,0.4253352281989582,0.4396680599402163,0.3448392331608004,576.3381386955513,3.4147248299822026,11.388757,0.9823446,8.040083,AstroSpectroSB1+M1,anomalous
3072727634872603776,Orbital,128.58551382884883,-2.81894950311284,227.95333206015562,21.310561492988867,230.5993216658667,978.8677983235104,24.259703,0.49200521790378543,0.01566522,2.8834351524328574,49.36219,1.3471913,0.78303087,,0.38144582924724113,0.4871402201905235,0.3738976266861687,286.6810440153859,3.414483861970921,13.325492,1.3836212,13.125217,Orbital+M1,marginal
5367893733349371136,Orbital,158.96665537944568,-43.68719934932708,278.51966879634546,12.665457291163092,270.01993223757506,1157.4422571041853,37.33463,0.5987268560877846,0.01946386,2.9978333341787606,67.01342,-1.1340905,0.6745197,,0.39155049174581075,0.5804878367155897,0.42782453358796163,340.02348728808516,3.40400678298891,14.655972,1.7658024,7.012488,Orbital+M1,marginal
6374456221522804864,AstroSpectroSB1,309.8668968777036,-71.04888184963635,323.4170906465201,-34.230220346301046,163.61459676566926,959.197990942938,8.963421,0.24883306605121863,0.012820282,3.5455030370081735,194.81308,3.4388318,1.014372,0.44168484,0.38045301912935753,0.37506262243618405,0.30331144717746483,281.8146256068798,3.4036487243248366,10.287518,0.78321743,13.122305,AstroSpectroSB1+M1,marginal
1042546175155919232,Orbital,129.5178094594412,62.941844548646145,153.09605677469943,35.99525550359546,251.73369110097573,1261.7917605684368,68.85716,0.30970397384435244,0.028741252,3.196934174302575,26.49458,8.775718,0.7995279,,0.3968843330492802,0.4963983636157394,0.3794304592110918,371.12821124235467,3.3998810177878385,12.972868,1.1307726,10.139736,Orbital+M1,marginal
4484604881108048256,AstroSpectroSB1,274.83642439069644,11.531896757093786,39.724397551833164,12.290408135950777,100.69206782920035,852.5024924272826,5.8717866,0.7116723496303591,0.024986083,5.601237950898846,28.308582,0.6810208,0.8858736,0.2664239,0.3738805389806228,0.4220472676201986,0.3337477947816949,251.19650836820725,3.393767285879917,10.423127,1.0727797,4.5893397,AstroSpectroSB1+M1,marginal
6818104108152053248,AstroSpectroSB1,326.5004049700495,-20.88122852443739,30.966966698922203,-47.42563086846308,195.32370675305646,1159.0857707728735,46.95408,0.5087414595040842,0.026688332,3.7363823734139228,29.397192,1.7377629,0.8567209,0.3966707,0.39186331110207406,0.45739901985799136,0.35583028971848885,341.78968749697066,3.3912251105678743,11.931449,0.9986057,8.397147,AstroSpectroSB1+M1,marginal
428874994440135680,Orbital,6.776146645557287,61.204701774012705,120.00487725944153,-1.5286801218988264,175.9843344157073,1648.0502662047215,226.03354,0.3273655473618441,0.06203445,4.852893889650407,7.75338,9.242723,1.1102142,,0.4142930583793087,0.3731649675496691,0.30205478663869784,488.3051767952753,3.3750415611417446,9.723819,0.7602873,11.42477,Orbital+M1,anomalous
5345430848242599296,AstroSpectroSB1,175.35741938986936,-52.927067355049466,292.36927974672847,8.502933998654704,186.46408832160733,1792.2740231259454,96.517845,0.8071005950957025,0.014167671,5.2414613258765055,41.10073,3.8276885,0.9633265,0.43322694,0.4202490245950189,0.4362477504657978,0.3426996226239479,534.3778760449339,3.3539450330373324,10.448598,0.8645401,11.011622,AstroSpectroSB1+M1,anomalous
4402791973227554304,Orbital,235.98909776324996,-2.768773386667922,4.133068843373082,38.809760914292234,245.71438829200528,893.4552122966362,30.144901,0.4839491710684581,0.02743823,2.2988340187569056,48.61786,12.536191,0.9578287,,0.3772412508886178,0.39385043554758137,0.31563649589822246,266.51030326761685,3.3524227819420225,12.061968,1.0698042,7.5828505,Orbital+M1,marginal
2258713925054488960,AstroSpectroSB1,280.8222224694695,67.43502182420988,97.75033720499535,25.671866689445885,212.0919875913999,935.9683578750897,18.337812,0.3485499901969612,0.018308232,2.785179571001971,72.20551,2.8506367,0.94222724,0.4736959,0.3800187317710578,0.40331961746900136,0.3217695543468644,279.70620878189607,3.3462552081027317,11.188851,0.87722874,8.591305,AstroSpectroSB1+M1,marginal
2271974241444125312,AstroSpectroSB1,316.2802260303358,71.62345090603243,107.03271998370812,16.152400763872663,121.64306447545835,1892.2583430729155,111.75621,0.5343973094468364,0.022741167,7.81815145726142,28.476414,2.8669732,1.1199878,0.48901075,0.4243922283719107,0.37892574469184936,0.30586294052341967,568.3714648887193,3.3292634482334513,9.5008335,0.69892883,21.382296,AstroSpectroSB1+M1,anomalous
816019017165054592,Orbital,138.29403615587435,41.45133247236227,180.30154156513223,43.519256512433756,279.03466431394924,895.3869741063775,29.684721,0.6087354804590305,0.030829245,1.8844512113082166,21.566355,13.1022005,1.1160988,,0.37798997982048255,0.3386707277523121,0.278822927682235,270.01881034737505,3.316017032126302,11.059704,0.7130394,5.5080795,Orbital+M1,marginal
1344188497222599936,Orbital,264.24815203530784,40.375895752359796,65.75385932640206,30.781689864523536,149.00134572167846,1092.0179974750536,21.681833,0.488196931569531,0.01166885,4.821176759213043,46.39256,7.551543,0.80531055,,0.38981576958944497,0.48405645607313263,0.37204522516018773,330.3575414761288,3.3055640037627576,11.811915,1.13871,16.66412,Orbital+M1,marginal
2979285428730875392,AstroSpectroSB1,73.88225296339618,-18.57017517515552,218.03300618734718,-33.637166868770095,155.46646740035268,1318.9809098756662,99.20757,0.20664467543867157,0.015408242,4.761135736465808,17.783741,3.1098762,1.0412563,0.2839847,0.40152823601997417,0.38561901879563265,0.31026245271056724,399.972435272415,3.2976795237835046,10.45636,0.9309311,11.418943,AstroSpectroSB1+M1,marginal
1889152776874452736,Orbital,340.30079582317217,31.987447673256646,93.14482701920778,-23.24561200810316,152.15461039349518,1232.5519755783516,62.20139,0.829533284992888,0.031832274,4.854720312119246,14.051583,8.961707,0.93410754,,0.39737015987535096,0.42540086873551985,0.3358719170022035,374.06757294494736,3.294998189430737,11.092831,1.1173811,8.5973835,Orbital+M1,marginal
1345367173687848448,Orbital,269.29622637534953,42.554318055154674,69.08055232652494,27.524423620709896,100.72311028083695,899.1210695264215,6.9599695,0.5427065928257246,0.008842185,6.184913638113487,146.66547,7.5561395,0.7882718,,0.37876202132986486,0.48049673810716986,0.3699009731331066,273.6740716171583,3.285371771660557,11.117407,1.1956272,20.5608,Orbital+M1,marginal
4323591573699064960,Orbital,247.60475683388398,-18.3402534175983,358.57516311442834,20.12921413878712,69.40457883763625,1105.8950042331498,115.129295,0.1986830908690638,0.009022717,9.836047994202719,5.0245576,6.9528117,0.9214558,,0.39100675751525515,0.4243358794735017,0.3351980461912692,336.97042557615515,3.281875560272924,9.190461,0.8984232,12.396028,Orbital+M1,marginal
789234153702454912,Orbital,173.01686412545484,49.25624835104927,152.25912110258216,63.10756965233324,178.67992078011795,1266.0006255363965,74.626236,0.7903427096830022,0.014001297,4.52110817353736,22.043127,8.135124,0.80549973,,0.3993811873037441,0.4958179018470914,0.3790848126359166,386.42788684751844,3.2761626907013337,12.198155,1.1427155,9.276242,Orbital+M1,marginal
4621655088495137408,Orbital,78.83080822561932,-80.85418182961833,293.23036504112036,-30.51667458499979,176.2789917481959,1036.1076262032022,39.55526,0.21375901815430867,0.046817243,3.9538429181064125,36.30515,9.405316,0.78799844,1.4894187,0.3873702720597117,0.49158761418506736,0.3765607813599718,317.0956445918755,3.2674924549554945,11.771526,1.1853905,11.222275,Orbital+SB1+M1,marginal
5347678834124609024,Orbital,167.85894168818618,-52.97071625034711,288.0740276199249,6.991863876247337,271.79653248621565,1034.8403560847237,73.95294,0.1854269629422164,0.037894327,2.4225983369260775,21.528292,13.760994,0.8909458,,0.3873357508734381,0.4347467087955891,0.34175862059613754,316.9114498387457,3.2653927670056806,12.50409,0.9667282,10.924214,Orbital+M1,marginal
5590375238304529152,Orbital,107.65561769532408,-36.33701753171774,247.73919045158948,-12.136599591181458,141.41602074559836,1177.0778600724832,51.033367,0.1589062075345706,0.033738617,5.307811310026532,29.113167,5.662495,0.8360131,0.32649344,0.39521079176507967,0.47273278593268,0.3652019490364173,361.14018401720523,3.2593378199541636,11.453048,0.9968481,14.400459,Orbital+SB1+M1,marginal
146070124046372480,AstroSpectroSB1,68.12073566050698,23.569853499028135,174.66980025461856,-16.409724986058976,245.73572653339133,858.4001101084752,17.090872,0.6191689074339323,0.027141213,2.1914594870824313,56.418243,1.3217988,0.99823385,0.5003797,0.3766939560569088,0.37736042937899805,0.30483017553381964,263.9682178765761,3.2519070553783043,11.406266,1.1109896,6.5488324,AstroSpectroSB1+M1,marginal
5360658294011422720,Orbital,161.79020521614947,-51.10708024150625,283.87332499743593,7.107422621628437,267.51282569202925,2092.156542072522,303.03976,0.5664687542815839,0.053339507,4.5092773203341,8.195174,-3.5441794,0.7995712,,0.4332201416227969,0.5418155792706021,0.40597242456154903,646.4051579628422,3.236602487309959,13.196736,1.2065372,12.420965,Orbital+M1,anomalous
3248274768009055616,AstroSpectroSB1,52.26395254994578,-5.456716352065131,190.09570197194665,-46.71267400635417,206.24712762755007,970.4649273366285,87.39416,0.38963537332988807,0.044635706,3.1330078636124368,11.87109,3.2275608,0.8334739,0.31400108,0.38407263485906573,0.4608094209836995,0.3579252267149128,299.87243105483645,3.2362592450493173,12.188536,1.0625257,8.669586,AstroSpectroSB1+M1,marginal
5793803198885287936,Orbital,225.75827976808367,-73.04261928716964,312.2740364838275,-12.604031764353149,262.7825953451567,1879.7085615140418,220.01491,0.6093965663111287,0.038781833,3.9904431019680855,14.181346,5.5750704,0.9065607,,0.42599908089143323,0.4699068379613124,0.36348393807096036,581.9984059484677,3.229748642439543,12.219537,0.97142315,11.350774,Orbital+M1,anomalous
3469635213485689344,Orbital,186.34989735603318,-31.47309098574187,296.4501606246148,31.07073724895692,274.2937023403463,1109.798659961009,38.306328,0.4854302455755954,0.025464019,2.630522716602562,52.985527,9.0063305,0.82609266,,0.3923710747626663,0.4749722320009583,0.3665604944067982,344.6717398484365,3.2198713490378523,12.9953165,1.1408072,3.7753005,Orbital+M1,marginal
6366031041876369792,Orbital,299.4777975160983,-76.70571956479196,317.6952338198677,-30.151920443117444,58.786749726655636,950.997804250731,6.465502,0.22041895123569638,0.0069517307,10.945276815713447,200.18515,13.026991,0.81370604,,0.38326867289940136,0.471016133442111,0.36415881382546794,295.78597325188224,3.215155180603816,10.096937,1.3084106,38.266815,Orbital+M1,marginal
564975017619678208,Orbital,4.143219437451785,79.7021326620967,121.30913264521125,16.940404094180174,179.35045412866117,1132.7891075717935,30.013556,0.9279949819059773,0.09636554,4.079690150090528,11.448105,3.6228395,0.8315548,,0.39401850898059293,0.47383350198093344,0.36587001174438116,354.1528906665872,3.198587777837012,12.000022,1.0461664,8.462263,Orbital+M1,marginal
2319684731031799040,Orbital,2.5845248198210906,-31.355443104389124,5.236240897040608,-80.09402625188828,234.61152387124685,954.2632284376712,19.29332,0.3777286515908535,0.017959498,2.80495775047983,45.01616,-0.75832576,0.78013474,,0.38388059069349156,0.49206960316598025,0.376848811030256,298.8923228094158,3.1926655708923737,13.311946,1.3974504,12.439868,Orbital+M1,marginal
4028114247686423552,Orbital,181.00750534570776,34.38938331604586,174.51527113257941,77.5072420999939,269.65783624747957,1431.4666408314815,169.00642,0.49904331990793604,0.041921046,3.0724643473520863,8.686242,9.318659,0.9508484,,0.40912910541041914,0.43027795509289246,0.3389498655914298,450.91470877128313,3.174584046575341,11.639789,0.87372494,6.011554,Orbital+M1,marginal
1457628513477816192,AstroSpectroSB1,210.37847664295998,32.373016496299584,56.19037425265748,73.93510674479266,224.4744391858184,1002.0669429356215,32.913097,0.4420067519785497,0.024141712,2.627545172188429,27.514147,13.405909,1.0732123,0.33401847,0.38744669861332837,0.3610159060786996,0.29395726846549747,317.5037301192305,3.156079276798797,10.416781,0.7686739,4.8046474,AstroSpectroSB1+M1,marginal
2167958173723053568,Orbital,312.25210684402015,48.72071963452748,87.785829993751,3.1243902325393385,266.8221982528523,1062.7574022940892,59.91217,0.4328293550341517,0.030373156,2.522341302897594,20.095827,4.329216,0.89795,,0.3911247135834363,0.4355751616087702,0.3422781290529243,337.63092928357065,3.147689711215695,12.42178,0.9583826,7.7660127,Orbital+M1,marginal
5542602969915566336,Orbital,127.10134880442794,-35.85616712974616,255.2572216443596,1.6661326130433671,176.04608542063673,1193.56858851811,96.65239,0.18814153236366465,0.049296442,3.7602176952865123,12.939883,11.153198,1.1266624,,0.39825969508181397,0.35348628341025345,0.2888927615005953,379.49636298573336,3.1451384122039148,9.993191,0.69676495,9.983992,Orbital+M1,marginal
5931366745136812160,Orbital,244.76250684641312,-56.27696682145445,328.91603489860216,-4.26659846470793,115.21231045842099,2102.822028646979,138.01358,0.9476445743285082,0.023789259,9.689879967809516,9.446421,9.203596,0.96807146,,0.43572420464254036,0.4500950831839696,0.35132302655233943,669.987494353693,3.138598923664206,10.0215,0.8412218,7.3233557,Orbital+M1,anomalous
5514669980082910208,AstroSpectroSB1,125.00857075089662,-50.88309710615601,266.7509942539059,-8.168514150749054,67.86370590266756,1784.9586696798403,86.87242,0.7606539400108437,0.012414128,13.881073110357635,30.75624,3.0428584,1.0535295,0.4387556,0.4244351600643538,0.40286974373007456,0.3214793536427342,568.73228972376,3.1384865989353545,8.625093,0.7487707,26.532078,AstroSpectroSB1+M1,anomalous
3016581485918285056,Orbital,82.3962133755976,-7.465600415194329,210.31695566556178,-21.577210451954755,224.69453794075008,1028.031360754966,45.99681,0.1500407381148917,0.027540607,2.918202797566911,17.098295,7.8578763,0.8983436,0.42206073,0.3893111627949552,0.4333655329255799,0.3408916755126596,327.58638518044916,3.1381992880707807,11.887461,0.9421911,7.4316,Orbital+SB1+M1,marginal
428872211301420800,AstroSpectroSB1,6.723779439491254,61.06082630694382,119.96606066619125,-1.6695125343536101,166.0301765806849,1543.4321442518549,65.26836,0.5479444720806567,0.014146584,5.530885920510028,25.517662,2.3474617,0.86858344,0.40300882,0.4149409177922276,0.4777214235391125,0.3682247743283134,493.1611641516675,3.129670899586865,11.524768,0.98939514,9.620767,AstroSpectroSB1+M1,anomalous
6575573150398239232,Orbital,320.8959572399006,-46.83729017742008,352.62902278976617,-45.05061069275228,167.70926572845354,2285.7685854285396,389.34702,0.6749515967138833,0.03533081,7.363062912796895,9.276371,13.013467,0.8976367,,0.4418564677228755,0.4922442030435048,0.3769531209493239,730.5691502448923,3.128750488112361,11.64681,1.1123629,14.300396,Orbital+M1,anomalous
5209189297280295808,Orbital,130.99173608393886,-78.52985502325942,292.0820726956462,-21.310946124369735,95.78057372778328,907.3647968122876,7.3313317,0.5965910333963732,0.011382515,6.312615312892902,95.59267,8.346301,0.86689144,0.2078858,0.3823449699205722,0.4410528823259684,0.34570371955741375,291.1444954525343,3.11654457145736,10.6693325,1.1616678,19.504349,Orbital+SB1+M1,marginal
1353056917493633280,Orbital,252.41181927644962,39.681635617766155,63.408185361989524,39.66135066404149,269.0004846515836,1499.8774280929258,75.50368,0.8084441148638832,0.01671501,3.4347793243169904,19.848553,0.8650562,0.8159498,,0.4135080494583628,0.5067812390655371,0.3855852328305287,482.4711167094596,3.108740349727796,13.175223,1.218813,10.107587,Orbital+M1,marginal
6058904012245280256,AstroSpectroSB1,182.82164019260483,-60.067209589805124,297.93803422223164,2.4146532965271335,256.0521567627142,1003.8905548437059,31.173666,0.48891591465436557,0.021882188,2.62071843318424,34.547657,1.1791534,0.82217056,0.32570076,0.3884745887969556,0.47249878526412714,0.3650598459554502,323.03202692562695,3.107712149776517,12.98694,1.242918,7.8408284,AstroSpectroSB1+M1,marginal
4282976163945475072,Orbital,278.64107819739814,2.8655109703659534,33.5642209516029,5.058898841108745,273.99681845873243,1571.8783713658358,131.43231,0.8130814664835455,0.020752208,3.5014310883281965,13.311343,1.5564221,0.81490374,,0.41661220181489134,0.5112410010553115,0.3882128065763964,505.8617049289144,3.107328259977146,13.352545,1.2880363,9.825411,Orbital+M1,anomalous
499751300663960448,Orbital,84.9822223234615,74.33486860816161,138.95668242558565,21.424619751605185,224.03513922096064,1197.8473991925023,47.0549,0.16692183066652921,0.025377361,3.4662846108507694,20.64231,7.530284,0.81013256,0.44745278,0.39937228491717724,0.4929715247859955,0.3773874767382187,386.3724796676144,3.1002399555552644,12.738655,1.250494,10.045494,Orbital+SB1+M1,marginal
1285816764932727808,Orbital,219.81799292554106,30.54059681262635,47.599469005096296,66.19624288587704,248.44163529517684,984.4332745122841,32.162823,0.8074666547910612,0.044140402,2.693574694626278,41.262196,6.113876,0.80093104,,0.38772845067663775,0.48409717319031287,0.3720697148257823,319.0116971335559,3.0858845721263504,12.954396,1.1283646,5.66511,Orbital+M1,marginal
4442983589989237120,Orbital,257.0039284545617,8.24615641673458,28.491930449655325,26.712531596526752,298.39367242492165,1168.7712914533085,90.618484,0.3093140030860625,0.06530997,2.7368703388532754,19.080315,0.70591,0.6914401,,0.3982465797774579,0.5759668504115054,0.425303969741862,379.41587846205175,3.0804490739577894,14.657204,1.662426,6.98545,Orbital+M1,marginal
1994431049601420416,AstroSpectroSB1,355.3560092137932,54.91139760861348,112.90898703241189,-6.592086910213386,281.49661060257966,1220.9646154372842,43.67284,0.3673228949295684,0.020947114,2.5177203183935375,29.04949,0.8332569,1.0218716,0.42325786,0.4010434121668114,0.3924597035550078,0.3147313327707129,396.88217065879854,3.0763906915006096,11.89383,0.8395071,6.700697,AstroSpectroSB1+M1,marginal
1912423248985978624,AstroSpectroSB1,352.890083801236,34.95837166235949,104.92705146705889,-25.10514457569882,204.76055221343233,848.1957600164114,4.8606706,0.38983813417173985,0.014475009,2.9396237796318094,111.59277,0.72486216,0.78311914,0.57924145,0.3795156308906828,0.4846205519820901,0.372384431365083,277.2790710715922,3.058996687843819,12.580474,1.2328768,11.563861,AstroSpectroSB1+M1,marginal
784754335308869376,Orbital,168.52377829879302,43.585452757523406,166.6049922329554,64.38924714503726,201.978636701092,1291.7100573595817,130.65276,0.7856851867539504,0.054869942,3.6790439959205123,22.632334,7.9813533,1.0177778,,0.4049542374936926,0.3978807921246468,0.31825327559078087,422.3468743991726,3.0584103628022783,11.200745,0.7879467,6.9458237,Orbital+M1,marginal
6866377994371457408,Orbital,302.00913549724595,-20.200326376325624,22.26812139955426,-25.55924288920069,218.6907013354412,845.963446690555,13.731266,0.5869069230354594,0.028563624,2.7428137451717163,50.867046,2.0891073,0.7856648,0.77194697,0.3793871074390125,0.48288673359190626,0.3713413291589063,276.66166334051803,3.057754502290165,13.090176,1.451374,12.629567,Orbital+M1,marginal
4296734181136492160,Orbital,297.2955938476064,5.630394456894147,44.68105519358835,-10.140753945744969,277.34162257367836,1332.014058549018,164.20331,0.6082008997166707,0.092341304,2.8309111909480333,16.937935,5.3373823,0.9541158,,0.406997523310206,0.42657035958668144,0.3366111861338368,436.1470268195649,3.0540482374996802,12.166523,0.9614372,8.769391,Orbital+M1,marginal
6077308767414326272,AstroSpectroSB1,186.33866466086144,-52.572652866625646,298.9119252958495,10.095388191905473,209.5837210230789,909.9820446032853,8.479365,0.39188261501000693,0.0117146745,2.961535959938236,86.5515,1.8949549,0.8273442,0.3824993,0.38373100924815956,0.46381061100931653,0.359763764947347,298.1306530298192,3.0522927963139317,12.390839,1.1569757,7.019769,AstroSpectroSB1+M1,marginal
3654058291677862784,Orbital,214.79813885517882,0.59445946449096,345.0151952263241,56.12190790856454,161.28823886902774,1490.361454339563,189.62161,0.5347446371428508,0.057321563,5.786089851132928,14.484524,5.6042767,0.7926492,,0.41429754192265467,0.5226745159871249,0.3949055823060951,488.3386545848708,3.0519014629437766,12.135996,1.2140036,21.06456,Orbital+M1,marginal
2299313112735767552,AstroSpectroSB1,335.49423006132156,82.66761231285129,118.16573918175735,21.221817314926056,190.8363799862473,992.3349201381535,14.536783,0.5033423963397959,0.007119719,3.4047759521466414,46.56232,3.5663335,0.8692865,,0.38893354652925755,0.44741699838513016,0.3496632856413711,325.52447865285706,3.0484187371862457,12.210971,1.2069044,12.771128,Orbital+M1,marginal
1521980111548254592,Orbital,191.09467650207677,40.13660017059267,128.8989143208172,76.90975252992571,268.1930875489333,950.1834248559437,29.072004,0.6946072604231981,0.022500161,1.8505761507128378,33.199078,14.741966,1.4007652,,0.3864163586956441,0.27586091091549103,0.23450635226534047,312.03638861252716,3.045104543995473,9.893469,0.58917713,5.842722,Orbital+M1,marginal
5480584943523479168,AstroSpectroSB1,106.3873661064758,-58.49996577037169,268.94329354791944,-21.110966604494944,202.37422841621134,1248.4585529511767,76.876076,0.39837679915730073,0.029795075,3.9495100330115864,25.540678,2.0819104,0.82170546,0.39231896,0.40326782098817754,0.49076930889450243,0.37607150961827646,411.2148920336435,3.0360246604323713,12.4154215,1.2021532,16.838484,AstroSpectroSB1+M1,marginal
2064333566483329920,Orbital,307.8688347116554,40.01000629264592,78.97430671077859,0.2850161208968138,277.7599192360521,856.0164025184093,11.221229,0.15938317789584602,0.020491961,2.1821332096353854,81.169525,2.8714113,0.7854427,,0.38055943581098634,0.4845158418344675,0.3723214783940035,282.33314724264363,3.0319373083838754,13.530446,1.3027496,10.3553,Orbital+M1,marginal
3232905141642037888,Orbital,71.55294899705598,2.7146705356357623,194.83949235764254,-26.125393087542175,230.66565909532602,1794.4890377916788,293.93646,0.6712604131348644,0.043522105,4.42929149162728,9.508868,9.654955,0.9011158,,0.42718304368552673,0.4740601102385188,0.3660074712016677,592.2005720891218,3.030204836616776,11.928424,0.96691704,10.783004,Orbital+M1,anomalous
3213802020462637696,Orbital,78.93712154508671,-2.8571001937086664,204.19471352134644,-22.530095041464822,193.186612514462,870.1011196680146,7.915572,0.269839084433875,0.014628249,3.1267502912453224,171.60681,6.1720347,0.8144088,,0.3815610555330082,0.4685129449782218,0.36263502009508847,287.2500492861111,3.029072133600797,12.434039,1.2116718,12.752002,Orbital+M1,marginal
4974757131722286080,Orbital,9.186479510822194,-48.73143415628257,309.46809420097753,-68.20993765574694,263.31205881088016,842.4354141551455,10.306615,0.5271582750653675,0.010492555,2.265867488743874,51.89218,4.3024354,0.7918455,,0.37985599601335845,0.4797097360385011,0.3694260462558404,278.9193128532739,3.0203552616606024,13.203626,1.2084627,7.3623643,Orbital+M1,marginal
3714252086532118528,Orbital,207.20240423190745,5.3640026934167935,337.5985003800251,64.30281156664081,295.8246247644021,963.9938304997095,30.787172,0.5811283270459637,0.033917718,2.017446391687488,42.485638,11.228981,0.9959303,,0.38810043740856787,0.38968633841947486,0.31292288232237436,321.0111352351894,3.002991873766116,12.180649,0.9659653,7.932796,Orbital+M1,marginal
542969735499533056,AstroSpectroSB1,49.811792931521246,70.29124512846246,134.84743926477867,10.918940996608088,227.6643434973504,1310.190230814843,75.50144,0.3825788607823975,0.01279302,3.364140491762226,16.103981,6.341925,0.9833276,0.5366425,0.4071825618202319,0.4140863640606991,0.3286802735336506,437.4138599197503,2.995310279046064,10.684184,0.86796284,7.5676355,AstroSpectroSB1+M1,marginal
814505470688889600,AstroSpectroSB1,142.24209387820045,42.5810802165659,178.56775114870138,46.413084121875215,197.11646284422076,2078.3147476129116,424.38263,0.5690760690250769,0.060955282,5.719787638347379,7.7862287,4.884307,0.9408694,0.36348766,0.43829446173929876,0.46583985614623136,0.3610042313620907,694.883685253869,2.990881483789074,11.434225,0.8594942,9.6287,AstroSpectroSB1+M1,anomalous
1960522454597742464,AstroSpectroSB1,327.4334701179106,41.81037928194571,90.38302469651474,-9.298286833781681,137.68808429097953,1530.9404640711875,95.409645,0.7339087437352743,0.010722528,6.718429186595193,13.799374,5.299023,0.8541668,0.45591864,0.4177188776272034,0.48903665515692385,0.37503444145086573,514.4106186525212,2.9761058744888027,11.122129,1.0193949,8.456352,AstroSpectroSB1+M1,anomalous
5251039046311826560,Orbital,142.934904078723,-61.7076904866684,281.4762061093786,-7.466220743007375,284.12454670566143,897.461611356084,11.882272,0.20489695922171927,0.014133285,2.16667179169781,91.88941,0.07667772,0.8283317,,0.3844874255401102,0.4641708405041588,0.3599841273653015,301.9978686476737,2.971748162908755,13.326124,1.3199692,8.809952,Orbital+M1,marginal
6126821944979294336,Orbital,185.45398776009225,-49.666761140555785,298.02197691874835,12.922381776598076,134.5327231886817,1491.5248080155184,88.06585,0.8304173671912662,0.020632008,6.361602588272956,16.667673,11.412273,0.96932036,,0.4163687969168496,0.42954715020295586,0.3384894880589807,503.9963524215468,2.9593960369935264,9.974224,0.82379246,13.502095,Orbital+M1,marginal
5811876322495096704,Orbital,259.6347276042878,-66.7112389516744,325.17112749652586,-16.26472881706588,289.2817792796536,1086.033551937549,36.83561,0.42526359792360346,0.017079877,2.519659033573065,24.174568,-2.0460114,0.79537946,,0.39619419116875415,0.4981197166438227,0.3804544946663993,366.9836178740052,2.959351586943077,13.538648,1.2853575,4.869071,Orbital+M1,marginal
3547564925465793920,Orbital,175.1578634536607,-16.478899407150664,279.38311581396556,43.13175263645269,207.23521327933648,2275.866518330802,473.70752,0.8143272558611274,0.024456713,5.779464214560027,5.668149,12.012695,0.9683074,,0.44557689838535014,0.46016059514941865,0.35752713602287617,769.3471741976866,2.958178823109591,11.257004,0.8412876,7.2398434,Orbital+M1,anomalous
6517244436501512960,AstroSpectroSB1,337.69441527719755,-48.63181733869728,345.0113428870558,-55.39109003221031,141.30903481145478,1047.3116130273581,16.19352,0.19232447317585735,0.017054811,4.3416475713232,115.4539,1.3860961,1.0819081,0.41547927,0.39404859021867433,0.3642163209061704,0.2960992057491464,354.3278763610707,2.955769734470782,10.001033,0.73338795,12.926865,AstroSpectroSB1+M1,marginal
2272175314635091840,Orbital,321.8594383316229,70.38025916530002,107.33292484358068,13.971917495990594,208.56717225930515,1463.3785418440027,108.07636,0.8158957737766191,0.01567497,4.037265816821266,15.098748,6.407599,0.97228086,,0.4152592993793531,0.42709809118519715,0.3369445325193683,495.5612936802165,2.952971833164021,11.386646,0.8521013,6.5430007,Orbital+M1,marginal
1398934521198758528,Orbital,242.25695113234266,46.78309790938402,73.51771694241353,46.796567012056116,298.1494355309181,924.4325647417237,59.695568,0.4058215254600925,0.044471532,2.0254956669007216,15.323566,7.3356643,0.91040397,,0.3867566673904048,0.4248187414052872,0.33550365461614373,313.8340201245026,2.945609798373636,12.667174,0.9107704,5.596075,Orbital+M1,marginal
6528225980683054208,AstroSpectroSB1,353.0016481919191,-46.160213773943255,337.2346788778286,-65.32384183246312,129.28386010220652,1252.6895732718365,43.263084,0.4364339102931576,0.010627694,5.340915726292326,33.24904,4.806227,1.1378049,0.4156494,0.40546396977384774,0.35635633310070514,0.290827373881411,425.75729737833296,2.942262131466608,9.406063,0.6856737,6.6337905,AstroSpectroSB1+M1,marginal
5193547193890493184,AstroSpectroSB1,122.92681827740465,-84.0156461057114,296.732005326773,-24.939513192467707,253.6744301751192,864.6273783236948,7.0744724,0.15348299644385338,0.016410042,2.200327616547142,158.07864,4.431319,0.9623836,0.4748658,0.3829675534149657,0.3979364801269517,0.3182893656367165,294.2666141328249,2.938244900365839,11.865749,0.91472435,10.8267565,AstroSpectroSB1+M1,marginal
3714326582740503808,Orbital,206.5209857382614,5.572617505487372,336.4754784659787,64.82338321036431,285.270332817181,845.6740027320009,51.37232,0.46207206985708443,0.09585587,2.094401942266807,10.255288,0.052317932,0.8008355,,0.38176955175212074,0.4767140772495334,0.36761540313426105,288.28186831621275,2.933497023837766,13.277271,1.1910028,6.4131393,Orbital+M1,marginal
4607055360785997184,AstroSpectroSB1,272.8912602302716,37.51213037357545,64.46277186173542,23.569738827827972,117.6982482743462,1203.461335857164,26.934622,0.643225952761013,0.009375067,6.450101960042563,85.229095,3.8586068,0.87188154,0.47154826,0.4031373630961747,0.4623763005394852,0.3588856876835317,410.36335324772375,2.932672536016322,10.661132,1.0222893,5.787754,AstroSpectroSB1+M1,marginal
2302172500099329408,AstroSpectroSB1,306.8001108660855,84.56197024117053,117.4559928443796,24.816017563201967,106.84668090797207,1076.238609512123,11.736865,0.21397619423554504,0.006450806,6.354147206215024,45.57016,1.508455,0.91836584,0.37257305,0.39644345792313085,0.4316835865627595,0.33983453068449676,368.47639476111806,2.9207803398365444,10.295741,0.89570236,19.569157,AstroSpectroSB1+M1,marginal
5638424583630619520,Orbital,140.6630454885233,-25.27755808679657,254.46163155420857,17.37251480756598,225.01950972205057,1465.8590163569054,154.37485,0.5791877438172057,0.051252764,3.967003699523991,15.481797,3.068958,0.86115205,,0.4161018171325953,0.4831920399438453,0.37152511772850116,501.95648880136036,2.920290999439577,12.231946,1.0397024,9.891661,Orbital+M1,marginal
3320975335832522240,AstroSpectroSB1,87.15190982991352,5.782295357532367,200.42309469641825,-11.173379959542011,113.14757797138044,1006.6676537707431,7.268236,0.23378630679048837,0.008447708,5.52121122485868,51.94877,0.43936783,0.97983766,0.40419975,0.39244419670690794,0.4005196108715888,0.31996144975619484,345.0883299731939,2.91713038759943,10.0794115,0.82498646,15.9267,AstroSpectroSB1+M1,marginal
2102511221544486656,AstroSpectroSB1,287.93071250046154,42.50326335944252,73.60395987839124,14.482181628462927,106.59783508323868,1270.927949350929,100.81772,0.7077542210020222,0.018629033,7.377618609384424,33.94514,13.945912,0.88905394,0.49144393,0.40715620607129516,0.45796569521674124,0.3561788088956228,437.2332454249212,2.9067504876391297,10.2512045,0.96678543,10.438025,AstroSpectroSB1+M1,marginal
1332177810157817600,AstroSpectroSB1,246.52707663175596,38.78116376575544,61.84388810683864,44.15886548590796,160.86768027067598,1649.0561026955033,180.88339,0.35927957344286027,0.023069412,5.637232762258183,8.31958,4.220274,1.0207958,,0.42433566834209324,0.4156910315826301,0.3297045958551406,567.8963707989915,2.903797572038352,10.455119,0.90730476,9.494547,Orbital+M1,anomalous
3015308973005367808,AstroSpectroSB1,85.09400848942133,-8.743002142886333,212.79598139204484,-19.73740265503476,139.25165059890867,1415.5462176926576,50.747868,0.624688865953176,0.016187485,6.111448610409972,57.433784,3.1389432,0.90207154,0.39891002,0.4142911691222219,0.45926642486561753,0.356978151934824,488.29107059631974,2.898980347856737,10.980167,0.8900366,10.153378,AstroSpectroSB1+M1,marginal
6076488123735737728,AstroSpectroSB1,180.12840521672268,-55.64906214670778,295.74215279934845,6.510191636988494,189.14156767150592,943.6033360611783,13.423414,0.2777099279281723,0.024027051,3.149801405215986,119.69886,2.537167,0.9738553,0.33659422,0.38894937139227737,0.39939133128589677,0.31923158055569134,325.61068433001225,2.8979495497906314,10.571791,0.8676653,11.094035,AstroSpectroSB1+M1,marginal
2429290269201563392,Orbital,3.4992727502723606,-8.6961974274397,95.53340199737745,-69.55134280352566,170.56474779731394,1559.5146298037905,151.34053,0.461308849910062,0.017412376,5.738379787911265,8.994955,11.425927,0.7827065,0.36277494,0.4207608033482229,0.5375716233762997,0.4035333494124767,538.4889661400954,2.8960939366732745,12.279602,1.2329798,8.535647,Orbital+SB1+M1,anomalous
4734279095319580288,Orbital,50.772368268083405,-54.015374978302056,267.571791626118,-51.40114437937866,132.70528647750623,1065.696797614646,14.506689,0.6857428143426133,0.011201624,4.465250462507941,122.64622,6.8520145,1.200157,,0.39643034166849694,0.33031538904404245,0.27308157404996053,368.3977282938065,2.892788732846707,9.099666,0.6647539,14.351957,Orbital+M1,marginal
1360842215732577408,Orbital,263.92934992380447,45.09585695562116,71.15740309480051,31.788555920481475,276.5661013060757,1966.5178332904143,322.8271,0.6896921073204422,0.04526774,3.7973114153972842,9.513309,7.279505,1.0074208,0.29011774,0.43681236582220145,0.4335947552822501,0.34103562743119437,680.4415213225792,2.8900614845902983,11.993967,0.81636333,8.150691,Orbital+SB1+M1,anomalous
5828569584761181184,AstroSpectroSB1,246.55157443612143,-63.25681312239958,324.52335297013497,-9.79187497043164,275.4288381906609,1070.2128543368578,42.95847,0.42746896933011785,0.02720149,2.423365145804549,29.021273,3.264534,0.94617736,0.54120064,0.39678002126720185,0.41935057486813776,0.3320351977819061,370.4994509079653,2.888567990355015,12.184941,0.9129696,6.915395,AstroSpectroSB1+M1,marginal
1325083039581019008,AstroSpectroSB1,249.16864019110878,33.25704268099953,54.608656574173125,41.52062716739111,248.50385286787295,930.6911266431244,25.727861,0.28825450551250664,0.026273314,2.401116787853364,38.548573,3.5028746,0.94984716,0.39169812,0.38841609134399074,0.4089248323069663,0.3253755649346779,322.71541573030964,2.8839376158618175,11.480708,0.8891783,5.3527927,AstroSpectroSB1+M1,marginal
6767329249596153728,Orbital,296.8075632227686,-25.17199094568897,15.305723330012155,-22.836291228679244,280.7643641475526,1284.3690859500862,116.48106,0.5722060407562272,0.036233254,2.9127158639802313,9.191847,1.0733745,0.83237386,,0.40833942613874247,0.4905721419051664,0.37595357201514545,445.3991460488559,2.883636166220228,13.416771,1.3365221,7.709461,Orbital+M1,marginal
442990387273348352,AstroSpectroSB1,49.572496336904365,51.95845140702504,144.6221870939557,-4.61930419902988,168.84895741589443,1452.0773725587112,93.47321,0.5242115428365974,0.030550621,5.025761192639155,19.439768,2.6475654,0.9511339,0.24476574,0.41665900875919737,0.4380655612866591,0.3438375642741391,506.2210283517771,2.8684651392032867,11.027491,0.9992485,11.10597,AstroSpectroSB1+M1,marginal
1968518412396649344,AstroSpectroSB1,317.4938964391963,40.59251458627549,84.0884770874936,-5.013812809882339,227.27134101887546,1085.6304080522152,49.094925,0.5240661096135173,0.016150588,2.458208494311446,21.102676,3.6018558,1.3905917,0.41213876,0.3982439361529812,0.2863845113726893,0.2421227834623107,379.39965697274897,2.8614427770296915,9.858188,0.5231323,4.5628495,AstroSpectroSB1+M1,marginal
985783298959734272,AstroSpectroSB1,116.04792155534417,55.10316880814585,162.65241705819227,29.35097398085038,244.7054083662396,1118.8296303054215,41.946445,0.841215864558306,0.01930315,2.9313044621235953,17.778568,2.0467935,0.8765344,,0.40025277184496505,0.4566309899104277,0.35535766314170425,391.8825010655049,2.8550129879833652,12.419643,1.0830688,8.387474,Orbital+M1,marginal
1626135026982214528,Orbital,236.97804027397726,58.82619558960782,91.60420372338109,46.12633516140697,273.53569538003,981.5118106308906,23.398811,0.5188909586582607,0.01693751,2.4595569743528816,37.029106,-4.0979495,0.804255,,0.3923048124328547,0.4877865952842395,0.3742852969986626,344.2945682265115,2.8507908669217046,13.372143,1.2738752,7.7790294,Orbital+M1,marginal
3531889737946025984,Orbital,170.02174823275536,-26.64624182988662,278.8110027404857,31.911356851708938,298.69415895088576,932.2971907262586,13.237894,0.38395701802904636,0.023481345,2.135538936883618,83.9787,-2.93315,0.82752293,,0.38925288149638887,0.4703831951315065,0.36377382287845605,327.2674894191415,2.848731453224909,13.174265,1.1085072,5.3374515,Orbital+M1,marginal
5585421869705423488,AstroSpectroSB1,113.21246937220417,-38.36098157104181,251.56970107945733,-9.066288728094145,210.26805928577,1271.843886778635,73.34836,0.5648829228361931,0.031598277,3.6037915164933,35.25017,4.118291,0.9697611,0.53044724,0.4084994250561835,0.421237185304032,0.33323376061385934,446.51240611142794,2.84839540709479,10.702499,0.8538351,9.386253,AstroSpectroSB1+M1,marginal
5296710800812603392,Orbital,135.5027528375694,-64.22006213295282,280.97481624772723,-11.642942387037898,217.61026666592895,1081.2223687165774,37.95957,0.4083250655878053,0.029417187,3.0873582467590697,44.305782,2.4737108,0.95336527,,0.39839779469203324,0.417885787079869,0.3311032428508984,380.3446434505928,2.8427437781361298,11.408186,0.86326504,6.4376454,Orbital+M1,marginal
2135714651635033984,Orbital,295.43342796959985,51.64302121962149,84.36052434331113,13.729053645834998,192.0311829939334,1483.1142345326773,115.270874,0.642796164940346,0.011324561,4.615884470493057,10.950806,7.6368213,0.8999922,,0.418817960726147,0.4653573085450543,0.3607094463202756,523.0116769829531,2.8357191623104385,11.695313,0.94840336,8.845095,Orbital+M1,marginal
1962358772153721216,Orbital,335.17759461569176,45.809520960679656,97.34135213763143,-9.43990128658888,183.58521402083122,886.7084109735501,3.8955991,0.326217842938668,0.014733561,3.588953218827707,216.62016,8.257535,0.7046462,,0.3866370043890219,0.5486966197626737,0.40990956374099236,313.20100191297763,2.831116138063698,12.809843,1.630539,14.74883,Orbital+M1,marginal
3628149403976301824,Orbital,196.60340382929388,-7.858523567290407,309.37901913619,54.82565301413245,274.488281375942,1187.3195082399245,96.67143,0.2515808329375722,0.017124962,2.7891852851333585,8.670138,-1.501887,0.8440962,,0.404554330420807,0.47927515631056883,0.3691636589271171,419.6861549136834,2.829065229669346,13.121538,1.2188702,10.061067,Orbital+M1,marginal
5238209223087277696,AstroSpectroSB1,163.2639127174715,-66.98693052360342,291.7213864267243,-6.7279625197317605,71.05890437015995,876.5779554284757,3.741447,0.5542464798342278,0.00550687,8.529905322636951,225.95064,2.885429,0.83443785,0.5841793,0.3862091541170095,0.4628375324080811,0.35916816823036185,310.94578960677285,2.8190700267625766,9.821281,1.0233707,31.848644,AstroSpectroSB1+M1,marginal
808260927542798848,Orbital,149.44902765769461,43.58890950704285,176.03366569384855,51.50637573384476,182.52967485974054,982.0729843978052,12.436256,0.7007401788905874,0.015777912,3.632841422544445,45.577095,11.216578,0.83387935,,0.3930225329693382,0.4713182215241718,0.36434248929485524,348.3970410313626,2.8188327360375003,11.975979,1.0606318,11.441959,Orbital+M1,marginal
6113478100057464704,AstroSpectroSB1,204.7745693541884,-39.66397946672139,312.82270894760495,22.290673013848778,91.70506750558583,875.4501556093413,20.786764,0.5400166306961584,0.012591344,6.3237544703867155,41.240734,3.4798977,0.9163325,0.40348983,0.386186301548044,0.42144779170197644,0.3333674352343527,310.82568933398045,2.816530890626209,10.008872,0.8826065,15.774012,AstroSpectroSB1+M1,marginal
2992370789629916544,AstroSpectroSB1,89.43339376260904,-16.08957146681992,221.74652252968778,-18.960959791660166,163.76917964363741,1277.6628757717626,60.233925,0.4085267788326317,0.029951992,4.159597461847677,38.44834,2.4864528,1.2227299,0.41052553,0.40987735959073796,0.3352149582969508,0.27645382118975115,456.1898116001362,2.80072645921271,9.7771225,0.6132736,10.756348,AstroSpectroSB1+M1,marginal
4494280652148721920,Orbital,264.98700726371834,13.381137707734915,37.24463994519659,21.792665318100763,162.57038610636855,1224.2986101207625,81.126625,0.8986434197716706,0.020595238,5.239874081086808,10.869967,2.497821,0.7007815,,0.4072556116412815,0.5811449040655381,0.42819012976954174,437.9147696473899,2.7957463300600045,13.094613,1.6611271,7.533352,Orbital+M1,marginal
2003998518755999488,Orbital,343.4119180070005,56.36982238602373,107.11212267273153,-2.8405491826124503,208.56272994330413,1054.9026272744045,62.53625,0.33772092870378134,0.034643635,2.7698979475261956,21.43966,6.150782,1.2538538,,0.3980549989290507,0.31746524163481293,0.264161834417713,378.241719315023,2.7889642347882218,10.090145,0.6456375,7.2418294,Orbital+M1,marginal
5048935958567042816,AstroSpectroSB1,41.606259763007245,-36.830677883763315,241.94695890607295,-63.883542391955345,271.21301093191994,928.9323334496077,15.237296,0.38207610041755785,0.017009042,2.071444747530557,104.66321,4.150007,1.0826126,0.34571457,0.39034447602144057,0.36055784300754334,0.29365018142769145,333.2805705758404,2.787238187466504,11.478792,0.73478794,4.991746,AstroSpectroSB1+M1,marginal
6130829115103810432,AstroSpectroSB1,180.13978301630178,-48.54585560092536,294.31140711754966,13.47243642573917,265.5734307879683,869.5428515356132,18.085594,0.2001721191980986,0.021448357,2.069907835544309,44.230106,2.9398513,1.0169222,0.34005302,0.3864758663549369,0.38004466110344837,0.30660027617121327,312.3501499982096,2.783872047254011,11.604649,0.8177309,5.8393955,AstroSpectroSB1+M1,marginal
1332914586027356032,Orbital,246.64116030370607,40.700881712704124,64.52063656781277,44.10856028905804,198.11456545783577,1625.3332539584803,129.15282,0.3926463233333388,0.034321208,4.646936332802558,17.16518,6.059903,0.9774586,,0.4267038566660925,0.4365441751825183,0.34288530587650495,588.0548184807853,2.763914524427263,10.881944,0.82311726,12.633315,Orbital+M1,anomalous
3559790876292942464,Orbital,169.74502234921178,-15.382557377813564,272.3482627950737,41.933167535502214,296.1766085685011,1364.5150417704988,74.95716,0.6358788760314946,0.025847798,2.8747497730634937,37.935673,9.407943,0.8570139,,0.415209951182255,0.48448451102999457,0.37230264087544457,495.1886870560962,2.7555456686269633,12.977602,0.9921789,3.8875813,Orbital+M1,marginal
6696873369120008832,Orbital,300.87424158696615,-38.283017643659335,2.3758002618026794,-29.90445346780804,274.4832566634695,1340.1373800610556,104.00999,0.5352728307761875,0.022712177,3.005605204814561,10.4153595,3.6100364,0.89081687,,0.4141303081341953,0.46488826526762683,0.36042279523505444,487.0911586969639,2.7513071344717246,12.737583,1.182189,9.46085,Orbital+M1,marginal
1388607598753304576,AstroSpectroSB1,228.0001015934878,38.670078163355676,63.45626774513233,58.55421826800865,174.94329258610216,856.8109386139172,15.767638,0.6084866857437196,0.023983736,2.4476810092358066,54.389477,-0.2530081,1.624295,0.40494984,0.38638225432786866,0.23787689749531238,0.20633233535879922,311.85667971485213,2.747450974586618,8.494537,0.3182783,5.8029895,AstroSpectroSB1+M1,marginal
1982565532428926208,AstroSpectroSB1,340.0010914139829,45.59520075015944,100.14771133535837,-11.382248554900736,229.06900258933092,901.783960190307,14.893472,0.27822299001242135,0.015506546,2.5539203456475943,63.91245,3.9381113,0.9515307,0.47480896,0.3894449519170501,0.4092825948539557,0.32560511402211745,328.31934870210245,2.7466671207627558,11.323428,0.90822315,5.8157196,AstroSpectroSB1+M1,marginal
4652853589200936704,AstroSpectroSB1,71.7933642411148,-73.3578791259837,285.58430544992365,-34.639547964919885,120.7397246178034,1192.3184486802359,29.60919,0.27069011060644627,0.019707158,6.471973286066884,73.2906,0.8660308,0.8191002,0.38209662,0.4067294493794938,0.49655640276785196,0.3795245377500773,434.31677042330773,2.745273795248892,11.358497,1.2011328,17.548534,AstroSpectroSB1+M1,marginal
4511779650287583872,AstroSpectroSB1,279.3283120540607,16.760056578957894,46.44921671331115,10.60147358666923,187.22931218704994,1344.4566457136934,77.68712,0.3123818367121746,0.033661216,4.640003452404269,23.810266,3.3512437,0.79925483,0.38062906,0.41468608307985855,0.5188408816575287,0.392668445510762,491.24660737904253,2.7368263220926834,12.32047,1.1861439,14.166209,AstroSpectroSB1+M1,marginal
4616680206399759104,AstroSpectroSB1,23.572170836665666,-84.65091322066678,301.75618238978365,-32.37918142188341,182.2769417180303,891.4611356090381,13.726593,0.7154902288080119,0.022115044,3.415883183099924,43.96667,4.1915593,0.8161798,0.44050598,0.38897517535472015,0.4765802457466387,0.36753440596775067,325.75128906516005,2.736631183156175,12.103866,1.1510687,8.353573,AstroSpectroSB1+M1,marginal
5849810263979493504,Orbital,221.42459783194897,-64.93452482766239,314.6593311515412,-4.697253424181859,193.48947259255723,927.0447893539963,7.898172,0.2698184448915721,0.011591477,2.491953023302841,120.270996,8.707117,1.4647828,,0.3913823938345871,0.2671948255644394,0.22817380403086074,339.0773314577676,2.7340217211467013,8.940818,0.66862583,10.41007,Orbital+M1,marginal
4384461052808921600,Orbital,254.09092250264015,1.2934497455127014,20.119137663260634,26.008901327072692,272.343979756212,998.087629635191,49.33908,0.6285295498112593,0.03056951,2.7259375436792888,21.685646,0.48274598,0.66859746,,0.39601189831402933,0.592302427287986,0.4343699848136338,365.8949067497647,2.7277986416951756,14.7149315,1.7353792,6.003105,Orbital+M1,marginal
1293495479263746176,AstroSpectroSB1,223.09697222560035,36.06074625124635,59.70767418506391,62.871500050638595,67.82816264384482,1451.3346941313423,38.204193,0.29832537070441895,0.0043774922,14.69819697913913,35.91635,7.2791414,0.6666621,0.4361432,0.42004725483809613,0.6300752011291268,0.45490491216406087,532.7637973757502,2.7241616289999864,11.617256,1.7462358,27.83344,AstroSpectroSB1+M1,marginal
5578679870558082304,Orbital,104.67409002972553,-35.27426680549356,245.72596353053734,-13.90535745016881,242.8206758246268,1103.9232763014754,31.13671,0.5848274153111183,0.021024846,3.0928426122108847,54.999245,0.0051962715,0.78405887,,0.40270527377653764,0.5136161196023443,0.38960825424353024,407.5527631156261,2.70866345712465,13.32472,1.3917294,11.592073,Orbital+M1,marginal
2425674834450763392,Orbital,8.889927762526577,-10.064234398108063,109.80847138108359,-72.53018738055266,221.72410292240357,1013.3289271826446,84.69054,0.38829825601106155,0.026916387,3.0784802351549545,15.809297,3.5517733,0.8351474,,0.39741983672991527,0.4758679076925184,0.36710313304394027,374.3691463541014,2.7067639976510662,12.383126,1.0663757,11.315453,Orbital+M1,marginal
1614271571396149120,AstroSpectroSB1,224.25349930734404,58.557988876503586,96.89716944720159,51.749966724498265,107.48750718950275,944.2581821425334,6.091102,0.41428653395667037,0.0062895087,6.0767823869805655,193.52608,5.419491,0.8139321,0.40989065,0.39310866561529684,0.48297475375330834,0.3713943204250776,348.89191662299015,2.706449009430308,10.979895,1.1019449,19.383417,AstroSpectroSB1+M1,marginal
2356634712636226176,Orbital,12.60033705482456,-19.77967999942064,121.02604799806652,-82.64759382783312,151.9027578898654,1100.8658049650448,63.26687,0.26914061976860437,0.038116362,4.863323181977344,22.490585,7.089574,0.8110236,0.3264138,0.4028995854136849,0.49677911828523535,0.3796570963535081,408.8148336351298,2.6928225553272744,11.754045,1.1461811,13.652829,Orbital+SB1+M1,marginal
4752110493862447616,AstroSpectroSB1,44.21226509728977,-47.94795817324742,261.86944920580214,-57.95786008403388,178.56296822331277,1407.0087187723416,86.366585,0.686377880387324,0.016420312,4.581720992442519,22.038525,3.408062,0.99236757,0.5709251,0.4188737935857081,0.4220954090926986,0.3337783312074242,523.4515720353168,2.6879443943620673,10.371694,0.8014889,7.9377613,AstroSpectroSB1+M1,marginal
4774655734975605888,Orbital,72.08709967062063,-56.8869515048974,265.714904785466,-39.1003285768606,279.6599956181291,2130.2890051114073,296.90448,0.8980624588941151,0.050183166,4.195389838914951,11.694375,7.9825306,0.92773515,,0.44788891073450693,0.48277669634691667,0.3712750773357142,794.2395812858323,2.6821743152898283,12.09442,0.8894415,8.265932,Orbital+M1,anomalous
4766771347547837056,AstroSpectroSB1,84.48553344965079,-55.3894096478988,263.29999965576195,-32.319123619941195,184.8365584211219,1141.11049398403,51.994225,0.7626056301170222,0.036071286,3.6052642117328513,16.507984,2.5228488,1.0775195,0.41264066,0.40550804330586154,0.37633474823508695,0.3041526492308342,426.0531793534431,2.6783287844858283,10.647346,0.8962803,7.5830684,AstroSpectroSB1+M1,marginal
5661250135786367232,AstroSpectroSB1,143.84251760588182,-25.974751378134684,257.07449589546815,18.966578069260056,141.1588976765718,1048.2654547915226,27.426554,0.5944743876022636,0.0071741035,4.943727059549783,37.498707,5.997391,0.8463167,0.309652,0.4002355967383565,0.4729146890307716,0.36531239511265035,391.7744394806928,2.6756861835627297,11.305359,1.0300064,8.316299,AstroSpectroSB1+M1,marginal
5513891869447765248,Orbital,118.01789797000538,-51.32587560672777,264.8359102926213,-12.155565378807795,294.0469051956916,1456.8712582304215,181.09387,0.5020709765737477,0.05878591,3.0333331286183083,12.991082,6.313766,0.8743701,,0.4215324133954012,0.48209838637509694,0.3708665420057461,544.7337238159879,2.674464962486067,12.957737,1.202527,7.4143744,Orbital+M1,marginal
4302536132222196736,AstroSpectroSB1,294.3134745857093,10.231712197619522,47.30721176091258,-5.332080087192717,232.37871686803942,1230.4787256559189,65.77402,0.48655146876367467,0.023818716,3.2579241580870444,21.517082,3.3798413,0.93565613,,0.41077518368387683,0.439023665185712,0.34443661070125636,462.58257614273526,2.6600196140466825,11.818251,0.94131947,8.312448,Orbital+M1,marginal
3539548729785037440,Orbital,168.06069677916028,-21.299296408844864,274.0674198688954,35.95171527625792,189.83259419882918,909.9970795043876,13.339756,0.4228791115591106,0.013857691,2.4815551302080667,61.493874,9.308814,1.4987534,,0.39192884706197373,0.2615032196889827,0.22398458553351144,342.1606104774326,2.6595611874628884,8.746206,0.6295576,3.6946404,Orbital+M1,marginal
3622456476365156608,Orbital,195.60372011689046,-11.696496996235155,307.21210727573236,51.08400482515821,289.24131048193465,869.282251339281,16.435263,0.3937610239316743,0.033980463,2.1187861327778816,50.622837,-1.8374015,0.815672,,0.3893006995080412,0.47727604830337966,0.36795541836206647,327.52911578368685,2.6540609962547244,13.191446,1.1290941,7.851257,Orbital+M1,marginal
1658513273597904256,Orbital,207.40325925712088,56.710617149572144,107.56993144941222,58.6487599317536,211.36946525030436,1213.7175275523764,36.22584,0.5981076387781505,0.015751006,3.8017790559153988,52.245953,5.7041655,0.8012406,,0.41005765401594263,0.5117784124349529,0.38852878778040023,457.4680115313983,2.653119993001025,12.60317,1.1665783,14.183374,Orbital+M1,marginal
2204796383099239040,Orbital,332.6622035485307,61.35985753256207,104.85980559352437,4.264550879376756,287.3916820465361,1586.3200960297702,150.86273,0.5286104443180349,0.03755584,3.293736558229873,12.648651,1.1268005,0.89220846,,0.427933655568697,0.47963416196581177,0.36938042357443424,598.7402515900498,2.649429517753392,13.096633,1.2261457,9.388522,Orbital+M1,anomalous
6901212210662331904,Orbital,309.3575514211172,-11.736594733130783,34.11900275294711,-28.7857042637267,179.12601683615978,904.5833794850909,11.38975,0.6536713980638685,0.07231861,3.6379087978427744,14.52028,4.0403,0.7633683,,0.3919600978498678,0.5134613180332124,0.3895173865253328,342.3375951099139,2.6423723026816774,12.887419,1.4652185,12.870538,Orbital+M1,marginal
2280657290927623040,AstroSpectroSB1,336.4532750356544,76.31391627759223,114.53708682904494,15.87630125604049,97.3204590235694,1312.8572408496245,41.4319,0.31302123991308217,0.016467178,7.8924084113520605,28.624846,0.102054626,1.0152559,0.47194496,0.41566003009732294,0.4094140389802583,0.3256894334014642,498.5951177178287,2.6331129090449967,9.245319,0.78580093,16.596611,AstroSpectroSB1+M1,marginal
4170563946230868736,Orbital,270.1338356222241,-8.424625361206237,19.538777790726495,7.303675620960286,221.30407150064917,989.0622343644711,90.068756,0.42602091504281453,0.03012902,3.0710849870625383,13.291111,-0.43747497,0.8147872,,0.39780334388570016,0.48822973590533736,0.3745509546208319,376.7036744916164,2.625570976177146,13.295317,1.527298,11.249776,Orbital+M1,marginal
2486553487610600064,AstroSpectroSB1,35.21810274639277,-8.219726695720828,175.31378190645833,-61.62018580578899,151.61926664071552,955.790709204488,39.60077,0.5550933019598533,0.042439733,4.481585509307149,21.874413,3.7591436,0.76737845,,0.3957522248029758,0.5157197535215872,0.3908419391774161,364.348393413608,2.6232878379114335,12.4817095,1.4479885,17.630354,Orbital+M1,marginal
4496375015643293696,OrbitalTargetedSearch,269.3281506950669,12.626209815138436,38.37687751673205,17.630320997374227,71.441772597486,1237.1899841339323,38.248116,0.44232931527191033,0.006664087,9.189947500212721,21.422226,0.4191111,1.2723427,0.44292518,0.41210304078551996,0.3238931198747945,0.2686373776533271,472.16478893328235,2.6202504149642323,7.3179216,0.6799741,14.043496,Orbital+SB1+M1,marginal
6497716388438226432,AstroSpectroSB1,355.9511243174404,-54.82912434010714,322.31369957386744,-59.68067784401107,142.13333288917045,1721.2577695463508,83.65365,0.751888700271135,0.0140731735,6.277463941227122,31.279097,2.2593749,1.1671511,0.43074372,0.4345389263630574,0.372307346314796,0.3014861368617308,658.7430499890905,2.6129425875155063,9.426474,0.669405,10.217924,AstroSpectroSB1+M1,anomalous
416583725746958720,AstroSpectroSB1,13.842393241568397,51.35064998778622,123.55839532078416,-11.51631749645617,156.12104709612484,912.9377208861638,12.160404,0.32343786881402437,0.014792285,3.8314438009423633,42.461098,2.3951643,0.938994,0.34126213,0.39322416143814265,0.4187717551437322,0.33166707410172863,349.556356391129,2.6117039618774682,10.94315,0.8876095,10.011734,AstroSpectroSB1+M1,marginal
5359871868317321472,Orbital,164.9472715913563,-52.34073912413692,286.189590397071,6.863876246904305,215.9658477779323,959.2045004047473,17.424257,0.1516504469514267,0.025329601,3.7265615420812046,42.118603,0.8698231,0.5112468,0.39634463,0.39634463020776856,0.7752510722416148,0.5287728967776358,367.883984029945,2.607355965587972,15.271762,1.8721323,7.8500896,Orbital+M1,marginal
2539019811666173056,Orbital,15.59136468850803,1.9894995552612875,128.5286778579833,-60.76344746020378,118.70682796060218,1020.513906992491,95.77087,0.3676869071883256,0.021283647,6.045121744604372,15.143228,8.828365,0.7636936,0.43203938,0.40027179474931124,0.5241261808419413,0.3957508943676085,392.00221559976313,2.603337089386358,11.413727,1.2019644,14.286584,Orbital+SB1+M1,marginal
2147657581292981888,AstroSpectroSB1,281.15091428158064,54.52878484808813,83.95689056886113,22.752729589892002,172.3868736386296,878.9189493056291,18.268177,0.36605411662289794,0.0177054,3.5602941833828052,49.43524,3.8728883,0.8334327,0.37492007,0.39122601002752705,0.46941525337417345,0.36318466423218343,338.1989494843626,2.5988222336162754,11.876396,1.1287212,11.950604,AstroSpectroSB1+M1,marginal
3716046974840728704,AstroSpectroSB1,201.15459708757126,3.862469328592681,323.1790823607241,65.42155126225548,112.4555982251441,989.2086274760735,19.582874,0.2943755916136386,0.017365841,5.5605913994331795,61.97428,0.44317856,0.9794107,0.68874943,0.3985257759887158,0.4069036337397488,0.324077341337645,381.1320878722188,2.5954482945758244,9.945916,0.7842493,19.530102,AstroSpectroSB1+M1,marginal
350407694280841472,Orbital,26.045804465618783,45.2640263901228,132.5777361256646,-16.617560326762938,295.80117716639245,903.1239442107359,33.361557,0.5742454467997131,0.065210074,1.9546085119902172,23.11847,5.8252544,0.99251616,,0.39296664504901213,0.39592971971815705,0.3169876922320129,348.0762288485412,2.5946154013398983,11.426844,0.87119865,4.677747,Orbital+M1,marginal
494544318537301376,AstroSpectroSB1,56.39193395383189,69.91899796844037,136.91926358585008,11.930552611946561,286.38565873931526,1405.9498092682586,120.67202,0.7677661801569217,0.021506647,2.8433684444048133,14.798984,4.385699,1.0109469,0.5781111,0.42124184784092544,0.4166805006314144,0.33033548844026456,542.3755571332583,2.5922071722764333,11.678928,1.106183,5.535552,AstroSpectroSB1+M1,marginal
1428268181461403392,AstroSpectroSB1,245.83999585018591,53.7280903583803,82.53562805619968,43.207376497557924,231.0744140085801,1763.4600851057205,138.59363,0.9461385479017175,0.017338807,4.536438529982634,16.675148,4.4246235,0.8624437,,0.43696561702970715,0.5066598832599238,0.3855135988191307,681.9239463378834,2.586006980068642,12.233701,1.0343208,11.3505125,Orbital+M1,anomalous
1094103065654671744,AstroSpectroSB1,128.07416768766706,67.48757925013702,147.7870609949979,34.4998897461998,255.6965386124855,1956.0493165751936,177.92032,0.7038344108525725,0.017273989,3.8129807433389864,14.542794,5.0564656,1.2042351,0.47236925,0.44453148286371874,0.3691401217164899,0.29938220739248744,758.2929177823033,2.579543169539072,10.628849,0.63987637,6.7363267,AstroSpectroSB1+M1,anomalous
4808388893451672576,AstroSpectroSB1,85.88150504352647,-38.718694103269826,244.18080542326567,-29.208026540137123,147.9040882772936,1569.3727596629642,86.125015,0.8371745338068282,0.016678635,5.732327959487287,21.872236,4.871824,1.1180533,0.43398827,0.4291214217432496,0.38381123260544825,0.30907682784223706,609.2032420770752,2.5761070382885625,9.972121,0.69576645,12.19155,AstroSpectroSB1+M1,anomalous
4883012610189751680,AstroSpectroSB1,63.19931459305863,-31.797401344875656,231.64251635710977,-46.30562305094789,188.22122536223122,1073.6608477222103,41.966625,0.3440807020848009,0.026365092,3.8671134827201215,37.28294,3.9785244,0.812126,0.32242823,0.40416963210197526,0.49766863963267016,0.38018628924250664,417.138945223929,2.573868635415584,12.368891,1.2103157,11.770677,AstroSpectroSB1+M1,marginal
4450934673966434688,Orbital,241.088535513401,7.341897932619554,18.70564325508802,40.26162114901236,254.13342712368402,876.4430782040158,45.729187,0.8397813167932973,0.04737555,2.2166096096333696,6.550467,10.930805,0.9997374,,0.3917194868882415,0.39182238652516754,0.31431615306304467,340.97676190714293,2.5703894696574503,11.857825,0.83199596,4.7805023,Orbital+M1,marginal
5575664150680224384,AstroSpectroSB1,102.17515179510795,-40.070527412085845,249.55402980636734,-17.557620894720372,299.43383314191,1389.4938120964407,82.20936,0.8846571174904666,0.016779987,2.836451861912369,13.759006,2.4414062,0.90781593,0.49681965,0.42131944614247147,0.4641022818850108,0.35994219334491023,543.0045494051618,2.5588990250976194,12.332558,0.9294939,6.367134,AstroSpectroSB1+M1,marginal
2884864558457955456,Orbital,92.08371190866823,-37.477660272566,244.2242196031022,-24.17315787598521,293.5306345651933,1326.1251666265252,100.896324,0.4320297163942433,0.035508793,2.8050417271784296,20.825535,5.2618566,0.8963087,,0.4182670420035663,0.46665510735115057,0.3615019886719592,518.686504649736,2.5566988050364734,12.492942,0.9537058,9.1457,Orbital+M1,marginal
4539179720566144000,AstroSpectroSB1,281.26290408899615,28.275906269581807,57.92699326135977,13.759421305630989,210.7109248144669,1868.6782411836025,123.00102,0.6349873804824324,0.015693557,5.266304966610807,16.76179,0.7957147,0.84449637,0.45541728,0.44210601478442296,0.5235144055367453,0.3953947756010606,733.1215771346062,2.5489336277446655,12.1684475,1.0693703,11.040396,AstroSpectroSB1+M1,anomalous
6406193281060627712,AstroSpectroSB1,332.03775250537814,-61.650874595178834,329.54934182401774,-46.145598671577,273.0994633871223,908.5544136078579,8.423462,0.1728281231683691,0.011619271,2.2289767122152546,101.1093,4.7775016,0.9033292,0.34848297,0.3945196536000787,0.4367396253754168,0.34300771155984283,357.076883754391,2.544422377766663,12.164981,0.95539284,10.207789,AstroSpectroSB1+M1,marginal
2131010833512143744,Orbital,287.8495284563596,48.41464317429926,79.23528389004859,16.838742138797077,227.8670042676082,1095.7560152705594,185.72662,0.833130926474469,0.03073179,3.026720917377963,6.748561,4.112346,0.94982916,,0.40621265567527276,0.42766917702981544,0.33730509041748014,430.80525894484407,2.5435065903196157,11.543922,0.93855095,4.4988728,Orbital+M1,marginal
6501113398331965696,AstroSpectroSB1,352.2304289025745,-53.128448517279885,327.80794037862523,-59.83160385717681,280.52908340058417,926.5091473517274,15.0491085,0.44221986981399897,0.0123662455,2.289818986574972,75.39742,4.4549217,0.8311546,0.57176167,0.39581848720445306,0.47622727998232595,0.36732074117262214,364.742542157228,2.540172972069546,12.812154,1.0364599,7.365395,AstroSpectroSB1+M1,marginal
6373344752705910912,Orbital,314.59551547381693,-72.38935759660393,321.28303418534483,-35.18708303486753,223.70026675450748,1460.846707553886,114.86122,0.39499432383862376,0.032737695,3.8245901958996384,12.68321,10.455404,0.97606057,,0.42519321711079544,0.43562175390578317,0.34230733515695133,575.1328759707728,2.5400160008034796,11.568374,0.84711075,10.638345,Orbital+M1,marginal
2751768989450341248,Orbital,3.085494992811239,8.005873585437218,106.47078429743145,-53.61169564871776,227.09227109781244,947.8132338286675,18.93405,0.5240652594068725,0.02405235,2.883341802678197,51.314587,3.870777,0.82932794,,0.3973390379710529,0.47910967224892875,0.36906371902637286,373.8787374091385,2.5350819369850064,12.5325985,1.0647955,9.086838,Orbital+M1,marginal
5619781260172885888,AstroSpectroSB1,110.33442716554156,-21.623307269330343,235.5017624515834,-3.462671708999188,253.90053644121213,1430.5369922538155,176.1194,0.3603702272670242,0.062292106,3.3726334873598103,11.394566,4.761002,0.9408842,0.32046387,0.4240716639025643,0.4507161201235751,0.3517073680026407,565.6828650107404,2.528867463974986,12.082912,0.8856602,10.734005,AstroSpectroSB1+M1,marginal
5418992776035498496,AstroSpectroSB1,148.26701141870024,-42.898197965007725,271.5658304305401,8.852722643837696,256.39181552239586,1258.5564701057715,45.87116,0.7155804956273158,0.010500632,3.0052605937638126,28.506815,5.301306,0.94912976,0.4292753,0.4155442214229984,0.43781602771240025,0.34368146371707736,497.71688156821637,2.5286593979699594,11.873497,0.877635,5.4375124,AstroSpectroSB1+M1,marginal
709582374586958976,Orbital,129.86878816400514,31.666153387110672,191.93940467801204,35.68857541442632,195.45412695510166,1064.1766756055392,42.964108,0.3357195714470379,0.016342882,3.304206909146288,21.788887,13.505416,1.0407959,,0.4047471088130401,0.3888822968547361,0.3123977363441598,420.9671432861069,2.527932862642157,10.461455,0.77003956,8.769874,Orbital+M1,marginal
4129204476320697856,Orbital,254.5266148749923,-18.72633253609176,2.449969584804855,14.692406058508531,235.8146007769074,909.3350807211549,24.149246,0.3319486709663302,0.010295368,2.7794607551500743,63.944893,-1.663584,0.7698118,,0.39501822173085965,0.5131360899902144,0.389326441927648,360.00444181306176,2.5258996142979315,13.371677,1.5856562,11.788297,Orbital+M1,marginal
5296008728277089536,AstroSpectroSB1,118.75697518490422,-55.82361458592261,269.11331463159127,-13.904108881877782,238.06005108425452,1004.8012343394355,63.51242,0.2458212528034951,0.085124515,2.504687571738228,35.57222,7.853098,1.1173131,0.3933229,0.40123540443635897,0.3591073869134084,0.2926769294785243,398.10369919985965,2.5239685950142254,10.402251,0.7318287,8.7513485,AstroSpectroSB1+M1,marginal
6737716717104132352,AstroSpectroSB1,292.2683318515462,-40.172191356959395,358.48008198084716,-23.911327093525482,264.7165467595375,1284.3484631167596,79.46705,0.3453150797462353,0.041995943,2.9982923613974806,15.238074,1.8863888,0.9223715,,0.4170702259571467,0.4521716281689925,0.3526073361704277,509.38636471074767,2.521364041312865,12.096114,0.97749424,10.770606,Orbital+M1,marginal
6589481182215705472,Orbital,325.83636597481006,-36.08189502384921,8.154238620329224,-49.36505288322769,153.77811486648153,869.1515199289736,23.921673,0.48422683495883007,0.03252088,3.680835888087759,58.328217,11.930949,0.9810621,,0.3923846707012159,0.3999590494896331,0.31959892225092446,344.74916897072234,2.5211127340028074,10.686437,0.83590984,6.4319267,Orbital+M1,marginal
6580648083755897984,Orbital,319.08787640319,-41.94064982839072,359.61650753968735,-44.10784077333202,94.05454151996359,1862.9787472851554,131.49959,0.5598686498230109,0.022822503,11.57314621256482,15.7813015,11.074752,0.88059276,,0.44280566687560785,0.502849540977252,0.38326078901939664,740.3147833304042,2.5164683851162586,10.148075,1.0157595,25.758106,Orbital+M1,anomalous
3351740869472059264,Orbital,102.3378188309461,12.54223404068118,201.50337317442902,5.227552652162201,235.6849603785592,1199.083504569093,142.09097,0.5415635008407345,0.12198647,2.6317124705833237,10.672878,5.2207317,1.369638,,0.4128008617129725,0.3013941434987596,0.2528495841991685,477.2619632091097,2.5124221014942294,10.000081,0.5186949,6.684224,Orbital+M1,marginal
3255908741664845824,Orbital,63.78554632409133,1.2930707494162872,191.32338338360648,-33.40454075157041,287.6618126059609,1028.3410832819573,61.542892,0.5697677295625753,0.050873715,2.367085010793317,18.147295,6.5460777,0.8791108,,0.4030509792846252,0.4584757385074276,0.35649235378470756,409.8002547308596,2.509371508217657,12.747817,1.0606403,5.6086545,Orbital+M1,marginal
4175134448570791040,OrbitalTargetedSearch,266.7413450888887,-6.209622566631945,19.83957799496317,11.321005291398173,49.80868417198464,1282.4600404780047,187.8789,0.2722089257133089,0.053166714,15.579005170703741,5.4202547,-1.7482189,0.96771,0.54374105,0.41737528195169854,0.43130201622400743,0.33959448835377287,511.7444563515319,2.5060555606625785,8.053742,0.8374443,9.353385,AstroSpectroSB1+M1,marginal
6333359500532116480,AstroSpectroSB1,224.26903232101384,-7.310378580220932,348.92798918652994,44.05727821013581,128.6757444010555,1066.1782209034118,39.271946,0.474677429136908,0.025363538,5.51691736856133,60.649837,3.1741903,0.85452795,0.52528965,0.4054556722709257,0.4744791228125589,0.3662615730350287,425.7016110432897,2.5045200517105677,11.1412735,1.1273012,17.914408,AstroSpectroSB1+M1,marginal
5716441633779510400,Orbital,114.568722083727,-19.38109730013478,235.43342886625913,1.092432693958998,291.0967812658406,848.2551189409442,15.932543,0.38623876880281793,0.02446578,2.1189226684293097,44.527428,-0.0488313,0.78246564,,0.3913842857054718,0.5001935769869814,0.38168630369799217,339.0879686349476,2.5015783436838817,13.517492,1.2340593,7.3311605,Orbital+M1,marginal
4785906698162512128,Orbital,75.79176965358461,-47.744393469413936,253.86009504241846,-37.57677088988959,131.13221656857004,970.5623518508819,12.403436,0.9519083664410942,0.049326394,4.336152752168456,19.213278,8.14579,1.1671864,,0.39986566138607904,0.3425893828374158,0.2815000182441655,389.4525165210658,2.4921198623154446,9.57126,0.6589117,7.8782105,Orbital+M1,marginal
2912727385696657920,Orbital,91.25424015077324,-25.58015163280924,231.7756426983016,-21.00009625193727,251.82391012746842,1555.23301971159,109.00091,0.8035967963894112,0.024060933,3.661157779476617,24.389488,10.341576,0.9306889,,0.43119280679088995,0.4633049761522241,0.35945434018352307,627.7897488570359,2.477315092422379,12.102565,0.8980522,8.702083,Orbital+M1,anomalous
1863789723696710656,Orbital,308.10605761345136,32.987055858411985,73.41959471451395,-4.022029875316522,131.12302521925994,1314.2322883052966,65.35247,0.35729883947741337,0.018373346,6.9822295210478105,18.605457,6.4578753,0.69743556,,0.41980757659492435,0.6019302742374315,0.43966016053800555,530.8513959762597,2.4757065692336817,12.412666,1.7030869,14.183916,Orbital+M1,marginal
4500616931501527936,Orbital,265.0175892379834,14.7018917281464,38.559984192970354,22.301529518727232,80.13176144321869,998.7028145035425,17.158134,0.44964451845516906,0.014455635,8.525084205980972,102.629814,8.108984,0.832595,,0.4020744384317151,0.4829171961256308,0.37135966912876406,403.4763105739341,2.4752452333147263,10.2500105,1.1102123,33.20995,Orbital+M1,marginal
2881632200431293056,AstroSpectroSB1,358.48594666132897,39.27363525607261,110.94771175236994,-22.256447311373638,152.2733038029709,936.4150464621421,34.486225,0.32418386648449743,0.014501193,4.1884136982783104,21.465872,3.08932,0.86819094,0.22709282,0.3986238975834369,0.4591431185142594,0.3569024140110385,381.7366695396242,2.4530392838378927,11.453328,1.09091,6.6659045,AstroSpectroSB1+M1,marginal
2093475091388738688,AstroSpectroSB1,282.6087489181752,35.83014555399653,65.5756447831866,15.669227653517797,128.33792405520998,877.9337787868764,6.8609147,0.35864800930568397,0.007876682,4.586807735543394,117.07132,1.9778167,0.9261613,0.39562955,0.39499014156734596,0.42648094469819187,0.3365546911447023,359.839062594427,2.4397956476904,10.643223,0.9084339,15.45601,AstroSpectroSB1+M1,marginal
517649421524652032,AstroSpectroSB1,37.88469774214597,67.68564884725227,132.23746560166614,6.640697117024983,252.9442601426965,1125.318047048964,29.134932,0.32965641709776605,0.025903374,2.7514826800335963,83.582596,4.0447702,0.9858642,0.44154942,0.4106813497458783,0.4165698892003906,0.3302649891908494,461.91121047863953,2.4362215541010404,11.709358,0.90215397,11.415821,AstroSpectroSB1+M1,marginal
4238681856971048576,AstroSpectroSB1,297.04341850225245,-0.004158650323184558,39.50223862684241,-12.598158465476697,138.34097306675147,1239.380144247622,70.89967,0.17815554778851272,0.035145286,5.685258778283003,25.201956,2.7414002,0.89429224,0.38208252,0.4173516683092635,0.4666837660001749,0.36151948014912155,511.56161962980354,2.4227387213773217,11.030283,0.9625397,16.086481,AstroSpectroSB1+M1,marginal
226266676813899136,AstroSpectroSB1,62.814860728385895,39.60462345653181,159.5598629335897,-8.65510466961171,119.08497924762122,1485.7511686864973,98.653336,0.5275295755516848,0.029182741,7.194914586730101,28.785183,4.8547344,1.0146214,0.41092673,0.4296044798190416,0.4234135900950342,0.334613959196643,613.4989282725419,2.4217665267484616,9.404682,0.7976389,22.68034,AstroSpectroSB1+M1,marginal
1564985928321716352,AstroSpectroSB1,196.60740281603157,56.993074433413554,118.8460939892269,60.01608644446441,92.3918156385398,1022.1583353750095,11.474393,0.22958428700830197,0.011581178,7.431522083406196,93.804504,9.403034,0.8626223,0.37465873,0.40495758563379114,0.4694494635006735,0.3632054951873751,422.3692059678351,2.4200588511958196,10.201736,1.0051737,19.24243,AstroSpectroSB1+M1,marginal
5349614180742182656,AstroSpectroSB1,167.6823231964215,-50.635433676554335,287.0730271888392,9.10922837081726,181.6462941961235,891.3800686483706,9.127163,0.8429829415811692,0.022220153,3.225941068939739,31.205252,1.383638,0.9631517,0.49739712,0.39681342290331395,0.4119947310953228,0.3273429142848648,370.70069577042864,2.404581590535761,11.237704,1.039051,5.9880595,AstroSpectroSB1+M1,marginal
3230651138508349312,AstroSpectroSB1,68.64143384425226,0.24509367908069515,195.4631147528895,-29.902409636466793,106.1397780563773,1563.768152361797,86.44685,0.5761321147403092,0.014022163,8.848835431639893,31.526083,6.119752,0.9096597,,0.433676652434861,0.4767460405289309,0.3676347465213914,650.6555241675288,2.4033733585256747,10.201299,0.91714287,8.70846,Orbital+M1,anomalous
6066174945178449152,AstroSpectroSB1,206.19516332676898,-52.62009560471265,311.0919370855811,9.40445907789115,243.92819699782763,1360.8870324255713,109.67909,0.6397843158441714,0.045768857,3.607412543817255,20.863888,0.8839674,0.82336295,0.40632847,0.4243358863491328,0.5153691797130402,0.3906364906631125,567.8982014257825,2.396357355964303,12.763625,1.1931419,10.2462,AstroSpectroSB1+M1,marginal
954695535397218944,AstroSpectroSB1,103.34440094133382,47.138321135753955,169.244469110339,19.837819891665916,180.89462519645588,1274.179784401578,105.47993,0.5222148349008395,0.05104662,4.440741532012937,15.201966,1.0686312,0.8986188,,0.41993991386798574,0.4673170712316036,0.36190590228398906,531.9066585245691,2.395495081667083,11.474959,0.94760036,9.988191,Orbital+M1,marginal
6438237997699915008,AstroSpectroSB1,282.2612047370104,-64.84506269070586,330.6897977721703,-24.128777033114766,100.11875855964456,1416.6378845340755,34.48025,0.737051915054862,0.010548208,8.546895299238544,99.24288,7.080394,0.94074154,0.5794034,0.4271484925187031,0.45405509888730233,0.35377025495422354,591.9008896252689,2.393370088412852,9.551634,0.8950825,27.97787,AstroSpectroSB1+M1,marginal
5806529805460232704,AstroSpectroSB1,244.9130226933114,-72.16426616378496,317.44458837771305,-15.452770629405483,160.0799959571692,890.7128407829555,9.748215,0.2418108007578944,0.019519184,3.9984254163934434,133.73997,2.5574696,0.79468256,0.46287215,0.3971304095659599,0.49973464673865553,0.3814138950372792,372.6147755334673,2.390438864126455,12.2385,1.3549023,18.535442,AstroSpectroSB1+M1,marginal
723104787058760832,AstroSpectroSB1,161.0997461213744,23.882324966949,212.24030426370408,61.22795506806338,219.54995611343222,1237.8729452976877,94.09914,0.5603967387228717,0.049197216,3.5213290628948553,25.27841,4.7748914,0.9307829,,0.4183655272138156,0.44947701644332416,0.3509403195310444,519.4576462965117,2.38301034573875,11.644592,0.8908644,9.930866,Orbital+M1,marginal
2509873613839522560,AstroSpectroSB1,24.197106304363473,0.14270012069806548,146.56347709758614,-60.63134972464868,233.10953153622876,845.5532349977657,55.092022,0.5016357268110222,0.057200525,2.598681576479569,14.881642,4.16839,0.8217466,,0.39439960141711616,0.4799528313168031,0.369572778801299,356.374719858314,2.37265212115477,12.718277,1.163003,9.055484,Orbital+M1,marginal
2140846484716523520,AstroSpectroSB1,285.72739049834803,54.99466537307022,85.26127174904873,20.362061059820057,274.8158114929687,958.9139990801807,29.54524,0.647642835581218,0.01878247,2.2674492187274526,35.231174,3.0206215,0.95912653,0.40546605,0.4021836271485869,0.41932280434086466,0.33201754028976216,404.17960759183984,2.3724947549767,12.127892,0.8243036,6.548958,AstroSpectroSB1+M1,marginal
4762013825157305472,Orbital,75.96295356109694,-60.086365502516934,269.2984844418729,-36.58521121935857,266.8298269136636,1004.5556046692842,28.94618,0.6120474043059376,0.017986815,2.417629083407407,69.796524,2.6030662,0.9637546,,0.4051513394300472,0.4203884908205091,0.3326948318832465,423.66307854522483,2.3711190697068276,11.957468,0.85314846,8.852108,Orbital+M1,marginal
6361069426936374400,Orbital,286.3605101499255,-79.99865077946079,314.1800064120861,-27.28992311956978,243.5909943580763,1147.8074349708108,40.294754,0.4587022685057784,0.025478506,3.0152940360352822,51.60831,9.599711,0.9155958,,0.4139411939952027,0.4521003489358393,0.35256328905102885,485.68343212128195,2.363283075063156,12.479872,1.1896029,10.726994,Orbital+M1,marginal
4765667437873683072,Orbital,87.47540976325146,-57.78748312324157,266.1914151370262,-30.77411207717253,261.99623469733683,1790.3107823919183,355.86987,0.9200167991493284,0.029561881,3.772236903151801,5.1072145,6.362572,1.0349655,,0.4447560650578989,0.42973032294621594,0.3386049070995382,760.6571706825433,2.3536368963503747,10.88214,0.7980442,6.325708,Orbital+M1,anomalous
3572371213460007296,Orbital,178.55907769704714,-14.022192159927732,282.5302617774482,46.57117668895078,224.26544274398407,1606.2658664095366,218.87996,0.34784534111031656,0.064786956,4.140131658612415,10.262744,13.910534,0.983513,,0.43713556731870756,0.4444634370601146,0.34782837264171235,683.5708405495604,2.349816245991667,10.740501,0.8284521,6.3471766,Orbital+M1,anomalous
6395710704703864704,AstroSpectroSB1,332.668141210335,-70.47547776483957,319.5554742155616,-41.06987662603009,173.63780141985637,885.4506077315087,4.4230404,0.20859464464289967,0.010966686,3.6369061025608636,207.42961,0.40906212,0.8145038,0.5224194,0.39788186955138016,0.48849603273822595,0.37471054927981085,377.18307816364324,2.3475353455473695,11.987311,1.1308823,12.423556,AstroSpectroSB1+M1,marginal
3006499582766620032,Orbital,95.30035975278983,-8.2149925960554,216.8849591233121,-10.42978328108548,261.12403620758977,865.0467914851515,13.013194,0.24281069133459993,0.04546647,2.41511208392701,81.29876,0.06797588,0.78446025,,0.39657633011415555,0.5055403786893207,0.38485243986462064,369.2740500662148,2.34256046784235,13.37079,1.3552265,9.676836,Orbital+M1,marginal
6123955793036321792,Orbital,213.50356239979382,-32.87203879844111,322.3194786519628,26.87197066358647,179.50779611313516,1435.1200836770822,185.97618,0.6328442793273032,0.05037945,5.025340908859869,15.012787,2.372484,0.86163145,,0.4295855393668657,0.4985722583043727,0.3807234704781745,613.3300542166772,2.339882211560569,11.933321,1.1361189,18.16676,Orbital+M1,marginal
5369841582618219392,AstroSpectroSB1,174.74799440986183,-51.08033058269764,291.48755871343343,10.174523913050255,237.18470594498723,1312.1599294057035,68.889885,0.5512586159195171,0.019690253,3.46916538866819,21.750938,1.7369323,0.9037864,0.47350496,0.42371105013338634,0.46881767680017905,0.36282069543360046,562.6702023302065,2.332023135349283,11.890228,0.9363251,8.043781,AstroSpectroSB1+M1,marginal
489049616554058496,AstroSpectroSB1,59.245588491412605,65.24505741743724,140.8090022688844,9.033668730350616,136.93917421563538,1046.8567230327471,24.253473,0.1544338455316681,0.008980272,5.293571045135805,42.99448,6.2546325,0.80686474,0.40887347,0.4093384344390547,0.507319771115686,0.3859030319205315,452.3856482186104,2.3140803143402664,11.621854,1.1772499,16.71656,AstroSpectroSB1+M1,marginal
1482727477718262016,AstroSpectroSB1,212.45516896275547,36.42509916626288,67.04522189652026,70.97724090556301,256.1882008241894,978.8252225440491,27.358585,0.15181079115607882,0.00823827,2.5642806407351317,32.355843,3.8835964,0.89450836,0.4095621,0.4056037111618442,0.45343758479598484,0.3533891876619605,426.69598351478305,2.2939639939454395,12.301283,0.95051,11.54969,AstroSpectroSB1+M1,marginal
5485726229831688320,Orbital,108.62456103621872,-58.79799526076967,269.6419486960724,-20.103072611829333,124.14067107951587,960.3289086119538,16.828648,0.38499757436007215,0.015793093,5.207949049877232,84.11788,3.911299,0.89628583,,0.40439775616973883,0.45119284692889183,0.352002261076959,418.6479714746801,2.2938816715848693,11.054079,1.1250753,16.64772,Orbital+M1,marginal
2139462508816055296,AstroSpectroSB1,290.3950929286729,53.034598718766546,84.34267690253205,17.10632459007406,154.3462343629986,1262.7754412132833,67.234985,0.3684085412855169,0.031191938,4.876881100846088,22.32233,3.3045423,1.0312968,0.406812,0.4224879820681983,0.409666704959996,0.3258514870532751,552.5451957238513,2.2853794603335724,9.786224,0.79662037,10.166247,AstroSpectroSB1+M1,marginal
5211034655748139008,Orbital,90.31948407711444,-79.8715142471857,291.6271543587237,-28.872312115983515,70.60320684588723,1471.285872411193,120.10986,0.6234575091996687,0.00932627,11.882397016306498,12.2662115,9.44711,1.0633279,,0.4336436101606459,0.4078173879268112,0.32466453852450283,650.3471547415587,2.2623084635403177,8.554519,0.7511492,24.95564,Orbital+M1,marginal
6695952562491020032,AstroSpectroSB1,305.5537687823311,-35.671714764582994,6.285342429538235,-33.01417054912647,124.33000897265485,887.7361669630108,5.9939594,0.22467293306558253,0.01902243,4.930414111388672,155.97768,5.945801,0.8825628,0.38724726,0.40037541454064646,0.45365089851661966,0.3535208461316603,392.65481299580705,2.260856450962414,10.873828,0.9521961,17.034538,AstroSpectroSB1+M1,marginal
6644584783693996544,Orbital,289.233623650013,-53.47608768505206,343.73862217550294,-25.16574074767372,194.71047462728887,1144.6973541708574,71.837616,0.731630406937428,0.0808955,3.8154618426294085,11.900325,11.386766,0.9003018,,0.41682592743863195,0.4629846579448571,0.3592582516626827,507.50403148194306,2.2555433714058792,11.603976,1.0035534,10.088064,Orbital+M1,marginal
5536825444319384832,AstroSpectroSB1,115.6348976587615,-40.50000059130995,254.37023877105324,-8.423425815738469,105.75879133589116,1065.2909097881256,18.392921,0.6812178271578315,0.008462772,6.737598565169386,83.62634,3.6729624,0.871111,0.47218466,0.41221960350805964,0.47321135307332785,0.36549248421897923,473.01325209676094,2.252137556539762,10.867821,1.1757431,19.313755,AstroSpectroSB1+M1,marginal
380926391854628096,AstroSpectroSB1,7.341375940159099,40.20414440429383,118.37339099395261,-22.47215764598811,211.93844054066366,881.0185745303554,19.590294,0.2534247303545321,0.023813302,2.5771650400527397,48.077686,2.1263268,1.1131634,0.5660282,0.4003198692572834,0.35962365140164965,0.2930234916718603,392.304883840228,2.24574969831159,10.1512375,0.7395277,4.0005746,AstroSpectroSB1+M1,marginal
4593017273060892800,AstroSpectroSB1,274.70895528334927,33.518413966500916,60.864025454063146,20.91555548032307,247.46300335811674,1372.8343482701928,134.28934,0.8834092130027916,0.024239529,3.308300452788987,11.942741,4.997632,0.99847925,0.5422001,0.42943573721624057,0.43008979752601295,0.3388313620379889,611.9956838818011,2.2432091997160843,11.473704,0.8349552,4.88193,AstroSpectroSB1+M1,marginal
3711434351763548672,AstroSpectroSB1,203.0306581647324,1.7650481242815963,325.66864441238687,62.82687420989475,265.47123951635695,1270.854563267917,72.92121,0.36864430605836573,0.02787393,2.7085695801057805,18.169971,3.6926794,1.1529937,0.49642766,0.4243266666079337,0.36802167637102245,0.29863777875175973,567.8207863493312,2.2381261725879646,10.537571,0.7162695,6.938936,AstroSpectroSB1+M1,marginal
5394511054431082752,AstroSpectroSB1,161.34990892437753,-38.765494619367125,277.5874282584531,17.825020818115924,247.48049696487294,1230.4013368618048,86.29693,0.780403540470251,0.03915169,2.8878362107188935,19.968737,11.621132,1.1074693,0.5348497,0.42222696484925154,0.3812538705234084,0.307396267155505,550.4028699500273,2.235455888835603,10.526934,0.73345757,3.2482944,AstroSpectroSB1+M1,marginal
4218301751810207488,Orbital,308.19174505459284,-5.091210016228775,40.233408972190354,-24.81935890048927,298.5086763324373,1657.4830619359084,248.33412,0.866383297310197,0.042027775,3.2844539534829265,5.157639,6.8680706,0.93640035,,0.44330823461651386,0.47341741464123066,0.3656175468208645,745.5155283863401,2.223271010227663,12.376822,1.0076771,7.4002814,Orbital+M1,anomalous
5047639325120522752,Orbital,46.557000247813875,-35.7574695265808,238.1686338102342,-60.149912728586244,268.4070549600666,958.234387723684,13.613596,0.7012354534280789,0.020321744,2.236841749824719,45.62863,11.108477,1.0540308,,0.4062565536239976,0.3854313961842034,0.31013949212521397,431.1026757268439,2.22275212304839,11.621614,0.7622433,5.8043303,Orbital+M1,marginal
5981834844197802112,AstroSpectroSB1,240.5536621164048,-50.20173227750564,331.2029985632046,1.897050351363024,237.5944885009222,1275.9916945119357,83.69568,0.8306620568493425,0.015544244,3.263462631715647,22.456596,0.8349715,0.9930634,0.53622806,0.4251036689498054,0.42807304460257845,0.33755996539850647,574.3738799497197,2.2215350298026,11.2779665,1.0613604,4.543937,AstroSpectroSB1+M1,marginal
4556985319245274240,Orbital,263.5814934330432,22.602926185824344,46.05016472375726,26.52037694614074,227.86453935899772,1230.7072404234189,155.13007,0.32607838095507213,0.0129807005,3.041513368157476,5.0436544,13.836742,1.1822535,0.40971354,0.42269941578059184,0.3575370450977724,0.29162175558350173,554.2853095318613,2.22034973552312,10.667686,0.6711321,5.1737175,Orbital+SB1+M1,marginal
1321192967441860736,AstroSpectroSB1,237.21251875384007,30.612198371261588,48.93848510817723,51.25052546065548,259.1423270915618,1473.10979485603,82.88391,0.7516769662881314,0.020608619,3.5957406078494465,35.137978,3.8398702,0.8518122,0.42447448,0.4351090182191444,0.5108039383153595,0.3879557248120773,664.1328964806461,2.2180949063994437,12.559731,1.0689068,10.545262,AstroSpectroSB1+M1,marginal
4929747863028239616,Orbital,22.50860373244835,-48.312444051177465,285.97749993291586,-67.5254906097797,128.91545756932953,1383.716698956527,41.717224,0.5805952026189101,0.0069042444,6.931429848872557,35.01766,14.302296,0.8383402,,0.43108289450753484,0.514209962453515,0.38995673040909323,626.7925656064882,2.2076150466424798,11.183125,1.0727215,11.5857115,Orbital+M1,marginal
3419394958096662528,Orbital,74.88650072645389,23.751937120410062,178.4964592952285,-11.445409884038153,190.1985047240526,1231.7380495971718,122.69419,0.38992935901717435,0.043063935,3.0266955972893586,14.350616,5.3016024,1.7042954,,0.4234890381257151,0.24848335500973995,0.21430984942350662,560.8216714289653,2.196309651263514,8.818534,0.4209671,6.730001,Orbital+M1,marginal
6557616265794892800,Orbital,327.62375691098106,-52.81357424104014,342.7381155633553,-47.90782781897012,258.2918188691073,1018.9001298985779,23.222479,0.2786745649247071,0.019639397,2.636252451762596,59.00927,9.950463,0.89712095,,0.4109922164340378,0.4581235286502625,0.3562758502810319,464.13831597773054,2.195251059486899,12.384496,0.9410505,10.746595,Orbital+M1,marginal
4819761588894267392,AstroSpectroSB1,79.9139599187967,-38.44446780577264,242.79572399114898,-33.728550690989394,269.9516566029798,1477.8330415758962,116.212906,0.6117848072764918,0.026433077,3.398746463170409,18.35782,4.2727046,0.8900713,0.53333956,0.4361793071843703,0.49004986509418536,0.37564107291194254,674.3443789442224,2.191510877409024,12.230944,0.96009064,8.571429,AstroSpectroSB1+M1,marginal
4883953792143209984,AstroSpectroSB1,61.0759840752474,-31.445465109653398,230.8003681345598,-48.05644423394183,152.24370888436292,929.1244004699535,15.473195,0.370460694624387,0.01403137,4.283044731002404,77.56748,5.0636935,0.84195876,0.44865888,0.4054954044531512,0.48160957891559253,0.370571997148569,425.9683136950255,2.181205433827563,11.471087,1.0630293,8.357171,AstroSpectroSB1+M1,marginal
1277353652135769984,AstroSpectroSB1,231.94239056787993,31.70216470541852,50.18240123175554,55.83067274797086,162.90913307417185,1006.5232194427214,13.681723,0.8558373229982564,0.012301318,3.3161060325002794,46.28111,3.233052,1.4157103,0.43994558,0.4106543846756098,0.2900694979550411,0.24477101679563748,461.71842030189845,2.1799503229362123,8.783289,0.5339737,9.712778,AstroSpectroSB1+M1,marginal
5086977995736733312,AstroSpectroSB1,56.87856778449889,-23.617710204365135,217.9692674678474,-50.27069695609395,237.6805922209251,1266.3615256496194,54.28293,0.8585271213458939,0.020358067,3.4886462889617844,33.06274,4.028583,0.85033,0.60208035,0.42587981544525083,0.5008406358374469,0.3820702052107408,580.9783297890044,2.1797052673367827,12.239106,1.0500822,4.12815,AstroSpectroSB1+M1,marginal
3816750244100572928,AstroSpectroSB1,165.5103881650756,6.532224180603143,246.34771154803738,56.85089582701978,205.3973438565542,1096.4580116486886,98.809906,0.20908288205790132,0.05383489,3.7858058517561015,11.786918,4.3217926,0.759473,0.75910425,0.4162513509381306,0.5480791770060909,0.4095571602006251,503.09821168479306,2.179411467150383,12.628731,1.2923956,13.781109,AstroSpectroSB1+M1,marginal
1578201577050556032,Orbital,191.3704086890706,59.193189446063315,124.36776520022515,57.918451912702956,270.6717148874688,849.959142812089,17.222013,0.35105374482627344,0.01913948,2.4585648925882904,43.557396,1.6878835,0.68525827,,0.40026232237771026,0.5841043301538611,0.4298344682081071,391.9426007187336,2.1685806576102142,14.272604,1.7963943,6.4404006,Orbital+M1,marginal
5767465261132046080,Orbital,267.32455307132597,-84.99427383084156,308.2846105521511,-25.6864720651042,269.38500433449394,901.2325092207582,34.580162,0.39508287947250653,0.01207204,2.410404991992991,20.974525,-0.51758355,0.80675143,,0.40394534599208903,0.5007060799070984,0.3819903897425875,415.6594345932001,2.1681993339157124,13.533363,1.4105711,7.2756205,Orbital+M1,marginal
542691593416991232,Orbital,51.458893837177726,69.6857340209749,135.66691434241193,10.728150279305561,221.85566916605927,1619.273011406785,247.10025,0.22368378661235302,0.0633799,4.29397647567794,7.6605825,9.061245,0.9662282,0.36440474,0.44389681860909547,0.45941199453997494,0.3570675543092887,751.6424791966855,2.1543127966069395,11.7303915,1.0570326,9.597432,Orbital+SB1+M1,anomalous
6673740980204324864,Orbital,301.64401062968017,-44.07659843360871,355.8738489541674,-31.538874317291675,142.9736574411761,1130.616019386251,45.792442,0.33575561583830293,0.015038513,5.331111194676547,33.258083,3.8385031,0.84358567,0.4580821,0.41926898993997347,0.49700819353982084,0.37979341473989386,526.5734722456015,2.1471192131359693,11.304957,1.0368671,14.085802,Orbital+SB1+M1,marginal
2892883056241223168,AstroSpectroSB1,93.92584135194066,-32.39976899837314,239.4994882175062,-21.16277509425931,78.75116466412003,985.2119043627664,6.373291,0.33706329379407984,0.007766749,8.572557738321066,150.63188,3.7228954,0.8676548,0.45028636,0.41027988525728265,0.4728607333942335,0.3652796366451781,459.04735396364924,2.1462097447157547,9.961902,0.9633465,21.877472,AstroSpectroSB1+M1,marginal
515203356053727360,AstroSpectroSB1,34.07952808962285,64.48575343636462,131.91450192811865,3.104550200255627,147.12316406818607,1086.7535765253933,9.480664,0.22941668037429927,0.0079849,5.322964569977212,119.19547,4.237543,0.73869467,0.48045957,0.41687369490360443,0.5643383025032898,0.41877981573229867,507.87165617698116,2.1398193092836935,12.245659,1.3006144,27.527546,AstroSpectroSB1+M1,marginal
176968526794991232,Orbital,64.1481641088628,35.83595272071452,162.9937009926968,-10.618400202250019,255.8435478156011,1533.0082383635354,141.39172,0.7317561899771635,0.025798965,3.7529987094867447,12.975442,0.22920655,0.86364084,,0.44048314799625443,0.5100304723163893,0.38750054410329465,716.6459264158682,2.1391431693898078,13.050885,1.3007174,12.041428,Orbital+M1,anomalous
475041907136985856,Orbital,59.80741439382935,62.543096757414034,142.78253615892785,7.151044962278146,147.84412200323325,1084.6625397981952,39.0678,0.32056697471485057,0.017068256,4.99920503974084,34.46326,7.7144647,0.84085447,0.436455,0.41681878518846466,0.4957085941285482,0.37901970476544417,507.4490815767847,2.137480545689133,11.702794,1.1921215,9.07981,Orbital+SB1+M1,marginal
4150214906579637888,Orbital,270.7041369167817,-13.632867072029748,15.238363378117397,4.280739737299599,99.89073913595789,1059.1518173855013,31.020052,0.6825799518631203,0.025029102,7.17803372340199,49.155617,5.268668,0.8632915,,0.4153952230587023,0.4811760825826257,0.3703106806615959,496.5887214456584,2.1328551609108666,10.412173,1.0329857,15.745331,Orbital+M1,marginal
278601785327428480,AstroSpectroSB1,67.94448342793477,58.17881802495224,148.74581177341122,6.826328570818835,193.6146661916001,1608.3491760789116,142.90382,0.4051857300054071,0.025683468,5.739864421526846,13.491088,0.31195125,0.6685211,1.9946069,0.444189042949856,0.664435331662228,0.4730874574062277,754.6989426432536,2.131113594045644,13.194314,1.6336584,16.25636,AstroSpectroSB1+M1,anomalous
3933979422235324416,AstroSpectroSB1,190.93789619225947,15.114198938468336,294.08173011080606,77.85366967255044,191.8139577431348,1370.3247830154257,205.28493,0.5074140003985739,0.06362322,4.688391833049419,7.9759245,2.946927,0.8201066,0.4639961,0.43289556369613114,0.5278527818283942,0.39791637220263953,643.3963184846264,2.1298300031354143,12.05301,1.0581799,6.818028,AstroSpectroSB1+M1,marginal
4579721329923632000,AstroSpectroSB1,272.62100321912135,25.48465842993172,52.15628273207341,19.815681132439135,182.64535100678677,997.1266375063561,19.721304,0.7401097979897444,0.0076629356,3.684860725230356,72.63002,4.56902,0.89478624,0.8555927,0.41179441617944396,0.4602154105447238,0.35756077682676857,469.9240175794964,2.1218890718597363,11.319854,1.0257807,8.703494,AstroSpectroSB1+M1,marginal
4614957683995343360,Orbital,75.24401917322187,-83.48629943912394,296.26743350946174,-29.989364922243848,272.2003348260202,1160.2227319437775,41.631786,0.4501965715665342,0.019729467,2.781990282397602,25.075722,6.552027,0.8989023,,0.42184962521725905,0.46929418983105864,0.3631109423506931,547.3172426822707,2.119835885779523,12.557184,1.0849762,9.744127,Orbital+M1,marginal
1585450141816524672,AstroSpectroSB1,226.13019804018617,43.27572281467985,72.71067865962719,58.68681730556703,112.9414703309546,1709.3265054503909,93.162476,0.48346392254720766,0.022817696,9.069710632289722,22.931765,3.7717876,0.9091158,,0.4490024646798798,0.49388919317697755,0.3779351333511041,806.4499651018473,2.1195691976185014,10.485456,0.9254112,22.073448,Orbital+M1,anomalous
4125448858147253760,Orbital,254.0031417470185,-23.68011479040984,358.05901255036815,12.1352507295008,221.17384137339167,988.2769711204895,69.96795,0.4218598776877264,0.048823252,2.484870214125021,12.242122,5.050754,1.3420475,,0.4115977494960825,0.306693886716525,0.25659954373853333,468.5004381126422,2.1094472720276873,10.218333,0.66963196,5.2110343,Orbital+M1,marginal
1502108363022839552,Orbital,208.57778226578242,43.146172475293874,88.50482671374668,69.5362090353875,275.7678204802424,1279.3187220684072,79.23027,0.3957473565791879,0.023342198,2.5872009536260983,20.161844,11.096131,1.2036393,0.47159326,0.42890132516387025,0.3563370988757337,0.2908144258904515,607.2537666812594,2.1067283436710356,10.555181,0.68370533,7.56718,Orbital+SB1+M1,marginal
5818657040756290304,Orbital,239.51775677370767,-72.1734396391751,316.2154231294314,-14.305372352176532,232.8616960784057,1109.5130411511616,24.058512,0.9047747063794049,0.032875847,3.0655841181661296,14.918478,4.7938023,0.94818544,,0.41930823006225165,0.44222175395061836,0.34643259056087305,526.8842427387528,2.1058003848888984,11.82108,1.0734816,5.5852485,Orbital+M1,marginal
2154996782752458240,Orbital,285.7902779076856,57.81912689213086,88.14516044549718,21.204379317588273,230.39084774993975,1160.4053704865282,38.298553,0.8163132524200775,0.014677972,3.1828894330364315,69.99445,4.785429,0.9665388,,0.42240642431628367,0.43702997753071804,0.3431895136444967,551.8751066718028,2.1026593815484693,11.699401,0.8617039,10.180781,Orbital+M1,marginal
5305914640875063424,OrbitalTargetedSearch,145.17706452307357,-57.98353737718054,279.79367141280994,-3.954617397936837,69.5974833943767,1043.9163237055525,38.480312,0.4115631518856957,0.05634557,6.636417722964595,15.353981,0.11480615,2.0229633,,0.41548207671950405,0.2053829052205804,0.18133470947339766,497.246102958853,2.099395686549878,5.2256503,0.27281857,5.732446,Orbital+M1,marginal
5188664198328406784,AstroSpectroSB1,125.07304074407412,-87.7275091760051,300.5861476681141,-26.249667720097186,139.63494670239785,993.0205084579279,17.190308,0.19689271931490224,0.017435342,3.5203603404676325,106.53974,0.532689,1.6767085,0.37204954,0.4123904316685113,0.24595237725727787,0.21241412648904096,474.2588567568315,2.0938365078695473,7.546128,0.5780244,9.17453,AstroSpectroSB1+M1,marginal
3225770204531284736,Orbital,72.04091244960945,-2.8208573991691166,200.47213597938364,-28.544930254656034,179.8301286166752,1099.925823390377,56.12081,0.5312747366316489,0.02177809,4.099894047153731,20.616747,7.868235,0.87158966,,0.4191203624271199,0.48086890121801684,0.3701254507928835,525.3976774745347,2.0935110118443356,11.918918,1.2031965,9.481989,Orbital+M1,marginal
4667749261630588160,Orbital,56.38810207326353,-67.93221522400258,282.66062843980006,-41.68292856799188,216.05159172511458,1112.901563954787,85.11071,0.307606526258437,0.0371872,3.519981912751148,12.179849,6.6999493,0.83028454,0.58744,0.41992959812828745,0.5057658910637868,0.3849856722630011,531.8243418316754,2.0926111808305023,12.261964,1.0129662,11.768438,Orbital+SB1+M1,marginal
1321762033428705920,AstroSpectroSB1,238.5256741287754,32.19279908812086,51.59824834137683,50.28854660994111,177.19954881989008,1006.9439826204767,18.397575,0.7708851956979812,0.012344896,3.8984349720704308,56.281948,2.209708,0.86319214,0.40848693,0.41348962745753787,0.47902385551339655,0.3690118867198966,482.33486156397237,2.0876450426068263,11.724412,1.0053854,7.943087,AstroSpectroSB1+M1,marginal
5288296478840130944,Orbital,117.56551228458905,-62.66582582002323,275.17078046100636,-17.53731159044481,192.68447345542205,926.1421344188968,13.513738,0.6917369677200447,0.010222277,3.319349271769716,39.628147,3.888219,0.8842558,,0.4080954806827558,0.4615129111564952,0.3583566084437716,443.7059487220614,2.0872880723964213,11.745505,0.9794359,10.8913,Orbital+M1,marginal
4650148653153925504,AstroSpectroSB1,89.14984313930815,-74.03629384643659,285.00555522422695,-29.76281049943051,231.55113214225494,1077.1298476229906,22.440735,0.2183325690935949,0.020748448,3.0868136464248526,90.584465,2.0490632,0.90072125,0.26155606,0.41795666113179053,0.4640244251150758,0.35989456912918066,516.2620379307151,2.0864014172731924,11.866855,0.95727444,9.95729,AstroSpectroSB1+M1,marginal
4576732341926398464,Orbital,270.8401369729838,22.627762806135262,48.69120328114022,20.273571937154138,236.89487278774988,1232.0506655841693,49.04313,0.38719609112445497,0.022153687,3.500481575298411,22.952742,6.116619,0.81972617,,0.4270986360304169,0.5210259866346241,0.39394442786135386,591.4686630790973,2.0830362494105743,12.782581,1.1396065,11.18008,Orbital+M1,marginal
2124767432829454592,AstroSpectroSB1,272.9853404815765,51.17319579205139,79.14096443322087,26.802668939045702,137.89016650356092,1096.5216618784352,27.176687,0.5270843335984237,0.013346417,4.974309375287956,80.78732,2.390156,1.015547,0.41814807,0.419292368769602,0.4128734105283437,0.3279050310290695,526.7586086864751,2.0816397564203477,9.9699955,0.7899504,14.38393,AstroSpectroSB1+M1,marginal
6707843398490933632,Orbital,273.5550044649917,-47.049569297210176,346.7122973115878,-13.63347244930567,173.73251984594887,949.7641102549863,166.6356,0.712287481749919,0.0305129,3.032690455545837,7.7429614,7.2864285,1.3745068,,0.4099113493831668,0.29822430859401716,0.2505973932994516,456.43056998810664,2.0808512240530574,9.064475,0.59235,5.4996037,Orbital+M1,marginal
4825169502475753856,AstroSpectroSB1,75.84967386147108,-34.655292253245,237.54516808115542,-36.282341544119205,219.23344898954505,873.7683979558979,6.4912677,0.1920448561030665,0.017731994,2.608101263259875,100.877304,2.2054253,1.0198034,0.3597667,0.4047034295793604,0.3968445561873143,0.31758138673241554,420.676634135387,2.077054742419308,10.680952,0.7937088,10.466986,AstroSpectroSB1+M1,marginal
1062044811282898176,Orbital,168.9957570429658,69.17662672349876,134.81241088845672,45.68684234469695,207.10838415522133,911.1314079709823,8.908477,0.23008550682164053,0.01820061,3.4451929224556257,73.29448,-0.79353875,0.66873515,,0.4073676504083917,0.6091614184281133,0.443607944302745,438.6838971328614,2.076965701102618,13.857456,1.597394,13.21825,Orbital+M1,marginal
1944769923303473536,AstroSpectroSB1,354.1011889198805,51.32761700017671,111.16497341067308,-9.821740541470161,184.37437238931227,1251.002113314652,41.970356,0.8177174222716277,0.025763774,4.674158145598626,17.024954,2.0481145,0.77195764,0.44789222,0.42837806774286913,0.5549243220514348,0.4134543722484023,602.6385632123028,2.075874644739484,12.783574,1.4408522,12.449694,AstroSpectroSB1+M1,marginal
2399979071615273216,Orbital,345.74044192801193,-18.64651458348858,45.96721165883565,-63.682982500545286,72.43114360913671,1099.8964028444518,12.553583,0.4329430747332253,0.007985813,9.76707826981917,141.58365,6.5576215,0.9575368,,0.4200022152511362,0.438627745660781,0.34418912571733024,532.4040166648252,2.065905531168994,8.804937,0.84144497,32.511036,Orbital+M1,marginal
2955339822122531584,AstroSpectroSB1,79.46478807052527,-26.790885540431645,229.22918411322476,-31.397776224464323,273.4806890285889,1582.22636132816,196.70296,0.6696506908594902,0.042254433,3.3406440281156824,11.535286,4.515485,1.0298812,0.44665897,0.4455767275073967,0.4326486498260117,0.34044128638054644,769.3453571474678,2.056587911565026,11.604698,0.78718376,7.1428504,AstroSpectroSB1+M1,anomalous
728949790872076416,Orbital,156.4409487562885,28.28030720966734,202.25923582828153,57.85788500920245,277.61037332796354,951.9109446747908,39.390327,0.48242841880499704,0.03157324,2.361402934506388,51.649364,9.479269,0.88224804,,0.4108572858863179,0.4656936206024719,0.3609149098124588,463.1706255891978,2.05520577533143,12.81604,1.1682949,6.645838,Orbital+M1,marginal
2134229555021963520,AstroSpectroSB1,286.4863939992219,52.10964090610634,82.52805048526238,18.982531032550423,271.77190202514936,928.5162497057435,56.0087,0.7549138901574587,0.027698021,2.2813778003181193,19.295273,3.2951117,0.9540449,0.4637084,0.4092579598471926,0.4289713923081061,0.3381265766562217,451.81971837036224,2.0550591573443175,11.660909,0.86679935,4.9397593,AstroSpectroSB1+M1,marginal
60696855784211072,Orbital,48.211358026297006,21.248582546998858,161.79615727473407,-30.749350682973454,198.84467541136218,932.7964794618263,54.925728,0.39783324578720497,0.048227273,3.2295881543434137,20.010849,4.884809,0.89154184,,0.40966343667795097,0.45949995717547454,0.3571215716402498,454.67680713159274,2.0515594040226817,11.901621,1.0897303,11.852741,Orbital+M1,marginal
1046122130566067712,Orbital,150.1119480529623,57.00416012647712,156.16842700599742,47.591477972522526,228.8590719879163,1081.082042135828,32.446526,0.3860386518411488,0.013867733,3.615711130402054,49.33837,0.016538266,0.6484167,,0.4193375822930984,0.646710030139749,0.46376522050215524,527.1167972196299,2.0509345326086836,14.360021,1.9859838,7.8880777,Orbital+M1,marginal
6690900817660088320,Orbital,299.9884929393661,-38.48384256069323,1.9754769039496316,-29.271040344537678,258.4185837547008,1168.6382587205674,43.902817,0.2426397129324578,0.012732012,2.9901629370326455,22.895298,0.7119135,0.8805484,,0.4251230109507328,0.4827934528856308,0.371285166597506,574.537753682422,2.0340495489292714,12.541614,0.9320078,11.551969,Orbital+M1,marginal
5558954769393578880,Orbital,102.6388681217859,-44.625204174516874,254.17201898518834,-18.82944257756366,230.1577612756192,1004.225741065119,47.962883,0.9040955805730894,0.1546999,2.8571196886690946,6.651135,9.481447,0.96479225,,0.4153440118818816,0.43050098215311483,0.33909030507711574,496.20142911903764,2.0238267810877413,11.204074,0.83669853,4.562546,Orbital+M1,marginal
1109925656455959296,AstroSpectroSB1,106.01124240796537,71.19300750224858,144.02770889546935,26.577866146913692,72.88813262937579,1299.8426089417762,24.338188,0.5991319685648432,0.0032153795,11.046697472975723,51.80776,3.9493742,0.9701995,0.42768502,0.43293386826753966,0.4462317873311168,0.3489275294426455,643.7508340657365,2.0191703686539118,9.174468,0.84635735,22.384502,AstroSpectroSB1+M1,marginal
4382959326083331840,Orbital,251.00279748004087,0.18653287705798877,17.29309966706268,28.11315893913851,280.6174198707703,1059.8874432796003,41.709957,0.48715757326999726,0.020205984,2.460096764317267,23.737553,3.702843,0.9533961,,0.41907199134934714,0.43955707317723247,0.3447699038723998,525.0154538341458,2.018773800922101,12.339342,1.1590443,8.888032,Orbital+M1,marginal
5828169332484246272,AstroSpectroSB1,244.63677114104158,-64.30597809521136,323.16110320145697,-9.913029226485634,93.42483776978465,1518.0982666854684,41.06679,0.24577760951401348,0.013161166,10.095413578664107,33.707897,3.633965,0.8984768,0.49930966,0.44400207151701204,0.49417200496090363,0.37810382896796507,752.7422399597021,2.0167571129882913,9.88648,0.93581295,18.890768,AstroSpectroSB1+M1,anomalous
6359060065139944576,AstroSpectroSB1,330.86409206534466,-72.72907101027553,317.780580665751,-39.18295737885099,266.0458946630163,926.3369375865968,16.146002,0.3097633639476832,0.011667579,2.3952451154856416,42.961765,2.0567265,0.9000908,0.62753373,0.4103235577934607,0.45586906518417325,0.3548884868383164,459.35822181831423,2.016589436278736,12.184499,0.9447565,9.899168,AstroSpectroSB1+M1,marginal
1952726229961571968,AstroSpectroSB1,325.66134776288794,37.68534650657611,86.59084117133868,-11.525610366013119,229.22000964209835,1321.895704353671,101.11443,0.2699716167505552,0.054301985,3.820448467612533,17.993002,3.9896367,0.8299036,0.40572077,0.43436539712728245,0.523392591340019,0.3953238456176801,657.1092175723413,2.0116833990510004,12.658171,1.2068605,10.823487,AstroSpectroSB1+M1,marginal
901539031573197952,AstroSpectroSB1,126.08637527327087,33.0949805909899,189.39700528214,32.8898569968934,176.4358001469358,871.5231593303267,14.761213,0.21033863692367752,0.028807398,3.590325007406182,54.208332,3.4893975,0.82038045,0.5493378,0.4065828452856454,0.4956027970132926,0.37895668233127333,433.31837103116794,2.0112767369090827,11.915185,1.0970745,8.911888,AstroSpectroSB1+M1,marginal
2631490247094961792,AstroSpectroSB1,348.2048096032494,-6.824235951026867,69.36402598440006,-59.01551835987404,223.38738729324865,1157.4514669005807,228.23964,0.5847632911540619,0.05670055,3.4969205021079826,5.983422,2.0453176,0.849105,0.6151089,0.4256935525977069,0.501343829501752,0.38236860957561875,579.3880078521396,1.9977138829493404,12.051822,1.0430832,7.8879957,AstroSpectroSB1+M1,marginal
4879004409269970816,AstroSpectroSB1,69.07543886947053,-29.317681609048226,229.43498117214116,-40.90275540628452,299.60158348582866,1274.5763422988177,73.97006,0.5399174062368403,0.027319102,2.745267197401986,22.615192,3.1905138,0.8978108,0.5192236,0.4324079710020234,0.48162481775410193,0.37058118156598374,638.8968165529963,1.9949643029612625,12.601148,0.93730736,7.4180946,AstroSpectroSB1+M1,marginal
5802780165869958528,Orbital,256.2014599537522,-73.26305900212924,318.7040950172228,-18.764290131646437,289.3856856960481,908.2596481256065,15.545365,0.3250729997683842,0.017810896,2.2608675728844494,39.09739,-2.1271555,0.82507545,,0.41042553133699144,0.49744000085212214,0.3800503049322902,460.0847227677405,1.9741139037648794,13.479793,1.293356,7.198699,Orbital+M1,marginal
2031373055448726528,Orbital,296.0789094973236,28.77759606840408,64.28340029548963,2.3571475754305022,260.74614291752687,971.1992195237775,19.032097,0.5316001660322015,0.012189,2.6031796691905957,40.60745,4.2308016,0.8560763,,0.4149710376619978,0.48473604232718626,0.3724538591295889,493.3878357249739,1.9684295987895961,12.732599,1.1268873,8.814796,Orbital+M1,marginal
6451083832561834112,Orbital,315.8036542117144,-61.78220351865316,333.681207414541,-39.097186772205895,259.7505260666196,1248.74552713505,78.799515,0.6073143051620827,0.020390615,3.0709479942099973,17.376911,7.2683587,0.9303045,,0.43192281591703224,0.4642811071538224,0.3600515670649641,634.4441376820182,1.9682513447084888,12.111913,0.8991585,8.4683075,Orbital+M1,marginal
552870352373162624,AstroSpectroSB1,72.24855939736734,77.4584269472609,134.42472387098968,20.285288939659285,184.65501776016205,913.945945061343,13.729253,0.549091178149609,0.010869214,3.536442232576694,75.784546,2.8549688,0.8391978,0.544163,0.4112240799917744,0.49002043726025013,0.37562346102104033,465.8048593527411,1.962079026679361,11.92857,1.0119162,10.417388,AstroSpectroSB1+M1,marginal
1840434447441377152,Orbital,320.05697248247395,24.224176850963563,73.25578238891121,-17.67298974003142,233.66742601260407,867.601037330989,9.648635,0.47066110248355814,0.023005513,2.5386608281649172,67.99107,8.178207,0.94662195,,0.40792345456011697,0.430925410768625,0.3393574909644709,442.51494836308586,1.9606140776494578,11.585043,0.9712591,8.4122715,Orbital+M1,marginal
4170054807925134464,Orbital,263.7809296034397,-6.439645571754901,18.143373919513547,13.764290808340798,117.92234467604322,1043.3301830613486,30.0452,0.46476244956809065,0.010865071,5.6911863581990465,35.964367,8.553525,0.994108,,0.4199802826137947,0.4224694637125809,0.3340155522492155,532.2288850026914,1.9603035694991877,9.796809,0.8350668,16.900982,Orbital+M1,marginal
4831018938695064192,AstroSpectroSB1,62.34158164220021,-48.00917953416225,255.26376727156182,-46.530577903226074,249.31334167588508,869.135443443717,7.2957087,0.25786786468408107,0.01372602,2.393785436338745,110.33909,2.8132768,0.9374953,0.44044685,0.40811055403913443,0.4353201107840845,0.3421182309829459,443.81042580808827,1.9583484138778366,11.702162,0.9296179,7.510721,AstroSpectroSB1+M1,marginal
3629604092219573376,AstroSpectroSB1,197.40367911577852,-5.715668958449492,311.2237922711164,56.86315494741139,106.32164966739016,960.3247942707649,13.201103,0.36589367285578706,0.019481735,6.304641291456402,121.6489,3.732053,0.86445993,0.5029384,0.41463423295178625,0.4796454036501546,0.3693872101562112,490.85776950576314,1.9564217048814376,10.483444,1.0285873,20.45718,AstroSpectroSB1+M1,marginal
3497563942702548224,AstroSpectroSB1,193.53654605899618,-25.154061231151914,303.70663865815806,37.71361486866067,209.50510001103905,870.245589232342,36.364845,0.20616954060375062,0.02096474,2.9817905368258035,12.417148,-0.7079019,0.85203326,0.43543094,0.40867778641630453,0.47965004044900184,0.3693900093635175,447.75598037542574,1.9435711132270648,12.34128,1.2124834,12.1762705,AstroSpectroSB1+M1,marginal
1652378509815175552,AstroSpectroSB1,265.26940412723593,73.51013789024282,104.55075400050227,30.902046930311858,141.22119779704303,1386.078859085578,81.08216,0.6406302855411363,0.018837133,6.282045469710813,22.663467,3.9202733,0.8859808,0.4744394,0.4401404839001389,0.49678332917036894,0.37965960240538676,713.2042669127792,1.943452841477584,10.922469,1.0043306,13.806549,AstroSpectroSB1+M1,marginal
5357768433861327488,AstroSpectroSB1,158.47627279154824,-51.438384612760515,282.209256945364,5.813838462886132,258.6311577121692,898.4190939089304,8.785833,0.5471401953816005,0.01235669,2.3881242589045133,48.620827,8.052808,0.92422336,,0.4110072138120852,0.44470550095196293,0.34797893186367646,464.24597069699524,1.9352221680246138,11.848043,0.9146271,8.242828,Orbital+M1,marginal
508838008362540672,Orbital,29.861821929139598,62.444024601786744,130.7067953265178,0.603339045025019,272.82694724971554,1158.9823837141676,30.006556,0.426152537720876,0.010919999,2.7680231587655832,28.953503,7.0108004,0.9258075,,0.42799177433341246,0.46229025516446554,0.35883297709380274,599.2489420925771,1.9340582891427418,12.433051,1.1051912,9.219539,Orbital+M1,marginal
6053614296155611648,AstroSpectroSB1,187.9934946052875,-63.69377346732827,300.77728375577396,-0.9034808374610589,170.1562087777933,858.3017364685406,2.6193879,0.3426293108973549,0.009107569,3.427665762274521,278.56134,2.5642002,0.96767765,0.379336,0.40819215023129346,0.4218265752392424,0.33360779171956806,444.3763209699842,1.9314749593206058,10.4695635,0.84296227,13.451745,AstroSpectroSB1+M1,marginal
6073875237426510720,AstroSpectroSB1,194.5000858581472,-54.131191135883284,303.9043787555079,8.728167387800188,297.01516996094296,1481.3274407745325,93.09361,0.759300895190124,0.022259658,3.0840961758679004,18.216936,4.7104564,0.9304051,0.56151724,0.44560107909686175,0.47893233659509393,0.36895660624717536,769.604336211107,1.924790923174055,12.232516,1.0129185,6.9282393,AstroSpectroSB1+M1,marginal
6699181548966521856,Orbital,303.4149640809047,-35.104344413496754,6.497909489693404,-31.18943677119582,218.71852827849855,927.1990481087754,11.508723,0.21784394667150703,0.014906658,2.9958735639565943,146.72437,2.7539449,0.8587758,,0.4134180253977712,0.48140391012714745,0.3704480295118524,481.80555350822397,1.924425821490555,12.242598,1.088047,13.432004,Orbital+M1,marginal
1624662883991372928,AstroSpectroSB1,250.44215038445756,61.61277122900261,91.8869085944698,38.90152444955427,145.8616818613918,920.6013966905908,10.769111,0.8041012534561858,0.015119421,4.447099157498739,36.210293,4.191233,0.8678464,0.11907076,0.41309500380366826,0.47600011918470897,0.36718319777336633,479.4232760129431,1.9202267448227464,11.193695,0.99191284,9.89235,AstroSpectroSB1+M1,marginal
3344811236096507136,Orbital,94.04391912262454,14.351494244103835,196.17245039477214,-1.0951842396838336,257.05025588762567,906.5655363856382,29.501717,0.42282721786355226,0.080765076,2.536497190554448,21.226986,4.5151725,0.83512485,,0.41210851261598197,0.4934693447107933,0.37768462314108125,472.2045920337334,1.9198575187106077,12.743098,1.1043568,9.963505,Orbital+M1,marginal
4263108538598042368,Orbital,289.8431392565021,-0.7605116204381738,35.44865426189791,-6.560546109177282,244.39277221487686,954.1875828655766,120.989174,0.6838934524475536,0.056991246,2.7429129342886367,15.580033,4.9912906,0.8598302,,0.41564109749135336,0.4833990445630275,0.37164970383710094,498.4514597736608,1.914303918979109,12.676877,1.1934996,8.569935,Orbital+M1,marginal
6470874075492607488,AstroSpectroSB1,309.1434432277847,-54.38335042443502,343.6853818287354,-36.88380330883885,258.1315724985841,1361.831084625067,66.15224,0.7667400480796972,0.023544284,3.317917593888809,44.219734,3.3468492,0.9330252,0.58853024,0.440022807621548,0.47160871586716235,0.36451907134390144,712.0253168583855,1.9126160999917383,11.874054,0.8907461,11.478378,AstroSpectroSB1+M1,marginal
4032703987178053632,AstroSpectroSB1,176.80438545748652,36.812509753675236,173.4416865339205,73.32714713399126,145.71070296477018,1325.5964232153026,81.499115,0.6120943974112905,0.012436901,5.719276166682622,16.561264,3.9274127,0.9455835,0.44698793,0.4381891523834304,0.4634060789346497,0.3595162209724676,693.8497078571992,1.910495036899436,10.294674,0.88403225,11.46042,AstroSpectroSB1+M1,marginal
1855114164629114496,Orbital,321.5439582011987,34.10109707250512,81.60178710162222,-11.827737574326315,67.62055952613917,1121.6683104111164,19.27485,0.298104682370605,0.00791646,10.857614010056764,42.77722,10.013297,0.93356407,,0.426604580896969,0.45696336869470655,0.3555622388776767,587.1987503291258,1.9102021415788428,9.278201,0.8833933,10.531147,Orbital+M1,marginal
6476033808683500032,AstroSpectroSB1,307.5974195479792,-49.0523026430847,350.3412405614483,-36.04985492295704,152.8817981554403,906.6890352356934,15.208986,0.3458753134324618,0.017947447,3.9083620399702688,67.98244,3.663388,1.011653,0.49493054,0.4125615427314812,0.4078093620644947,0.3246593830207341,475.5090802558676,1.9067754389628297,10.025855,0.7851887,14.139218,AstroSpectroSB1+M1,marginal
4891533584787022336,AstroSpectroSB1,69.09026292225566,-27.814571559368503,227.50193895127808,-40.56497859894865,181.2682343233596,1196.1218741734708,27.943127,0.2506357864713318,0.013022842,4.482246226279395,65.57157,4.6510687,0.8347672,0.41782477,0.4311531139529852,0.5164950208647188,0.3912960645572644,627.4294918857369,1.9063845255002776,11.96304,1.0144043,14.330551,AstroSpectroSB1+M1,marginal
1141133507303408000,Orbital,99.47961841752068,78.9398463408671,135.22798358375186,25.941212258974538,240.9448812322033,857.8842998757349,4.7684035,0.31958080882988704,0.012061601,2.7376389056123394,115.77637,3.8797202,0.73796904,,0.4090568697171199,0.554300854185575,0.41310028131801224,450.4079782475702,1.904682735002958,13.437812,1.3262234,12.343121,Orbital+M1,marginal
6420654401588918144,AstroSpectroSB1,295.1432304606104,-69.14826151646966,326.50344775692935,-29.572040966583415,198.23015480404118,902.9469291412956,5.0718303,0.20289762725654925,0.011972687,2.8454199060005707,151.19017,2.4299657,1.1330248,0.43730676,0.4123784571241205,0.3639624241671451,0.2959295121922547,474.1714605306409,1.904262496378032,10.460729,0.69377804,9.668889,AstroSpectroSB1+M1,marginal
4248229122594323968,Orbital,300.4978987706987,4.979561417038848,45.6860403816966,-13.24273613613612,192.934671685303,1088.2675956891287,84.09484,0.20294442082953001,0.03057185,3.403549275880588,10.478974,7.44928,1.1259989,,0.4249170694632928,0.37736900682747376,0.30483583879470677,572.7947954252937,1.8999257751305199,10.014386,0.7687435,5.9487185,Orbital+M1,marginal
6359480151598439808,AstroSpectroSB1,277.161813221757,-82.38920445166482,311.3722723862643,-26.120759187154608,211.0544024576907,989.7308211616692,25.810993,0.2927501431110716,0.014291468,3.2499862172711333,73.05535,4.12278,0.87328744,0.61005294,0.41861055025780747,0.4793502475784517,0.36920900381524435,521.3800520644469,1.8982905411182287,12.241473,1.2083302,10.698348,AstroSpectroSB1+M1,marginal
6418070824140707584,AstroSpectroSB1,274.22451375036184,-73.5717205992924,320.69112769309737,-23.551787878464353,267.99405362777946,1185.0931929992719,45.38117,0.7328176456856091,0.011110094,2.573718246733351,37.25993,2.6359775,1.1740195,0.50516886,0.4315091452225053,0.36754854704527506,0.29832263656907276,630.6666284823914,1.8791119419954538,10.74414,0.72078896,6.7699594,AstroSpectroSB1+M1,marginal
2969731535976271232,AstroSpectroSB1,82.30995170623176,-18.381572510586967,221.1769256318814,-26.12003042301872,197.31426925643845,936.7698694552627,11.712535,0.31156308054303894,0.014661059,3.4352242890029028,117.49801,2.4301813,0.816209,0.48620337,0.4157298851682402,0.509342430532749,0.38709539275089705,499.12544677379066,1.8768225012575195,12.562862,1.2866154,13.965907,AstroSpectroSB1+M1,marginal
4555692431014712704,AstroSpectroSB1,263.613522928307,20.37122651785089,43.736175762408074,25.705290028167653,264.9995433090665,1480.4548755774379,130.06944,0.5614402062803245,0.033644166,2.877341551637576,20.275198,4.895128,1.3748702,0.77020484,0.44749745810451824,0.32548342691656795,0.2697404091670509,789.9815472206775,1.8740372870556177,9.803403,0.6883774,8.3024025,AstroSpectroSB1+M1,marginal
2994960483110978176,AstroSpectroSB1,87.50320631058578,-16.176662756833817,221.04232918499056,-20.694953436203065,102.0707791484289,970.5006996466033,16.265371,0.43409442852435054,0.006730397,6.3836984643001475,56.243664,1.7370578,0.9480732,0.4520896,0.41821336740309667,0.4411192761568027,0.3457451403881392,518.2666062243557,1.8725896825898853,10.032258,0.8718777,14.020264,AstroSpectroSB1+M1,marginal
6112718852925920896,Orbital,204.84359955593953,-41.592510986760686,312.4681747967876,20.389898604606596,218.32963862883076,979.914593682948,32.044186,0.8091382821319753,0.030456278,3.3908803029297414,15.246849,0.14785649,0.7237125,,0.41913255079742967,0.5791423369541713,0.42707530804485194,525.4940229431032,1.8647492662139111,13.484918,1.5296354,11.220254,Orbital+M1,marginal
4064783540301297792,Orbital,272.15453125968384,-26.461260437408303,4.694953196128714,-3.1635119413004644,272.22316894370806,959.3683723668223,110.513695,0.47747542429039413,0.1148263,2.392729514684309,9.407797,1.4098673,0.93131554,,0.4177429108719392,0.4485514225430485,0.35036681107678397,514.5975102715557,1.8643082277264784,12.4419155,1.0077219,5.392528,Orbital+M1,marginal
1461535043927095424,AstroSpectroSB1,199.9505871228776,28.266049244086492,44.84023148189008,83.62019064975259,228.64056013699474,1346.934779292753,77.68732,0.44726593521327074,0.025951989,3.4238156818072434,24.519888,2.5237944,1.1187764,0.42604902,0.44111981625914176,0.3942877238409819,0.31592087223440396,723.0747997064715,1.8627876117927693,10.446932,0.71610546,6.828659,AstroSpectroSB1+M1,marginal
3479042948507367936,AstroSpectroSB1,177.42912903320715,-32.45075431310543,288.10990303293414,28.638323500093755,77.06702400552906,967.6656642077638,9.701017,0.41583948724985537,0.010687853,8.86393746395733,39.62587,3.161755,0.851802,0.45547503,0.41847661040462536,0.4912839070568744,0.3763792311028187,520.3285002205691,1.8597206645370508,9.930435,1.0187225,21.160686,AstroSpectroSB1+M1,marginal
6537501593918212352,AstroSpectroSB1,353.974763158408,-39.18748594398881,350.6724778389955,-70.1864474943377,186.34578105242704,1421.8936736178032,120.07928,0.6247844822591431,0.028839743,4.898394022000082,15.575029,5.232434,0.88114136,0.2892568,0.44529298845465937,0.5053593059607682,0.38474544447483977,766.3327865224628,1.8554519637221922,11.756863,0.92032146,8.566603,AstroSpectroSB1+M1,marginal
6406442526601101824,Orbital,338.94132124741117,-62.95449054367962,325.168230737617,-47.89645479748764,208.99728183499866,1170.7105214703404,43.20522,0.6993671515317447,0.016719198,3.5184179935318043,28.428427,13.009244,1.0098274,,0.4316359444514209,0.42743537654178065,0.33715750111538184,631.8226543014454,1.8529100112193655,11.256303,0.8050995,6.8030376,Orbital+M1,marginal
1485294734289859584,AstroSpectroSB1,212.62386885547653,38.732087766561065,73.02795488075745,69.82832036765505,152.50491995505325,1088.6380869314426,16.373547,0.7778072047694186,0.011722015,4.734560659286863,61.334194,5.428691,0.927188,0.41874114,0.42665918527070124,0.4601647075159573,0.3575296598814581,587.6694910636458,1.8524665708969754,10.951529,0.8990698,10.0867195,AstroSpectroSB1+M1,marginal
211913656324387584,AstroSpectroSB1,79.70858735953503,46.83254622222671,162.11431470235303,5.347462905677122,174.69496261311215,1109.1271163163703,51.67363,0.5897891466128007,0.020954065,3.6563490612100895,36.642124,3.7620037,1.238098,0.42073253,0.42810771040423967,0.3457785261331894,0.28367144612090284,600.2646885927979,1.8477300720728715,9.868472,0.62469006,10.442203,AstroSpectroSB1+M1,marginal
570236318197106432,AstroSpectroSB1,66.69308330115841,83.62526579750448,128.5307887567058,23.25661342021126,238.01902688292853,937.4772298650786,20.558687,0.3451912915585421,0.025028436,2.875900209212439,54.37793,3.7684019,0.8029335,0.54151,0.41686721945026456,0.5191802460856059,0.39286676450575664,507.8218081041569,1.846075168305488,12.894074,1.2449083,10.097155,AstroSpectroSB1+M1,marginal
6639504494514683520,AstroSpectroSB1,287.23373179069023,-58.39671444612946,338.1657495199564,-25.08305377836604,229.20843809157708,1304.138163329233,71.019264,0.4185345008823086,0.027083091,3.820171482186548,20.99238,2.9018066,0.83015114,0.3650524,0.4394850014266628,0.529403598797026,0.3988156119001486,706.6565381250927,1.8455049843441398,12.443805,1.0788584,10.852884,AstroSpectroSB1+M1,marginal
5378647296367751936,AstroSpectroSB1,176.11715427171202,-44.97496374103119,290.6738958495312,16.29690294604206,201.40541047491172,1084.2555815708477,20.563612,0.6682736220607943,0.008343313,3.7226463483052097,129.1743,1.3099997,0.847643,0.6193773,0.42665388389168807,0.5033414715250217,0.38355203295675294,587.6237753612539,1.84515267596904,12.091012,1.1483927,13.631441,AstroSpectroSB1+M1,marginal
6484943361858910976,Orbital,314.5730064591445,-43.57200397017445,357.42263303430025,-40.78706910379052,294.6732207345374,871.4717517742445,10.051528,0.49615062939096877,0.031194016,2.1926485673104117,40.494556,0.5468924,0.8033701,,0.4121341861805929,0.5130066165943323,0.38925041270083827,472.3913811108368,1.844808746774683,13.310132,1.1525459,7.58646,Orbital+M1,marginal
2087518555870426240,Orbital,301.4811628062864,49.09370003139424,83.99310403193161,9.121595150665081,134.64442157139808,1154.4991707352094,32.575665,0.4313015702427033,0.017664894,5.294220324189489,58.177868,7.350035,1.0553927,,0.43108188814592807,0.40845636977273014,0.3250748775762541,626.783441048819,1.8419426792822493,10.014398,0.7631712,15.5718155,Orbital+M1,marginal
2820318625999178240,Orbital,355.63003731730316,17.507527532358257,100.46517041612218,-42.33780326661126,287.24894131574763,896.7446392941944,24.307083,0.6911455901914868,0.03279787,2.274032021070079,25.906595,0.6121731,0.8256889,,0.4142585601663514,0.5017126436931867,0.3825872454879762,488.0476447184047,1.8374120826084532,13.401197,1.2728834,7.9284415,Orbital+M1,marginal
4844987061398463232,AstroSpectroSB1,60.90469139522347,-38.56268811089027,241.48504377433542,-48.54623545125169,208.30143746931742,1283.1367603910012,54.270252,0.5853640356161349,0.023066787,4.029757319578535,41.681366,6.2632475,0.8885023,0.5741282,0.43866518385518566,0.4937130539347291,0.377830047298128,698.5331502276811,1.8369017418468594,11.980224,1.0980377,10.901173,AstroSpectroSB1+M1,marginal
1726524763628643712,AstroSpectroSB1,182.33497978770362,84.96583023772376,124.01573961648798,32.07354079471172,233.58020033001318,907.213767810952,12.620378,0.7388951122721104,0.01897152,2.774860008762386,42.455948,5.71679,0.85784364,0.49682245,0.41508072297954235,0.483865246358239,0.3719302092572331,494.2139738807317,1.8356700048102834,12.244284,1.0131369,9.06092,AstroSpectroSB1+M1,marginal
5209804263580462080,AstroSpectroSB1,120.41370210846225,-77.99032070502876,290.4892703799377,-22.96382056977305,238.08963919267845,1198.397557690769,36.50611,0.5171805858954731,0.016781721,3.307202357539596,44.286343,2.7542777,0.9085138,0.3423483,0.4339790814941115,0.47768023880521115,0.36819987067666793,653.4832525625615,1.83386116322245,11.969117,1.0106039,10.446607,AstroSpectroSB1+M1,marginal
1894340375814697472,Orbital,336.2402348133282,28.94364616134931,88.12948114891026,-23.855128129476423,279.9927178663451,926.2698904494595,7.01654,0.35683222453805796,0.031748794,2.396228636340971,63.622967,-2.4454618,0.82506317,,0.41683902507188075,0.5052207403413993,0.38466355566651106,507.6048119888391,1.8247854799095673,13.261698,1.2399664,2.045143,Orbital+M1,marginal
2252071809671442688,AstroSpectroSB1,286.9055774954771,62.42762158213143,93.05824461010732,22.032324172356027,188.63299930053898,1007.1766718120679,20.053658,0.4638265976614844,0.012067762,3.4981275499143814,45.00117,2.3807244,0.990586,0.22549653,0.422575381508782,0.42659131952839346,0.3366244286085851,553.2639831009265,1.8204269617679751,10.559065,0.812397,12.214434,AstroSpectroSB1+M1,marginal
4656201739543136000,AstroSpectroSB1,70.75414437501864,-68.78143747848782,280.4809936350756,-36.602898193309144,218.75251898117065,919.5950514878904,13.421024,0.46996250495154607,0.021817828,2.974263893083019,59.505188,3.492858,0.8731598,0.47514716,0.41653675160989645,0.47704525483336113,0.36781579841495327,505.28291308992686,1.8199607144131291,11.930696,0.99541855,8.17352,AstroSpectroSB1+M1,marginal
2041900127667912704,Orbital,283.81388861295665,30.618792803241544,61.05200926264677,12.678837926771495,209.9907860897165,1055.1953824900263,151.13255,0.44634546189221624,0.044087004,2.7479418672295486,6.416579,7.0765586,1.4057084,,0.42585372429747126,0.3029459840628017,0.25394963443032853,580.7553579662725,1.8169361126261137,9.380403,0.6454277,5.7594347,Orbital+M1,marginal
5805392227540709760,Orbital,250.85679000385426,-73.64700877237131,317.450172883541,-17.74252026797718,183.77309188244163,1244.571315689165,47.692616,0.5330835157435683,0.009418152,4.515505755337039,22.612633,4.8020687,0.86618215,,0.43729030932275903,0.5048479815728768,0.38444321827451894,685.0730487877311,1.8166986978855648,11.816037,1.0764999,8.531727,Orbital+M1,marginal
1994690568705562240,AstroSpectroSB1,358.2129254782903,55.35843206646677,114.61306087860237,-6.564218098547122,201.63299894934772,1125.34954318942,16.469374,0.7738169058663653,0.008325208,3.839257629180363,80.6927,1.6120673,0.84818834,0.4904768,0.43077367277406453,0.5078750227064914,0.38623055054781835,623.9937471435554,1.803462852538045,12.112718,1.1289082,13.084666,AstroSpectroSB1+M1,marginal
3918323270009552896,AstroSpectroSB1,181.20706239992558,10.832425673627311,266.7643010591473,70.35789881678073,247.8722579899018,1026.729817304405,60.063324,0.6273016075278546,0.019271137,2.467197215751651,9.716224,2.949148,1.2016071,0.634888,0.4245902180038632,0.3533519526773816,0.28880208638434135,570.0369777893213,1.8011635337872272,10.254154,0.6810827,1.7918266,AstroSpectroSB1+M1,marginal
920383011606419968,Orbital,116.41117689407042,39.68336808928572,179.9206725463536,26.850141041285852,264.75250680207876,1178.7881821096832,136.70914,0.5115929983106517,0.03368698,3.0275479438941466,11.047096,-1.1981761,0.85237783,,0.43415911038218175,0.5093505416443538,0.3871001702849541,655.1710651689365,1.7992067183335265,13.073222,1.2327995,3.5198247,Orbital+M1,marginal
813122800458253184,AstroSpectroSB1,144.09976138399753,40.24006964790487,181.88968154543,47.93738893210818,137.42175528858206,1146.5722774281926,25.920862,0.15278421149906035,0.009681013,5.605248372400936,32.519257,2.1078136,0.88738924,0.503514,0.4322644619309579,0.48711933969420296,0.3738850999031192,637.5771890620035,1.7983270058877372,10.997555,0.9411106,12.230667,AstroSpectroSB1+M1,marginal
3191202104412887040,Orbital,64.04714720600896,-10.482524959261102,204.0958849248246,-39.15859711357636,181.95925902236792,899.7239086084289,13.850082,0.6467348374048157,0.014906926,3.6024454404985735,45.30628,3.7351937,0.8293464,,0.4159905533113105,0.5015884123832282,0.38251360762855585,501.10827390365495,1.7954680763890427,12.364632,1.2738657,14.257172,Orbital+M1,marginal
4363625651060051200,Orbital,262.4492542543606,-3.5311572291601068,20.073325668947664,16.361688846515076,268.2939775148677,955.4003420461976,14.370499,0.3425720794564288,0.018702298,2.5540348865097964,71.66656,-0.88659513,0.8355338,,0.4200962074439935,0.5027878089190685,0.3832242326671622,533.155050098471,1.7919746645365924,13.677421,1.5785198,9.916909,Orbital+M1,marginal
2290937411112314752,AstroSpectroSB1,307.59973086725347,77.94711179428036,111.16243596400302,21.601920294489936,167.89723379946923,1015.9258689822123,43.932076,0.5212054259064893,0.018994294,4.2139270970926646,25.912678,2.3593788,0.86878026,0.41953638,0.4246669966838957,0.4888082965566559,0.37489764737325293,570.683869832095,1.7801902641494234,11.580192,0.9707079,11.621364,AstroSpectroSB1+M1,marginal
6429395347229625472,AstroSpectroSB1,304.13523199276466,-64.22722472585212,331.97948061508225,-33.43836573679459,193.17413833041937,1076.966859374199,25.887955,0.3785882948672589,0.011820994,3.7990020900909007,44.31248,4.126267,0.887633,0.4105608,0.4286589917165037,0.48292366251743923,0.3713635621601036,605.1129471028513,1.7797782455828803,11.754025,0.9562683,8.215552,AstroSpectroSB1+M1,marginal
492019156943794176,AstroSpectroSB1,47.68876163838717,65.04466812090193,136.95494568546533,6.037701515144314,77.77166389330583,925.3629010247789,3.6404264,0.3779925396794399,0.003005589,7.6190510968249185,182.67786,5.1288867,1.0854211,0.43393555,0.4185342414351069,0.38559619587378136,0.31024749657090844,520.7807547808789,1.7768761470729273,8.5469055,0.72770786,22.289133,AstroSpectroSB1+M1,marginal
1953604460571826816,Orbital,325.59847149077984,38.42154370512027,87.05314669668786,-10.943523048977298,141.58683114988253,962.7467171430615,12.7711525,0.6760916554685902,0.007723219,4.932063509521255,154.11185,13.158517,0.81384575,,0.42128868519092105,0.5176517580773436,0.3919731091342425,542.7551410496769,1.7738140909750384,11.779355,1.2192526,20.546497,Orbital+M1,marginal
6379597224360200832,AstroSpectroSB1,357.5454319565778,-73.71273583643463,308.71836594888373,-42.72042356881173,266.5047730882802,885.3213898584495,12.292694,0.2249950232134786,0.015190954,2.2085618554245774,36.899303,3.502785,1.0231897,0.5216434,0.4157541915359211,0.4063315006100636,0.3237094333888661,499.3100798648413,1.7730893598184476,11.072889,0.8002434,5.124476,AstroSpectroSB1+M1,marginal
5391043469634296960,Orbital,161.16170406790584,-43.36771572168482,279.77745298234265,13.73096143579495,220.5202135434833,1234.7176985119197,24.695604,0.5201242865942511,0.0053275176,3.76333584120056,33.98116,0.72943336,0.859817,,0.43848347650527714,0.509973008445693,0.387466715411217,696.7425277531519,1.7721290854652214,12.61072,1.215251,10.443537,Orbital+M1,marginal
5279100365446951936,AstroSpectroSB1,98.3605293755817,-69.6478759405989,280.06177774823857,-26.859078956600133,130.3893159947716,888.4182708850391,8.365564,0.45365194095496214,0.010201805,4.9314906685893,110.19523,-0.08568289,0.8499145,0.43586856,0.4160551623888805,0.4895259072626257,0.3753274315089191,501.60068255277906,1.7711663914882305,11.330704,1.233408,12.328465,AstroSpectroSB1+M1,marginal
2972404380024656512,Orbital,73.21814373413144,-24.19509422552752,224.27619071861105,-36.04194673108901,237.4737140421606,940.306547077137,16.858498,0.2364562159321873,0.017810283,2.9845942937872185,84.96086,-0.057544805,0.753981,,0.41988078461764733,0.5568851043115282,0.4145668380118016,531.4349581481307,1.76937277584031,13.264839,1.2326212,10.637793,Orbital+M1,marginal
6654663255169819648,Orbital,281.27532699538386,-52.18653101497256,343.6989939846538,-20.19081248886007,198.14516150896515,1207.2781802339287,127.070946,0.15335724403145867,0.07082236,4.221522062929408,9.720932,3.8773522,0.81163675,,0.4371537048121294,0.5386075815374478,0.40412949694765715,683.7467834815462,1.765680233384984,12.363005,1.023674,15.15149,Orbital+M1,marginal
406419526721224192,AstroSpectroSB1,25.407866654387597,52.203651511809966,130.7002702774864,-9.909393432634921,218.8526742649862,956.6928845818211,20.819345,0.515552416068112,0.021291802,2.889607819405662,75.493744,3.9593682,1.0033523,,0.421401118639172,0.41999318203372205,0.3324436696247831,543.6671787318671,1.7597032191889137,11.56451,0.85739326,8.0077715,Orbital+M1,marginal
1598540102623223936,AstroSpectroSB1,236.2050189641036,55.82173087045382,87.89802806256125,47.80158386423155,196.82538962688108,866.4691667493814,18.599741,0.5036527242399079,0.016990872,3.106976393922924,42.433254,1.6878008,0.91174847,0.45293278,0.41514665935124445,0.455330251185492,0.3545565125330491,494.7111171530236,1.751464919033477,11.389321,0.94209576,6.7309866,AstroSpectroSB1+M1,marginal
1605745271040107136,AstroSpectroSB1,221.89001188398322,52.50551572377725,90.4203817440788,56.66210718577833,163.54636409341379,1173.229904416754,34.072865,0.5330265844290033,0.008212818,4.629094181232863,31.579746,2.8385763,0.96699846,0.46879116,0.4357805163119022,0.45065275207820255,0.35166816078270796,670.5253989902075,1.7497173204528946,10.530645,0.8327875,9.074248,AstroSpectroSB1+M1,marginal
1111311625222056320,Orbital,111.05203253485361,71.58136071537133,143.71828636115768,28.209448953024783,191.01471078101275,844.6297532337284,6.6003094,0.4384074437487718,0.008911947,3.245238442123186,91.51209,10.015491,0.8467009,,0.4135979218035885,0.4884817277324349,0.3747019770303314,483.1362713200077,1.7482226100020621,11.992919,1.0269823,11.681999,Orbital+M1,marginal
6687719247623740800,AstroSpectroSB1,301.00466222261565,-39.817000141773704,0.6656880672918362,-30.32288745095886,79.68834732227809,1059.6601878151716,15.863809,0.23437682182986969,0.00886498,8.786014487479942,117.83464,4.0148773,0.9622512,0.3855593,0.4289364408473663,0.4457634835090295,0.3486366081844353,607.5644732846283,1.7441115048850924,9.730874,1.0630922,32.243107,AstroSpectroSB1+M1,marginal
4959715881372647936,AstroSpectroSB1,23.56722786357396,-42.20900826630722,275.58142872837374,-72.56961933195713,270.24152975805055,880.6981913954087,6.665241,0.20220997461577103,0.011795752,2.3433935699392405,247.43756,3.8859506,0.8696153,0.50261587,0.4165134612606657,0.47896288555409416,0.36897505930741126,505.10435278943834,1.7435965192771627,12.548496,0.97893715,10.264155,AstroSpectroSB1+M1,marginal
5573002542267081728,AstroSpectroSB1,91.92622729018436,-40.38045495025629,247.2581850949492,-25.0872922424949,110.19459369000438,1104.398973786178,19.95857,0.19684667491588312,0.0061950884,6.984366270100003,45.692333,8.26797,0.83889395,0.40318206,0.4318104353365267,0.5147378108329286,0.3902663382490979,633.4161777051405,1.7435597836913523,10.811722,1.0562544,18.422337,AstroSpectroSB1+M1,marginal
6644001909390020096,Orbital,286.8338619765704,-54.94243616622693,341.823245232392,-24.122516781498106,186.4383549313226,1261.359348677491,118.289566,0.6588915594581545,0.03490237,3.9619892297574326,19.809244,5.969282,1.1534729,,0.4413184240455951,0.38259973328904573,0.30828118315390335,725.0894280983664,1.7395914211376058,9.794644,0.7160759,10.652103,Orbital+M1,marginal
1868724709835367552,AstroSpectroSB1,317.35309517229274,36.80231745159725,81.20214428275551,-7.493114866703429,268.8255270957033,853.2590934508469,28.440258,0.8453081190291334,0.0461135,2.024603046975452,10.033292,6.200052,1.1386377,,0.41461459659706495,0.3641321646544434,0.2960429637777197,490.7105737816371,1.7388235327297867,11.334443,0.70006084,3.3909986,Orbital+M1,marginal
632908377898768128,Orbital,144.41111507897807,17.900994477350302,214.07837896484887,44.579916211080196,263.46925287144074,948.5562339518568,34.587074,0.23358634011011936,0.032952607,2.3562615644488134,22.29356,5.4686384,1.0324365,0.43281302,0.4217458017773231,0.40849563710525494,0.3251000865190407,546.4706100562274,1.7357863652617256,10.827523,0.8070879,6.848567,Orbital+SB1+M1,marginal
4684405969438409856,AstroSpectroSB1,11.385154968552866,-75.91850081852625,303.40864372948687,-41.204289986009506,199.5755646176161,1118.5695862546863,29.404793,0.15555180259287862,0.021717703,3.0982115018746246,37.12134,2.7990463,1.3619044,0.5443864,0.43305096012195254,0.31797456974300387,0.2645174746938952,644.8354820359855,1.7346588663560294,9.287384,0.5966072,9.507117,AstroSpectroSB1+M1,marginal
2235617515084239360,Orbital,299.34790238057167,58.31086730620811,91.53435632569445,14.791911300639354,86.44251548322391,1123.0316341657535,50.168293,0.4692386525247983,0.009816974,9.04357442173558,7.4772596,7.6288185,0.8366151,,0.433636934866959,0.518323112181307,0.39236576406913143,650.2848708820404,1.7269841025864308,10.60737,1.259409,10.723424,Orbital+M1,marginal
990657403942129024,AstroSpectroSB1,109.01737055016312,59.14660151881691,157.53788643996018,26.13030138890975,291.9410497595445,1258.7647787966307,114.51347,0.8502910816868655,0.073083796,2.8065419369314606,12.0012245,4.471423,0.92239004,,0.44169795447230953,0.4788624481282526,0.3689143884269205,728.9514320818462,1.726815701838552,12.484184,0.9340973,5.908795,Orbital+M1,marginal
2557306339303653248,Orbital,9.175649785690982,7.240209875438278,116.4794189990129,-55.446822202612644,248.57986109902288,857.8440223955121,14.098783,0.787644795558352,0.09902203,2.5054642093666737,7.3698764,8.248769,0.86452836,,0.41556199697531876,0.48068058512855116,0.3700118729118887,497.85160440779845,1.7230918104922646,12.406768,1.0464058,6.731244,Orbital+M1,marginal
2039851703148812672,AstroSpectroSB1,289.03449757836785,30.822537018143155,63.193234927001306,8.709593364150598,197.765211409149,861.407722355157,9.825311,0.7383031439253726,0.012934122,3.133927223564068,70.91465,2.8302188,0.8802925,0.45913783,0.4158397321084164,0.47238814804456686,0.36499264881377363,499.9602752863649,1.722952332286328,11.825513,0.9930849,7.826776,AstroSpectroSB1+M1,marginal
3646206820878129408,Orbital,213.82995200204778,-2.6475066681871566,340.40060623291384,54.00713750282594,129.11385607538733,885.2261404085991,16.580975,0.24578605889029337,0.015867248,4.860416680045385,32.03861,5.4458385,0.8983715,,0.4176904877732821,0.4649418192398477,0.36045552997993424,514.1899164081142,1.7215937383454878,10.736383,0.9443474,17.658813,Orbital+M1,marginal
5343505740829552128,Orbital,172.87232130261233,-54.77245543854112,291.4904150393333,6.313501844279966,251.71689338473928,1044.1462325275943,31.002924,0.30323604359767536,0.016613362,2.852790480690566,28.241234,5.5682116,0.890782,,0.42893150466612695,0.48152242111282406,0.37051946506260647,607.5207900590295,1.718700412583642,12.529886,1.174324,7.5999475,Orbital+M1,marginal
1199036126084684160,AstroSpectroSB1,242.61728193535401,17.54841495020781,31.946052646777172,43.28893560949395,80.55699085471939,1075.2719475267572,25.933052,0.7605081220265212,0.014131416,8.931635061145023,77.08545,4.159603,0.9345802,0.6179077,0.43118818126062847,0.4613709750008971,0.3582695936911127,627.7477587082317,1.712904478925473,9.369029,0.88711834,21.481035,AstroSpectroSB1+M1,marginal
2793574620560728576,AstroSpectroSB1,4.398217597498026,16.799983530967197,111.37755758254686,-45.31110336354012,224.40351059823794,1145.504445397011,47.04283,0.41577491406949585,0.027146872,3.2165586725108533,29.745712,12.897204,1.0347934,0.44530058,0.43562238433473843,0.4209752343315576,0.33306746233381285,669.0157307444632,1.7122234840761124,10.601826,0.79299355,10.710739,AstroSpectroSB1+M1,marginal
1322631231729706624,AstroSpectroSB1,244.1633173265181,33.183554627722366,53.76250490899784,45.663162716627205,251.49467700312198,922.7119800820113,30.900066,0.7674396475805122,0.016114673,2.6474082428808496,29.497377,4.551365,0.84908736,0.5039605,0.4209660600108351,0.4957865127563099,0.37906611669254126,540.1446751554014,1.708268215023214,12.525466,1.0912094,7.0624905,AstroSpectroSB1+M1,marginal
1902733772704454016,Orbital,337.1410166725524,35.17849445320415,92.59364532916037,-19.141528113923137,264.8389249146366,1055.4764970604326,99.8616,0.2765622524449217,0.12500872,4.064830779523128,10.2218485,0.5572081,0.30003285,0.4303456,0.43034558950577495,1.4343282199046827,0.7926153048089218,620.1351465912035,1.7020104454041025,17.395308,2.0480728,1.937682,Orbital+M1,marginal
1415129502842270848,AstroSpectroSB1,261.843858938669,51.63407287488284,78.75610258274472,33.75361236681497,220.45212356919535,922.3570339760219,20.519777,0.2011648656390517,0.029760182,2.7636319195751464,83.70368,3.2320967,1.0307424,0.5447901,0.42127995686693376,0.4087150718445668,0.32524094358137534,542.6843884375497,1.6996196198523288,11.039168,0.9072151,8.196258,AstroSpectroSB1+M1,marginal
5929455725184730624,Orbital,252.65937523447863,-55.21824905347429,332.7047934329064,-6.842000576663146,238.96568792857892,1102.8998061221318,48.219234,0.5130943699127142,0.023247322,2.670509282341865,17.985117,7.9556293,1.2571223,,0.43350927662669875,0.34484256952534453,0.28303484605147666,649.0946475334133,1.6991355733916418,10.250089,0.74190235,6.4489384,Orbital+M1,marginal
4661629341262991104,Orbital,73.20915932042726,-67.46103734630847,278.5665713327136,-36.15136383928795,181.33102694628903,1245.7627385945655,42.631275,0.8939880288187603,0.019048925,4.765206924336291,22.351141,4.852616,0.8063785,,0.44217641267927565,0.5483484760292126,0.40971088304299463,733.8428763454153,1.69758783351355,12.229562,1.1453304,5.5829263,Orbital+M1,marginal
1879961271982691584,Orbital,335.2187078980084,26.35656949759127,85.64420342581876,-25.407034370922972,178.83471425837467,1243.8283427334136,238.65573,0.5612015729828729,0.06424626,4.537078219839282,8.081677,5.360511,0.9312106,,0.4431036195110642,0.47583611078215027,0.36708387611946564,743.3946824443967,1.6731735807465202,11.006183,0.90770054,8.912246,Orbital+M1,marginal
1639897476588881664,AstroSpectroSB1,236.6842335908205,62.34127813128786,96.10408176542599,44.58280623124133,193.5372169394516,1247.625098738288,66.35876,0.2691189488364898,0.024439385,3.8533000964872817,27.249718,5.0110097,1.1231626,0.4379831,0.44353118167131966,0.3948948895932076,0.3163155372170103,747.8317401216199,1.6683232762163676,10.265785,0.7023411,8.82666,AstroSpectroSB1+M1,marginal
603604056556411264,AstroSpectroSB1,135.22656491397026,10.577832269081325,218.2018054388493,33.508217405972985,139.48341289210242,1082.2913558327414,28.969881,0.4288115222901901,0.014309556,5.35839002489517,47.53776,3.2326334,0.8753528,0.46446005,0.4334901950170239,0.4952176940203957,0.3787272331329723,648.9168855466767,1.66784280073244,11.075038,0.9764519,11.279602,AstroSpectroSB1+M1,marginal
831063566054567552,AstroSpectroSB1,163.46040874455153,46.15572564332462,165.7717676238591,59.993784775930585,162.5246108593689,1195.5610526436028,38.76879,0.28063016233627347,0.026598819,4.005518385610455,32.825687,3.856081,1.381726,0.5837079,0.4405553337353459,0.31884420302925764,0.2651242963578503,717.3725919205909,1.6665831202761432,8.679951,0.65767765,10.001415,AstroSpectroSB1+M1,marginal
4175166678003887104,Orbital,267.09898780443143,-5.909989707481154,20.283288900500853,11.157108625440326,244.36264192424164,908.5348575012962,19.583408,0.7542814138680444,0.026830444,2.1393286507802074,31.44651,8.637633,1.380501,,0.421711460092373,0.30547710603259526,0.2557402944717061,546.1907936404948,1.6634019981290602,10.429695,0.8792658,6.389274,Orbital+M1,marginal
6588372423521988224,Orbital,329.7395130667964,-34.45548899077757,10.812576320531631,-52.526770661640356,203.61444742645685,922.6738508517336,25.40016,0.7738728690848391,0.039927892,3.1954017782640576,25.05756,7.7046046,0.9010785,,0.42295569429857427,0.46938827624412527,0.36316823710987445,556.4002100455577,1.658291701177082,11.571868,0.9424982,7.309275,Orbital+M1,marginal
1711084527998207872,Orbital,268.9196393540127,83.28353941805334,115.50706811828584,28.55028568626366,242.342883199815,891.8202774795759,10.025635,0.2169265786155793,0.01912706,2.7236550601675327,84.08893,4.384075,0.8224635,0.82589275,0.42091349694816577,0.5117716355700006,0.38852480405875406,539.7202970045341,1.6523749105401604,12.510925,1.1217642,11.284902,Orbital+SB1+M1,marginal
5922046764815862400,Orbital,263.0247072792479,-52.76194665691249,338.2918703769218,-10.386329629816279,258.87696500034787,1087.9894003563552,80.34552,0.45599388025011134,0.05884936,2.8020753021221183,8.398925,5.6673403,0.9466348,,0.43456480954979504,0.45906277290526276,0.3568530593898997,658.9870188769884,1.6510027803134126,12.207731,1.1271,6.582522,Orbital+M1,marginal
458903202449626112,Orbital,36.21929677478632,58.28380811990673,134.97387873003373,-2.3864060272020584,240.19166159194646,1150.6084318425053,59.066578,0.6682542451138626,0.02825559,3.4091497397369377,18.299763,-1.350427,0.7963159,,0.4386027541654519,0.5507898932084463,0.41110300805298045,697.917538054487,1.6486309185608636,13.096531,1.2409,11.730168,Orbital+M1,marginal
731215021048221312,AstroSpectroSB1,161.45995770452475,27.91044155932924,203.9634496600738,62.21868982806688,276.68252047085,901.1726545757076,53.308434,0.22700520070467772,0.022898117,2.1653347672928205,19.27801,3.4998333,1.0355918,,0.42176698662552853,0.4072714461737271,0.3243137626293162,546.6432800218436,1.6485570892588257,11.761396,0.78182125,4.362614,Orbital+M1,marginal
5054273537764638720,AstroSpectroSB1,49.262537622658044,-33.35540616239593,233.17358926218753,-58.10707712960087,265.41121644691503,1144.0901694232177,48.016987,0.4152029380707816,0.028167685,2.6964310475908513,32.46985,3.8078206,1.0645947,0.5028868,0.4386879152697248,0.412070336687275,0.3273912986063417,698.7574070141104,1.6373209900014905,11.139382,0.7487583,5.4468055,AstroSpectroSB1+M1,marginal
391686311427787648,AstroSpectroSB1,8.188333532963377,50.08336015152789,119.86161474529952,-12.676969464951453,90.90265103705165,974.7958197645905,5.078987,0.32952025188004674,0.0062223296,7.628262261564596,270.48923,5.710281,0.8658989,0.39157313,0.42792794635270903,0.4942008158251193,0.37812101226368655,598.690299209044,1.6282138211566748,10.191983,0.9944458,16.994648,AstroSpectroSB1+M1,marginal
4978503751952433792,AstroSpectroSB1,4.197652266871395,-46.57445673200728,320.0328160250937,-69.38651386307265,125.17518661688693,1099.0164517335784,23.203102,0.19543026451760068,0.0091145355,4.708964136882438,67.85548,0.32246843,1.4797299,0.27093405,0.43628100006302545,0.294838269314318,0.2481838413220384,675.3209318891601,1.6273987667747267,7.9219346,0.5840821,9.845712,AstroSpectroSB1+M1,marginal
1609133828437571968,AstroSpectroSB1,212.77297594591863,54.330716656679996,100.15650754143765,59.1337398751138,184.31258709828194,1013.1061498057287,10.85777,0.4411280710314279,0.0075570466,3.628243074795765,85.83094,3.064119,1.0028691,0.44982338,0.4306740915312381,0.4294419670520624,0.3384232027127195,623.0944928122277,1.625926984578618,11.0040045,0.8098192,9.62784,AstroSpectroSB1+M1,marginal
4624387306170382848,AstroSpectroSB1,70.336785065889,-78.34518368262937,291.2263702691621,-32.90475723841956,205.3363335150532,977.4815068836107,14.633419,0.22234388779519126,0.021585355,3.2510614163718357,89.50715,0.627093,0.9467671,0.40077242,0.42823355618390513,0.45231140785836066,0.35269370543872613,601.3687718393694,1.6254277785224007,10.601963,0.8742981,9.879395,AstroSpectroSB1+M1,marginal
1214238523604861696,Orbital,230.09752336299067,21.467525187512614,31.69851968536681,55.71722189123493,279.2449558335044,908.2553040816182,19.021185,0.46377126996053925,0.028959857,2.3271790245346344,59.05357,2.0216203,0.8849153,,0.4235584204731058,0.478642898564813,0.3687817480829337,561.398859080116,1.6178431597988037,12.652405,0.99870205,8.857323,Orbital+M1,marginal
3291821402768252416,Orbital,76.66840428747867,10.985975792067897,190.30446185965656,-17.38047651145722,222.69147589235226,1014.4783400733089,53.85731,0.4048549083740055,0.022978174,3.1676344392644835,18.19176,6.8193393,0.8960404,,0.4311466711472963,0.48116879637364374,0.3703062876413859,627.3710313774421,1.6170308945345189,12.365397,1.1698132,10.579123,Orbital+M1,marginal
283626278586821120,AstroSpectroSB1,88.99578554381475,62.49808324189059,151.02542704283718,17.817137176673697,127.79587704195977,965.4814662147945,5.038047,0.2604336724354055,0.009778276,5.126419977961628,263.35944,2.9331615,0.9674572,0.45993677,0.4279122045569605,0.4423060942663961,0.3464851539750098,598.5525842716235,1.6130269780552122,10.284124,0.84747887,12.449764,AstroSpectroSB1+M1,marginal
4301237157981497088,Orbital,294.437268289009,7.989070750259881,45.38942275498411,-6.517741055788303,299.075422664614,956.547038070141,24.9132,0.512512730841841,0.03712521,2.1447912607336708,57.295048,6.1046915,0.99703616,,0.42741947144365805,0.42869004054559545,0.33794916868265046,594.2544163037893,1.6096591154000675,11.89929,1.0404787,6.6759353,Orbital+M1,marginal
1146732044416861568,Orbital,163.77406053614033,82.88215458664341,127.06407673400841,33.28760417027859,216.2897175599276,1246.2408744804154,52.033638,0.7874401869109736,0.014637972,3.8198821264862493,40.07339,4.4863534,0.9089865,,0.446482426851547,0.4911870775928654,0.37632133868363693,779.02319937141,1.599748088999148,11.956224,0.8950758,5.988313,Orbital+M1,marginal
416359459734139008,AstroSpectroSB1,8.27618525036395,52.816672577642464,120.1214549252113,-9.955005592719656,66.60098685271991,902.5773609670509,4.5604253,0.4787347972977931,0.007952492,9.863140274157189,196.592,4.8533773,0.85710067,0.4255197,0.423903197805214,0.4945780756378809,0.37834597863979924,564.2738973730695,1.59953768049333,9.897513,1.1704702,33.208878,AstroSpectroSB1+M1,marginal
2919634625122014208,Orbital,100.91983445376403,-27.564484685784404,237.130891343805,-13.751355890191613,100.16103956815532,1270.6845241391654,62.914745,0.6320193383461498,0.014842761,8.442916383634216,35.17567,9.1250515,0.8951665,,0.4484887319727462,0.5010115143989933,0.3821715536569802,800.7987586163683,1.5867713460678592,10.155355,0.96164894,11.372289,Orbital+M1,marginal
6084889835668410752,AstroSpectroSB1,195.26048660735125,-48.65064099317285,304.56781123772487,14.190601047512496,202.78681247649033,1219.4376325441067,42.28899,0.4177945923464518,0.026379429,3.9476420110126234,41.85119,2.1598558,0.94052947,0.6351403,0.44549803119445686,0.4736672772655387,0.3657691639515448,768.5088855963767,1.5867580133413828,11.22899,0.8811598,11.174987,AstroSpectroSB1+M1,marginal
4501937032652343168,Orbital,271.2277897398435,16.152705094497172,42.54157386047853,17.410127103132176,261.84777226341316,1139.9783754834489,68.559135,0.8632845606647975,0.03912634,2.988010424132124,12.867752,4.8062353,0.8788386,,0.4407414459447926,0.5015044247972449,0.38246381988300004,719.2487541995533,1.5849570386147174,12.557749,1.0402842,5.592618,Orbital+M1,marginal
4451566132940451072,AstroSpectroSB1,241.57552941755517,8.274255151965201,20.081015571538515,40.29439392307437,194.1466976503544,1071.3216787535362,58.34704,0.21107323413129728,0.05733114,3.878604208232282,26.98087,9.02642,0.8575005,0.46661794,0.4363587836483492,0.5088729242053609,0.3868187942338842,676.0686269109277,1.5846345121035814,11.857364,1.0639801,8.624427,AstroSpectroSB1+M1,marginal
1591982202958599680,Orbital,221.21709159994387,50.68349401132051,88.21235209400069,58.10386336091186,158.61041350568985,1137.6727403321222,23.68824,0.6182333116844971,0.014203628,4.8542368010790105,73.7836,8.433395,0.9084529,,0.4407851615136726,0.48520418383364605,0.3727352168059782,719.6899956156026,1.5807816521876046,11.1892605,0.92889404,13.11838,Orbital+M1,marginal
697822341813291776,Orbital,143.28006469254188,31.356366341100678,194.97950521488076,46.89112324348776,200.83022784859315,1101.5484514702734,49.817142,0.4642232177831207,0.019843822,3.8313777347625786,22.175716,6.7824273,0.8595104,,0.438662048367991,0.5103626870205495,0.38769608603460143,698.5022214703123,1.577014958021993,12.28919,1.2139206,13.041321,Orbital+M1,marginal
465059784667342464,Orbital,38.888631685155666,59.79194415647588,135.68796731372143,-0.4760153309012589,54.44660203552355,915.8723517377476,7.15552,0.2455628530357291,0.006319946,11.737117886537387,134.53882,8.3836775,0.9393974,,0.42616378322576887,0.45365655222123735,0.35352433530363525,583.4093929285713,1.5698621976932774,8.783759,0.86316776,32.100967,Orbital+M1,marginal
3851528518441634688,AstroSpectroSB1,144.17934103567467,4.852285891173888,229.64557015599897,38.6154073915724,222.28272032488144,896.0970609348011,32.933857,0.8005948454891935,0.018626096,2.7624024084419223,64.799545,2.947875,0.9877693,0.39642996,0.4250097912125144,0.4302723204268144,0.3389463171042886,573.5790238236967,1.562290501770926,11.050713,0.9160414,5.085677,AstroSpectroSB1+M1,marginal
2946713118312537344,AstroSpectroSB1,100.1043416876643,-16.89631895313701,226.89836221496472,-9.98907746460294,151.8046302260767,1031.6185373382116,20.36562,0.4959257805037742,0.00799011,4.099250714652834,43.10668,1.6244698,1.2149044,0.4613422,0.4348220030704733,0.35790634490902407,0.291870041033117,661.415085733286,1.5597142544677447,9.161038,0.6938982,8.14744,AstroSpectroSB1+M1,marginal
1332168292510189184,AstroSpectroSB1,246.26850389991043,38.505022592294125,61.44841616586963,44.35072065810511,84.96106831142038,971.239722816554,10.415967,0.5481560024724195,0.00573776,8.195990301538007,101.096214,4.5602074,0.8632915,0.47145325,0.4308402313364874,0.49906692043058676,0.3810173662644882,624.5953574057556,1.5549903010015618,10.050189,1.027771,18.448473,AstroSpectroSB1+M1,marginal
1108959048295986304,Orbital,110.58916989686983,70.03277484440063,145.46605741056936,27.99861738829887,267.3372381507009,849.9336848389253,20.624416,0.5105537756000835,0.03333291,1.6838317557757767,53.66627,13.497826,1.6896164,0.43384117,0.42191688003433975,0.24971163254257073,0.21522806394495825,547.8662191591185,1.5513526023623596,8.980636,0.43867493,5.52388,Orbital+SB1+M1,marginal
1428969291923858560,AstroSpectroSB1,243.29334040668016,54.36147459612958,83.90072556193542,44.49879821800067,244.98800636315192,910.0910930102353,9.4483795,0.27653605612839977,0.011032461,2.4142135119917136,168.42172,4.1391187,1.0995297,0.47475561,0.4265567747693201,0.38794473492822446,0.3117849010756461,586.7868576616147,1.5509738862199638,10.972353,0.725894,9.207673,AstroSpectroSB1+M1,marginal
1292780487468021760,Orbital,222.85048245336012,34.28579434031919,55.900485118477526,63.348049993110756,268.98353365953614,1013.9338266507615,31.142368,0.678567924821324,0.020546554,2.7238512566389463,42.028053,5.5303073,0.8318354,,0.43407503429870886,0.5218280443068268,0.39441221812340344,654.3824109379992,1.5494515281933956,12.905162,1.123003,7.9800425,Orbital+M1,marginal
6400768806085422592,AstroSpectroSB1,317.77419750134476,-67.47176678716016,326.44567220919583,-38.05045912543581,191.1103581817178,901.6811211767572,5.3324685,0.6857364231348778,0.013296214,3.373472017593975,66.73321,4.8644204,0.9017922,0.47565117,0.4264952801698362,0.47294184494224045,0.36532888190929574,586.2573570178432,1.5380295196010885,11.50001,0.93318844,8.330014,AstroSpectroSB1+M1,marginal
1499754274268729728,AstroSpectroSB1,205.6080075077357,39.423393383825115,85.3668284517964,73.7634559650144,160.92547337240845,1054.5071474101137,14.589103,0.7627479788459911,0.013410123,4.222638615437944,47.11822,9.712334,1.053783,0.41661695,0.43745555450069845,0.41512866497012935,0.3293457807195931,686.6800536526714,1.5356600818690627,9.696063,0.7873812,8.051681,AstroSpectroSB1+M1,marginal
909139921096203264,Orbital,122.50910903845445,39.80734794304365,180.93673477566918,31.4549026419483,76.42901764936151,850.5376297701966,4.898074,0.29136644590181954,0.010909906,8.219901645607553,170.9955,6.0351305,0.862427,,0.4226848034396432,0.49011082130642025,0.375677552450252,554.1649120488352,1.5348096050066122,9.924203,0.99093056,25.569057,Orbital+M1,marginal
4257076961409266048,Orbital,277.51289343996467,-5.36197964984648,25.71822896425653,2.289905000645438,85.7526668686763,1095.966109561989,19.276304,0.8348898960907734,0.042872798,8.719288807774568,19.999046,7.895756,0.91710675,,0.4407082308575783,0.48054191292102055,0.36992822496483774,718.9136396829975,1.5244753320374496,9.714185,0.90934277,21.043575,Orbital+M1,marginal
5509433654734142848,AstroSpectroSB1,103.7514246578897,-47.83308214064406,257.64046888185385,-19.188157041261046,112.0226465769939,878.2375538343956,9.072052,0.7476471257261773,0.0077112406,5.357100984297193,90.39062,1.6675621,1.0095432,0.3065425,0.4253757395531061,0.421354675841485,0.33330833644278146,576.6823225996845,1.5229139500501763,9.9554205,0.79883766,13.757959,AstroSpectroSB1+M1,marginal
6873114191016846464,Orbital,305.271413151366,-17.56398558222762,26.277427079196425,-27.458311987684493,212.02667739149462,1208.2781178626287,79.429276,0.27800129562589027,0.019210683,3.8267351760556663,11.886905,14.163664,0.9088207,0.633805,0.4478740318005017,0.4928079183904467,0.37728979403184715,794.0774097458584,1.5216125065808557,11.529551,0.92072487,9.859065,Orbital+SB1+M1,marginal
3645523749279170432,AstroSpectroSB1,210.9884864048186,-3.524694404369299,335.4453517124944,54.70364526205332,107.43314003579565,930.0874421640494,9.664201,0.4202427469220819,0.019579634,5.6824149807153015,129.06442,3.2623532,1.0737966,,0.42964108631284864,0.4001140200547837,0.3196991633758025,613.8254161653692,1.5152312329691424,9.109268,0.738945,22.690416,Orbital+M1,marginal
2015568198575094272,AstroSpectroSB1,354.85139500567436,62.12384961803155,114.62062861066836,0.42008378844420274,171.93000100205683,1005.0906277112505,15.926642,0.8976423061895239,0.035825852,4.203131824755543,32.641834,2.345578,0.85030717,0.49571252,0.4350388580373685,0.5116255338514635,0.3884389140542933,663.4677333669171,1.5149050619397733,11.652702,1.0142765,9.47678,AstroSpectroSB1+M1,marginal
685753243192636544,Orbital,133.45462154524154,21.325455030678427,205.29838481458552,36.00004331364673,254.9011447556197,1071.3313289027963,74.35872,0.505087870075049,0.059993885,2.8399561655182377,19.741623,10.000236,0.9501879,0.5590927,0.4400736704825789,0.46314382714602975,0.3593556966126614,712.5347047253385,1.5035496822793541,11.862972,0.8658867,10.61793,Orbital+SB1+M1,marginal
1893290823246619520,Orbital,331.3482609000905,27.94191845709304,83.76224345772923,-22.029921480043424,237.89038137107113,896.33485601557,55.785892,0.6152358810493643,0.08609143,2.750254541643315,32.20005,10.06265,0.8697004,,0.4277923570865681,0.49188475795984044,0.37673836383278475,597.5049228064313,1.500129658857971,12.334861,1.0224934,9.955875,Orbital+M1,marginal
281287548635448448,Orbital,77.32013639275935,58.94182027683501,151.25129859444223,11.108122904411475,116.08660261543648,923.4160742708574,10.913888,0.3272906165411402,0.010705746,5.23196047540716,99.91211,9.1830015,1.0757588,,0.42993099954351,0.39965370826988034,0.3194013746523329,616.415885163958,1.498040684050901,9.163609,0.7478695,18.94395,Orbital+M1,marginal
6421256933961072128,Orbital,288.09338238765974,-69.23598956499629,326.2909119076273,-27.07452973876092,290.5995591712392,924.504989421353,11.30118,0.2536532483541343,0.014385069,2.35961454404189,37.99485,-1.2250499,0.8275109,,0.4301659562554225,0.5198311704594607,0.3932470009470407,618.5215309684504,1.494701385695998,13.190935,1.1760111,6.9039073,Orbital+M1,marginal
5295838132177134592,AstroSpectroSB1,120.31546089107485,-56.145171616941916,269.8342523944184,-13.293817652502774,197.23340066084674,950.3695194019375,23.860645,0.5103778438395474,0.012168265,3.3441058647929633,44.14693,7.9115624,0.94752914,0.37956405,0.4320785427744217,0.45600554731338594,0.3549725519768685,635.8707359996746,1.494595466652241,11.089489,0.9076967,8.783596,AstroSpectroSB1+M1,marginal
6592003599327901568,Orbital,327.6344544998978,-32.75098409219951,13.43624981794001,-50.70300046223397,274.3591793810878,1109.1930299682879,80.96207,0.6661243223548824,0.027111141,2.660943279485282,11.906061,6.667842,0.9923891,,0.44298271462642763,0.44638007637898736,0.34901962557055066,742.143704690161,1.4945798542229325,11.208537,0.8161545,5.0799537,Orbital+M1,marginal
1413045752212508288,Orbital,250.72016787005856,50.32012220817378,77.3658285497404,40.78604601350287,240.3580697382285,867.6778627483368,14.560612,0.7751795983753539,0.017990537,2.5452561776531115,51.513317,4.845177,0.954485,,0.4260282506383763,0.44634357900276,0.34899695966844274,582.2481063826602,1.4902201539803528,11.895951,0.8824835,8.394315,Orbital+M1,marginal
2949687816964068992,Orbital,103.22459440722723,-13.076066902760553,224.7711100234014,-5.603257803723251,189.04433993184256,878.115165632081,10.735371,0.18914678791305573,0.01573986,3.3790195294347405,62.296654,12.912544,0.8866424,,0.4269210660173089,0.4815031039871591,0.3705078216510994,589.9312289143036,1.4885042909970112,11.791318,0.9569521,12.270053,Orbital+M1,marginal
5221694897718844288,Orbital,127.65719573228527,-70.75183389724742,284.6015507298051,-17.905023181510014,178.83853804242352,864.3865721012036,8.702695,0.6678913837522829,0.016189408,3.653168425323814,60.219845,7.379287,0.8198625,,0.4259442135273045,0.5195312889120189,0.3930718506046988,581.5289530684945,1.4864033296023924,12.113523,1.1393032,15.944587,Orbital+M1,marginal
1702377980750185216,AstroSpectroSB1,240.8393528720316,72.8812549273262,106.89387133515889,37.67220919338601,194.3201806835153,1022.0854201434505,18.92852,0.7050982495096084,0.019660002,3.7061711391590095,58.556187,5.823953,0.88800114,0.48509768,0.43765598356297425,0.49285520244365766,0.37731802677465587,688.6331539308997,1.4842233695968854,11.59013,0.9625559,7.923955,AstroSpectroSB1+M1,marginal
6528717050064412160,AstroSpectroSB1,353.8647245489947,-45.075635713663004,338.14440466322833,-66.50830098454887,203.5328072970053,944.5796011502523,22.39143,0.4409992111007818,0.017704226,3.2065981379997024,37.897778,4.7555647,0.9612772,0.49196813,0.4321521777917144,0.449560422003335,0.35099197613769983,636.5461672649146,1.4839137359178252,10.889749,0.84359074,8.149483,AstroSpectroSB1+M1,marginal
5416564199668265088,Orbital,156.0786161977068,-41.73269540930845,275.61187585184535,13.204010927021166,195.56347328997575,919.9399324794608,14.767843,0.4763016075930563,0.015135849,3.3298696468569253,79.043976,14.584144,0.92378414,,0.43062854951546736,0.46615711655338654,0.36119797782857377,622.6835681311254,1.477379490260997,11.477365,0.98420334,11.828706,Orbital+M1,marginal
2172951399624630016,Orbital,321.9340853265095,53.91458823666917,95.7008241860489,2.182473327180673,226.44569966554533,969.1899108103664,25.142275,0.6331220283278224,0.013376729,3.00264762456044,42.578995,7.793692,0.9205928,,0.43438835352758015,0.4718572214135395,0.3646700953949207,657.3251782221097,1.474445134494571,11.964829,0.9324198,8.907516,Orbital+M1,marginal
6850510770271764096,Orbital,300.8796386972149,-25.047550894504322,16.81125634276222,-26.26204912165699,231.92372034970163,1134.4042263870808,108.56528,0.27025984434413997,0.035418365,3.2503582537487046,8.899159,7.0900006,0.9665905,,0.4457841295385179,0.4611923235321824,0.3581600554593124,771.5532482129305,1.4702863723464126,11.099278,0.9366169,6.4491086,Orbital+M1,marginal
2543996579251932672,Orbital,8.231483422331904,0.3932713485426291,112.99602712536928,-62.120825928621215,252.5141138534659,929.1988460589922,9.1244135,0.18223313998628332,0.014421176,2.8141982878089853,84.478775,-1.1255362,0.7728825,,0.4317048539472229,0.5585646487430964,0.41551837295180105,632.4515915120677,1.4692015302506554,13.336108,1.292181,3.088106,Orbital+M1,marginal
6520166624874617984,AstroSpectroSB1,337.70873564686957,-45.91580922527982,349.4462701137121,-56.49171972569262,213.52866380360805,1045.6638029665523,27.79685,0.49880006256448833,0.025731793,3.3804003532870097,25.128803,3.0987146,0.9233741,0.43052015,0.4402329990176611,0.476765583081456,0.3676465729352997,714.1322032531078,1.4642440128077248,11.678455,0.9988203,8.830067,AstroSpectroSB1+M1,marginal
1559257919418056064,AstroSpectroSB1,205.7390278870761,51.744263296282654,104.88709406241672,63.541280780531736,186.36677939699086,858.8074944726475,5.0251384,0.31101027070182347,0.009199056,3.2004527429606435,161.4602,4.864879,0.9954415,0.48061347,0.4265552033053337,0.4285085611358048,0.33783471262545045,586.7733219058185,1.4636103285733437,10.378639,0.8109579,9.819261,AstroSpectroSB1+M1,marginal
6545204153906380928,AstroSpectroSB1,338.5013342131874,-41.6471429827636,356.59990160321576,-58.43336873921124,241.367944140245,842.6254279796623,11.004191,0.28223637000773943,0.028718138,2.5479834606690606,134.97244,3.617563,0.9013887,0.35102257,0.42529660848996087,0.47182376064418174,0.36464976215800454,576.0101749582499,1.4628655267083384,11.914789,0.9453201,8.029126,AstroSpectroSB1+M1,marginal
3906290420913672960,Orbital,181.5710168054948,10.562037401658678,268.09092308570763,70.31605569603295,204.61912720035835,1060.203821448682,41.420227,0.3802661480257224,0.045016937,3.4124676254614736,30.870855,14.418109,1.0171659,,0.4413156136644037,0.43386788131435183,0.34120711337668486,725.0608898678585,1.4622272918925512,11.199875,0.96400356,10.424905,Orbital+M1,marginal
5150221384873525632,Orbital,32.73316843599507,-13.419438484893634,180.4423982630349,-66.9196515435947,249.13004856933168,892.3434625266592,21.86012,0.43490353847961266,0.019506322,2.6998527022659182,47.517967,1.1661575,0.8172656,,0.42954067519648365,0.5255826986364562,0.3965980342521088,612.9301871885183,1.455864764337675,13.072558,1.3051405,10.162879,Orbital+M1,marginal
1984529054039163392,Orbital,345.2181517710259,47.84699006432559,104.4384484769086,-11.01512386187577,208.96353614729375,975.2688674912506,18.932997,0.5811940968691012,0.014274541,2.619082415986332,41.275738,12.231526,1.4614834,,0.4357974193178631,0.29818842379129507,0.2505718568266976,670.6869267027637,1.4541343041914878,9.198891,0.63684464,7.995095,Orbital+M1,marginal
5139393188204671104,Orbital,27.372900345304856,-19.457337425769065,186.05427570566408,-74.63827980791537,224.3394548495205,1106.1515936933756,39.613106,0.42664262433280764,0.022824943,3.4273197275998486,50.699284,9.904467,0.8883996,,0.44498796462427004,0.5008871729929474,0.3820978079141686,763.1044685612435,1.4495414969577007,11.955307,0.96339226,11.272887,Orbital+M1,marginal
5634988777295377280,AstroSpectroSB1,139.20380042929992,-29.935696108280577,257.1118446622634,13.268991361803284,259.8501748236506,1068.0274053390094,148.9319,0.5852588958604319,0.07488441,2.8706777085435937,61.399857,14.106355,0.8939759,,0.44263969037362233,0.4951360363037659,0.3786785710322569,738.6034145362473,1.4460092985213182,12.326066,1.0373306,4.2706637,Orbital+M1,marginal
2947380075195069824,AstroSpectroSB1,100.84089055557234,-15.736455255584682,226.1488570150064,-8.849667386143327,243.3641647172477,919.6062810915909,24.628115,0.203537113774204,0.015539126,2.731878386502952,40.999462,3.163693,0.88773894,0.5049382,0.4322780744974701,0.4869427863420741,0.373779171978854,637.70227136521,1.44206210701253,12.083098,0.9834957,9.406737,AstroSpectroSB1+M1,marginal
5404178196882280064,AstroSpectroSB1,167.99139909534097,-30.763898450834066,278.9083898145693,27.426201751899576,259.0238436459451,876.9941622685544,24.701126,0.49239395099345906,0.013948657,2.4481904501703236,32.085205,2.848901,0.908224,0.39921466,0.4293261449343452,0.4727095422016132,0.36518783492241236,611.020916033451,1.435293194153999,12.127717,0.9330559,8.273711,AstroSpectroSB1+M1,marginal
5107675507558964864,Orbital,57.70940438712744,-17.7052577348308,209.7544744806702,-47.71015628509978,228.5670284358965,956.2739482551751,148.93709,0.5568093862570664,0.10363392,2.9953066141432063,9.179608,12.574894,0.8941345,0.39246655,0.43587672178504466,0.48748450184143977,0.37410413925801367,671.4451573399904,1.4242026140207307,11.990334,0.9484167,5.7767897,Orbital+SB1+M1,marginal
6637013069886706432,Orbital,283.80699924795096,-57.15207922058243,339.03664177278023,-23.020525540711578,289.409759208751,886.4034114166477,67.473755,0.2418303020766505,0.074471064,1.8863427355434903,10.658915,7.9711156,1.2701234,0.8248787,0.4307448449451934,0.3391362269593883,0.27914145947034874,623.7333177701347,1.4211256416212725,10.557162,0.6377058,4.7342677,Orbital+SB1+M1,marginal
5248756112263032960,Orbital,138.14595939939937,-64.8884585985118,282.2505393195536,-11.227470731509909,257.29108926008223,928.5246494708055,20.47643,0.5098451648568739,0.015882825,2.6600446754608806,48.87402,5.2735467,0.8507185,,0.434293061292637,0.510501490441591,0.3877777701266047,656.4290844089269,1.414508697930232,12.713406,1.1255846,7.824856,Orbital+M1,marginal
828363749605724672,AstroSpectroSB1,150.17431121427666,53.06823718336952,161.54776413759924,49.25212153923747,166.8855782974934,967.7567735450443,13.20489,0.425365828589833,0.011303164,3.301862788271097,139.66252,3.1941597,1.4363209,0.4281693,0.4373820950953341,0.30451558200961715,0.2550605780845966,685.9653013639496,1.4107955192788766,8.677454,0.63164425,9.526788,AstroSpectroSB1+M1,marginal
4651193708907592064,AstroSpectroSB1,78.8071652325115,-73.01413573717439,284.42279702815057,-32.82395554866275,226.48328388091872,1062.3963468634454,35.65197,0.36571153149827046,0.03903333,3.2029725441917285,60.67719,3.0435343,0.9491755,0.38336122,0.44410306741379574,0.46788299757216023,0.3622510365966061,753.7986965287531,1.4093900026038597,11.475621,0.8643141,9.535036,AstroSpectroSB1+M1,marginal
4942684682481676416,AstroSpectroSB1,29.6651192335163,-45.46617390771898,271.2289361597915,-67.30318704953432,277.36361360123743,864.2762025677055,7.450569,0.5407750437568778,0.012888341,2.178485485103079,88.08607,6.0104084,0.9890527,,0.42961949190288773,0.4343747166272607,0.3415252288346176,613.6328024819048,1.4084582816825406,12.072106,0.80963135,8.768623,Orbital+M1,marginal
1844923787781640832,Orbital,316.323589876534,27.093657940639186,73.20242549825069,-13.251308850974857,298.43365593183427,1091.0446158231236,66.61163,0.4868589826539163,0.04241103,2.496884637940623,17.626143,6.9309993,0.9378782,,0.4461855226604086,0.4757393089187292,0.3670252475599125,775.8402609505782,1.4062748103409193,12.776928,1.1613178,3.435134,Orbital+M1,marginal
3348730853313989376,AstroSpectroSB1,89.0712087007053,15.43145045082168,192.8869109395791,-4.76893693909308,154.10096299325068,871.7220974313678,6.6209188,0.29240492552413744,0.012608325,4.351811331726334,204.05472,3.7024355,0.7968257,1.0237137,0.43043564624775676,0.5401879513784666,0.4050379771926288,620.9453425142605,1.4038628487037055,11.735262,1.3184404,11.869907,AstroSpectroSB1+M1,marginal
650305224535197312,AstroSpectroSB1,123.38768036265381,12.712386371822403,210.433012036056,23.877519873218684,181.67679510151882,924.1557392656395,21.611095,0.49786329108149624,0.02306259,3.539362941048474,51.206295,3.3118734,0.97294545,0.43427756,0.43502846144274576,0.44712523262875126,0.3494822327982243,663.3692111387936,1.3931242568209616,10.880678,0.8318949,7.1293936,AstroSpectroSB1+M1,marginal
5061963109772998528,Orbital,50.783008160824416,-25.29164710938575,218.58540218624609,-56.053958653666214,217.6401986896987,931.5470186480895,22.714483,0.2941122541325445,0.02958424,3.1347611089679845,72.37616,7.74304,0.8660484,0.37510696,0.4357400364505098,0.5031358970784465,0.3834303384340509,670.1386902334328,1.3900809373110496,12.492629,1.1890106,10.374902,Orbital+SB1+M1,marginal
2250919929506110080,Orbital,299.4235825938087,69.73636985916484,102.26210567327465,19.87001120535509,221.97456294420866,943.0765390451843,13.5041065,0.7800702892130796,0.014434212,2.9782506831473925,83.22626,2.5193853,0.9492033,,0.4366135500569624,0.4599789574631713,0.35741565176539036,678.522079052266,1.3898980860909316,11.685239,0.88038063,9.009478,Orbital+M1,marginal
243466822542773248,OrbitalTargetedSearch,57.28376937900371,43.963190316752474,153.52297711710887,-8.103380592163985,69.71816844357626,1110.1414539405102,47.64863,0.40957836272154313,0.0073775826,7.984442631313814,11.855317,0.6118683,1.7494324,,0.44847484699033374,0.25635448135291583,0.220174043496089,800.6464485396324,1.3865563957292164,5.9132977,0.392879,6.223082,Orbital+M1,marginal
5368553990093547776,AstroSpectroSB1,178.69765157791704,-52.29599522924914,294.20288846967776,9.61304933571536,288.36788573229825,978.2342198954252,23.05999,0.4868395371649715,0.02604824,2.435653128278835,98.4955,7.3819985,0.88593477,0.49805266,0.4394228466944965,0.4959990978131392,0.37919272692271816,706.0380992800224,1.3855261081420012,12.566502,0.9827566,6.769319,AstroSpectroSB1+M1,marginal
2293587204072619264,AstroSpectroSB1,275.5716421851625,77.94359947737232,109.36040197088751,28.00233403640311,280.31060900544395,991.9089408628565,32.151333,0.3909523619418878,0.015792133,2.524304643139785,36.38857,2.0957084,0.8938989,0.51590294,0.44063629849566627,0.4929375082175541,0.3773671679248855,718.1883141185552,1.3811265393258916,12.46317,0.92515373,9.461472,AstroSpectroSB1+M1,marginal
6354058253602056192,AstroSpectroSB1,348.35396289004035,-77.69376814695707,309.38913742035885,-38.178138805339984,244.33549817404364,973.800523906728,52.751675,0.49794063314321557,0.014416928,2.836760494289062,12.203203,2.8076954,0.9064139,0.41003072,0.43942501441998216,0.48479508999986687,0.37248935342982215,706.0596610354922,1.3792043047446907,12.181987,0.9672499,6.8579674,AstroSpectroSB1+M1,marginal
4782474435176969472,AstroSpectroSB1,65.60319603027898,-49.89731488176603,257.38011099716675,-44.0941603767898,212.94092117126826,914.3182809064609,13.944059,0.6781438452023607,0.018202716,2.815221502587868,97.12058,3.9456496,1.11277,0.3928456,0.4351010010230131,0.39100714085808963,0.313784713570384,664.0568621292999,1.376867453751923,10.494401,0.7045288,8.529716,AstroSpectroSB1+M1,marginal
2571961141379291008,Orbital,24.399266369508453,8.598801065681808,141.92090821118086,-52.56278542296996,191.86537549718048,859.0486718976831,16.468084,0.34182382994229926,0.025462486,3.321549204549968,53.36475,9.801503,0.87651837,,0.4308391750809455,0.49153467908449455,0.3765291410761909,624.5858065901558,1.3753893585695558,12.197677,1.1849709,7.1023483,Orbital+M1,marginal
664314759317023360,Orbital,129.39073485880394,20.013613582989496,205.26209775725943,31.978120153297844,186.46123952364067,867.7239872802667,50.008247,0.5542962202097199,0.033687606,2.5823977254338857,14.195481,4.160403,1.5862055,,0.4318963063892683,0.27228269676209593,0.23189833447745187,634.2015346864239,1.3682148967193941,8.632391,0.40978622,5.1158576,Orbital+M1,marginal
6080601946480378240,Orbital,200.23136304805232,-51.46214994725182,307.60534182596706,11.141828454953696,259.62746949002695,901.2175868792443,12.331297,0.22477114942172813,0.021899257,2.5648166589577213,90.05573,8.052475,0.8683199,,0.4351616427133306,0.5011535821731612,0.38225580348951166,664.6321504577419,1.3559644778823332,12.86802,1.1982813,7.1150117,Orbital+M1,marginal
6507492215040264320,Orbital,339.00473833912747,-53.043087048821924,337.64219496272074,-53.97147922064488,208.3098489197276,1031.8124829068793,40.764523,0.7253643390014243,0.021485204,3.424345265031624,20.732437,13.865925,0.9463147,,0.444831451389928,0.4700671509348029,0.3635815087756961,761.4520720464209,1.3550589994900903,11.50905,0.87278557,8.377721,Orbital+M1,marginal
5233303300967772160,Orbital,177.55916378943903,-71.24194099236925,298.0039161987397,-8.95810735711825,216.56346585858444,899.7321351786778,10.859405,0.7635348836232796,0.008889644,3.1374530799079543,65.48898,2.5034208,0.8299471,,0.43591875532462426,0.5252367867496013,0.39639693537684306,671.847320731368,1.3391913719314028,12.843041,1.3039417,9.81564,Orbital+M1,marginal
6371430773542631680,AstroSpectroSB1,324.8853938645448,-71.39041945956005,320.55958376999683,-38.482721711368406,267.4214734004055,1004.6601809524759,12.835028,0.7934026755926078,0.012816307,2.6350818469793604,93.211586,4.2142105,0.9359169,0.46492356,0.44516023982165664,0.47564077485911005,0.36696556498063565,764.9264957854666,1.3134074796570332,12.163201,0.8990421,9.434462,AstroSpectroSB1+M1,marginal
6799308373489765888,AstroSpectroSB1,310.81411061843147,-26.00487386969153,18.92085555708563,-35.091779399778105,248.57544983923998,889.5322037640616,9.203575,0.26563569496011896,0.019719623,2.5702925106723393,53.944736,8.928496,0.93876034,0.43406168,0.4364985324508028,0.46497334170657745,0.3604747973207767,677.4135802538002,1.3131301610912332,11.958205,0.9041414,7.2020745,AstroSpectroSB1+M1,marginal
1863323530769470720,Orbital,310.56201082775505,33.690277447207386,75.2206190466369,-5.2392555228885325,209.2057905576404,879.5566548328045,4.9634705,0.48723867114816644,0.010856773,3.182023520823649,124.040794,3.1873531,0.8395395,,0.43574543979373437,0.5190290931116659,0.39277843994995165,670.1902989564228,1.3123983683476075,12.320756,1.1245279,13.275182,Orbital+M1,marginal
3456282331961102208,Orbital,87.00851943575286,37.25345022733087,173.13525636258805,4.734385505521299,228.03929062344466,1010.0583686843393,29.26429,0.572101236543144,0.019948857,3.091277668642737,32.522934,9.879702,0.9497798,0.59012556,0.4471151252198879,0.4707566124363177,0.3640009825310746,785.8398736456131,1.2853233878277865,11.453209,0.95912933,6.5258236,Orbital+SB1+M1,marginal
4379894059463653120,Orbital,256.7152421811085,-1.65541321519617,18.76237296215945,22.260689195131125,82.99030708724088,948.7695482494859,38.374557,0.6261928715328742,0.007067486,8.256141959279253,30.021782,7.9263253,0.90629447,,0.44268447931208227,0.4884554594298791,0.374686235530347,739.0649258020622,1.2837431667046626,9.560678,0.92141056,13.940885,Orbital+M1,marginal
5040422023419930624,AstroSpectroSB1,20.805589105459106,-24.6316949432019,195.4491820455881,-82.42937436969002,219.8933176527667,921.1946723883315,12.952987,0.2097889959654214,0.016894812,3.1343985654158217,110.03865,4.1338005,0.85040075,0.33529472,0.44116774254652275,0.5187762883437628,0.3926306920401839,723.5605531077653,1.273141091553026,12.213175,1.0610037,10.628266,AstroSpectroSB1+M1,marginal
1048563493056817408,AstroSpectroSB1,154.9511699602912,60.748066779108804,149.48775833198007,47.8136944475679,212.9274538161453,992.687213002379,14.392249,0.404383075396543,0.009302194,3.0871223049238203,49.6745,6.4926143,1.0755587,0.28587362,0.44663229086185857,0.4152560957104856,0.3294271028952242,780.6336570085582,1.2716428558902066,10.541095,0.739892,11.853809,AstroSpectroSB1+M1,marginal
184695452135671552,AstroSpectroSB1,76.56538938861286,33.535477042650655,171.47964863402703,-4.399565854430986,199.68811069679515,989.9356339580394,39.67069,0.5074007197766901,0.03254824,3.5651318233379383,36.02624,7.867953,0.901384,0.5216633,0.4469799816030627,0.4958818700816936,0.3791229118366552,784.3799589150293,1.26206135522297,11.778218,1.0478172,7.560923,AstroSpectroSB1+M1,marginal
5842411856339091968,AstroSpectroSB1,183.7235010027336,-72.77310339690551,300.19427593942254,-10.095884700405916,164.4750008634889,922.1105658946507,9.089545,0.38630911649680694,0.011843854,3.98552647980363,113.8576,2.9812248,0.95783275,0.27207568,0.4425404094119224,0.46202263153113887,0.35866900869315976,737.581209215703,1.250181748630994,10.195912,0.86434174,10.587033,AstroSpectroSB1+M1,marginal
6351963683951356288,AstroSpectroSB1,343.9650415984287,-79.74821817276597,309.03163381547216,-35.971346475377125,233.07999537864058,936.2936651758309,15.993037,0.19570374108001704,0.016934237,2.9804979890238696,52.89419,3.7456644,0.8649541,0.49104694,0.44375247235541576,0.5130358538022985,0.38926758204521245,750.1362746519418,1.2481647626096537,12.41634,1.1486397,12.749109,AstroSpectroSB1+M1,marginal
6563104271926037888,AstroSpectroSB1,323.1767596843246,-48.15793313655078,350.42295987571634,-46.37183482482298,241.63727269065365,1009.2525112022721,32.0004,0.8184824677618788,0.03230682,2.897808985869529,11.641683,1.8835919,0.970921,,0.4492931843491333,0.46274948591587406,0.35911425288921306,809.6616783317094,1.246511398787967,11.316044,0.8288269,5.6150894,Orbital+M1,marginal
1342647149422531072,AstroSpectroSB1,266.0464520290649,37.53355373212423,62.89494092212964,28.811997186414683,176.40985636542524,908.8453259880137,6.964282,0.24014278573333997,0.010061217,3.883378470495909,85.23157,2.4767559,0.8490487,0.30712524,0.44244714756518755,0.5211092850839767,0.39399302482702664,736.6219798263427,1.2338015303348298,11.794018,1.0287771,15.273104,AstroSpectroSB1+M1,marginal
4253044876140607744,Orbital,279.48853895906166,-6.467733540161514,25.641845404415427,0.03636147092345367,291.2123334227229,903.7171108989594,69.39074,0.6870730577579436,0.041592464,2.1395613891137053,10.467189,4.8075733,1.0374793,,0.4422839128914196,0.42630626057778254,0.33644430773966666,734.9453920037726,1.2296384476063502,12.546916,1.2721577,5.0583634,Orbital+M1,marginal
6593583941134671360,Orbital,336.73465434443693,-40.376945151155994,359.54723910333274,-57.46147745083008,266.64154268463943,944.7156447043285,38.582874,0.5410159581421679,0.031863317,2.3440895920262874,22.80843,10.975856,1.1120394,,0.4457617335794052,0.4008506486436262,0.32017545373986916,771.3145957545273,1.224812352708267,11.091488,0.707881,4.8592877,Orbital+M1,marginal
3040164326710070784,Orbital,115.34072718629862,-10.801382627397652,228.29960216834183,5.93976219637432,267.16322564800294,846.746191260058,18.713339,0.5132313931253959,0.052175794,2.1666957332701,22.309538,8.155077,1.089021,,0.4382766970974197,0.402450191670944,0.3212086073688924,694.709179566471,1.2188498672040937,10.792638,0.7824478,7.1016874,Orbital+M1,marginal
5522883636881895168,AstroSpectroSB1,127.11186752700739,-44.86492135164626,262.57947659575854,-3.5869594806359393,246.8944254257563,866.914886915353,29.377218,0.5784808041783893,0.022069827,2.6652354630116384,27.979689,1.5594826,0.8598309,0.58106023,0.44060402897248413,0.5124310149943911,0.3889123111850245,717.8631113605219,1.207632587879244,12.375086,0.9738312,7.7725863,AstroSpectroSB1+M1,marginal
2789534843041237120,AstroSpectroSB1,14.323145939828828,20.424412854248718,124.79027872015746,-42.42621083093949,207.15709842137693,890.9506268608002,30.682037,0.16844645039237288,0.033929046,2.4593120015551024,14.813966,2.0654666,1.5377984,,0.4435129742873849,0.2884077476824747,0.24357798743038603,747.6423727975015,1.1916802194170362,8.879859,0.53408337,7.0270357,Orbital+M1,marginal
5886612528710410496,AstroSpectroSB1,227.85480159508003,-55.46250467587633,321.92053552778094,2.1621649914382437,229.40602814208393,913.0485440415598,21.726904,0.7195847967640084,0.0145918485,2.994784231069047,38.149086,3.0339413,0.8598673,0.41840565,0.4455115618854302,0.5181166616779973,0.39224504018172707,768.6526543836825,1.1878558394801306,12.454224,1.1650515,7.7096395,AstroSpectroSB1+M1,marginal
4726088283448415616,AstroSpectroSB1,40.340071716136976,-59.44419159527959,280.22968456444397,-52.56674345091383,212.95580501077018,923.7228262564945,14.056271,0.2189753900362565,0.009916615,3.2420244288386835,55.833164,3.4093802,0.86886615,0.44438925,0.4465191913608819,0.513910219216771,0.3897808575581092,779.4180360159503,1.1851442789009197,11.95619,0.9996805,8.924526,AstroSpectroSB1+M1,marginal
1035508785341873536,Orbital,126.73575720925678,59.14514139978606,157.94781428582863,35.183684911678554,124.3078634086559,907.2002801572706,8.806254,0.539896553331777,0.011189823,5.413692706530054,97.693634,12.977941,0.89332,0.5684269,0.44578659678275884,0.49902228182451713,0.38099084986273934,771.5795428023257,1.1757702606556668,10.940819,1.136117,12.60441,Orbital+SB1+M1,marginal
5629174048714247168,AstroSpectroSB1,135.17729947041914,-31.220041587057697,255.75491639052626,9.819725704644412,80.74107953097173,897.2547081307505,7.5064225,0.7097685107379547,0.0050931415,8.391032719311665,106.77926,1.040735,0.8649728,0.44627407,0.4456732407395456,0.5152453997242497,0.390563937231469,770.3721732056551,1.16470290508692,9.950701,1.0284252,15.982518,AstroSpectroSB1+M1,marginal
6895852160195614976,AstroSpectroSB1,319.78767169087786,-9.167295662037034,42.19219373302324,-36.908117441150935,116.5079174630809,844.2466939476438,7.1329875,0.2950410391890699,0.015507066,4.81948347022314,182.71332,1.3226923,1.1703609,0.44856045,0.44157152963492086,0.37729517538353274,0.30478709012559735,727.6631928337512,1.1602162954812645,8.900873,0.6768999,15.345526,AstroSpectroSB1+M1,marginal
3905736541931371136,AstroSpectroSB1,184.10121694822243,10.573017728096545,274.77966328448247,71.50368205561405,267.3136528061543,856.7358263701886,16.485056,0.8180864579259971,0.048408274,2.453408477951737,18.459532,3.0563016,0.8590524,,0.442958382528702,0.5156360338321866,0.39079288184773997,741.8921435601573,1.1547983541905766,12.7055235,0.9693384,2.9180276,Orbital+M1,marginal
4947808926358257792,AstroSpectroSB1,43.9250815921218,-42.80642553865711,252.9805383539698,-60.35975070451194,241.37094382789675,882.0765301294825,14.232608,0.4587844182757637,0.017128848,2.775006374807272,98.499016,3.914312,0.8630088,0.3907441,0.4450689770330193,0.5157177754075679,0.3908407800981215,763.9608558866843,1.1546095893953996,12.304594,1.0351686,10.720795,AstroSpectroSB1+M1,marginal
3205080690546176,Orbital,48.55901756937169,4.907504504471988,175.49665041270381,-42.92896399365205,272.3915899321418,879.2231070643085,64.435555,0.5506942175935865,0.08166363,2.4739058833301213,9.038971,7.049996,0.84627104,,0.4448526583697674,0.5256621559352421,0.39664421949532935,761.6758026816902,1.1543272137158098,12.8558,1.1378756,7.350863,Orbital+M1,marginal
1601547473084009088,AstroSpectroSB1,232.32787349791369,56.761871562973305,90.6463273108497,49.2855538883736,114.06742996726943,892.1720229501619,6.3199253,0.18335666972816925,0.006359334,5.775957203978581,110.809204,8.461398,0.91697425,0.44778755,0.44670593878509957,0.48715210976665413,0.37390475947187074,781.4260352434528,1.141722930529447,10.3245535,0.9880123,13.645337,AstroSpectroSB1+M1,marginal
1187599762045187200,AstroSpectroSB1,225.97356366820492,16.99250093759817,21.552013201739758,57.79602516921629,78.06892766719224,861.0716776187371,10.2367325,0.4704526640692608,0.0097153615,8.520166960199052,49.50203,5.9981494,0.84526783,0.43698785,0.44507119539583523,0.5265445795987906,0.39715693647185674,763.9843168510234,1.1270803060040375,10.364108,1.2480221,31.899078,AstroSpectroSB1+M1,marginal
6864071944829200512,AstroSpectroSB1,299.21544264990274,-23.01783297210451,18.345420389986998,-24.140024741348945,59.23239559582582,850.0461668888034,3.3594851,0.6757093265998351,0.011989632,11.197339584929159,74.13586,1.7859598,0.8327384,0.49984536,0.44460952029153356,0.5339125955468029,0.4014237749528253,759.1137953324461,1.1197875366189787,9.502815,1.0750809,21.17722,AstroSpectroSB1+M1,marginal
1365822277556118016,Orbital,258.2082550378159,47.396292575696314,73.47921469995819,35.93789565988333,225.57776111624287,873.5317512073127,8.1049795,0.18754706150020728,0.017355133,2.9684679290432356,75.396675,13.119107,0.8581037,,0.4472118936417066,0.5211629987540758,0.3940243600590283,786.8865307736725,1.1101114545046922,12.372523,1.1111507,14.573396,Orbital+M1,marginal
5367161935343422976,AstroSpectroSB1,159.60729279555557,-43.589973483778536,278.87981877964563,12.98340524387394,264.0827392488247,865.8549748325802,28.283916,0.6749875862180046,0.018717052,2.408670067731032,31.952763,4.877618,0.9547669,0.4216718,0.44842799042374837,0.46967273031036494,0.36334143021356846,800.1326259153959,1.0821393188935324,12.059946,0.86650753,4.78189,AstroSpectroSB1+M1,marginal
6159381507926707200,AstroSpectroSB1,193.29421975738614,-33.32625274304017,303.34945886921525,29.544087451776306,249.54471603991834,853.874343898009,19.276724,0.7969591122798592,0.06670105,2.3869582082027234,8.134458,2.0981991,1.0812819,,0.44907539311535,0.4153175901185244,0.3294663433567624,807.2547061494716,1.0577508404638587,10.956194,0.7475929,4.083349,Orbital+M1,marginal
