source_id,ra,dec,residual,alpha,alpha_upper_2sig,deficit_G_mag,dchi2,chi2_fit,cstar_nsigma,ruwe,A_0,l,b,A_0_d,sfr,simbad_id,otype,sep_arcsec,known_contaminant
830429319639671424,158.90446874005286,45.65547051841584,0.3788792609276168,0.75,1.15,0.99636686,158.75653,6.221405,2.48300402269153,1.0466341,0.0352638444592516,169.30676098894995,57.3619204765527,0.0352638444592516,,,,,False
5736499440279539072,134.00630390582512,-12.741901483064591,0.283398426237289,0.6,0.95,0.9536595,161.5938,7.3126526,1.6403384193729915,1.068071,0.069734479520409,239.9864604789918,20.3909020283502,0.069734479520409,,,,,False
1152143982383652992,103.62118499113592,87.26881976562126,0.2490211157264523,0.55,1.05,0.69227517,88.45009,3.187729,2.895501124112219,1.032878,0.03172206530193,126.00081789080814,27.1311992155496,0.03172206530193,,,,,False
6406694486563875328,338.2702198770458,-62.04903559455184,0.5343864816614508,0.7,1.4,0.67429185,75.20022,8.617455,0.4741533772611674,1.074289,0.052276697429592,326.4913755389219,-48.26311200030074,0.052276697429592,,,,,False
1697698631061274752,231.9305563892932,74.39696952240189,0.2565618847219353,0.7,1.4,0.65550977,71.069244,3.9401703,-0.0264410930492584,1.0209457,0.0481880098797105,110.3887257693232,38.6841543347461,0.0481880098797105,,,,,False
6892055679689830912,319.2492174351999,-11.994093344983693,0.4622237777929818,0.7,1.4,0.6539523,70.73192,7.5475693,2.189576286726823,0.9948077,0.0721292302455887,38.70922078829896,-37.67913643732832,0.0721292302455887,,,,,False
4619129716444249600,52.41469824060986,-81.67514831902984,0.3977675980529103,0.7,1.45,0.6335546,66.38827,6.5752945,0.1294930019593897,1.0487176,0.138579522406881,296.5908660158889,-33.403347352029506,0.138579522406881,,,,,False
6186743473259096832,198.7328946297687,-26.46595930719906,0.2708829949310489,0.55,1.15,0.60975695,68.62056,2.3331757,2.5050508556950324,1.1165749,0.1317003310402392,309.442598083369,36.10861160166038,0.1317003310402392,,,,,False
5018212236432844032,26.224698212525464,-33.664715705462285,0.3005417841227649,0.7,1.45,0.603857,60.310303,3.3001099,2.7401891378999417,1.1372896,0.0391754292802244,245.75851830465712,-76.76466024157682,0.0391754292802244,,,,,False
4923627848164781440,1.50344412387599,-54.89148890490176,0.2254664012888838,0.7,1.45,0.5912357,57.81554,3.3064995,1.1293010378871535,1.0721205,0.0430136852463696,316.45257156789097,-61.02831566700113,0.0430136852463696,,,,,False
1342915228398438144,266.479385709549,39.3021348945483,0.2997200728401274,0.2,0.75,0.58649737,86.36383,5.6325455,0.94179486829629,1.0258024,0.0533254568411394,64.9492634187435,28.88414200792812,0.0533254568411394,,,,,False
6453228052034681984,319.43215211130683,-59.193152224252174,0.3700450741344925,0.55,1.3,0.5783047,61.724026,6.988415,0.5034347826582055,1.0624199,0.0521701605007199,336.26930053864334,-41.54672754314188,0.0521701605007199,,,,,False
1775646240169637248,330.05296506080884,16.506319673646345,0.2678351720222744,0.4,1.1,0.57718503,69.52526,4.7147903,1.0527221248074523,0.97916216,0.1403492729944553,74.29324605852902,-29.767303409461203,0.1403492729944553,,,,,False
990017488175200384,107.6861477216445,57.7265582183199,0.4284779980870619,0.5,1.3,0.57610893,63.722538,8.872753,0.6212899985064098,1.029224,0.114029188723154,158.94385136579191,25.18385092890631,0.114029188723154,,,,,False
6683613671205885952,297.13020264907664,-46.06354044919311,0.3834317949893417,0.5,1.3,0.5642569,61.127636,8.406948,0.3405311509570013,1.0374701,0.0572131490853495,352.9996710966945,-28.72336791053217,0.0572131490853495,,,,,False
4672745270669108352,56.80854241598629,-64.60190841697596,0.264734370620868,0.65,1.45,0.5579276,53.32417,3.2957802,0.0667640910370961,1.0389589,0.1308632309006173,278.75854935522034,-43.372211889337535,0.1308632309006173,,,,,False
979747568535384704,108.93077734422307,49.52452795590779,0.3704058615468479,0.4,1.1,0.5531889,63.864487,6.6126633,2.7497298000392187,1.019523,0.1392478745793165,167.9224916789773,24.07685615432564,0.1392478745793165,,,,,False
1349070290194197120,266.0332979160628,43.55368113804302,0.2497275322424634,0.6,1.45,0.54904634,53.561905,3.847725,1.8099132527569055,1.0311245,0.0807925031244655,69.65863876829626,30.05929712386036,0.0807925031244655,,,,,False
2424133009911429376,3.884875102001391,-12.916963717499964,0.0711758510638267,0.05,0.5,0.5467221,87.564835,2.8406143,0.4546724791783291,1.0619694,0.059769380958106,90.58227474506874,-73.49140413316748,0.059769380958106,,,,,False
5065568099161759616,41.50592051906575,-30.51625677795294,0.1131094524858564,0.6,1.35,0.53672874,51.185593,3.242073,0.3280076569636431,1.0045412,0.0615505725313816,227.48032197708852,-64.74295127230414,0.0615505725313816,,2dFGRS TGS393Z045,G,1.0229098797469276,False
373963322154970752,14.53940741126795,39.88682811035108,0.1620513475966198,0.65,1.4,0.5335018,48.75736,3.3843498,0.3532662438275569,0.9911857,0.1100976933845336,124.33186363355908,-22.966655619375395,0.1100976933845336,,,,,False
558046101498135424,83.48645357563649,82.40040465494216,0.4133751783873549,0.45,1.4,0.52063596,54.217728,10.560364,0.9890683357984328,1.022986,0.0236230452562595,130.80538843627784,24.38936641817657,0.0236230452562595,,,,,False
4822853965347715968,81.93191184420007,-34.91441538181357,0.3372082624287218,0.25,1.0,0.50947195,62.085606,7.654232,0.4631789690176652,1.0418234,0.0378532256930865,239.06889408270277,-31.44351562826201,0.0378532256930865,,,,,False
4552848303667056384,267.67814542649603,21.15775842145061,0.3529895126012761,0.45,1.35,0.505591,51.129517,7.188839,0.3836391031935833,0.97469187,0.0872586467101926,46.05737805838251,22.453654887697333,0.0872586467101926,,,,,False
6808825539979798144,313.44176307309465,-21.306068546548,0.1368239013767915,0.45,1.15,0.5035106,50.70961,1.9282303,2.973781318016545,1.1316386,0.0892639067441607,25.31631233243504,-35.98246704015669,0.0892639067441607,,,,,False
3971426207001885568,166.07624166844096,17.026669477965545,0.2564273805957491,0.55,1.45,0.5032381,46.7399,4.364933,0.5203813044291843,1.1925895,0.0400244007020767,229.55299313985836,63.27858440356125,0.0400244007020767,,,,,False
2901794018166203904,82.59744574223836,-32.57742065519771,0.3259016140532491,0.25,1.05,0.49729618,59.153515,8.495045,0.2776057438431521,0.98442256,0.0384553583521975,236.57854892045876,-30.34739023120107,0.0384553583521975,,,,,False
3874290681174749184,150.83779885734333,6.8135497102460185,0.1810341957278805,0.4,1.15,0.49670097,51.48759,2.85001,0.2340268119602113,1.1511037,0.056566994550974,232.0780513772048,45.28314484648035,0.056566994550974,,,,,False
3675773272664677248,193.32958128513528,-6.844711474618765,0.1774173553724392,0.45,1.25,0.49487868,48.985832,5.212967,0.570307849839329,1.020591,0.0602803631972567,303.7671452470863,56.02398901003502,0.0602803631972567,,,,,False
4461433841785065088,251.9779107587348,13.84132017530437,0.0409854317581732,0.45,1.15,0.49255323,48.526543,2.8502426,0.2678408174297771,1.0495574,0.11991636647221,31.94677470681396,33.54708479140663,0.11991636647221,,,,,False
3533223170673413504,172.24590464134968,-26.327733511436765,0.2717383054394435,0.2,0.9,0.48356888,58.710594,7.3686905,0.4093826784946386,1.0427886,0.1145412780689311,280.8355575220401,32.98163380505292,0.1145412780689311,,,,,False
922602371530515968,119.47369049575086,42.89300911669871,0.3863149015718932,0.25,0.9,0.48277032,55.748272,3.1985893,1.0539799060740145,0.9827415,0.0332593600639578,176.922631062396,29.78777545826015,0.0332593600639578,,,,,False
4457737146248671232,239.55389088706076,11.608885800688068,0.3524516128850194,0.4,1.25,0.47983688,48.05071,5.524822,0.7766900753001544,1.024622,0.0651604275866368,22.80917303797425,43.60667405681135,0.0651604275866368,,,,,False
3075556987527603072,132.83185252490958,0.8949842039053044,0.4217063542337147,0.3,1.2,0.4780361,52.152187,10.294819,0.186346897823528,0.95683724,0.0491992631612517,226.80194247525907,26.852194540068098,0.0491992631612517,,,,,False
4870395130145121664,64.0183133404036,-34.33786977993846,0.2505135386138173,0.5,1.45,0.47792298,43.85303,4.19804,0.246818377352741,0.98881286,0.0459731298292442,235.39228002208495,-45.89794981515763,0.0459731298292442,,,,,False
6710830535364373760,285.0152404913157,-45.87406631376722,0.2374825434193423,0.4,1.3,0.47519234,47.125,4.520813,0.1041019768276975,0.9966995,0.1141908665632055,350.91147526249745,-20.52517631784744,0.1141908665632055,,,,,False
6673595020035129984,300.3821666081269,-44.704476015986735,0.3994146564755327,0.5,1.45,0.47293788,42.942966,3.488926,1.2442117547742884,0.9255051,0.0732867444690405,354.98670062705685,-30.74469102094457,0.0732867444690405,,,,,False
4881021635150542080,71.9903414585108,-27.03139209095519,0.4481400652989293,0.25,1.05,0.47180596,53.244797,8.147305,1.4592677877971232,1.0265898,0.0592685348032332,227.315991058195,-37.87822544459989,0.0592685348032332,,,,,False
4622814970182792704,70.74468822504002,-79.4151537544099,0.3288106410630966,0.45,1.45,0.46849698,43.90223,6.6968765,0.7853953069907402,1.0437837,0.0188685140134934,292.31895710157687,-32.35308062577094,0.0188685140134934,,,,,False
1214923278830693248,228.85761218830692,21.263766711435057,0.3802779081373426,0.2,1.0,0.46554258,54.414993,8.861668,1.6806956438707663,0.99503905,0.1284293054809219,30.733448119268992,56.75993781778305,0.1284293054809219,,,,,False
2336481764010966656,1.7545286413002423,-24.50225700831923,0.330035986333435,0.45,1.45,0.464456,43.14815,4.868973,0.3948321387113591,1.0892714,0.0495347049247724,45.18011290997457,-79.66845896180448,0.0495347049247724,,,,,False
658297372695252864,131.74928212416796,17.18565365614927,0.1517497693433798,0.45,1.25,0.4621828,42.72682,2.2489586,0.820921954629905,1.0189297,0.0438430367322129,209.3403732813059,33.059415003679504,0.0438430367322129,,,,,False
1298158301919293056,248.81878165208929,23.10203868274701,0.3151431769820627,0.35,1.25,0.46149617,46.44523,6.4059296,0.2171670706133833,1.0248814,0.1251032785972827,41.46959291816878,39.58048195219012,0.1251032785972827,,ZTF J163516.50+230607.4,BY*,0.11287475683504213,True
2123039550306406656,272.946436120267,49.33257972457185,0.1083771067739824,0.4,1.25,0.46107686,44.366905,2.5538025,-0.0404294240485615,1.06655,0.0576487854511616,77.115757221524,26.468825023989883,0.0576487854511616,,,,,False
649775676544863232,122.18022903519326,11.807866579974624,0.0690982624879694,0.45,1.35,0.4610106,42.51037,2.1719818,0.2715798297558416,1.1169311,0.0370757543258197,210.79630039857275,22.428813006522603,0.0370757543258197,,,,,False
2253492962810504576,284.87606281362065,63.70987889135328,0.1151463962735377,0.4,1.15,0.46016186,44.19099,3.7506104,-0.5488636653687755,1.0763751,0.0317511428348612,94.1281244106582,23.2626703367806,0.0317511428348612,,,,,False
4224580070580227328,310.4002899835565,-3.503931015754654,0.3842636963538357,0.1,0.85,0.45763016,58.191456,9.3195305,1.6721990676943046,1.1272783,0.0676384022936792,42.93171350894099,-26.015357132842585,0.0676384022936792,,,,,False
6120502982930299904,210.8175604316397,-37.76322551590495,0.3020427027036856,0.4,1.3,0.45754817,43.690414,4.9679604,0.5251097386206307,1.1324562,0.0728985517999303,318.28165664120473,22.958074566529675,0.0728985517999303,,,,,False
4565852498267698304,251.7115662315314,22.01871142028993,0.3521490992911378,0.4,1.4,0.45457307,43.12409,7.556988,0.3209984383571198,0.9786712,0.1063484512045003,41.17990542933982,36.70687045451791,0.1063484512045003,,,,,False
3589325270443238784,176.80119626712406,-7.738272874303501,0.2198715301105291,0.1,0.7,0.44879422,55.966022,3.8003922,2.1723881900555466,0.9891005,0.0432380490070345,276.60913759223786,51.82027299813057,0.0432380490070345,,,,,False
4566918547809795328,259.21110090770514,21.04027739463532,0.0300652094679261,0.6,1.45,0.44541702,35.251015,4.849739,0.0270445389614167,0.9568259,0.0788503175052759,42.80613153049019,29.795257129641858,0.0788503175052759,,,,,False
3491500312171562752,175.48245851318396,-25.306868177070463,0.3609981426793371,0.2,1.05,0.44371277,49.43148,8.676796,1.7752615590775072,1.0290103,0.0816877344689336,283.6980336586772,34.95540418438763,0.0816877344689336,,,,,False
1298091128630747520,249.20741347892564,22.878146047381858,0.3281787160987086,0.3,1.25,0.439026,43.987736,8.238636,0.4449449228182379,0.9993313,0.0916149473850484,41.32803454098728,39.17286799999973,0.0916149473850484,,,,,False
6829877614238086784,324.13663208402824,-20.96698626946012,0.0974088425064474,0.4,1.15,0.4384556,40.120262,1.5591431,1.516989001411436,0.98188204,0.0803178891896597,29.86753554830333,-45.350244674686365,0.0803178891896597,,,,,False
6698149695961692800,300.3614239796629,-35.8229359030218,0.2138753090774834,0.35,1.3,0.43642452,41.535866,10.677551,2.596162018240753,0.9791139,0.0900386380832424,5.01653418728971,-28.94046213574644,0.0900386380832424,,,,,False
2957109451727718016,81.25930069960093,-25.437340152264955,0.2492035871076536,0.35,1.3,0.43544614,41.34984,4.3098526,0.6906569099561087,1.0882771,0.0514023128106322,228.29442371514395,-29.45389925120522,0.0514023128106322,,,,,False
1381823921247136640,242.97900498757232,41.93720197798461,0.2071516891632461,0.25,1.1,0.4352218,45.30765,4.2330856,0.7844209361580147,1.0936563,0.0308567024563683,66.39518447551998,46.82228574113015,0.0308567024563683,,,,,False
1496994534441769088,208.08112193260723,39.63437465342789,0.2205011491544812,0.35,1.25,0.43221724,40.73888,2.7324333,0.4986257897690546,1.1133308,0.0264153577244039,81.47140169739909,72.21830239426421,0.0264153577244039,,,,,False
5469510426185969024,157.6154826273646,-25.45577791175403,0.1049999130620715,0.35,1.15,0.42909253,40.151966,2.9976616,1.0372533683568046,1.02967,0.0806041668317347,266.9938516586108,27.406573778009083,0.0806041668317347,,,,,False
719074939505409280,137.74204852552646,38.68953674865636,0.1546659308931346,0.4,1.4,0.42831343,38.285637,3.3513985,1.3428902509914291,1.0476632,0.0335844002579716,184.07859800165295,43.02503147017416,0.0335844002579716,,,,,False
988337915444889088,106.51672885034392,55.71385869831607,0.3369453752057119,0.15,1.0,0.42781633,48.30696,8.852745,0.914667036460284,1.0688602,0.0885242719825717,160.95520191503408,24.125064942099783,0.0885242719825717,,Gaia DR3 988337915444889088,*,0.3163695985317985,False
6790900438134816640,320.62323457838136,-26.624949551443,0.3344371987393408,0.2,1.0,0.4273859,45.86064,6.3694572,1.3371466671842156,0.97564435,0.0481204059461792,21.00995637596012,-43.75590059345607,0.0481204059461792,,,,,False
2410010332807879296,347.2747663917232,-15.36910735103123,0.1823265509273595,0.45,1.45,0.4266359,36.40724,3.3129578,0.7118452981797826,1.0020664,0.0543907375738,54.033192302432255,-63.49153055804037,0.0543907375738,,,,,False
1125878264503945088,135.246014239407,77.87049851904864,0.327330385898672,0.45,1.45,0.42647305,36.379456,2.975994,0.7123951884424268,1.0604093,0.0322235140069589,135.15916547230003,33.09095929883342,0.0322235140069589,,,,,False
2889062704308974848,90.06446555146208,-35.49957659305665,0.178455292554915,0.15,1.0,0.42516676,47.71046,7.0834427,0.5140733839627564,1.0063362,0.0183462106884949,241.62917832576872,-25.16657740261896,0.0183462106884949,,Gaia DR3 2889062704308974848,Em*,0.29694237793846706,True
1013427293321446272,132.24270746146928,46.164203758594894,0.3735646440613109,0.25,1.3,0.42477652,43.158997,10.784622,0.4800656332176984,1.0183699,0.0832839145629197,174.0284796751517,39.14977534425814,0.0832839145629197,,,,,False
2469429281203400704,15.223214866943794,-12.014999258640009,0.3177493169849681,0.35,1.3,0.42368907,39.147087,4.152088,0.6466924594306231,0.99165547,0.0679326135054147,131.73959202853715,-74.72483143434255,0.0679326135054147,,,,,False
1272944851026721536,235.0577306890557,29.56006398485191,0.3672280248000801,0.25,1.25,0.42356172,42.91249,8.306808,0.5400815244520418,1.0009952,0.0570177832886732,46.89063906707191,52.98330566186296,0.0570177832886732,,,,,False
3792002268879699968,168.65834191643674,-0.3832084539964374,0.3347613822838307,0.25,1.25,0.4226355,42.725018,7.0698967,0.2374855220942273,1.0482502,0.0629884147946112,258.75290814534566,53.969201700608274,0.0629884147946112,,UCAC4 449-051176,*,0.18137087412147876,False
4590734175823879424,271.24922055712045,30.234797604956004,0.2287394041030959,0.4,1.4,0.422346,37.226246,3.443615,0.6585938847987224,1.0818639,0.1163935551907753,56.4823364132908,22.60379030615471,0.1163935551907753,,,,,False
3092215069724965248,126.1820616717214,3.969451215184016,0.1774474939085806,0.3,1.15,0.42095262,40.4406,2.2905235,0.0818819400247611,1.1384524,0.0469804984979287,220.3015494222653,22.52415843634221,0.0469804984979287,,,,,False
813569889374037120,144.8489241476358,41.131639999907776,0.3562149790046227,0.05,0.8,0.42010516,51.70261,8.9687195,1.0918156099076932,0.97670156,0.0451448864776761,180.50393211873612,48.45152818053942,0.0451448864776761,,,,,False
6445700447537507200,296.0325665270442,-59.51293978481155,0.0914982224056828,-0.25,0.35,0.4191899,72.78248,7.3200607,-0.652331817526787,0.99456996,0.031134671022908,337.6017446980636,-29.72528258427684,0.031134671022908,,,,,False
4558138054107824896,252.87094418319168,16.156756782220956,0.3054911330181218,0.2,1.1,0.41895533,44.069202,6.5492973,0.3740170723766819,1.0712987,0.1456549347320705,34.91068191219419,33.6525544717462,0.1456549347320705,,,,,False
1750573969149075840,312.69130365258764,9.546351438736176,0.2419340762641093,0.05,0.7,0.4167568,50.88173,5.539154,2.345967749408112,1.0475594,0.1042402817678848,56.3935767395113,-21.16014354254312,0.1042402817678848,,,,,False
6665523578191725440,301.82515305343026,-52.83721641274765,0.0064641701386758,0.5,1.3,0.4157029,33.177986,11.044674,0.6364722486679049,1.0233039,0.057321146535624,345.6028608912774,-32.55526458196423,0.057321146535624,,,,,False
4777067754250246912,72.8786723937253,-53.90610036831022,0.3160366848063045,0.3,1.25,0.41480282,39.267616,4.1266327,0.04558353279554,1.0407813,0.0302884661947543,261.83066826968883,-39.0838735571845,0.0302884661947543,,,,,False
6484675287180344320,315.1407781688413,-44.24870309865372,0.382198728857297,-0.35,0.25,0.41311583,80.15366,9.97171,0.6128445102852119,1.0187907,0.0680285440971458,356.52712412756665,-41.19738097011679,0.0680285440971458,,,,,False
3991773047631016192,167.68877786929198,22.41039104303026,0.1572191881698303,0.35,1.3,0.41158348,36.942036,2.596096,0.7036215480340269,1.001674,0.0304426896884121,219.06081997955212,66.70560364193834,0.0304426896884121,,,,,False
4501136759982716928,266.1415360600246,15.418525196601404,0.2504384171701463,0.35,1.35,0.41091296,36.821766,4.20187,0.2227978251788062,1.0542029,0.1137444222083875,39.73675594666655,21.594279639419323,0.1137444222083875,,,,,False
1372138426397208320,240.70906875457567,35.58520493447224,0.3173086656281834,0.3,1.35,0.41006345,38.37543,7.965069,0.177211685705198,1.0670689,0.0554906241921313,56.979240274011374,48.68220275175592,0.0554906241921313,,,,,False
6122517837985435904,211.03782492185223,-33.85530687361744,0.3711668860443682,0.25,1.25,0.4093115,40.07359,7.2924843,0.3879981753241366,1.0411531,0.0930523634186464,319.77881396930616,26.62650943562744,0.0930523634186464,,,,,False
6119125019987274880,217.2583904114269,-34.998803644707934,0.2807553309930357,0.3,1.3,0.40834537,38.054535,3.8621216,0.5455048365926798,1.0763342,0.117437979334865,324.62495997850374,23.72845387106993,0.117437979334865,,,,,False
1651980112944580480,256.0875782709884,71.83352213593511,0.5076984262896893,0.05,0.85,0.4072771,48.593307,9.756023,0.7758904034190028,0.97182447,0.0519019892417544,103.32885232968938,33.93437372448979,0.0519019892417544,,,,,False
4757816993572635008,82.60768794234683,-62.028410356934906,0.2746590075570116,0.1,1.0,0.40560725,45.713173,7.5959473,0.569106843114753,1.0254234,0.1124957690064789,271.21416166800924,-33.17576851934975,0.1124957690064789,,,,,False
5128173226094752384,44.47093564156172,-19.10772672771928,0.2775983701524573,0.2,1.15,0.40559015,41.30233,5.3570824,0.5689625478390395,0.9756278,0.0627388765324596,204.2534656866545,-59.93289515400187,0.0627388765324596,,6dFGS gJ025753.2-190628,G,2.5333188314690696,False
4897971912562287616,66.62771661798735,-23.550907544130933,0.3169101640571794,0.25,1.25,0.40527976,39.288017,5.5055313,0.9495066076437372,1.0291559,0.1015887910447497,221.2828879429179,-41.63701636876954,0.1015887910447497,,,,,False
6571067867143999616,328.77712333580325,-43.473042149507926,0.1773246991731509,0.35,1.25,0.40484798,35.74283,1.7292366,2.4312600463067677,1.0283338,0.0281593411077399,356.3556098692038,-51.0479400322366,0.0281593411077399,,,,,False
3178577103882755072,66.66728202672607,-12.347975056124108,0.2306772031626973,0.1,0.9,0.40381792,45.31074,5.1269646,0.0223626627111063,1.0760134,0.0837176526598808,207.6628907625937,-37.653764706448655,0.0837176526598808,,,,,False
4790556910793188480,69.58516942039152,-44.45814176834906,0.2559176833027807,0.3,1.3,0.4034363,37.14506,4.730297,0.7233777206315786,0.9656844,0.032758038995774,249.63024900335623,-41.90432281585164,0.032758038995774,,,,,False
3624055372430253184,200.812968658964,-9.442131996067255,0.3134486528436921,0.2,1.15,0.40335858,40.84909,6.689625,0.9950822800534794,1.0669236,0.0547261174738667,315.9263944320148,52.62509012769711,0.0547261174738667,,,,,False
2916553175065226496,90.46607020277432,-22.627404610208742,0.2818087798570055,0.3,1.35,0.40300995,37.066593,5.2405586,0.1545089379437726,1.0277902,0.0406519518784819,228.5538235355961,-20.593947968359533,0.0406519518784819,,,,,False
879705926101025664,112.67198355123008,30.138444033575745,0.1379335314626031,0.25,1.2,0.40294215,38.836105,2.9223442,0.0993130337391403,1.006672,0.0503400385473517,188.91833180532203,21.107374063808123,0.0503400385473517,,,,,False
2108096568812079360,274.8230307084823,37.64401119886398,0.1808562044058215,0.35,1.35,0.40140033,35.136654,3.7756157,0.3422690987948065,1.0394392,0.0435085685656548,65.09775339087416,22.148873904522496,0.0435085685656548,,,,,False
6381951901526400512,337.9353346139374,-73.55760908726242,0.2277596257643095,0.3,1.25,0.40127638,36.748394,2.5308914,-0.2996321056725211,1.0399904,0.0790094522205378,315.1590779937525,-40.08188049286526,0.0790094522205378,,,,,False
6626730261046834944,335.3751491938113,-23.296706910393965,0.5162391682703635,0.15,1.2,0.3992673,42.07484,10.751492,0.2041936715588053,1.070193,0.0519148444488334,30.918209979546532,-55.99434988403116,0.0519148444488334,,,,,False
4943871025463563136,31.8573004519936,-45.91536652714365,0.3424698822842673,0.25,1.3,0.3987899,38.039837,7.8321724,0.1477889273082383,1.0552497,0.0416339727239864,269.21174009848124,-65.92263441083117,0.0416339727239864,,,,,False
2358754090018774656,18.340392393387575,-15.894860312893725,0.4257596637569474,0.25,1.35,0.3985424,37.992634,9.053284,0.4861266137201249,0.9952434,0.0358239247624655,148.40792298685196,-77.66852747508894,0.0358239247624655,,,,,False
5471523975573696128,160.74177628651938,-23.539129455340348,0.407577410739961,0.15,1.1,0.3984321,41.899,7.2146034,0.7394177221064083,0.9866399,0.1108504508170444,268.44329793105607,30.5938838094771,0.1108504508170444,,,,,False
5004806161737193344,8.05930432537672,-35.86595133300915,0.1630889827476274,0.15,0.95,0.39804313,41.81723,2.161808,0.6329018359249075,1.0213468,0.0372582907013816,326.8075427154384,-80.3549049528325,0.0372582907013816,,,,,False
1028310969908786176,125.31218101661166,51.26116177568599,0.3306752428889776,0.25,1.3,0.39731315,37.75863,5.394863,0.6820496544755628,1.0387796,0.069706136141284,167.59296423522133,34.6368487696547,0.069706136141284,,,,,False
1175763141415142272,216.1942891554484,8.284677119295964,0.3953592461494892,0.15,1.15,0.39602908,41.395123,9.545757,1.444092748373916,1.0913088,0.0533071206783064,356.8081993766788,60.97024378085096,0.0533071206783064,,,,,False
1214778899210166656,231.8157739998856,22.53449799789172,0.3254284945562773,-0.1,0.6,0.3931642,53.521492,8.708534,-0.0604992608338509,1.0795001,0.1170140773068637,34.27022280628781,54.48740897920529,0.1170140773068637,,,,,False
5455471311968338688,159.3225751228135,-29.2003362571754,0.1532666046953572,0.25,1.1,0.3930783,36.957993,1.6427383,2.572297418307248,1.0479665,0.0701866268315351,270.7368314467921,25.15704954693645,0.0701866268315351,,,,,False
4766789077172833152,83.85181118038956,-56.32907548742699,0.1739848038826092,0.35,1.35,0.39166927,33.453686,3.1032639,1.9751615525948076,1.0472047,0.0491163461978961,264.4040166928949,-32.69679012085864,0.0491163461978961,,,,,False
5671718860870326016,147.63781328152248,-18.34264394872397,0.0422080008476051,-0.25,0.3,0.39099395,63.320633,1.9789352,-0.0885309595466115,0.9735285,0.069135891992755,253.89501900427035,26.84181764550613,0.069135891992755,,,,,False
2266827290075117056,271.538468034241,72.58670338632248,0.3078698121543874,-0.05,0.8,0.38943937,49.59792,7.2729454,0.2371215414719692,1.0808854,0.0387150792911997,103.29537076770896,29.16789760983439,0.0387150792911997,,,,,False
4799546483502321152,81.7789151936978,-44.66456523056416,0.1693766899951807,0.2,1.05,0.3889067,37.974373,1.9252472,-0.1664030604977589,0.99006736,0.0368178915285297,250.418211726132,-33.24430800246445,0.0368178915285297,,,,,False
751570004935632128,160.2536930115087,36.25590240188882,0.398306288787297,0.25,1.3,0.38769868,35.953316,5.886772,0.5457442587633011,0.9895859,0.029023021918977,186.4384084022175,60.95407380291305,0.029023021918977,,,,,False
6397353138853851520,326.08789175250433,-66.72993542124271,0.2724307909927832,0.15,1.05,0.38625205,39.376453,4.984047,0.529071767106777,1.0022079,0.0577694281207421,325.45345709967177,-41.27754343545748,0.0577694281207421,,,,,False
3822280654445030144,149.76526221193737,-4.467316236779206,0.2815087735690849,0.2,1.15,0.38538674,37.29008,5.214279,0.2702758104842687,1.0619471,0.064766494933627,243.43632564702227,37.76366923414767,0.064766494933627,,,,,False
575588908303026432,31.76620635077425,87.31715136654023,0.1014240780862039,0.3,1.35,0.38409373,33.66864,4.327919,-0.0291784051443453,1.0248134,0.0241048462966102,123.88761385282788,24.586937624111314,0.0241048462966102,,,,,False
6289338903246666112,211.30210855425733,-21.32070804317589,0.1004399376295772,0.3,1.2,0.38300818,33.4786,1.7888451,0.3519592061501319,0.95228815,0.138601170846213,325.0104289888254,38.36773329595175,0.138601170846213,,,,,False
4879649513358392704,70.257696556991,-27.353127565251548,0.2224997064773992,0.25,1.3,0.38257793,35.009842,4.1782722,0.2135115521384071,1.0615449,0.0721385186543476,227.23101630030783,-39.45118626208191,0.0721385186543476,,,,,False
1381580104543896192,243.0077043854413,41.26025369086887,0.1424732227479266,0.4,1.4,0.3824215,30.520882,1.8905716,-0.0416614876479743,1.0464449,0.0315532802493744,65.40549869765177,46.838214975201886,0.0315532802493744,,,,,False
6178849151570332672,208.68492695887284,-25.22736038063869,0.0776271319807113,-0.25,0.35,0.38177177,60.36884,2.9098282,2.9127003943816088,1.0669956,0.1360917169316803,320.5639931697321,35.46762962350869,0.1360917169316803,,,,,False
583974127573313408,137.2346971850284,7.113379630737264,0.0645897739960208,0.3,1.25,0.381684,33.24751,2.009285,0.6565030972635874,1.1252044,0.0534285165869847,222.98948983720004,33.71722146566712,0.0534285165869847,,,,,False
1527638988659558016,194.4959165481129,41.62956315418801,0.3738306203329253,0.05,1.0,0.3815758,42.65383,9.942383,0.4707018754862539,1.0106612,0.0274954423804111,118.06225836307428,75.4367369158934,0.0274954423804111,,,,,False
6151688633089191936,185.1203409548765,-37.30559768126124,0.0856967121989544,0.15,0.95,0.38083485,38.279686,2.0901947,0.2475832265032958,0.99324125,0.1194974733197183,296.1357258749679,25.157302177273507,0.1194974733197183,,,,,False
4641260136731875328,50.75716844461152,-74.31637643032613,0.1712537199347616,0.1,1.05,0.38073006,40.277664,4.9644623,1.102548951191905,1.1200885,0.0184337644284396,290.6008132662389,-38.96575814066316,0.0184337644284396,,RX J0323.1-7418,Er*,0.5384825557888315,True
2598622408567591040,335.13894000229527,-16.42113427230676,0.3196899759244394,0.2,1.25,0.38072518,36.393425,6.750244,0.8865874981058633,1.0320188,0.0689341693802809,42.06792981664671,-53.53047660044175,0.0689341693802809,,,,,False
368188068610363008,9.628169590653396,37.43929516677418,0.3228605742088852,0.1,1.0,0.38027698,40.181854,5.2071075,0.7488837160718298,1.0311984,0.1377900858383559,120.09297499064807,-25.36119697267321,0.1377900858383559,,,,,False
4727308947514100864,47.54194165190394,-57.51558162395067,-0.0193659947815882,0.45,1.4,0.37970468,28.837986,1.5204048,-0.0744783959797786,0.99862444,0.039905266135372,273.8446603679687,-51.050116733587366,0.039905266135372,,,,,False
2242090889792135936,292.3532360659053,63.5881104925377,0.2768397928762276,0.25,1.4,0.37954387,34.456745,6.2433014,0.223017562025654,0.9976032,0.1158386130662905,95.08705223456658,20.06527990806684,0.1158386130662905,,,,,False
5083009686473422592,60.5575260951481,-24.820723404112066,0.305364981760742,0.15,1.15,0.3790017,37.91206,6.5154457,0.8036186013492403,1.0902128,0.0690030275045902,220.99143083048185,-47.31370794756284,0.0690030275045902,,,,,False
718015938009403648,132.89601728562204,37.50053377398039,0.2041771719447869,0.35,1.45,0.37899917,31.324305,3.5028973,0.2292630743430264,1.0261395,0.0619451018958879,185.22282165795173,39.12494048302665,0.0619451018958879,,,,,False
6166002629510663168,201.4263073911331,-36.77676127224432,0.1220559061793711,-0.05,0.65,0.37773773,46.662125,3.6595001,-1.4179449158066253,1.0650173,0.0945731565259107,310.5339057680212,25.588652024504388,0.0945731565259107,,,,,False
5571723569724893824,95.13407537749067,-41.643572283590665,0.2654268920053635,-0.3,0.35,0.3770468,62.66516,6.5119324,1.354602893025474,0.9798713,0.088319318387171,249.3136247882049,-23.10409211841696,0.088319318387171,,,,,False
6120298198885778944,217.2165888810076,-33.509307905025125,0.1080078485926376,0.4,1.35,0.3769026,29.64632,0.22722626,2.3762187453122747,1.1948366,0.1143102541529682,325.2502191117338,25.10528796552718,0.1143102541529682,,,,,False
4910079459728791680,17.651076696947243,-58.36034931969025,0.3769649924426028,-0.2,0.55,0.37689453,55.35375,10.890423,-0.0007264120039282,1.0381192,0.053779437647442,298.1091034977462,-58.58806701003744,0.053779437647442,,,,,False
1132353975674275072,152.1886959272885,80.19243120097684,0.0811610843306667,0.4,1.45,0.37607628,29.51647,1.8354721,0.175709586516936,0.97989106,0.0373353681526503,130.6597756242402,34.35394102894568,0.0373353681526503,,,,,False
3530137528727406976,189.62639683355823,-11.788975580969128,0.0982150135078399,0.25,1.25,0.374728,33.587875,2.828144,0.1389036672482591,1.0327495,0.0954015174282508,297.9037914713461,50.956474396709886,0.0954015174282508,,,,,False
4952076543302855808,38.4519394554848,-40.11671698096248,0.3082102415828256,0.2,1.25,0.3736133,35.04648,5.7895737,0.4939032556173403,1.0116111,0.0549143388175817,251.02626030062845,-65.181347980433,0.0549143388175817,,,,,False
1204265162868197760,239.27199696843823,20.335416492836877,0.313247177002026,0.2,1.3,0.37323576,34.97569,6.637108,0.9148922399637268,1.0700526,0.103879634260089,34.15457841066532,47.208436160972894,0.103879634260089,,,,,False
5777992225976784256,254.2555630988525,-76.44476369869948,0.1897574803920925,0.2,1.2,0.3727639,34.88731,3.0264435,0.0888707341643869,0.98377967,0.1492596984815009,315.58817247966283,-20.085101879358337,0.1492596984815009,,,,,False
4793671999033083520,86.46523216877611,-50.08997661700662,0.0512935356763337,0.3,1.2,0.37216073,31.609108,1.3532867,0.5984159933838323,1.048951,0.0528340419821658,257.2060075488444,-30.725544643988545,0.0528340419821658,,,,,False
3882845500114761216,160.02309127046396,11.894067062090436,0.0371436452877196,0.45,1.45,0.3711579,27.554369,1.8068504,0.1612880305743497,0.91183335,0.0605577203296965,232.7744701954208,55.660817180951206,0.0605577203296965,,,,,False
6796647417911592576,308.9504670287643,-30.340106323651156,0.2583051755155274,0.25,1.4,0.3711065,32.94181,5.4145966,1.6552261036855196,1.0805601,0.0635714097226104,13.299964558035992,-34.620588742431885,0.0635714097226104,,,,,False
1221159846224390144,235.03400434816797,24.361303651102293,0.2142085208012698,0.3,1.45,0.37088084,31.39207,5.380993,0.6311474963762334,1.0677006,0.1031290637995055,38.4668656542783,52.08606597248329,0.1031290637995055,,,,,False
1763207258967377152,315.64911515545697,15.13583376728887,0.151463609742418,0.3,1.35,0.3707336,31.367147,2.0603542,0.0849021945723338,0.98091805,0.1362527348573291,63.0502331350886,-20.25490107039244,0.1362527348573291,,,,,False
4232526924012733056,308.4171432676523,2.6813403944074667,0.2758739621632102,0.2,1.2,0.3693453,34.250347,6.520321,-0.8067459730966232,1.0568733,0.1178180403363298,47.73439829102151,-21.23574732865956,0.1178180403363298,,,,,False
4868003073879628160,70.97005980324154,-34.35359773710601,-0.0131968903072712,0.45,1.45,0.36871588,27.192972,1.9638958,0.3807918160259194,0.9927108,0.0396531896430241,236.33286073257312,-40.20054119966646,0.0396531896430241,,,,,False
2747310882115755904,5.852703331729543,5.59777092646539,0.2455117189670712,0.25,1.25,0.36862734,32.503147,5.1454315,1.1482586995979385,1.0282265,0.0984965071903971,110.1979988322689,-56.579449908973686,0.0984965071903971,,,,,False
1790277677622699904,320.26281117702206,20.127857098439105,0.1576601695145445,0.25,1.25,0.36826456,32.4392,1.6899643,0.1226748080952599,0.9468168,0.146781397557349,70.1405227572176,-20.528362573335457,0.146781397557349,,,,,False
2482308719892342400,22.0360360654758,-4.416058429052387,0.3339283019301078,0.3,1.3,0.36821142,30.941805,3.2423344,2.7466047756449146,1.0092956,0.0384379528433755,145.62264221823844,-65.65771809369842,0.0384379528433755,,,,,False
1130449037419688448,146.10365550964426,76.0103322813036,0.2572605026011034,0.15,1.2,0.36802202,35.74725,6.2978745,0.3337919989403476,1.0120848,0.0660919875175351,135.52804002081714,36.14717823450925,0.0660919875175351,,,,,False
1361393723893181568,260.3603517001332,44.75894505240228,0.2105270018648672,0.3,1.4,0.3675758,30.835073,3.0875149,0.4777380398509845,1.1153376,0.0804336326948185,70.39745718346691,34.256665563501585,0.0804336326948185,,,,,False
746676181759635200,151.62863160530503,32.90793635855498,0.1066812288452414,0.3,1.3,0.36633506,30.62726,2.3097973,0.7230558392901567,1.0219386,0.0262128740023227,193.46211451189836,54.06268826555184,0.0262128740023227,,,,,False
4555793998402097536,263.8886325927872,21.111673798095293,0.3080838237745489,-0.05,0.75,0.3658349,43.767727,4.5946007,0.3876907066258787,1.0442477,0.0949574169433483,44.60577454790337,25.730812672305984,0.0949574169433483,,,,,False
5018807553259772288,28.254591143957843,-31.90701490180357,0.2612150162560178,0.25,1.4,0.3642686,31.739038,5.3425274,0.1760806773907825,1.0031796,0.0430968449714868,236.2622602069,-75.79276922073397,0.0430968449714868,,,,,False
5745314087559817472,141.12972503418354,-6.872360151805995,0.1125270580711017,0.35,1.4,0.3639517,28.88634,2.2342205,0.3519276697931262,1.0287762,0.0766809058373749,239.32969541664076,29.51889686090343,0.0766809058373749,,,,,False
922708341259762048,120.73405483498006,42.47379987116216,0.1482368706540953,0.15,1.0,0.3639209,34.954975,1.9658966,0.4689566078060684,1.0070277,0.0554257608197841,177.59362400558445,30.623157905080408,0.0554257608197841,,,,,False
3844444128801215104,142.1166095721095,1.810003921492868,0.1385182223138237,0.25,1.25,0.36366075,31.633202,1.8964157,0.2432622670885795,1.0118408,0.0585719470305524,231.52110715757223,35.261377147325284,0.0585719470305524,,,,,False
364182856988027776,12.128075099324354,36.47327435074168,0.1324569927081516,0.3,1.3,0.36322725,30.109806,1.5909996,0.2632675278925654,1.0363828,0.1095771607150791,122.27532725283938,-26.39474582026605,0.1095771607150791,,,,,False
6481869019973061248,310.5256927341332,-48.80204619961668,0.0257110415367805,0.4,1.35,0.36311397,27.51683,2.349636,-0.6593863733527148,0.98678476,0.0654767688114329,350.6644728918226,-37.972622785360784,0.0654767688114329,,,,,False
607620190280211072,138.7097992683563,15.71969003679684,0.2240976366768192,-0.05,0.75,0.3628976,43.06773,3.950863,0.2357856435485002,0.9756596,0.0397534841080003,214.10244836895825,38.70306063459193,0.0397534841080003,,,,,False
1391300611967180800,234.4314256419459,43.570960533188746,0.2955559192828403,0.2,1.45,0.36272123,33.03283,7.9597588,0.6420426931133643,1.0417477,0.0402552231385394,70.23384586077384,52.81509222685558,0.0402552231385394,,,,,False
2459464338600715392,27.670759498858228,-12.745334750229016,0.1160445660316566,0.35,1.45,0.36147052,28.493822,2.2358952,0.1654453019120059,1.0425403,0.0493717465804735,169.79546633100753,-70.0204017565963,0.0493717465804735,,,,,False
6812564291829916032,329.5687154323668,-24.88358610471937,0.1783747106446878,-0.05,0.75,0.3610255,42.624527,3.473343,0.1389915036861616,1.0584882,0.0856364233810103,26.202701297588096,-51.21802001384855,0.0856364233810103,,,,,False
2479631924474811648,24.69614044885377,-5.726037644078005,0.259357057686179,0.25,1.35,0.36100277,31.172482,3.6368294,0.6263458974608,0.9999748,0.0675537467292556,152.80916218366374,-65.81281115124226,0.0675537467292556,,,,,False
1168197470623975168,227.33740119807263,10.067756690035452,0.3556462172827546,-0.15,0.65,0.36076272,47.775288,7.463112,0.1309817820966001,0.9817261,0.0632188573809185,11.881454839634111,53.3283614662054,0.0632188573809185,,Gaia DR3 1168197470623975168,Em*,0.22202625559609507,True
2152790754407152384,284.53358416893167,55.44952860986802,0.011603352931587,-0.05,0.65,0.3598932,42.35757,4.456272,0.4257016675243202,0.9491748,0.0424786426757509,85.49878093120874,21.15024302998118,0.0424786426757509,,,,,False
6385885400078029312,338.21853830762285,-67.8216406274454,0.4167162394498351,-0.25,0.5,0.35965082,53.57563,7.8824234,0.7940793721097081,1.0465707,0.0743758403636327,320.38447702547666,-44.31908224957476,0.0743758403636327,,,,,False
2642197536140774912,359.3819300643742,0.3730567227745064,0.3688782697228143,-0.1,0.65,0.35954976,44.760845,3.7105064,2.2242114262888117,1.018207,0.1174726501471055,95.51080530381444,-59.59751499058429,0.1174726501471055,,,,,False
4218284404438561024,307.631464591766,-5.229470901295234,0.299808140180918,-0.15,0.55,0.3593502,47.40191,5.6260605,1.158645700658963,1.0386726,0.1144810063882399,39.81488645227549,-24.38843738023738,0.1144810063882399,,,,,False
4835588577739753344,57.450259157561696,-44.54988683763482,0.2144275489110816,0.25,1.4,0.35874933,30.784527,3.6814842,0.2404749491002991,1.0796642,0.0318061692748177,251.07844192581547,-50.49365153361877,0.0318061692748177,,,,,False
1347285065563530368,263.65065976503115,41.18937649329565,0.0798591474540781,0.35,1.4,0.35863432,28.048433,2.4402905,-0.3503721434718919,0.9496666,0.0790594575023484,66.59087602847305,31.375429976490985,0.0790594575023484,,,,,False
1604524538255291392,216.78685107155204,50.84173483889322,0.2848499565927689,0.2,1.35,0.35821685,32.2175,4.9358063,0.5431313490299883,0.98624516,0.0295598001223427,91.97179198960212,60.14295249451592,0.0295598001223427,,,,,False
6817373757552843648,325.20215109905206,-22.67152751207381,0.0079920013524414,0.4,1.4,0.35813302,26.767096,1.9672508,0.1221398429120525,0.98640174,0.0434839985266304,27.93413653304372,-46.79428575232709,0.0434839985266304,,,,,False
5194278270339700736,103.44009521893643,-83.53516772143661,0.0919204385646086,0.3,1.25,0.35766566,29.194809,2.6459332,0.5224136909256882,0.9962657,0.1197930722144765,295.68061068884026,-26.87649382258768,0.1197930722144765,,,,,False
4730803401625826816,52.212491520991904,-55.98339059128306,0.0794902892330968,0.05,0.9,0.357516,37.444447,1.7376366,-0.2042851208903945,0.99654955,0.0561107731276857,269.651680019059,-49.72480363034437,0.0561107731276857,,,,,False
2906161587589428352,80.63412309226499,-30.19063945320277,0.2905784342503326,0.05,1.05,0.35733917,37.407413,7.287792,0.7496522572707423,0.9925207,0.0330825891920271,233.38892344754768,-31.351057496179333,0.0330825891920271,,,,,False
5552218508326051968,97.20020527901453,-47.84311448503541,0.3677637523454642,0.25,1.45,0.35681134,30.452826,6.459326,0.4608113016651544,0.9871968,0.0167423387487932,256.24047869945167,-23.386344379899345,0.0167423387487932,,,,,False
1186054982568036864,221.0227395793669,15.17881904956434,0.1710449837800158,0.15,1.15,0.3565482,33.55301,2.8360672,0.0664533841141046,1.0194762,0.0396262647011784,14.146060174883894,61.23939351452268,0.0396262647011784,,,,,False
4564763573735296128,252.13813806356032,20.703710210299747,0.3379364113745255,-0.05,0.9,0.35640737,41.541023,8.812897,0.6833511498154213,0.97642845,0.1260831245633607,39.79174770893656,35.90952307658995,0.1260831245633607,,,,,False
3558530045693520128,169.99277381377902,-17.37709820569948,0.0356251659033661,0.35,1.4,0.3563601,27.693832,1.7793694,0.5133611574472458,1.0744611,0.06730890036323,273.84960728966763,40.27329843296366,0.06730890036323,,,,,False
2339952406824104448,359.79024229785927,-23.27193615311029,0.2634179556784737,0.35,1.45,0.356251,27.67688,2.6141548,2.9311393658617524,1.0922433,0.050001776521399,48.12299883058653,-77.56968622589298,0.050001776521399,,,,,False
6372832380287305984,307.7072377485085,-73.77250242547703,0.1324736862970379,0.15,1.05,0.3561185,33.472187,1.2963982,0.1683652071117333,1.0234767,0.1159011616265271,320.4990842660267,-32.84217880758737,0.1159011616265271,,,,,False
3926312252777033600,177.72844738708656,16.5360306015088,0.0265469569350145,0.3,1.15,0.35595006,28.915403,5.2872143,0.4739773977461564,0.9297043,0.0514236404604508,246.91304011744276,72.43625235296392,0.0514236404604508,,,,,False
1111365226412875904,108.4764611938334,71.83618439048252,0.1886128967391922,-0.4,0.2,0.35579264,63.417877,6.8810043,0.2854020719135286,1.1006905,0.102602536385826,143.38769005693985,27.414016991664717,0.102602536385826,,,,,False
1637823969457166464,269.35446422519675,69.4739005318751,0.3328877513026649,0.15,1.3,0.3555734,33.369793,6.7792854,0.3436534708407976,1.0575477,0.0293513669240599,99.74957761565187,29.994051298351568,0.0293513669240599,,,,,False
3079825085508069632,128.27749782056114,3.1339369466597646,0.0134795251921495,-0.35,0.2,0.3553487,59.304714,7.778126,2.8728564924076623,1.0328255,0.0414100500043233,222.17529024442752,23.976217588643287,0.0414100500043233,,,,,False
2882480615388024704,91.07229077305472,-40.51363320811876,0.1247864583084847,-0.05,0.75,0.35531542,41.28686,2.1373901,0.3008630731659051,1.0397553,0.0872571442596939,247.21480643989543,-25.74948822092,0.0872571442596939,,,,,False
6140891772501111168,197.01207560460364,-40.25491175358435,0.3905809156531532,0.1,1.25,0.35489273,34.99646,9.52103,0.9709006858405418,1.0907227,0.1015724563246157,306.36139920195694,22.506205365431292,0.1015724563246157,,,,,False
363593896712889856,15.883878361301402,36.71995137823294,0.3246080178322668,-0.05,0.8,0.3544578,41.08779,5.625984,0.8752377338009089,1.0353462,0.0707548485811708,125.63093473544517,-26.088392117524386,0.0707548485811708,,,,,False
1335508093439519104,262.7192172956457,34.25177633726924,0.1904241029001179,0.25,1.25,0.354356,30.035156,2.2691307,0.5868285195856784,1.0227221,0.0397139881441679,58.49144618516959,30.65960987378383,0.0397139881441679,,,,,False
5736643682461190656,134.61173993022322,-12.12113858007466,0.3172576251058538,0.05,1.0,0.3539647,36.704247,5.4621506,1.25720741974614,1.0442911,0.0196750422753527,239.81599741664968,21.23323192966722,0.0196750422753527,,,,,False
5157294787988529536,43.49044553110844,-14.982874765797288,0.2549962803239625,0.25,1.45,0.35382816,29.945742,4.2793026,0.1717697035764341,1.093155,0.06929822199247,196.09654619162825,-59.054392719859806,0.06929822199247,,,,,False
2384567599381382784,346.4650520810939,-22.563678369740916,0.2054860745047761,0.25,1.45,0.35371602,29.926762,4.3573036,0.3583942381755609,0.95230216,0.06675340187794,37.900238767244986,-65.66520400437882,0.06675340187794,,,,,False
1372013563108357888,240.0615816789064,35.21076815007866,0.2121428245808392,0.05,0.9,0.35356054,36.620476,2.588791,0.3609435064134957,1.0716822,0.061309880874798,56.38070799049272,49.19621424341878,0.061309880874798,,Gaia DR3 1372013563108357888,*,0.44752179869685776,False
1199468199795864832,239.3225902764773,17.188240519518995,0.1779376555444773,-0.35,0.3,0.35239312,58.322292,5.6350784,-1.7130115186183823,1.0136669,0.0674401949889101,29.868694060183653,46.08854584232491,0.0674401949889101,,,,,False
4550776377082135424,264.41505635888177,18.65468662186085,0.4095390376743868,0.15,1.4,0.35073188,32.46725,10.913494,0.4199648342848752,0.9991706,0.0909865514266117,42.28188174164107,24.370665073435784,0.0909865514266117,,,,,False
4595923733267929856,267.184103977506,27.32480164519607,0.1000539393086175,0.3,1.4,0.35065946,28.062235,1.774004,0.5339408271233683,1.0248053,0.0875621846134235,52.20402222243435,25.020586782815837,0.0875621846134235,,,,,False
2896418437099406592,94.45947753931002,-30.8632128541446,0.2137960107180339,0.25,1.4,0.3503527,29.360352,3.468769,0.4208049852602178,1.082673,0.0437865082848383,238.1197490580435,-20.213356278102875,0.0437865082848383,,,,,False
4748566424288924928,44.67670033526747,-50.55752688155738,0.4000194986843155,0.2,1.45,0.34966436,30.697464,6.795986,0.9051920946742936,1.0321498,0.0461595213513531,265.72448947566727,-56.36566765722318,0.0461595213513531,,,,,False
6784645664377184384,320.5760534457969,-30.435094110163785,0.1064876805397183,0.3,1.45,0.34927303,27.840773,3.1434765,0.3263800046094307,0.96041507,0.0418795391888266,15.79371810600542,-44.46034624146029,0.0418795391888266,,,,,False
332690507508030080,32.052959044061055,39.7797729333056,0.2611349737614965,0.1,1.15,0.3490887,33.86113,5.6782837,0.4665962759454992,1.0919927,0.1316576402601533,138.60621632437915,-20.74376875239668,0.1316576402601533,,,,,False
6647233270984121856,295.5703048854833,-48.79880563595215,0.2119311033874602,0.2,1.3,0.3487628,30.539371,3.9253273,0.0621887938945404,1.0528541,0.0924789818790075,349.72557817672833,-28.168966962855112,0.0924789818790075,,,,,False
5054761446049205248,50.64652929235881,-32.17855836690238,0.3431166539895711,0.2,1.45,0.34778672,30.368668,7.1491776,0.3511866067368775,1.0543131,0.039966493870846,230.97773497303783,-56.9453031251325,0.039966493870846,,,,,False
4839428828258188544,64.79918758184388,-43.59463899150474,0.4661548704498157,0.15,1.4,0.34747136,31.866404,10.06378,2.718335042664155,1.0453377,0.0375467137824283,248.65487669724465,-45.38078535331822,0.0375467137824283,,,,,False
3202644172167851136,66.0141220599592,-5.618206853712881,0.2028085798965602,-0.1,0.65,0.34669554,41.617577,2.7399025,0.8951970723449696,0.97305745,0.0395719977059054,199.85509922168484,-35.15319712695569,0.0395719977059054,,,,,False
1222750564671206912,235.9746541975881,24.95027993853936,0.0209083077917497,-0.25,0.4,0.34615612,49.630558,3.8736572,0.5802953389368853,1.0286862,0.1010367963689699,39.70796905915362,51.38816770412434,0.1010367963689699,,,,,False
6797785893481884032,307.06556573313776,-28.941369268573816,0.3692896503387919,0.05,1.15,0.34595284,35.061478,10.369766,0.6166359480993676,1.0519339,0.0754341396028933,14.431942870311904,-32.68349788317393,0.0754341396028933,,,,,False
1117404809425256192,133.8137955681676,68.62128551138014,0.2350354344240131,0.25,1.3,0.34565547,28.57835,2.201826,2.462750885969193,0.95915914,0.0813154444007002,145.74362677258168,36.26204583760101,0.0813154444007002,,,,,False
323951898326756608,23.44141387855905,40.4959182132414,0.2917055511940765,0.15,1.25,0.3453979,31.487225,4.510029,0.5492619586146965,1.0581254,0.1053512788943331,131.57420247658595,-21.664458744794125,0.1053512788943331,,,,,False
1438190144326958336,253.7067932279827,60.953139366345546,0.188445788262805,0.2,1.3,0.34524179,29.925848,3.1244373,0.1201975304366336,1.0136619,0.0396025546073527,90.61127168585804,37.52659157805522,0.0396025546073527,,,,,False
5551453763629722496,102.54781369296194,-47.990249586206296,0.3456867507630257,0.05,1.1,0.34482563,34.833374,9.314453,0.2797836661926747,0.9329668,0.0931583705841366,257.5172175262324,-20.00182259637621,0.0931583705841366,,,,,False
5172744403827689856,41.14951921237135,-10.85516698826135,0.2117261782874191,0.35,1.45,0.34435892,25.859947,1.6113758,2.481461747494648,0.9975227,0.0685221468344338,186.9607586912667,-58.81930447437397,0.0685221468344338,,,,,False
1463463106286505472,198.70345437518696,31.27828409451296,0.0328872814552596,0.2,1.15,0.34423134,29.750935,1.1824112,-0.1238413498025323,1.0768149,0.0369701715219916,73.45891876663727,83.42601251146066,0.0369701715219916,,,,,False
629512845473991040,150.60613701633025,21.856754124065453,0.2667241919622105,0.1,1.25,0.34259436,32.612972,6.3661995,0.349556657155492,0.93140835,0.0547601784517191,211.27222191067696,51.366427994673415,0.0547601784517191,,,,,False
2357506659717447168,14.28925476901656,-17.851941038783625,0.364745040766337,-0.05,0.95,0.34229806,38.317104,7.7372093,1.1068578907370952,1.0232701,0.0434801623568136,131.3204122000655,-80.63040834080748,0.0434801623568136,,,,,False
3147769406548574720,120.23443346405352,10.765330687517352,0.1466727966542471,0.3,1.3,0.34216547,26.719206,2.5792828,0.4581177440895541,1.0025314,0.0412366975668688,210.9486283686313,20.25908454469076,0.0412366975668688,,,,,False
1025957362190215040,142.56852768039963,57.88405799943962,0.2208228188479708,0.1,1.05,0.34144965,32.395393,2.1263084,0.9891826860321464,0.9730729,0.064578188018217,157.260009689284,43.51114954042305,0.064578188018217,,,,,False
3090282708103692288,125.92235039895792,2.571587154532524,-0.0446466995368357,0.3,1.3,0.34136024,26.593594,1.7087669,2.637184566532798,1.0441982,0.0381756163754408,221.5019216990179,21.638706027253363,0.0381756163754408,,LEDA 4163723,G,2.8949737445703394,False
4619147858384858496,57.82623597477613,-81.8104599321885,-0.0893555986729106,0.3,1.3,0.34020987,26.414658,0.97522545,1.4657059534858623,0.9956382,0.1429163348592066,296.0571568305908,-32.75383812747542,0.1429163348592066,,,,,False
3796689040272416640,172.3841910737633,-1.5147008599445393,0.0025285583822789,0.3,1.4,0.34006208,26.391712,2.2234917,0.2702230074296419,1.0412062,0.0451727744752274,265.11628787621885,55.22688160615554,0.0451727744752274,,,,,False
3492971733606634240,179.95010954344397,-23.072166759836826,0.3203522235996319,-0.25,0.6,0.33996433,47.870934,10.770172,0.5320463808154772,1.0206523,0.0788664594852788,287.7543860577216,38.27296586698475,0.0788664594852788,,,,,False
1328587423656323200,244.4805335720938,33.25162014619354,0.269695041097381,0.15,1.25,0.33922222,30.371317,4.473749,0.0954120399613975,0.95934385,0.0433213078708368,53.90110957431551,45.4069709241864,0.0433213078708368,,,,,False
2791124114084213632,15.337231722525967,20.97416912929196,0.2513294054738555,0.1,1.1,0.33839884,31.819084,3.5587463,-0.1631688449561474,0.9521128,0.0926184469477386,126.03780009553309,-41.83780416662108,0.0926184469477386,,,,,False
3989448576970460416,160.64439714017507,22.236254738684053,0.2402256464974748,0.25,1.4,0.3378286,27.298773,2.9517536,0.2135886789630454,0.97189736,0.0404720360832676,215.28775743704708,60.40469893807372,0.0404720360832676,,,,,False
3538037966450649600,169.21601033903423,-22.83484225133803,0.1780828004018424,0.05,1.0,0.33770987,33.410576,3.1351967,1.149189885087098,1.0313327,0.1183172999970311,276.0891338195869,35.05966605865182,0.1183172999970311,,,,,False
4939690785333992576,32.81848566170036,-48.04912053725264,0.194321506834397,0.1,1.1,0.33754116,31.657995,2.7990437,0.2403305938749813,1.1010832,0.0399697572423411,271.63750182157696,-63.94071538541886,0.0399697572423411,,,,,False
5495062595379608576,95.4821884291702,-58.01966095638178,0.2266765044229393,0.2,1.4,0.33722907,28.552874,4.82596,0.454606302056189,0.99891865,0.0276423968709114,266.9683939922469,-26.57079474908908,0.0276423968709114,,,,,False
6661045572274984832,285.6220322866,-49.7541077184226,0.132923492693088,0.2,1.25,0.33691075,28.498991,1.7892208,0.3041488694582312,1.0360029,0.1302372353466771,347.0666252770783,-22.07102751735936,0.1302372353466771,,,,,False
1164842242172909440,234.47292903813803,9.113568326607696,0.1228377461139249,0.25,1.35,0.3360129,27.00612,1.8756218,0.2372290321574656,0.9413276,0.077644613145976,16.31874965196699,46.82080160765076,0.077644613145976,,,,,False
4783673349528243328,73.84413298540733,-51.81559199121411,0.1479482757684316,0.05,0.95,0.3357834,33.030476,1.807682,1.0402596370663872,0.98138463,0.0314826894552712,259.0855827721137,-38.70266440566983,0.0314826894552712,,,,,False
3145986788962665856,121.52422785073644,8.344413569988983,0.2859225907377087,0.15,1.3,0.3336612,29.383698,4.0340614,0.4065436983354712,1.0165389,0.0395447548797851,213.8624903019855,20.36390962821747,0.0395447548797851,,,,,False
900695156399168768,112.6324732748314,41.3392582329804,0.2983053368010067,0.2,1.45,0.33363205,27.947008,4.7969646,0.1442081215611109,1.0637959,0.0895842686312408,177.33139515454053,24.494796756716823,0.0895842686312408,,,,,False
2416739515769060992,2.888509073079438,-14.589443106953592,0.1639625395137987,0.3,1.45,0.33332106,25.35576,1.8297997,1.9626836572144968,1.0606507,0.0581341059030014,84.40222847988434,-74.39517327004782,0.0581341059030014,,,,,False
1137470793552857728,123.05252901639608,76.67648045116512,0.3449828392775407,0.2,1.45,0.33241916,27.744177,4.8817005,0.3936066074222753,1.0468582,0.0630685526301352,137.54149191100902,30.964505702706667,0.0630685526301352,,,,,False
6773856912688718080,314.96325235716574,-39.79839965377704,0.171063413934041,0.15,1.15,0.33237934,29.158358,2.2946358,0.3583492800550262,1.0617553,0.0431864694067073,2.4238306448499896,-40.93991582830698,0.0431864694067073,,,,,False
5156672601846369664,42.73040792224425,-16.272470569533862,0.0473423951043123,0.3,1.4,0.33232865,25.205,1.5243263,0.2319259756479599,1.0721778,0.0559244452787482,197.6994710271528,-60.29699944874449,0.0559244452787482,,,,,False
2112920229400433152,274.90617337380223,41.55079587791433,0.2262413580202169,-0.1,0.8,0.33207083,38.180508,5.2151947,0.2923135925272734,0.9954601,0.0388422346821675,69.16432653392195,23.241263795094454,0.0388422346821675,,,,,False
4417825011596739328,232.28291481892228,1.0190035597304368,0.2570686789290786,-0.05,0.9,0.33185673,36.015133,4.9784737,0.4867901094768475,1.1946331,0.1075170177288825,5.020247444056659,44.066521337916434,0.1075170177288825,,,,,False
6565434583742139008,324.86164433868305,-45.10245359371248,0.4249668735604572,0.05,1.3,0.33182544,32.256393,9.81081,1.8647086580907253,1.0403452,0.0628817286060381,354.57637176928347,-48.01879149587182,0.0628817286060381,,,,,False
655915315114918144,124.80294490430802,16.26716289582415,0.3069039985541764,-0.1,0.85,0.33092877,37.91834,7.2387505,0.9230608089416474,0.95208645,0.0339825559751233,207.4327362443628,26.551054339764228,0.0339825559751233,,UCAC4 532-045448,*,0.6218919797373956,False
4893365165000419456,71.38065909375732,-25.81778896364019,0.2638172890846828,0.05,1.1,0.33085844,32.068665,4.8517,0.2001047897492874,0.97642255,0.0586240312382696,225.64960254250207,-38.09260952514761,0.0586240312382696,,,,,False
2304382999507238656,339.37168685057867,86.92578201124603,0.2473895800295427,-0.05,0.9,0.33039486,35.698532,5.6302376,0.3811976860745071,1.0255263,0.0473928935877686,121.06764517707428,24.552125635965776,0.0473928935877686,,,,,False
4831180498185171712,62.02151516320955,-47.38917242798365,0.2253304439327479,0.15,1.35,0.32908297,28.582869,4.8767643,0.4656913480662066,1.0356878,0.0371034432641358,254.43024030379044,-46.85296701633268,0.0371034432641358,,,,,False
3518472912947474048,181.7581266692713,-20.363299284365432,0.2324825536315273,0.15,1.35,0.32856786,28.493458,5.7321663,0.4565728635688407,1.0445529,0.0987458814527245,289.02758189641224,41.30645789577838,0.0987458814527245,,,,,False
4908628963373977216,14.591718307602514,-55.5608214516264,0.223087385440226,0.2,1.4,0.32775843,26.971651,3.3075047,0.4069278018822961,0.94720405,0.0532442566752455,300.8761061234935,-61.53976191041337,0.0532442566752455,,,,,False
2122698353807739264,270.1450116290398,48.259490482171,0.2534362437134794,0.05,1.1,0.32727522,31.377811,3.451664,0.2119105985661333,1.083184,0.0583288009298535,75.53581498659005,28.076424123606856,0.0583288009298535,,,,,False
1045786539001235072,152.3211831589895,57.49502865190068,0.3314108141241423,0.15,1.45,0.32727158,28.269073,5.952633,0.7146721392039926,1.0199829,0.0257695848589125,154.68480564907486,48.41847281551229,0.0257695848589125,,,,,False
6520295203312602240,338.3806836805122,-44.71806105357605,0.1678757407773989,0.1,1.2,0.327106,29.730825,3.5604877,0.1844340533707205,0.9658645,0.0427221352876924,351.174952645746,-57.36821122285721,0.0427221352876924,,,,,False
6114598193170908800,209.15923371154636,-38.302252441090126,0.1586060752722744,-0.3,0.4,0.32688287,47.099903,9.968296,0.6294390223122924,1.0199091,0.0899979519776965,316.7560064826256,22.813000104046388,0.0899979519776965,,,,,False
1088716901788487936,116.8098436464034,64.42730560030759,0.3271310424391869,-0.05,1.0,0.32685047,34.936714,6.652176,0.3955637762741842,0.94115245,0.1187775954863342,151.94502274432182,30.26039487432518,0.1187775954863342,,,,,False
3619614754203176320,208.55347466074,-6.9018502327072415,0.2511605465951501,0.15,1.35,0.32683873,28.194347,6.22023,0.2854370687120704,1.0326,0.0593780239462921,329.2568881835765,52.73139911690848,0.0593780239462921,,,,,False
949411969708953088,108.5670613546051,42.4150661238258,0.0545388806753148,0.15,1.2,0.32683104,28.19302,1.6483955,0.9191246381279696,1.0114561,0.0767494287260022,175.2789688575145,21.894881364824425,0.0767494287260022,,,,,False
1665803035689709568,204.45937972483785,64.07560508187548,0.0486027865253335,0.15,1.15,0.32604614,28.05777,1.6661873,0.1788826981885643,1.0038903,0.0308148094134758,114.66666563645984,52.30165750719918,0.0308148094134758,,,,,False
6527592524546639744,350.60120158355795,-46.575126568989866,0.0923583235520819,0.25,1.35,0.3257714,25.384945,1.4330292,0.2701384912661792,0.9980686,0.0405699001701133,339.0912774318838,-63.8137439353463,0.0405699001701133,,,,,False
2968192666377084800,81.30063722130642,-20.887384472716867,0.2736883749609342,0.2,1.45,0.3251743,26.548025,4.088484,0.0715528017906745,1.0666609,0.056691630104129,223.4141582907997,-27.911899792914628,0.056691630104129,,,,,False
1207236146364543616,231.1868551910413,16.11167132479787,0.3325958281067933,0.1,1.35,0.3242455,29.213116,8.666702,0.1797149304973051,1.0683345,0.0743490821111936,23.714911156740182,52.87262482485506,0.0743490821111936,,,,,False
1156694689211798400,225.7141829252889,5.033261355696791,0.2137178649863713,0.1,1.2,0.32376823,29.127176,3.1983814,0.9559954533492184,1.0337335,0.0786706391145496,3.614129869060653,51.69811695792161,0.0786706391145496,,,,,False
4707716646739155584,2.5252025703376177,-66.426137850556,0.2472614280555714,0.05,1.05,0.323248,30.610336,3.5519867,1.546326149465935,1.0699832,0.0417955802502494,309.3648430289642,-50.18264179465447,0.0417955802502494,,,,,False
4603319014116620928,271.02794566774094,31.94996980690076,0.2674007998686072,-0.4,0.3,0.32279456,52.19996,8.00317,0.2659177480046826,0.9844712,0.067539836788507,58.17919469594322,23.336577630317137,0.067539836788507,,,,,False
6888297725038761728,315.3387848442767,-13.982458658375856,0.081386568398182,0.1,1.05,0.32275817,28.945724,2.7530098,2.751816901729922,1.0565931,0.0598881668696369,34.510741588470225,-35.025100207066686,0.0598881668696369,,,,,False
989367642443073408,113.17489056474808,57.67990167484213,0.4139696073566288,-0.25,0.5,0.32267144,43.124718,9.823914,1.346562872070404,1.0708991,0.1120605735178823,159.52488063148917,28.069728588703303,0.1120605735178823,,,,,False
6582975818591282304,321.43386453192824,-38.26720112964073,0.2014673405695486,0.1,1.2,0.32263103,28.922922,3.0720348,1.2017980764249572,1.0386834,0.0367464572222269,4.8158521972396855,-45.89787632545989,0.0367464572222269,,,,,False
6792046472847935360,311.03906611485286,-33.55257148841147,-0.0029051583042978,0.1,1.0,0.32261494,28.920038,3.4834347,0.2182113863970471,1.0282981,0.1358889139794258,9.890598956512282,-37.0333556830861,0.1358889139794258,,,,,False
793285476093594240,147.15764097836808,32.01839131287917,0.0417286866699591,-0.25,0.5,0.32205325,42.95963,2.9090424,0.5152566905458968,1.0659295,0.0260597979971434,194.5332696627972,50.2432444691027,0.0260597979971434,,,,,False
1016529634098048384,135.62110830531236,51.49515565588514,0.2956131355910214,0.05,1.15,0.32178465,30.333815,5.667696,0.5947039684411107,1.0069699,0.0524549795035571,166.89534693409712,41.04681514479566,0.0524549795035571,,,,,False
5087279090122401664,56.46878332038607,-22.820042800075004,0.149649387369263,-0.35,0.35,0.32169485,48.60355,2.0612984,2.0569402880861096,0.97884566,0.0417211348230299,216.608763905376,-50.42698587956819,0.0417211348230299,,,,,False
4967463109023285504,36.51355823857797,-33.05353160347887,0.2633823338548859,0.1,1.45,0.32165924,28.748953,7.908716,1.0942370268668524,1.000175,0.0575974947971496,234.85490438802628,-68.74648995281628,0.0575974947971496,,,,,False
5482325612165203584,91.46767281394416,-60.68119890333276,0.0231804919885814,-0.15,0.6,0.32119504,37.87021,2.9794807,0.4001378430843612,0.9702374,0.015948183179927,269.67228332429886,-28.92432499649913,0.015948183179927,,,,,False
2116544872559934464,270.3039406660941,47.12130349275625,0.2345034919037454,0.2,1.4,0.3210646,25.88121,2.7346554,0.203967435721627,1.1782383,0.0430732384826756,74.29212577651819,27.761361488404617,0.0430732384826756,,,,,False
6518589311021683072,338.03391826297326,-46.503825893957874,0.3185154593062824,0.1,1.4,0.32093117,28.61895,6.588768,0.3620463930004633,1.0115649,0.0410311526149672,348.3064286483673,-56.4752124265569,0.0410311526149672,,,,,False
5668952691477532672,153.87879287634846,-20.12746509257238,0.209413282095654,-0.05,0.95,0.31974313,33.433838,4.258087,0.0840752437761517,1.0708746,0.055613198909034,260.18713784452905,29.51687402420625,0.055613198909034,,,,,False
3231862907698676736,73.22885395716916,1.9000711229088,0.2188258768528701,0.2,1.45,0.31924486,25.588661,3.021677,1.434227085335788,1.0026937,0.086377749118268,196.5842303114817,-25.12884257719598,0.086377749118268,,,,,False
4876774771488417280,74.36476845969499,-29.401067797393544,0.1799307530078939,0.1,1.2,0.31885168,28.249277,2.9042873,0.2442067144781046,1.0804468,0.0333280057361574,230.8378400900987,-36.42423704748962,0.0333280057361574,,,,,False
3492638478504278016,179.65898645001994,-23.922964991112487,0.193562759166042,0.1,1.25,0.3188446,28.24802,3.201025,0.2730364367298208,1.0311391,0.0861479141333722,287.7016581985256,37.38223545026351,0.0861479141333722,,,,,False
3941875702429238528,192.3400579117729,18.982657665023027,0.3895038014048646,0.05,1.4,0.3187478,29.763966,10.330006,0.3476400641453932,1.0152552,0.0343860798928145,299.4691887424795,81.8404350136351,0.0343860798928145,,,,,False
5007165301373521920,9.109652638338082,-33.28897470228268,0.2863566773894943,-0.05,1.0,0.318549,33.184578,7.814331,0.1225815960750743,0.97953093,0.0389202192261781,329.7515289547169,-83.04050051134912,0.0389202192261781,,,,,False
1500549904072828160,206.0173975609876,41.26378024782839,0.0620660357621751,0.15,1.2,0.31838384,26.754513,2.3474007,0.1325773377113802,0.9657099,0.0307553529815994,88.8831366490501,72.20525106916065,0.0307553529815994,,,,,False
6907062196637163776,310.94956806945424,-7.264180893635464,0.2586394158707312,-0.1,0.85,0.31802812,35.01961,5.7172165,0.3837233021957624,1.0121163,0.0546237481822121,39.4796552340036,-28.25212100884207,0.0546237481822121,,,,,False
3656992583269934720,208.4346385586136,-3.949585986632457,0.4270628557049818,0.05,1.3,0.3178532,29.597132,8.127829,2.975950885300421,1.0921693,0.0648809444976595,331.13514657236783,55.47341201782624,0.0648809444976595,,,,,False
6796028392864499968,306.002882853681,-31.950841326821067,0.3318938078273676,0.1,1.45,0.31726277,27.968431,7.251627,0.5391792538668793,1.0151258,0.0857296525326577,10.700024578578198,-32.554728515488634,0.0857296525326577,,,,,False
1291311711732374528,229.74143527783488,36.33023109416901,0.0871262195352926,-0.2,0.5,0.3168414,39.119305,6.2162514,0.8849458517941001,0.99766064,0.0356817205086857,58.702689234410286,57.5267811229291,0.0356817205086857,,,,,False
4857765177515809792,60.82946858331372,-36.09836506723396,0.2929912833529471,-0.05,1.05,0.3165341,32.766098,8.586975,-0.3949912417693508,1.0740443,0.0259992649083344,237.7600281863293,-48.600433327225794,0.0259992649083344,,,,,False
1061379877330497280,177.3406645313737,69.34160241334153,0.3091596504921226,0.05,1.25,0.31532505,29.128183,5.934454,0.3361823289285462,1.0513202,0.0322810031157878,130.8605685299695,46.819454144989386,0.0322810031157878,,,,,False
6613234825262856448,332.76432770826324,-31.021943798327936,0.1558224067294409,-0.05,0.9,0.31511363,32.47268,3.945652,-0.0511213124536321,1.0881305,0.0293399099222581,16.790198376862545,-54.92898539132024,0.0293399099222581,,,,,False
3971858452510511232,169.47114924555075,18.253257075873467,0.1034154611089928,0.1,1.2,0.31500596,27.571949,2.2493057,-0.1664072961660226,1.0734574,0.0340960296207414,230.4091560593783,66.7195710771571,0.0340960296207414,,UCAC4 542-050431,*,0.07649569981923013,False
689580780608524160,132.26002575416348,24.067559397820304,0.2876658250696309,-0.25,0.6,0.31436956,40.934193,6.712738,0.933683881827684,0.96916205,0.074927493317369,201.65888638175645,35.794507934828786,0.074927493317369,,,,,False
4573929583701329024,258.3726206457858,26.78985476316322,0.2726797484223722,0.05,1.15,0.31418708,28.918324,4.4495735,0.2747335431236481,0.99220973,0.0422413230255086,48.897874008284965,32.33122340004752,0.0422413230255086,,,,,False
654297143235692544,120.22590353938344,14.132273707624526,0.2170037007695802,0.05,1.1,0.31403866,28.891008,3.6885624,0.3685052854218306,1.0535368,0.0519808931774761,207.6651699286537,21.650182412431477,0.0519808931774761,,,,,False
1215360300342895104,228.76377719894663,22.69595281257377,0.3349379634920701,-0.2,0.75,0.31367186,38.340557,8.623806,0.0385569817453355,1.0272256,0.1270035496578714,33.212364543076866,57.24626167531853,0.1270035496578714,,,,,False
3774225124363422208,158.44728130061742,-8.20372275675262,0.237777162362387,0.05,1.25,0.31323028,28.74246,5.9615498,0.1315817643023637,1.0068076,0.112771857202186,254.68658471277465,41.42620464290327,0.112771857202186,,,,,False
4022626237259547392,172.45690671243517,30.15686969278357,-0.0537822191345345,0.05,0.85,0.31276566,28.657251,3.921629,0.7399814787626254,1.0335902,0.0299048410041552,198.5008097744081,71.86536634287101,0.0299048410041552,,,,,False
6466057909621973120,320.4061396172869,-52.3854265428157,0.1457463993857466,0.1,1.2,0.31262437,27.156612,2.6840477,0.45961022198918,0.9594163,0.0427450240426931,345.0412509063879,-43.806993294404926,0.0427450240426931,,,,,False
5385623014747253760,172.88681061942387,-38.265433234366064,0.3758237664006163,-0.15,0.85,0.31171298,35.667267,6.1849823,1.1289113730422422,0.9980818,0.1488873151617344,286.1209432864924,21.984374082202347,0.1488873151617344,,,,,False
3802287061991111040,161.88269979247767,-2.550505032549053,0.168046119726184,0.15,1.35,0.31166735,25.637619,2.8333054,0.1973532929039019,1.0678213,0.0597738937831915,252.8479738635823,47.90268093428477,0.0597738937831915,,,,,False
6521592901911810048,356.8120097336107,-52.65078612557857,0.1830600509976347,-0.2,0.7,0.3112095,37.740967,4.4934464,0.3097770563359273,1.0788554,0.0435147253951298,323.72500272202177,-61.80884774592033,0.0435147253951298,,,,,False
791517946729410048,173.77621185035034,50.00615344814258,0.01304270141165,-0.05,0.8,0.3111199,31.654785,1.3275108,0.3987669312615974,1.0788678,0.0346493239802229,150.3609717322285,62.86078579111148,0.0346493239802229,,,,,False
6665476672852215296,301.38046821218626,-53.21688395619561,0.2529364937961702,0.15,1.45,0.310242,25.403654,3.5653706,-0.1201230860405603,0.9813469,0.0579681429033391,345.13651130208285,-32.30879869173456,0.0579681429033391,,,,,False
2260207130564940672,270.3009136607652,70.4179643106351,0.4115253674760311,-0.05,1.15,0.30965835,31.358076,7.2504444,0.5852103950610625,1.008808,0.0472379170626898,100.82302549431148,29.634753781932837,0.0472379170626898,,,,,False
2609994936506703872,343.68674346568696,-8.782213809013804,0.2564343576028509,0.05,1.15,0.3091517,27.998817,3.7454605,-0.0066796419893536,0.9955865,0.0673298687454876,61.06653598776408,-56.888083523111845,0.0673298687454876,,,,,False
1381853882938961792,241.9909677873402,41.807250524869,0.1637223303576025,0.1,1.2,0.30911425,26.550209,2.4622555,0.8441730797964683,1.1104506,0.0336906646775611,66.27651211803568,47.56503249132204,0.0336906646775611,,,,,False
1637697697418157568,263.97111479227976,68.51140503922528,0.1180230260132217,0.05,1.1,0.30888268,27.950115,2.053917,0.1197243019108183,1.0127196,0.0421804916552359,98.81095338204209,31.99386711829234,0.0421804916552359,,,,,False
5473724785536204032,155.31501232646536,-23.60470328168451,0.252613930141754,-0.05,1.1,0.3086713,31.158482,5.876251,0.0001453659735045,0.94079894,0.0717803008980363,263.85493644513195,27.64715061841121,0.0717803008980363,,,,,False
6174211686402636928,210.32995027047156,-28.63229949453112,0.1976147114965263,-0.1,0.95,0.30863914,32.9824,5.9758186,-0.1493294213147347,1.1222353,0.0855208013984209,320.98906449048167,31.777330989794955,0.0855208013984209,,,,,False
6215089260985641600,219.5826476719804,-34.51053054401967,0.293663802156062,0.1,1.45,0.30844814,26.435905,6.8115387,0.5869064413012739,0.9982912,0.1209278095827148,326.73957420205875,23.3718668475899,0.1209278095827148,,,,,False
6492593763763995264,349.9115571337122,-58.117366848313374,0.0736726932669356,-0.3,0.35,0.30810517,41.84404,6.7230606,0.7518026219941624,1.010649,0.0306815142451518,324.0231550875887,-55.09112244296493,0.0306815142451518,,,,,False
6796505237313128064,308.1499272692775,-31.1208056913359,0.0772927566614694,0.1,1.2,0.30674624,26.14499,1.7060127,0.2647291771972376,1.0644071,0.0930927691253994,12.183955234519184,-34.136189919643336,0.0930927691253994,,,,,False
1223812727263440000,237.35937715743103,28.115983666303134,0.221176573851098,0.05,1.35,0.30538762,27.321167,7.1875076,1.333547660720595,1.0401762,0.0616336968025314,45.03470487961887,50.783632892780986,0.0616336968025314,,,,,False
982088669308491136,114.0553542393148,49.282291112792215,0.1270920077213979,0.05,1.0,0.30516544,27.28143,1.1634178,2.1283348822343067,1.0668638,0.1120549196859426,168.985960261495,27.279419799255084,0.1120549196859426,,,,,False
6598124821078000000,334.32213980813214,-36.86102974075996,0.3681702195711214,-0.05,1.1,0.30416864,30.256079,5.2847576,0.8080584416988434,1.0920315,0.0347258375830528,6.433707619319588,-56.1520910193488,0.0347258375830528,,,,,False
1384306584142803968,239.44732186331413,42.22018077010068,0.222506248466864,-0.4,0.4,0.30387858,46.26131,5.924057,0.3965330712557726,0.9905019,0.0367015815264553,67.1595199932724,49.4088080616713,0.0367015815264553,,,,,False
2900972923499258112,85.34845592191333,-33.49479081755018,0.0240913646755336,0.1,1.15,0.3025679,25.437569,1.8412132,-0.0304308295787387,0.92265636,0.0416656361879143,238.2790785400277,-28.35659590075032,0.0416656361879143,,,,,False
2121189896871345408,277.22554507414753,51.10073663477991,0.2729781961421658,-0.05,1.1,0.30218625,29.862984,6.770714,0.4494606695302248,1.0497512,0.0562120989223513,79.69116507575018,24.18822508825564,0.0562120989223513,,,,,False
2637789387865940608,349.2408663508388,-2.2824454993100507,0.2277155355389926,0.1,1.25,0.3020551,25.351418,2.5059357,0.7709539181111411,0.9417128,0.1238271612786349,76.59066064986354,-56.4028781156941,0.1238271612786349,,,,,False
3713710237753688576,205.6561553315168,4.446876603595801,-0.0395684427271243,-0.05,0.9,0.30194956,29.816223,1.2549515,0.2298076294440989,0.9777952,0.048890058619525,333.47020245518684,64.24030355474483,0.048890058619525,,,,,False
2149226756183901824,274.87664149727834,54.78496690379828,0.0651562850681068,0.05,1.15,0.30036134,26.429226,2.980011,0.0425154359040242,1.0337474,0.047144617872223,83.34441814205749,26.347129454722907,0.047144617872223,,,,,False
2491879831173222912,30.40871781592439,-4.396295930091568,0.183549211700666,-0.05,0.95,0.29996234,29.42505,3.3046093,0.3809501235042015,0.9774247,0.0532005023309083,162.38897646461683,-61.76600695076004,0.0532005023309083,,,,,False
2352520305765884032,14.878732744321296,-21.39299463821501,0.1800539529544327,-0.2,0.65,0.29967025,34.99408,3.770546,0.6204330944178751,1.0054662,0.0429952568056146,141.15179846553028,-83.97691601707439,0.0429952568056146,,,,,False
3495567096443766016,193.6912057906258,-26.99549067995397,0.2838044479868307,-0.05,1.05,0.29819632,29.079592,5.41094,0.0388608658836414,1.1004956,0.1224720713101411,303.8464789860691,35.87035147860485,0.1224720713101411,,,,,False
5260472576887944576,98.330830388961,-76.38143952145207,0.4161209350240371,-0.25,0.8,0.29726642,36.60133,9.949619,0.1558369342567926,0.9828559,0.1452618727726619,287.6062136384418,-27.368367371518534,0.1452618727726619,,,,,False
3230661931762828672,68.82514433741187,0.5063011273286168,0.3216761645933257,-0.35,0.6,0.29606542,41.16756,8.841728,0.3280727467185345,1.0364178,0.0629801045774366,195.31972032263567,-29.608334605837022,0.0629801045774366,,,,,False
4882903895977643392,63.437124360501606,-32.348245508036435,0.387492075060794,-0.3,0.65,0.29599425,38.619102,10.7818985,0.6197426929117856,1.050974,0.0498630789247522,232.46886591904504,-46.17377708495093,0.0498630789247522,,,,,False
3777283141078343680,161.7611715911686,-4.359167475324164,0.2893428596086167,-0.1,1.05,0.29593456,30.322962,7.7768116,0.6109755979167715,1.0010645,0.0631750361055611,254.5143241240657,46.48697674273084,0.0631750361055611,,,,,False
2806137326886016128,7.703972803147137,23.544847736579133,0.2999956763980416,-0.05,1.25,0.29326054,28.124907,6.76758,0.8268361179232845,1.0870146,0.0812772944372031,116.83991458246228,-39.082845412477305,0.0812772944372031,,,,,False
5025833123322953600,27.1130587019236,-25.86282952918705,0.2486284062222621,-0.05,1.15,0.29306388,28.087196,4.809967,0.5912379045907034,0.9480129,0.0441412659870871,210.48884526963388,-77.1878752093658,0.0441412659870871,,,,,False
3707751571927072896,187.47780237878828,4.464259459273436,0.030198693780628,-0.1,0.8,0.29209036,29.540287,1.4852333,0.3957599812839829,1.0331514,0.0435809718053997,289.2232450291749,66.76133490839956,0.0435809718053997,,,,,False
6683392669368232320,296.6944087526156,-47.28977747864794,0.2091534233611565,-0.1,0.85,0.2914206,29.404972,1.9877148,1.5273529861828796,0.9951968,0.0402227905024251,351.56358805237136,-28.64667803874219,0.0402227905024251,,,,,False
2394636308393266944,354.78081101349346,-16.670949158913313,0.3132727915210775,-0.45,0.4,0.290944,45.28436,8.707714,0.2448874856662656,0.96399105,0.0547679150215167,61.21238807122273,-70.27098119963414,0.0547679150215167,,,,,False
1415926167736313344,260.30113061679884,52.13741563975007,0.3205199577235076,-0.05,1.35,0.29022378,27.54544,7.668598,0.0739671155474762,0.9695199,0.0786719082221848,79.3347471727888,34.71858676909467,0.0786719082221848,,,,,False
6114925813275434880,207.22836064869372,-39.07699409054724,0.1434895384095948,-0.15,0.8,0.29010305,30.893324,1.6088428,0.6201483690071331,1.0763271,0.0737849098629333,314.96312350350263,22.44825874784056,0.0737849098629333,,,,,False
2350654468892959488,10.79312709429066,-20.701402665010747,0.1704280666128976,-0.05,0.9,0.2895062,27.409399,1.0184574,-1.007600566129763,0.92804277,0.039487792373687,106.1236678459327,-83.30175387875857,0.039487792373687,,,,,False
593286686118043008,141.62926396546888,12.550477907646387,0.2445300239305741,-0.15,0.9,0.28946808,30.758232,4.7709274,0.3568151080431813,1.0042061,0.0525203846740801,219.3284015463768,40.02130177650437,0.0525203846740801,,,,,False
1873741467848962816,337.7528636710843,20.957733133283536,0.2081530071717612,-0.1,0.95,0.2884075,28.800062,3.4381924,0.630665637185574,0.97847897,0.0738207223605651,84.07843454213027,-31.119301354198804,0.0738207223605651,,,,,False
6464332294841090432,317.1591108306649,-53.10832430243688,0.3445322620845399,-0.15,1.05,0.28798446,30.443747,8.95225,0.3649801523561488,0.9744229,0.090204905730489,344.58412125908615,-41.74000622029438,0.090204905730489,,,,,False
2752322627913558528,4.416229426595624,9.0698597889763,0.2639554645587161,-0.35,0.45,0.28572577,38.342335,9.076607,1.8120117916607488,1.1569259,0.0458510205764301,109.0274837652774,-52.887709025017394,0.0458510205764301,,,,,False
3978004280127858304,170.9188445707976,19.50602758047466,0.3139722454077365,-0.3,0.65,0.28524703,35.86558,4.8455925,0.9885152967966448,1.0591627,0.0371742814848362,229.00977461588857,68.49776655176662,0.0371742814848362,,,,,False
1252495274778889728,213.3637964014165,21.18938712253971,0.2119861647999874,-0.4,0.45,0.2850143,40.695942,2.692501,1.767890858824449,0.9825066,0.0816950555143962,19.74364936642461,70.40051994531224,0.0816950555143962,,,,,False
2443730121049333760,2.4577645102596466,-5.125311630395475,0.1512918398050917,-0.05,1.0,0.2846408,26.49586,2.5721455,0.0463001488200528,1.0019553,0.0938242792195544,96.83922684801853,-65.86675767509018,0.0938242792195544,,,,,False
6119312967759054848,215.84327168762647,-36.41562382137099,0.3646093111699278,-0.15,1.05,0.28413618,29.635557,8.87145,0.4089530254486665,1.081996,0.0901273534667109,322.87190188760746,22.870957299236174,0.0901273534667109,,,,,False
3943830217491325952,197.3615151339349,22.021678810415462,0.3584392013837227,-0.1,1.05,0.2839925,27.925055,5.5027905,-0.0481574522610322,1.0135388,0.0534211453717728,342.6142141879336,83.45628229019333,0.0534211453717728,,,,,False
3204187684632331904,64.88519832395558,-3.1606699531581928,0.0569560756130442,-0.2,0.65,0.2837502,31.374704,0.94464684,2.482392007388749,1.0151118,0.0399490637795365,196.5707512838221,-34.88454971266028,0.0399490637795365,,,,,False
3479902354283437312,177.91262775517055,-30.26108189658925,0.5407738036952843,-0.2,0.9,0.282465,31.091139,10.214293,2.463069168702661,1.0030997,0.0897638632340687,287.8905998203707,30.858425030616484,0.0897638632340687,,,,,False
772335763790160512,173.55481074691355,44.39572228167186,0.228848980292093,-0.15,0.9,0.28155625,29.099821,3.7631054,2.352079592774148,1.0812207,0.0236936463352875,159.784571582676,66.80566951253181,0.0236936463352875,,,,,False
1230753909808114048,210.17675365257497,13.972803039229104,0.2559388018370825,-0.3,0.65,0.28129154,34.877792,6.0757294,0.48556602184974,0.965778,0.0446181721436975,357.23548766033224,69.16485863479701,0.0446181721436975,,,,,False
6811701518799663616,329.04458215167,-27.047521175309345,0.1683794951082218,-0.55,0.25,0.28123707,48.39884,9.282696,0.1858989454542978,1.0774225,0.0477217642995686,22.66756955749597,-51.19740966235978,0.0477217642995686,,2dFGRS TGS172Z269,G,0.41737985598727184,False
4809077084651427712,81.94275030380824,-38.83758658191597,0.3562176696041828,-0.1,1.25,0.28118852,27.376347,9.063412,0.0412435007199358,0.97773606,0.0378531779023936,243.59160051609047,-32.23863663397347,0.0378531779023936,,,,,False
5109670403905918464,58.65711799501046,-15.74710601044481,0.3126401064911359,-0.4,0.55,0.281097,39.58496,9.688629,0.9374318746747928,0.9925773,0.0531416607169554,207.59608424735333,-46.13358051325486,0.0531416607169554,,,,,False
6677643907181830784,313.2193185447743,-41.26427750687272,0.246206352781348,-0.05,1.3,0.28084216,25.793388,5.501974,1.0141196529990586,1.0202001,0.0948713971148527,0.3981176580823901,-39.70682567034424,0.0948713971148527,,,,,False
2433067813196912640,355.7652089639577,-10.918208389351165,0.1110385661619712,-0.05,1.05,0.2804285,25.71746,2.4924393,0.2358275918412132,1.0800418,0.0701538909701472,74.87723474649405,-67.16687374580911,0.0701538909701472,,,,,False
3720558335473411712,209.2708563144949,6.235381636712752,0.0729955629052492,-0.1,0.95,0.28007978,27.160877,2.1667747,0.1763852341590914,0.9316688,0.0491668886644381,342.6439271472645,63.9229071519919,0.0491668886644381,,,,,False
4726139273300184704,41.88117120416925,-59.020064902026775,0.0890481670951821,-0.25,0.6,0.2798438,32.43669,1.477272,-0.4780098708119829,1.0293323,0.0452589329528405,278.8139931713524,-52.32825644284858,0.0452589329528405,,,,,False
2885460394978616576,93.71946481783442,-35.57651989587493,0.1204743226460376,-0.05,1.0,0.27965832,25.576387,1.889513,0.4639076660715426,1.1032356,0.0650229029198087,242.67733676015104,-22.350437425544264,0.0650229029198087,,,,,False
1347895328876396416,261.52330175988584,41.95764922605158,0.2552805394891289,-0.3,0.7,0.27957165,34.45259,6.373619,0.9753852331563132,0.9638767,0.0601997884884992,67.18376584501836,33.06991584988703,0.0601997884884992,,,,,False
1212566647455439232,229.254869036854,20.36918429162464,0.2253917182199156,-0.05,0.95,0.27899656,25.455492,2.0903873,0.3183551106394531,1.029561,0.1021558926976648,29.4020640149678,56.13012857780991,0.1021558926976648,,,,,False
2442283954021891072,359.5285909072907,-7.069747168504358,0.2102892089718668,-0.05,1.15,0.27884942,25.42865,3.8140793,0.634787856536837,1.0189874,0.0974192004291274,88.2583810592384,-66.28313527586383,0.0974192004291274,,,,,False
6681365685322146560,310.22080715642176,-39.6449919724988,0.3975919608344007,-0.05,1.45,0.27872676,25.406282,10.462908,0.3399718228375566,1.0547143,0.0548845367633706,2.206205890635617,-37.29333491337199,0.0548845367633706,,,,,False
3652474758710894208,216.81876607001143,-1.8107457213558609,0.3303039259861275,-0.1,1.15,0.27775317,26.711508,8.148699,1.2235718944754193,1.0455728,0.0932810018389086,345.32504077705505,52.9858827803275,0.0932810018389086,,,,,False
5465757552482298368,152.86045542088593,-28.10412734931465,0.4058716054369906,-0.3,0.7,0.27733195,33.90279,9.174213,1.024417684136791,0.99872965,0.0752988359659621,264.9955740874569,22.742529517093324,0.0752988359659621,,,,,False
2109592866697845120,275.9802002203757,40.15339585664732,0.2053129320922089,-0.05,1.2,0.2770667,25.104553,4.1987324,0.1156821345354979,1.0145451,0.0390337930037537,67.97352505258962,22.05596584300868,0.0390337930037537,,,,,False
3254435228581344000,66.00463459580344,-0.861260565635936,0.2418348766577605,-0.05,1.2,0.27690008,25.074366,4.241766,0.3070759341849728,1.0438371,0.0645957720295918,194.9236107394316,-32.724458240872245,0.0645957720295918,,,,,False
3662195059975685120,207.82142271050745,0.1238334246614216,-0.075646299489235,-0.45,0.25,0.2767025,40.959587,3.7703667,1.139629625368164,0.8945658,0.0647476874900561,333.41460626384776,59.40639073976986,0.0647476874900561,,2MASS J13511715+0007260,*,0.32595830648410457,False
979760522156734464,108.8700200293237,49.76973164821381,0.3203415499169342,-0.25,0.75,0.2766451,31.699406,6.4945335,0.5337443901721086,1.089633,0.0663299071984504,167.65153292176612,24.098847232245184,0.0663299071984504,,,,,False
581724943394911232,134.53836836695004,4.811922298149423,0.2444686878291726,-0.1,1.05,0.27628225,26.429335,6.3300533,0.2632097913777741,1.0079937,0.0595735946004745,223.8750869715786,30.26415854471348,0.0595735946004745,,,,,False
2638216445054030848,347.6071554695193,-2.341266441199719,-0.0532016241763724,-0.1,0.85,0.27621135,26.415771,0.9454098,1.4678886005084382,1.0183396,0.1446910798988737,74.32572504885682,-55.37560861048275,0.1446910798988737,,,,,False
4702090342660576896,3.0530571834757474,-70.87288361626946,0.4692361703830796,-0.3,0.75,0.27612987,33.609528,8.5863495,1.0922048257883916,1.102773,0.076914754149559,307.53191043104056,-45.90342044099111,0.076914754149559,,,,,False
6489595326835573888,353.4120251319862,-58.19276889905618,0.151283436816608,-0.2,0.7,0.2756336,29.605446,1.3525581,0.6999222003342901,1.1244609,0.0274324667187132,321.2606969404865,-56.08071237995343,0.0274324667187132,,,,,False
4735825352265631744,51.599746135357066,-53.36063653305492,0.3695067661639601,-0.1,1.4,0.27548945,26.27787,10.342979,0.4522780974729767,0.97139806,0.0547969299466752,266.27847983772205,-51.27491117359651,0.0547969299466752,,,,,False
4833895810868901504,52.149731494018354,-47.77019854478075,0.3277055849828585,-0.1,1.4,0.27524897,26.232018,9.865818,0.8307922794243859,1.0375012,0.0403870435953992,257.6746181128265,-53.18600278339016,0.0403870435953992,,,,,False
4627288436319527040,52.76504960496269,-76.39210739306577,0.3054663124513315,-0.25,0.75,0.27494532,31.311064,7.278902,0.86724225770321,1.0813209,0.0198965344026723,292.01714428523536,-37.14322326880599,0.0198965344026723,,,,,False
5660602626515361792,149.76886113120398,-23.942513771778412,0.3850596767476126,-0.1,1.25,0.2746553,26.118982,9.077391,-0.0698121388966232,0.987848,0.0542133880891188,259.7588894699214,24.13971433729204,0.0542133880891188,,,,,False
5038079518192736000,27.225857724699217,-24.47208517845451,0.2009385183776011,-0.15,0.85,0.27271324,27.30062,3.764944,-0.0360895706789177,1.0074204,0.040565350034235,204.52787644182035,-76.80403450757176,0.040565350034235,,,,,False
2442714855204489856,359.57967895742786,-6.754796181072014,0.0750851775175895,-0.2,0.75,0.27171192,28.768995,1.3060436,1.0566993885929794,1.0658358,0.0733598940124664,88.76145693472124,-66.0373241485762,0.0733598940124664,,,,,False
3825594513771789440,142.98424868059786,-3.379935071303222,0.2976439414380341,-0.3,0.75,0.27167794,32.53452,6.3388634,0.4680408166940982,0.9590926,0.0940117993401175,237.3049160497116,33.07084236317555,0.0940117993401175,,,,,False
4695355112385912960,36.73324258759239,-68.23674474334726,-0.0453274690567448,-0.3,0.5,0.27138594,32.464615,1.2041702,0.3298905676798447,0.9773463,0.0654853944186089,290.3432179199571,-46.48818237909517,0.0654853944186089,,,,,False
1421563432571048192,267.5927020922136,56.90310669161757,0.0835165911639146,-0.1,0.9,0.2712563,25.476511,1.0422783,0.4214143561742561,1.0309769,0.0619981088002423,85.16841362643696,30.661555173102787,0.0619981088002423,,,,,False
303915360494320896,25.62982434877372,32.20335479610578,0.2761702338810536,-0.1,1.05,0.27096164,25.421196,3.4115448,0.5382335312302792,0.9677394,0.1055484281763894,135.33349659268666,-29.43530021928874,0.1055484281763894,,,,,False
578167714041378944,134.81976100531782,2.5981175703820774,0.4157166100258571,-0.75,-0.05,0.2709045,59.401043,10.376438,0.3764041689232622,1.0407486,0.0562044186902134,226.25908487012504,29.42501435251256,0.0562044186902134,,,,,False
1199878592509168384,242.1143140554135,18.21238741729524,0.2143984177818172,-0.1,1.15,0.2702328,25.28462,4.8121605,0.3691136958677556,1.020432,0.0875173424749763,32.56950345549709,43.9718423832519,0.0875173424749763,,,,,False
2124291825331184128,275.08914944970843,50.52419406660257,0.3013418843963737,-0.7,0.1,0.2700486,54.97143,10.093197,0.4497654846052723,1.0442474,0.0605833652586716,78.73306023945082,25.37049786713075,0.0605833652586716,,,,,False
701522164080721664,139.10507306653187,32.18000966655877,0.3218474040353145,-0.15,1.15,0.26758164,26.282864,6.2624016,0.6015031792653895,0.91951525,0.049047899246677,193.1276287585834,43.4890371701149,0.049047899246677,,,,,False
2864020433631327360,5.146640007432367,33.88905841390444,-0.2829489365319872,-0.25,0.5,0.26756528,29.65273,10.896189,1.4828338241323895,1.0101324,0.1276652179497619,115.64567750399988,-28.54583323167868,0.1276652179497619,,,,,False
4902757846158929664,14.638033828575258,-61.52426836074749,0.1052549186646576,-0.15,0.95,0.26749963,26.266748,6.4035473,2.2705498017497576,0.9966067,0.0275558707563321,301.43167421372004,-55.58325347091383,0.0275558707563321,,,,,False
6517059203152633600,337.76143083451456,-49.4119554292684,0.2551922988396526,-0.15,1.1,0.26695818,26.160528,6.881548,0.92020595214284,1.0919745,0.0303632012877303,343.7482683876608,-55.08782625307652,0.0303632012877303,,,,,False
5568982590316407296,95.97741669601383,-44.149377934033474,0.2541628482866178,-0.25,0.8,0.26532072,29.157314,3.7152824,0.1477021296363433,1.1249073,0.0752895795285511,252.1182094844552,-23.211521314149024,0.0752895795285511,,,,,False
5171601220972610688,37.4556558689112,-11.895041842912248,0.2642622952741753,-0.15,1.05,0.2649922,25.776634,6.1321316,0.7956736282951595,0.9539977,0.0383951699812407,184.30968934185788,-62.355608238152406,0.0383951699812407,,,,,False
3827010684748261632,144.386995119384,-3.0764449388212234,0.0772525912804287,-0.9,-0.25,0.264207,70.24966,7.279991,1.5117645349767523,1.1686337,0.0329834043397487,237.99762035919107,34.38297142702825,0.0329834043397487,,2MASS J09373292-0304355,PM*,0.8377826385623797,False
4991701288804613376,3.12183164488244,-44.54044646608781,0.0999712771432648,-0.9,-0.25,0.26392365,70.09905,5.4267273,0.0478869504416205,1.0983113,0.0354494446526451,324.5678255734319,-70.91549479930714,0.0354494446526451,,,,,False
2344887186808091776,16.35126945279104,-24.55636250248812,0.2486439045002093,-0.25,0.8,0.26340652,28.738108,7.422243,1.002979740423247,0.9999827,0.0636522786582204,174.40767084491463,-85.93956442055371,0.0636522786582204,,,,,False
2350290801126627584,9.989434350791631,-21.15931045624841,0.2033101535397214,-0.35,0.6,0.26318058,32.53025,3.472412,0.4519981768312776,0.9824051,0.041537107849814,98.63978318899052,-83.48255376939674,0.041537107849814,,,,,False
6712096996662775552,286.0600881933051,-44.303876227933785,0.2119485112559154,-0.5,0.3,0.26291108,39.52862,5.158367,0.3217164241297873,0.9678201,0.1044292552643181,352.7515215650225,-20.735138823519343,0.1044292552643181,,,,,False
4606842227329009280,273.46878323549487,37.159699750806574,0.1313591645512133,-0.65,0.1,0.26238337,48.368603,6.577915,0.9474346774081192,0.9970037,0.0319470188177512,64.24418308928493,23.02683041489015,0.0319470188177512,,,,,False
4580899181754049408,269.3094604427052,24.55821900266821,0.1873831901317526,-0.2,0.95,0.2619727,26.743567,3.6788044,0.0878281515623456,1.0635141,0.1220804173374004,50.073476662240914,22.28235234467682,0.1220804173374004,,,,,False
1680295457937568640,187.1428750732937,65.55225449065122,0.2979509052795102,-0.2,1.1,0.26190612,26.729977,8.444866,-0.0128880736341144,0.99313766,0.031749421293038,126.72123376320756,51.40742716544816,0.031749421293038,,,,,False
1203280069168872576,241.3709787844549,19.715298386059008,0.2019660192387782,-0.25,0.85,0.26124075,28.267473,3.946867,0.1604846166387282,0.9735285,0.1364904353406064,34.220861465930284,45.14169102069955,0.1364904353406064,,,,,False
3855967143804316928,158.4679608992772,2.2762909547483368,0.2057936245799076,-0.2,1.0,0.26062456,26.469027,5.92848,0.6057624142212668,1.1122342,0.055639050141858,244.04408147034383,48.759315437605125,0.055639050141858,,,,,False
2111727980839567744,277.20220438073085,42.84217754376117,0.3052794370175125,-0.45,0.55,0.26059133,36.32865,10.564533,0.2289083004747206,1.0473874,0.0382435782183847,71.03637128068746,21.986544641393927,0.0382435782183847,,,,,False
3189049264942858496,61.48578225813913,-12.698414642021207,0.3353958771780334,-0.65,0.15,0.26053536,47.68967,9.173611,0.8586711591071019,1.0787827,0.1236855148346716,205.27775356377103,-42.384209488035616,0.1236855148346716,,,,,False
3780749488923595776,154.96614487804513,-2.659389528245405,0.369841616461982,-0.3,0.85,0.26049265,29.910702,8.637184,0.4198368954486741,1.1538571,0.0724373460677538,246.0838073166564,42.87691613733238,0.0724373460677538,,,,,False
1800088899052601088,327.1476834490422,27.27850257684468,0.3116023711325217,-0.4,0.55,0.26029694,33.943447,6.0497017,0.4135450370552436,0.98248994,0.1270187472176406,80.2903307345572,-20.081318775352816,0.1270187472176406,,,,,False
4904765004635467648,1.962401424702435,-61.8046620681148,0.2239800810352212,-0.2,0.9,0.25940567,26.222023,2.1448383,0.4238530577067054,1.0611064,0.0288987699902446,311.7946076190877,-54.5671973778253,0.0288987699902446,,,,,False
6124813343386498048,213.7935713043028,-30.69192844398041,0.3400504652424905,-0.2,1.25,0.25719354,25.776707,10.703724,1.0410476858024618,1.0478907,0.1134244630516911,323.4609440703109,28.82008766215769,0.1134244630516911,,,,,False
837562985439005312,164.254012395376,53.46898221056386,0.3074935360796793,-0.2,1.15,0.25655597,25.649067,7.2469673,0.6984809485765241,1.0486441,0.0291909340744826,153.79761184253277,56.25372837544074,0.0291909340744826,,,,,False
1649087705872899712,256.5139949873024,69.57994169023601,0.3324816040359328,-0.55,0.4,0.25604445,40.11627,10.0390625,0.6001067052975603,0.94906676,0.0466282283949451,100.66120241810134,34.41144333851313,0.0466282283949451,,,,,False
906175053632095104,121.611031920134,35.7948283780276,0.2923752432946909,-0.3,0.8,0.255735,28.828096,5.559702,0.91385334236746,0.9946237,0.0991498196353893,185.3254524478656,29.917889628664387,0.0991498196353893,,,,,False
5038740805717866752,23.28037944727853,-24.678793682820427,0.3099150862212365,-0.25,1.0,0.25470594,26.870966,6.923132,0.658575482669702,0.99662936,0.0551518747444953,200.60922649556156,-80.3149070185206,0.0551518747444953,,,,,False
5672691378905123200,151.10540431453154,-17.907237554256763,0.1782273542478734,-0.4,0.5,0.25463834,32.483692,4.3731766,0.0390663142830827,1.1122005,0.0514714069375604,256.24129637225167,29.4439164004729,0.0514714069375604,,,,,False
3635574818315582720,198.8162468168811,-5.505192488599992,-0.0596533753966523,-0.4,0.4,0.25459507,32.472656,1.5470123,0.5480257172425615,1.0681328,0.0439375281421811,313.82427247208136,56.86180093804823,0.0439375281421811,,,,,False
4880609455728928128,73.99763123526289,-27.04914691748224,0.3356342989681522,-0.2,1.1,0.25367585,25.076424,7.8760567,2.9465794212481007,1.0750295,0.0279796728186327,227.91143018048567,-36.15464638960523,0.0279796728186327,,,,,False
3638570128507583616,202.9210629458497,-1.2373171291131229,0.3795814738127516,-0.35,0.85,0.25289592,30.037476,10.392223,0.8227092184182118,0.98674303,0.045665174536398,323.39499768624614,60.02573609558619,0.045665174536398,,,,,False
5097975276678068352,62.14066855708089,-15.241071731014978,0.1812431065546693,-0.35,0.6,0.2522559,29.885628,6.648098,-0.3972211308902161,1.0281096,0.0625267864218624,208.78365597351691,-42.84604122906251,0.0625267864218624,,,,,False
4446279169936246272,248.56972521469996,9.153273660223098,0.0542427047516298,-0.55,0.2,0.251547,38.719353,1.7872391,0.436654962988519,1.0047301,0.147852859807295,25.110524943771164,34.579656857548905,0.147852859807295,,,,,False
3476353955381971328,185.53723352176203,-26.10334037558807,0.3435435980020891,-0.35,0.7,0.2512263,29.642168,7.055258,2.970517693504197,0.9923775,0.1366385043024716,294.7673464933024,36.30364716885836,0.1366385043024716,,,,,False
5759800393774165632,138.7597068025997,-3.2288632038515237,0.3053191555144554,-0.35,0.7,0.2509432,29.575401,4.8439484,0.2601898054776598,0.97848254,0.0653558073200086,234.34017361976163,29.69321268255497,0.0653558073200086,,,,,False
4813712316436413312,74.76586870793324,-40.7523354095684,0.2275604009789003,-0.55,0.35,0.25031498,38.341003,5.0252304,1.55912943174346,0.9998973,0.0276381281503283,244.9762833695813,-37.96295787770614,0.0276381281503283,,,,,False
5023046269368337408,23.032132717259756,-29.66666468931392,0.2593828475560134,-0.55,0.3,0.2492476,38.01472,5.3732796,2.37941562053266,1.0405849,0.0460423703282745,231.15253845804784,-80.70224512286477,0.0460423703282745,,,,,False
3568887135990031744,179.71711309238012,-15.50243823077563,0.190309651309267,-0.25,0.9,0.24864644,25.607647,3.6831112,0.0715433397804469,1.0814444,0.1031029601499835,284.71575164220167,45.5017634965436,0.1031029601499835,,,,,False
3723253448927026176,212.6339161891801,10.12418159041781,0.2636604486213327,-0.25,1.0,0.24834172,25.54492,6.0717945,0.3851722549323678,1.0468712,0.048434858455712,354.32148824765,64.77217678602419,0.048434858455712,,,,,False
601606656246326144,128.13890803014235,10.822030365856468,0.2099285375746236,-0.35,0.75,0.24283767,27.695667,3.9006653,1.4311378975332705,1.0026038,0.0350801650974722,214.48972884606607,27.316814706825983,0.0350801650974722,,,,,False
1501599426577340032,205.22567585446652,43.11210697542171,0.0921332392379437,-0.4,0.5,0.24281861,29.538042,1.7039967,0.393768817425614,1.1203799,0.0329825148802677,94.02167275162796,71.13186019099516,0.0329825148802677,,,,,False
3765021593563901696,152.1098145079757,-14.174249238596436,0.2489273716333375,-0.8,-0.05,0.24263069,51.201954,4.7347717,1.2195958967547638,1.1381476,0.1205182107702545,254.07079338454827,32.822836334405984,0.1205182107702545,,,,,False
3521217809366412160,184.25274767025036,-16.236031833664402,0.1572584223486997,-0.35,0.7,0.2423541,27.585474,2.3451748,1.3666082750435813,1.1123644,0.1004784164113568,291.02986796344265,45.83860956654336,0.1004784164113568,,,,,False
5758028358987121024,138.8627432228598,-6.243700961935839,0.1265742078306768,-0.3,0.65,0.24219596,25.856482,1.2931385,0.9049072375857736,1.0402069,0.0716449834773987,237.2402743607252,28.064675734326396,0.0716449834773987,,,,,False
3488462121024568448,182.78352064426247,-25.82571239759579,0.1007090601954896,-0.65,0.15,0.24213053,41.189835,3.2834587,0.1755779349760967,1.0333401,0.1290828997793314,291.6835353520387,36.16417064330253,0.1290828997793314,,,,,False
2517854792652013696,30.414973664010525,3.6847852256070106,0.0863315974468594,-0.65,0.15,0.24066614,40.69311,1.1234131,0.2839195338320359,1.2126058,0.0328413043609778,154.43982147425444,-54.83313332915876,0.0328413043609778,,Gaia DR3 2517854792652013696,*,0.30378648712691586,False
2554291925096876800,11.211522625269524,4.806262192527033,0.3322036473400516,-0.3,1.0,0.24061036,25.51904,7.8746223,0.8991164814803984,1.0560431,0.085021711088226,119.82970679614075,-58.02577705609482,0.085021711088226,,,,,False
6660232419003297920,291.44068620978214,-47.12115447899245,0.2673979479648256,-0.3,0.9,0.24042085,25.478855,7.298439,0.7321640131403427,1.0281379,0.0838410927773132,350.92908814916274,-25.11923164970581,0.0838410927773132,,,,,False
4568226623047761792,257.34551342624223,22.487406720950137,0.0040638403591106,-0.75,-0.05,0.23992826,46.5934,7.7236786,0.039739698198724,0.99360484,0.0704392013994187,43.72286946348082,31.91105833626136,0.0704392013994187,,,,,False
6118278018074554752,216.41990819064256,-37.34137777334158,0.1734074573362294,-0.45,0.55,0.23992813,30.795818,3.562973,0.1149839347959659,1.0126942,0.0923235200362964,322.9526111267724,21.839359452286804,0.0923235200362964,,,,,False
6148432605499157120,184.26808874741243,-41.10378219518726,0.1572030873796759,-0.55,0.4,0.23845175,34.79292,4.741432,0.5143051929866069,1.0124649,0.1425527402253994,295.99234203076435,21.304445178758044,0.1425527402253994,,,,,False
823385298394557440,148.210466994283,47.82402615772943,0.3730080643461475,-0.55,0.5,0.23823498,34.729687,8.918728,1.047540424211766,1.0731797,0.028929018437548,169.81817270693364,49.73232394036832,0.028929018437548,,,,,False
3635103643223278336,201.1805164102162,-4.920150993873085,0.0609657631300226,-0.55,0.3,0.23735842,34.47459,1.7899742,0.4794831738517878,0.97785515,0.0495562258307422,318.2652825444346,56.95741263200424,0.0495562258307422,,,,,False
5129470855973868800,42.48241821544842,-17.923113446924713,0.3861004410610373,-0.35,1.05,0.23702672,26.386047,10.651817,0.5224609810394318,1.0095906,0.069560010817411,200.54808216174132,-61.21622636338263,0.069560010817411,,,,,False
4217622979475813248,306.5351599168012,-7.075826068734882,0.161453287546383,-0.4,0.55,0.23680134,28.092222,4.2577953,0.3843702643878595,1.024898,0.1026681809399725,37.46637774773021,-24.257004627506205,0.1026681809399725,,,,,False
4997731083585450880,7.026674351089668,-38.51557280515669,0.2412707052504483,-0.4,0.6,0.23672137,28.073252,3.2228985,2.304291843580541,0.99936664,0.0528849738627613,324.68399889597265,-77.6099625544734,0.0528849738627613,,,,,False
893268058433107328,111.12854383464696,33.05016173150903,0.0701395573012799,-0.8,-0.05,0.23641314,48.611416,6.793293,0.5168502163641826,0.9186032,0.0622223155333491,185.507683663204,20.85289549069062,0.0622223155333491,,2MASS J07243086+3303006,*,0.20565213605959495,False
6479880420050234496,316.4713020149522,-48.21890483369368,0.0717541516746784,-0.55,0.25,0.23617774,34.132473,7.729183,0.2089798368250588,0.934217,0.0603349064537148,351.16912852564843,-41.934539855717794,0.0603349064537148,,,,,False
4610733261539785216,269.1608090881759,38.52555102228922,-0.0010331227565654,-0.45,0.4,0.23509187,29.566822,1.962017,0.0285542138511168,1.0057389,0.0402365981038774,64.6553205446934,26.673262970430063,0.0402365981038774,,,,,False
3493564713970954880,181.89262607321257,-21.549192623008388,0.2421835228540949,-0.35,0.75,0.23473558,25.87841,7.9669113,0.298582337727266,0.9541981,0.0956994368924097,289.5410763992898,40.17917066852445,0.0956994368924097,,,,,False
5475305024262943360,156.32624581673554,-22.72887107363651,0.2298961155925507,-0.45,0.65,0.2345242,29.424208,5.0945377,0.373517735206935,0.9781223,0.0652102768179901,264.08710548980565,28.907934662459997,0.0652102768179901,,,,,False
1746440458260745344,319.9888043298404,11.83976035220424,0.1222037487625389,-0.75,-0.05,0.23413084,44.36892,5.1725235,2.3092285868447493,1.0743641,0.1454348013149161,63.01297164302017,-25.608880040619862,0.1454348013149161,,,,,False
4597164807017772160,265.9164041791116,29.5506691532087,0.1714570193113136,-0.45,0.55,0.23401085,29.295532,3.7701569,0.0075981992991733,1.0688692,0.0570697496430605,54.16567155092156,26.776529742728343,0.0570697496430605,,,,,False
3250926996214855552,54.79947831513002,-1.9264879180312635,0.2296510592641478,-0.8,-0.05,0.2335195,47.42872,5.900528,1.0175710475627404,1.0392588,0.1126126643235028,188.1020098745232,-42.60716750492001,0.1126126643235028,,,,,False
4501037941375989888,267.9148058326828,15.909265116918574,0.1554112234806073,-0.45,0.5,0.2332423,29.103424,6.401024,1.5670780203296792,1.1082457,0.1131972307433533,40.94915395599034,20.22553283207106,0.1131972307433533,,,,,False
653787244719635712,123.41875686608796,14.49562242231027,0.3051128039211193,-0.35,0.95,0.231782,25.231272,8.088236,0.220571729022266,0.9919063,0.0458118589970899,208.65857921804312,24.628242599241048,0.0458118589970899,,,,,False
660150324666148480,131.0177515101711,18.218941067918237,0.0867693965527038,-0.6,0.3,0.23094818,34.95627,2.3880653,0.2634275084398486,1.059692,0.049188789539115,207.8917849887877,32.78589474826635,0.049188789539115,,,,,False
2113191705693026816,273.8690756035795,42.1180438264705,0.3414269863407888,-0.45,0.75,0.22919764,28.102806,10.390514,0.9802821110791148,1.0194365,0.034279929347716,69.52733999250879,24.140339028853862,0.034279929347716,,,,,False
6106343399169433600,219.2481750555852,-38.17264276231058,0.2830551845740867,-0.45,0.65,0.2288496,28.017523,6.422037,-0.1802628667301604,1.0287092,0.1342458584940467,324.78701702822536,20.17858206484118,0.1342458584940467,,,,,False
3561862596717502592,171.20223544727205,-13.939578521644002,0.226314280447931,-0.4,0.8,0.22837965,26.129591,5.403553,-0.4033138339133719,1.0202423,0.0536050766972237,273.1431889817907,43.864619608385816,0.0536050766972237,,,,,False
1371746759739800576,238.4643494749101,34.56528913255729,0.4154390031661616,-0.45,0.8,0.22820407,27.859686,9.737101,0.7689931487551463,1.0443057,0.0794197897891514,55.3079184209792,50.48249195187699,0.0794197897891514,,ZTF J155351.44+343355.1,BY*,0.14713102863388602,True
2881842589405394048,359.602585485825,39.61818389434896,0.3140357898936106,-0.55,0.6,0.22752793,31.678106,9.722044,0.6029827930749384,0.98403245,0.1394196910926731,111.93950397015014,-22.119019889034707,0.1394196910926731,,,,,False
6809359490313887232,315.0900088816453,-20.134381037099292,0.1924822824280774,-0.45,0.7,0.22702758,27.57317,4.4194965,0.7895653059160943,1.0571593,0.143458887402896,27.32088547754192,-37.05689328948899,0.143458887402896,,,,,False
2420421436612657920,356.30761490947106,-13.638887309636733,0.4160623287921314,-0.7,0.25,0.22605558,38.519768,10.7500725,2.879728806936216,0.9915144,0.0508699840215546,70.75207005266591,-69.48395555764596,0.0508699840215546,,,,,False
4803564030270831872,88.18732365377723,-42.77938797991947,0.046860631105023,-0.85,-0.1,0.22572462,47.653084,1.3523178,1.673721816619181,1.1946893,0.027451300311301,249.1328912952616,-28.369028184171054,0.027451300311301,,Gaia DR3 4803564030270831872,PM*,2.051007683820221,False
6163294566732106112,205.554849687614,-37.5174986975192,0.0996064795692994,-0.55,0.35,0.22452652,30.847866,0.88586044,1.4098399800663624,1.0344461,0.0803213115102688,313.9549879550203,24.26489432449936,0.0803213115102688,,,,,False
6778915044133607552,313.780911038908,-35.30937743644229,0.381266127662804,-0.7,0.3,0.2242964,37.922577,10.666164,2.6233756421427907,0.9998272,0.0957169787591813,8.150650737455118,-39.55038576273463,0.0957169787591813,,,,,False
1878969340697126400,335.29005457536334,24.871084966941385,0.3093763654619703,-0.5,0.55,0.22388227,28.663765,10.276295,-0.0595418701560402,1.0380138,0.0369353234756368,84.70220708350094,-26.62942581416913,0.0369353234756368,,,,,False
4227439144408657536,314.2960852614885,0.0872293675040062,0.402459800742724,-0.6,0.55,0.22360982,32.770096,10.464706,0.0276832418423236,1.0329236,0.1171844089972999,48.59126009917492,-27.612078993325277,0.1171844089972999,,,,,False
3461867820967375232,183.5123563367236,-36.16931949353861,0.2441505950737292,-0.6,0.4,0.22341743,32.713734,5.4162025,0.1696202983692499,0.9793162,0.1079222369115025,294.5371536368197,26.092233382104517,0.1079222369115025,,,,,False
6424902845798121600,308.0476313409671,-67.10919797728243,0.2525114033959976,-0.45,0.75,0.22302967,26.610603,6.212734,0.3703199004254341,1.0163995,0.0759081483918117,328.23868604976394,-34.56962631458474,0.0759081483918117,,,,,False
673962080497735936,119.47983859389534,21.560874914183213,0.3485484386532187,-0.45,0.8,0.22258598,26.50483,8.63546,0.2355777647517756,1.0253463,0.0537738929444892,199.9307209040886,23.848474066142725,0.0537738929444892,,,,,False
1204867179843711744,242.6311017093063,20.38174700599537,0.2112216712740338,-0.55,0.45,0.22192025,30.135868,3.8936386,0.7508424398039628,0.9922482,0.1410679312349275,35.644318062333554,44.23537949468977,0.1410679312349275,,,,,False
309641788850320640,18.087001142053538,28.90888357619464,0.03995525728231,-0.55,0.35,0.22100195,29.886978,3.6964912,-0.3113415345716182,1.0290495,0.1354390610286854,128.43571261182643,-33.739308482987504,0.1354390610286854,,,,,False
3065730652110266880,128.49481399519692,-4.220005530333417,0.316439265378408,-0.6,0.5,0.21903697,31.443495,7.371973,0.4264470755457518,0.99036807,0.0757622277333104,229.19153946414104,20.51471527987905,0.0757622277333104,,,,,False
708040962362998144,127.09106714908268,30.45052257536296,0.2479280908859618,-0.5,0.6,0.21877305,27.37042,5.085722,0.1185917422111281,1.0645536,0.0663528388800232,192.7015337300547,33.09170552397723,0.0663528388800232,,,,,False
4876606236971436672,74.37305264510515,-29.895130660308105,0.1276726055942303,-0.55,0.45,0.21826914,29.152412,1.8320732,1.0423059659154637,1.1340492,0.0265119319529744,231.43764055389897,-36.53169107101337,0.0265119319529744,,,,,False
2559959460861183104,22.927643945279257,3.598071046841999,0.2117309267241109,-0.55,0.5,0.21805164,29.094343,3.367937,0.2407925920664476,1.0156668,0.0721605597614979,142.0292537293288,-57.77270988049007,0.0721605597614979,,,,,False
2493663170313923328,33.96910658821909,-2.518714392140606,0.1014348338090265,-0.65,0.25,0.21639572,32.899418,6.234028,0.2352650015139654,0.96917623,0.0292765273136762,165.93060918128387,-58.157340829056814,0.0292765273136762,,,,,False
1382250978435503616,246.4331279626682,43.68497151670966,0.3545517850971453,-0.65,0.4,0.21636868,32.891197,7.921879,0.6594195344847323,0.9771733,0.0267979951194319,68.6839059452302,44.1950678829409,0.0267979951194319,,,,,False
1423341961348492416,246.3427989203257,49.8817160299177,0.3684049970813863,-0.7,0.3,0.21431066,34.621094,10.478943,0.2566957320443482,1.0765121,0.0290028276906041,77.25354044356025,43.626223962894215,0.0290028276906041,,,,,False
6389794266995214720,350.3896518374272,-66.7017764932325,-0.1190596290411996,-0.75,0.1,0.21392587,37.041466,5.732708,0.6660845725490934,0.98318046,0.0190073708266012,316.0092672216996,-48.08046064201693,0.0190073708266012,,,,,False
1371052418147352192,236.74863612022065,34.615466599498085,0.1159925880547856,-0.6,0.35,0.21088228,29.145813,2.7056923,0.6593960622835546,1.0369464,0.0652292841533764,55.32863169970177,51.89573590318094,0.0652292841533764,,,,,False
5091783823622415488,65.05674430878857,-20.208089917385145,0.1745041232699531,-0.7,0.3,0.20767972,32.511826,4.6924896,1.49497792469698,1.129926,0.0117382874767519,216.4157009888513,-42.02423326260195,0.0117382874767519,,,,,False
6640619055707489152,295.30320392344794,-56.48675772104328,0.1447862298789708,-0.8,0.1,0.20761931,37.491306,3.987957,1.5884453707127162,1.00995,0.1027832174112325,341.0250469940885,-29.08227114518556,0.1027832174112325,,,,,False
6457705671403585024,314.943856799914,-56.56005926512072,0.3526918580145661,-0.6,0.65,0.20638415,27.91571,10.997406,1.032193225534381,1.0089787,0.0943413607598904,340.3991343408508,-39.86697763141314,0.0943413607598904,,,,,False
6646712068112784128,292.4769181338155,-50.2619357848539,0.0612196403339559,-0.85,-0.05,0.20621538,39.7718,2.574749,-0.0666350054648527,1.1405593,0.1434257622990211,347.6882502868278,-26.467751481254137,0.1434257622990211,,,,,False
2441089815674175872,359.97808925570104,-8.50566819486426,0.1223741077022708,-0.55,0.5,0.20318513,25.262342,1.1521282,1.5179921687699809,1.112136,0.0605712037829131,87.3335290294886,-67.74254435506572,0.0605712037829131,,,,,False
2490339793339734400,35.704108287424866,-3.200416111090993,0.1172861236944387,-0.55,0.5,0.20305128,25.229074,2.5717106,-0.1749960783939523,0.9794753,0.0598997966220564,169.2745048896159,-57.603019599862215,0.0598997966220564,,,,,False
592050487157690496,137.23083411670035,10.95939901949537,-0.0297812963134127,-0.65,0.35,0.20295185,28.938562,1.3035564,0.5582027967713701,1.0291214,0.0375404970806882,218.81746385498585,35.44855558674884,0.0375404970806882,,,,,False
2108655670474318208,276.2316876912764,39.05831163498672,0.3153336752637097,-0.6,0.65,0.20138055,26.578535,7.8046436,0.244127638671532,0.9348829,0.0403694897956019,66.91483818161728,21.535902819163912,0.0403694897956019,,,,,False
4428899911187387264,234.0145931276596,5.800283063127727,0.3276182680706849,-0.65,0.55,0.20128502,28.465176,9.681534,0.9575821874262028,1.0529095,0.1325276303463602,11.909370809592746,45.4591765914016,0.1325276303463602,,,,,False
6664236496754279808,289.0191308813572,-45.83434604931613,0.0092108696036525,-0.65,0.25,0.20041989,28.221012,3.54636,0.3142389209786032,1.0873522,0.0818065333826761,351.83037639961947,-23.1802377856072,0.0818065333826761,,,,,False
3096753269609452416,123.80237828497572,6.650114984648294,0.1870392561653808,-0.75,0.25,0.20030344,32.47419,2.761135,0.81612335192375,1.0004426,0.0414957262239419,216.5602242304905,21.64041555096892,0.0414957262239419,,,,,False
1567909151783147008,191.9443536535792,50.45660601593568,0.3799986221107172,-0.6,0.7,0.19977397,26.156147,9.46764,0.9943292090631164,1.0114815,0.0326924143914849,124.4026759987721,66.6611894030509,0.0326924143914849,,,,,False
5758368206864300032,137.14459857505082,-5.369311446118019,0.0734006714519646,-0.8,0.05,0.19927958,34.539867,1.2083244,2.963727147070044,1.069419,0.0541512685493299,235.32926114014745,27.159686536777187,0.0541512685493299,,,,,False
6640106133534004096,290.9190640633206,-56.431370704946175,0.2525848396607291,-0.7,0.4,0.19841969,29.677187,7.391348,0.4657522579301305,1.0049834,0.0614524763060977,340.71576551601504,-26.67513970916664,0.0614524763060977,,,,,False
6484441744039568000,312.261506254879,-44.76706491051807,-0.0087046864685023,-0.65,0.3,0.19801338,27.54736,2.603428,0.1374885659002609,1.0151658,0.0549867349743602,355.83016343053083,-39.147761175670965,0.0549867349743602,,,,,False
6672725070116041088,304.0881182896771,-45.94730748866132,0.0209079299174064,-0.65,0.25,0.19790757,27.517925,4.4233284,1.831940366708664,0.9766067,0.0325214968648412,353.9329141276557,-33.489690813181056,0.0325214968648412,,,,,False
4464359607861328128,243.77521752955016,14.269963107236418,0.2359931215621955,-0.9,0.05,0.19731297,39.18021,4.3549423,0.4332130969242967,1.0234476,0.0589142477628315,28.42952705542944,41.00973808361134,0.0589142477628315,,,,,False
1049467463412773376,147.24577380649953,58.5258380973169,0.2666361333723479,-0.65,0.45,0.19634137,27.084106,9.242538,1.12999297945944,1.0280976,0.0334826225062177,155.13161352638835,45.555928207496365,0.0334826225062177,,,,,False
3650499108114753664,221.92705271095423,-1.1710223415854528,0.2328913339608487,-0.65,0.5,0.19612734,27.025093,4.5810776,0.4337341411625218,0.99074024,0.1143158226109627,352.3096431504101,50.2113589477458,0.1143158226109627,,,,,False
4901860472872001536,8.895004820469842,-61.7187623200124,0.2209385113354898,-0.65,0.45,0.19565032,26.893793,4.6340637,0.6612858370347768,1.0850339,0.0362037122976649,306.2313105559904,-55.30778282615272,0.0362037122976649,,,,,False
605848400307141248,137.82791569343445,12.92002618870987,0.0060735588464186,-0.9,-0.1,0.19485107,38.208607,6.6086693,1.7047461326134676,1.0225614,0.018653172642004,216.9229486247418,36.80652382277282,0.018653172642004,,,,,False
5482037505759148928,90.61508151468531,-61.448073587268965,0.2047123844703859,-0.85,0.1,0.19451532,35.386753,5.548855,0.3263784084434784,1.0355688,0.044328174224245,270.5152293502534,-29.389446803321324,0.044328174224245,,,,,False
2335456160180404608,2.1472625833726453,-25.974558741724746,0.0076489243668476,-0.9,-0.15,0.19258831,37.326344,9.255054,0.0617834702448446,1.0466899,0.0442493657288349,37.37724914097295,-80.35141799487069,0.0442493657288349,,,,,False
1274041338997818368,233.15604875936276,30.742673882857527,0.2482227308195224,-0.8,0.25,0.190807,31.665308,7.692087,1.0744853700703616,1.0553514,0.0613802748789612,48.61217948423264,54.73603493138445,0.0613802748789612,,,,,False
878254295874904320,115.86510373592454,28.0759678844981,0.3347163107051383,-0.75,0.4,0.19024722,29.295319,8.518272,1.0017141219972716,1.054925,0.0401120782166417,192.0296202242397,23.036957089102987,0.0401120782166417,,,,,False
4902511521194310016,11.261996927459633,-61.907735784058936,0.1331893701533957,-0.75,0.25,0.18953075,29.07508,2.0498314,0.0303290696604546,1.0080229,0.0413198866645514,304.2500780197519,-55.20415681284478,0.0413198866645514,,,,,False
1312189272880708608,248.25390781764085,30.69257270010226,0.1511815850945543,-0.7,0.35,0.1887984,26.868893,2.2581158,0.4138168540954759,1.0556303,0.0416395308930159,51.05027031739577,41.86596453571106,0.0416395308930159,,,,,False
4602928137732910592,270.8127372312214,31.556627198894187,0.2250689728465591,-0.75,0.3,0.18808399,28.632893,5.128006,0.0990042060289852,1.0667374,0.0744147230888585,57.70964692180991,23.38553133205915,0.0744147230888585,,,,,False
6684609004106894336,295.96985626118334,-45.7036294555022,0.341080637832805,-0.7,0.6,0.18790494,26.61519,10.899504,0.379970279972744,1.066557,0.0674363689390151,353.2279438652212,-27.862231180515867,0.0674363689390151,,,,,False
1347958001039314176,261.3321126971645,42.118623858806906,0.4049306017776164,-0.75,0.35,0.18782847,28.555147,8.223043,2.378697028169719,0.9840775,0.0611977486864063,67.34953097029872,33.233668844720505,0.0611977486864063,,,,,False
1873763595520533632,338.1145151525968,21.00149706228004,0.3224496403698866,-0.8,0.4,0.18509318,29.797232,8.081705,1.6077645161774914,1.1462454,0.0823156453413535,84.42600726596017,-31.28530533399402,0.0823156453413535,,,,,False
1269701837184129664,225.7455757044681,28.78170244109144,0.3184571842483494,-0.7,0.6,0.1836086,25.412024,8.478846,0.5570201335728313,0.98852515,0.0586870364538468,43.97757755097157,60.99573425941927,0.0586870364538468,,,,,False
6114354582629707136,210.28162869343632,-39.08302450117828,0.3964952637906958,-0.75,0.5,0.17960104,26.10834,9.553064,2.8236012360276304,1.0331264,0.0766559080041804,317.4298793339076,21.818820280208445,0.0766559080041804,,,,,False
4780962228731573760,65.63860077620882,-52.551616395326846,0.2906784694393147,-0.8,0.4,0.1778245,27.502886,7.5559444,0.3456131579318635,1.1166359,0.0321971534826227,260.99016461204985,-43.57824507472872,0.0321971534826227,,,,,False
6625683805150071424,335.8944851088271,-24.74771043601442,0.028488368761363,-0.85,0.05,0.176104,29.00491,5.298416,0.469329258002906,1.0454059,0.0424762847531988,28.56554835863411,-56.79127324563336,0.0424762847531988,,,,,False
784972485288320640,169.91323231001235,44.84687031598276,0.2403483271557096,-0.75,0.5,0.1758735,25.035852,5.489012,0.4868676414924869,1.0320027,0.0290905691086524,162.88851514751246,64.50628837254584,0.0290905691086524,,,,,False
6914484312441584000,310.63349163296505,-4.6984812187277205,0.1725882765570148,-0.85,0.2,0.17091937,27.322205,3.7686882,0.2711633781993438,1.054572,0.0650759258904123,41.88123814444062,-26.787215030170263,0.0650759258904123,,,,,False
4580299844839809536,267.17679676596595,23.21891684059357,0.262923879255224,-0.9,0.2,0.17026927,29.176155,9.369698,0.6187834318197153,1.0569493,0.0829684522404272,47.96334981958504,23.631739867436767,0.0829684522404272,,,,,False
3833683616522181120,150.5948897110247,1.067098106535957,0.3072155714331455,-0.8,0.45,0.16960783,25.019976,6.254999,0.8199235382608991,1.0783452,0.0591327288595044,238.43744213861208,41.83675933786972,0.0591327288595044,,,,,False
2599412201513775104,336.6463616982706,-14.059884483495376,-0.1237596514561705,-0.85,0.1,0.16692303,26.059475,1.7888737,2.040831467584171,1.0775701,0.1036164494919776,46.7227607661126,-53.83568448395993,0.1036164494919776,,,,,False
3524546031063769344,194.31213360541915,-15.041688690012572,0.2620262574812351,-0.85,0.3,0.16547652,25.609781,3.8674679,1.1429003548939696,1.0210161,0.0825054250301081,305.02090997792635,47.80649152662906,0.0825054250301081,,,,,False
662497674616047104,127.20307329311616,18.78637702329239,0.2140845223184504,-0.9,0.15,0.16536269,27.518871,5.751541,0.4010971938806,1.0750965,0.0494727704683248,205.751536111014,29.61444527278496,0.0494727704683248,,,,,False
4454606699205134592,238.85097261271116,9.212259295505325,-0.0138360080190587,-0.9,0.05,0.16483115,27.342241,5.3660107,0.5065598420126685,1.0035979,0.0585827318988296,19.448027665267087,43.10653325004948,0.0585827318988296,,,,,False
6620093127825194624,331.1062991246379,-25.920604109970316,0.1097078487441134,-0.85,0.25,0.16417693,25.209103,1.9822655,1.1333740590344736,0.9910341,0.0414830990078285,25.03420688609436,-52.79512058531117,0.0414830990078285,,,,,False
1435217129308691456,269.8166407575556,60.77621737039847,0.009966244815061,-0.85,0.15,0.16363312,25.042376,3.3950138,0.8741545116049892,1.0467216,0.0393321972536901,89.71874127405259,29.73613060168408,0.0393321972536901,,,,,False
2340641555800967168,1.7095985622560363,-21.63016685983833,0.258458269190287,-0.9,0.3,0.16327797,26.829384,6.6845894,0.3056696848940317,0.97295296,0.045302717471885,58.96726043655148,-78.45949768701928,0.045302717471885,,,,,False
2561477263648693888,24.16402031372981,4.118900367222983,0.3653764159834205,-0.9,0.45,0.1576558,25.01356,9.618135,0.3098302979302864,1.0623001,0.1010989330779649,143.91062121921226,-56.899685929175895,0.1010989330779649,,,,,False
