chi2,T,beta,T_blackbody,chi2_blackbody,chi2_dust,n_bands,ra,dec,glon,glat,excluded
16.601199591978606,2.75,-0.5,2.25,20.309598508577675,46.195036171054355,4,337.676142,-39.6915967,0.5094974,-58.3145405,False
6.017187190917307,5.0,-0.5,3.75,9.934669576684056,25.259131601799965,4,339.2893253,-39.3567764,0.600431,-59.6022635,False
1.7634971795810526,2.0,-0.5,2.0,4.3768117482317805,39.39926429091232,3,317.4097018,-41.1570854,0.6980353,-42.8526764,False
14.24778930254736,3.25,-0.5,2.75,23.985250101439032,86.25945665202771,4,229.159472,0.2488995,1.3729994,45.9918281,True
107.00832808735366,3.25,-0.5,2.5,141.66443024264598,350.1024216939771,5,299.4921986,-38.7539334,1.575082,-28.9533311,True
21.998199616972766,3.25,-0.5,2.75,29.409616840970987,65.63631094164958,4,213.983672,13.3416811,2.1978466,65.9230462,False
32.23048717498128,2.75,-0.5,2.25,42.177437960176356,147.8597482196435,4,201.7331507,22.1791342,3.3103444,80.5424116,False
4.861368668238997,2.25,-0.5,2.0,6.253205184425957,38.0901793415297,3,341.786949,-36.9550847,4.537279,-62.0408253,False
5.405756705532056,2.25,-0.45,2.0,6.691770541425209,41.47915915779431,3,314.4260435,-37.5476181,5.3343734,-40.3362663,False
3.881217363151999,2.25,-0.5,2.0,6.02704541518861,55.86601515454368,3,233.7195072,1.5524825,6.8143812,43.2524131,False
21.100581084322684,2.5,-0.5,2.25,23.99338104210001,47.810677538989154,4,299.2448173,-32.4251804,8.4564638,-27.1561465,True
30.285871082111385,2.5,-0.5,2.0,38.031554673290046,155.28998209428767,4,209.28123,19.3000427,8.9583244,73.0217597,False
2726.52327926237,3.0,-0.5,2.5,3505.330605859797,8313.877969374887,6,291.2190025,-29.2396144,9.3482054,-19.6111604,True
1.3631560916293923,2.5,-0.5,2.0,2.0871394104169485,15.79279347863251,3,239.4637986,-0.0382595,9.5697385,37.6724368,False
4.292599581653372,2.75,-0.5,2.25,5.8244793535271135,30.08324086433375,3,306.1263504,-32.8762081,9.6597597,-32.8726882,False
61.64981855602902,4.0,-0.5,3.0,76.06090784192799,123.2902069345134,5,250.4927242,-6.3419118,10.8291651,25.0341997,True
92.40293277074099,3.25,-0.5,2.5,126.91470909328535,329.00252479587107,5,237.3585241,2.6116135,10.829382,40.9130232,True
4.707866737744713,2.25,-0.5,2.0,6.8161683856275435,75.74421508047715,3,226.0985303,10.4824981,11.3598506,54.5788759,False
15.339518536736154,3.5,-0.5,2.75,21.70805181456396,55.15018901797661,4,314.099563,-32.1574309,12.2337103,-39.305598,False
0.9496253996935228,2.5,-0.5,2.0,2.260629247389618,58.22387272245259,3,342.1601425,-32.6167252,13.7650085,-62.9185919,False
73.16899978318443,2.75,-0.5,2.25,101.22318655667456,324.3309420685308,4,237.643412,5.4801521,14.2450767,42.2483122,False
0.6266485137615903,2.25,-0.4,2.0,0.8970118193614668,16.407080903799464,3,306.4568471,-28.7344488,14.49944,-32.1143746,False
2.320410270227941,2.0,-0.5,2.0,6.715858782873454,46.01612042181403,3,348.7135561,-31.6931029,14.8661467,-68.5241446,False
3.173168101740313,2.5,-0.45,2.25,4.976845395008944,67.53390806534264,3,315.2618919,-29.5385799,15.8173121,-39.7715698,False
1.5967252689446307,3.75,-0.5,3.0,3.8857016906928115,15.023638330681203,4,335.8323496,-31.5899695,16.004533,-57.5753481,False
102.66029433707965,3.25,-0.5,2.5,147.4898943353602,397.161153550476,5,287.7847949,-20.0931524,16.8929894,-13.2036627,True
23.007688202031346,3.25,-0.5,2.75,30.39510292848052,60.8045909503594,4,327.9990707,-30.4585948,17.0897896,-50.7990046,False
190.32598996562757,3.0,-0.5,2.5,239.08081165658177,556.9710694487383,6,290.904131,-21.0695746,17.1921797,-16.2691082,True
1.1007833373387883,2.75,-0.45,2.5,1.9160769870658738,16.146405052480556,3,329.7228313,-30.2317915,17.7213289,-52.2515908,False
2.5484638167092513,2.75,-0.5,2.25,3.4480327210112507,17.51603266759204,3,241.522964,6.3310315,17.8438911,39.3841902,False
0.3692451417595516,2.25,-0.35000000000000003,2.0,0.6277269416631291,21.45421126879263,3,221.646761,17.3514426,18.7654781,61.7017197,False
0.5832913699461133,2.75,-0.5,2.25,0.98730877552231,12.843459450891826,3,301.5006712,-23.150984,19.014521,-26.1575225,True
0.5354628730542402,2.75,-0.5,2.25,0.9340868918590312,14.525874557003908,3,252.7530696,1.4794511,19.5542106,27.2612647,False
4.3300881527404975,2.25,-0.5,2.0,5.578112479218207,27.59868371263694,3,327.7318029,-28.2366454,20.4997598,-50.2573803,False
2.586613566789692,3.5,-0.5,2.75,3.5483032058476542,10.64768833144486,3,257.2105271,0.557848,21.1085073,22.9332232,True
41.595544872997124,2.0,-0.5,2.0,59.60760217289938,292.7971057433702,4,260.1273116,-0.9938309,21.1938958,19.6304413,True
18.731737700972914,3.0,-0.5,2.5,24.74405456939332,60.0456907828836,4,327.8486344,-27.7161444,21.3295641,-50.2712721,False
5.958978609611773,2.25,-0.5,2.0,7.484657109450885,36.331729624033464,3,316.8345651,-25.4551226,21.4246463,-40.1698551,False
2.134921258697935,2.25,-0.4,2.0,2.7371638070193898,23.309899453054932,3,202.6216956,25.1286408,22.2648893,81.0129429,False
17.351371416616992,3.0,-0.5,2.25,20.672282180272354,45.890135020049016,4,231.1632576,15.3700369,22.5834799,52.5878269,False
23.04341784343105,8.75,-0.5,6.5,33.894060029603416,53.07347852993779,4,240.9036042,11.0841428,22.9788973,42.1885437,False
1.740634805241002,2.5,-0.5,2.25,2.8790504689420167,32.07003574402349,3,242.2023645,10.5045613,23.0565584,40.7884984,False
4.6615027080394285,2.25,-0.45,2.0,5.856167743779218,35.970117633502355,3,238.3762659,12.9287624,23.7594213,45.2208559,False
3.1466691996440863,2.75,-0.5,2.25,4.609888636998672,48.288469252423475,3,262.6447615,0.3937661,23.7643232,18.0985458,True
2.7048475695356418,2.0,-0.4,2.0,4.993777258901316,57.68595899249408,3,301.3208919,-18.3682946,23.8797949,-24.277803,True
56.003856582053075,3.0,-0.5,2.5,78.85900159424423,267.9327845739676,4,300.2214239,-17.8293181,23.9899414,-23.1062751,True
8.408213368237607,3.5,-0.5,2.75,13.352322848375978,35.90313419898372,4,235.2224903,14.7972117,24.3388285,48.7858775,False
439.64372357230263,3.25,-0.5,2.5,555.6956788098587,1207.050720233776,6,344.5156537,-27.9610215,24.4121834,-64.9113377,False
24.153417725113222,2.75,-0.5,2.25,28.333667192473342,63.70415228026202,4,333.2464736,-25.4807068,26.4129394,-54.5968833,False
39.111329630043976,2.75,-0.5,2.25,56.27234237891096,237.49120752330364,4,254.5565018,7.6903323,26.7080321,28.633006,True
36.76668079865624,2.5,-0.5,2.25,46.63758030972528,154.56817452963435,4,302.8292951,-15.79625,27.0969457,-24.6202004,True
24.462896206485123,2.75,-0.5,2.25,32.53263131169057,132.51350730739225,4,262.0921189,4.4422761,27.2798239,20.4834648,True
2.3046933265426013,2.5,-0.45,2.25,3.5485273181512538,44.27156644418802,3,229.2352927,19.5383689,27.9882202,55.8739601,False
31.425461228215568,3.25,-0.5,2.5,42.36567203749563,113.86562414009336,4,300.1625247,-13.428305,28.3288472,-21.3067473,True
1.3124465994792534,2.5,-0.45,2.25,2.120437482672566,28.444946670368548,3,340.858498,-25.7338019,28.3706271,-61.3869225,False
2.499371893554411,2.75,-0.5,2.25,3.306196040825604,23.647466428712654,3,241.7898672,15.8486747,29.3712854,43.3932438,False
21.386067544737408,3.0,-0.5,2.5,29.736117544872798,89.80226570052648,4,298.675485,-11.3898672,29.6595434,-19.1375922,True
6.520839939809209,2.75,-0.5,2.5,7.912749092158219,18.978251587569822,3,219.1514824,23.3491648,29.751025,65.9647113,False
2.844885833854686,3.5,-0.5,2.75,3.5876988991951464,7.675659762108613,3,270.9752417,3.6792321,30.7856331,12.2491217,True
2.153494240500338,2.5,-0.5,2.0,2.8608434184870326,16.227523805845884,3,263.7918921,8.1476561,31.6261764,20.6362397,True
28.38271756143535,4.0,-0.5,3.25,39.77433040423921,77.38475074222353,4,260.6925129,10.2461561,32.2407925,24.3024188,True
1.542680217964684,2.75,-0.5,2.25,2.056059136153614,10.816129827391013,3,339.0793548,-23.1386513,32.7960508,-59.2507619,False
1.5562688159796756,2.25,-0.5,2.0,2.228073745777582,19.748271139572694,3,273.3609144,6.2731969,34.2437874,11.2922817,True
105.77076814190113,4.25,-0.5,3.25,134.11197319034565,215.36187934725115,6,273.0301666,6.8669988,34.6373828,11.850743,True
4.1474753003154134,2.75,-0.5,2.25,5.788264172421934,24.67756358718302,3,262.0185798,12.2755089,34.8576468,23.9753378,True
463.0866933676418,3.0,-0.5,2.5,626.6170566716905,1946.6608947858256,6,267.883419,9.6649177,34.931905,17.6544464,True
1.8919728246771945,2.25,-0.5,2.0,2.88267961164738,24.603379359680808,3,205.5412518,27.1674187,36.0326328,78.7200978,False
7.826199138704785,2.25,-0.45,2.0,10.063079774870742,79.28868158218275,3,331.535927,-18.5968361,36.6561815,-51.1592869,False
27.261426480743403,3.25,-0.5,2.75,43.633550869673165,140.84187174018734,4,306.4175949,-7.5934256,36.9009773,-24.3836894,True
1.0632807309813994,3.0,-0.5,2.5,1.9673151945522163,20.135554116170496,3,203.3120359,27.425183,37.1579006,80.7077173,False
9.31413079832111,3.5,-0.5,2.75,11.58749831308845,27.008575421919822,3,316.0247638,-11.3570461,37.7588991,-34.5505708,False
12.083819273861877,3.5,-0.5,2.75,15.730734714810563,31.013873750751145,4,214.9684326,27.0809041,37.8824304,70.3447149,False
21.005784724404652,3.5,-0.5,2.75,31.443194051570455,80.69827638180837,4,326.5862485,-15.4270677,38.432427,-45.5866519,True
2.641394229070813,2.75,-0.45,2.25,4.51462457555679,39.73147219769916,3,223.4614517,26.798796,39.3279164,62.790821,False
24.684495002032953,3.5,-0.5,3.0,33.70358950615652,67.09770964427477,4,259.8193897,17.7164322,39.4936773,28.0705634,True
80.87332584354078,3.5,-0.5,2.75,116.15580703511873,295.6952115637346,5,353.4854319,-23.7179537,39.6630771,-72.1923448,False
4.242678364270577,2.5,-0.5,2.25,5.308174960555241,17.160022924970246,3,307.5818539,-5.0586187,39.9561641,-24.2657197,False
5.937740036185074,2.25,-0.45,2.0,8.493920517520454,120.38032826256214,3,322.8987674,-12.0878448,40.5751073,-40.9449948,False
63.77011678017041,2.75,-0.5,2.25,88.0398650541202,316.77900469236516,4,329.5151484,-15.0143913,40.6398653,-48.0105815,False
1.7111351284591065,2.75,-0.5,2.25,2.720220561393951,20.249353225173824,3,269.2084101,15.5548916,41.1369196,18.9430878,False
12.61911629833125,4.0,-0.5,3.25,19.6215563158897,43.99036923724532,4,344.180186,-20.185662,41.5629044,-62.8971158,False
0.008848251056384518,2.0,-0.15000000000000008,2.0,0.21650739260540988,23.76381418395788,3,252.0134528,22.4199129,41.7632287,36.5655717,False
2.839650203156233,2.5,-0.5,2.0,3.5971877508316368,17.69027197401251,3,6.4785736,-26.0715944,41.9836113,-84.198182,False
2.544041086836611,2.25,-0.45,2.0,3.1536545166775976,18.67815891245182,3,268.1902969,17.5489225,42.6672597,20.6328081,False
1.2948723391837855,3.0,-0.5,2.5,2.043303028100031,15.421936512011868,3,322.581087,-9.4560751,43.4760826,-39.4897263,False
29.81833846533847,2.25,-0.45,2.0,30.59549858755648,71.47770453886324,4,272.9315408,17.1096578,44.1489414,16.3081125,True
2.286347255356461,2.75,-0.5,2.25,3.0535366832852233,12.958572247587124,3,275.5385763,16.0258643,44.1952323,13.5848268,True
1.6155375649573671,2.75,-0.5,2.25,2.2588921026287085,12.013320844538802,3,328.4535085,-11.6085991,44.4762518,-45.6069201,False
2.5408763157763956,2.5,-0.5,2.25,3.846037996705876,30.845641380552117,3,332.843687,-13.4786758,44.86647,-50.2750344,False
0.10138560289829888,2.75,-0.5,2.25,0.378379204725791,16.199275331824836,3,345.7255354,-18.6790454,45.8872189,-63.6831565,False
2.1638132991620895,2.5,-0.5,2.25,3.0636078374432927,17.243188616952917,3,254.8710569,26.4814027,47.4933706,35.2517413,False
57.334550634766416,3.75,-0.5,3.0,82.00618634854214,172.37503629304592,5,339.1315786,-14.5584019,47.8665289,-56.2059061,False
4.194286593954576,2.75,-0.5,2.25,5.178835249529822,20.15870698511056,3,207.7129777,30.5666677,51.2546696,76.5548737,False
0.49333135872336087,3.25,-0.5,2.5,0.9306499943914266,6.531697368498064,3,312.5196684,4.1114138,51.3645348,-23.9907634,False
119.14693908110533,2.75,-0.5,2.25,144.76288740443917,398.75455410971256,5,323.5244368,-1.8729138,52.3930771,-36.4798454,False
21.072467267327678,2.75,-0.5,2.25,28.432123608597855,98.06533897691077,4,315.3819867,3.6862269,52.6672557,-26.6268993,True
15.103689988256068,3.5,-0.5,2.75,21.78102429551894,51.29019482610403,4,298.7909128,13.9736346,52.754678,-7.2934859,True
3.8998292134257495,2.75,-0.5,2.25,4.885836521229379,16.84417535299944,3,215.6273983,32.4111315,53.4188708,69.5876969,False
0.806150533262367,3.0,-0.45,2.5,1.1892819459138646,7.480571416992947,3,240.5278185,33.4345172,53.7130419,48.7114279,False
67.64078234722443,2.75,-0.5,2.25,90.1896097969013,280.85289468113336,4,341.5721061,-12.0961448,53.8919908,-57.0585044,False
5.958467880895322,2.25,-0.5,2.0,7.875653212980703,53.04031546394951,3,268.440565,28.7965084,54.1320913,24.4473727,False
21.72296093825246,2.75,-0.5,2.25,25.881653302013113,60.14642669079451,4,208.0583019,31.4341586,54.5593274,76.0760414,False
1.3759498519728113,2.5,-0.5,2.25,1.978083676907794,12.773264386221756,3,267.9155388,29.3683887,54.5684286,25.0642743,False
36.61402598816391,2.5,-0.5,2.0,46.926804687838654,197.8882857830897,4,243.4068032,34.2083598,55.1424806,46.3900635,False
2.2470139481446907,2.75,-0.5,2.25,3.050592661981665,20.64201398469161,3,0.534464,-21.9152601,55.204597,-77.6432411,False
185.92934835018855,3.25,-0.5,2.5,263.0691558960883,706.6719841716185,5,337.4156272,-8.5296088,55.2460096,-51.6902906,False
2.5463285374897118,2.75,-0.45,2.25,3.999598745447066,27.2395551104222,3,308.8336523,10.9295893,55.3879655,-17.2330159,False
46.7681003187584,2.25,-0.5,2.0,63.612926074709634,487.85673006753393,4,324.1631501,0.7092374,55.4854783,-35.573524,False
2.5818096055314914,2.25,-0.5,2.0,3.1078536127313594,13.193078327848102,3,337.2077963,-7.8998979,55.9001737,-51.1682691,False
3.1273417177383207,3.0,-0.5,2.5,3.8842673978661804,11.204054340876827,3,308.6843602,11.8647062,56.122127,-16.5985817,False
37.727072562670386,2.75,-0.5,2.25,48.674388469119144,166.5989518330209,4,307.9766532,12.3435982,56.1446078,-15.7573357,True
34.574411195440774,2.25,-0.5,2.0,43.22716734886111,195.13660457949598,4,202.7822141,30.5176757,56.5781039,80.6737978,False
1.5682114652383945,2.5,-0.5,2.0,2.56442664190668,24.10946410677645,3,312.439241,10.0352062,56.6774259,-20.6801648,False
20.191154609322886,6.5,-0.5,5.0,24.52082103705153,37.42738448318633,4,261.0861235,33.0478096,56.7470746,31.6941404,False
12.375092615429107,2.75,-0.5,2.25,15.132119787906785,46.973664259527816,3,329.0615462,-0.6040598,57.7275521,-40.3272017,False
16.407220909888487,3.5,-0.5,3.0,25.482673167085267,63.56562248864325,4,320.9270271,5.6012396,58.0108871,-30.1080047,True
246.3279216768437,2.75,-0.5,2.25,315.44222139923625,1205.261958051618,5,336.4382081,-4.9544753,58.9468245,-48.8382637,False
5.167978442092233,2.25,-0.5,2.0,8.995480969920585,113.64374015949052,3,334.7029165,-3.5632663,59.0669108,-46.6193854,False
2.3555863266375554,3.0,-0.5,2.5,3.144567444017867,11.674876328159462,3,331.6640235,-0.5241007,59.88929,-42.3633377,False
2.3676386184137943,2.75,-0.5,2.25,3.4944888197263144,33.63389250273714,3,352.9271977,-15.9380523,60.0395894,-68.3918515,False
26.891245010526276,9.75,-0.5,6.75,35.08425448259588,54.94220786254811,5,282.3037585,30.4175173,60.3215204,13.7866579,True
8.880418418423833,2.5,-0.5,2.25,11.070407269204784,46.85201209129295,3,263.9375568,36.274519,61.0408556,30.1625998,False
773.0424213997203,3.0,-0.5,2.5,1004.5375296533023,2414.1255244055214,6,248.8029868,38.1281277,61.0760233,42.3450347,False
6.742157396793921,2.0,-0.5,2.0,12.56423226662595,62.176488744990884,3,278.7627776,32.6795455,61.288418,17.4407861,False
6.757144409493813,3.5,-0.5,2.75,7.922838950566208,12.681383577927548,3,316.5372208,12.6714619,61.4916099,-22.4249144,False
29.706151379352356,2.5,-0.5,2.25,36.89617384071181,111.68836489863152,4,226.5508568,37.4953691,61.6082369,59.8911,False
19.11319113052606,3.5,-0.5,2.75,27.686076801007964,74.83885329351924,4,282.0749496,32.3073793,62.0320709,14.7146395,True
4.8667160761605075,2.75,-0.5,2.25,5.822716184963827,16.968159241258455,3,320.804609,10.1568686,62.0818658,-27.2757409,False
1.4694770231201404,3.5,-0.5,2.75,2.2681164334335486,8.598226009032311,3,282.1555281,32.6913738,62.4250058,14.8023448,False
22.404649682918855,2.75,-0.5,2.25,27.15168388843136,78.43929892894225,4,253.2246876,39.028944,62.6415031,38.9763279,False
19.824207360943483,3.25,-0.5,2.5,23.772433793895566,40.71344957702283,4,260.0259042,38.4430104,62.8119679,33.6419097,False
3.9374110400688993,2.5,-0.5,2.0,6.000494052298113,38.86953619109023,3,285.7354966,31.9986168,63.0330257,11.7566307,True
22.298865050502883,3.0,-0.5,2.5,31.684644531244352,103.67723333662062,4,250.1176811,39.7927917,63.3936886,41.4289225,False
1.4155049003359217,2.25,-0.5,2.0,2.2209647692719545,23.866730281816334,3,262.2176582,38.6382866,63.4076869,31.9907722,False
780.9012797854421,3.0,-0.5,2.5,1008.0892305382278,2372.5575834400215,6,250.7447654,39.8039457,63.4466374,40.9486545,False
2.2870886416829452,3.25,-0.5,2.75,3.625058886611714,18.28667284955735,3,312.9046623,17.7135857,63.5630267,-16.6029855,False
54.51332538826652,4.25,-0.5,3.0,71.33942977423128,118.82228207561485,5,253.449138,39.7797912,63.6234738,38.8750527,False
142.63992963490367,2.5,-0.5,2.0,190.24962878375842,793.8119529680077,4,327.0342811,6.964645,63.6684768,-34.0779679,True
3.573445473173088,2.75,-0.5,2.25,4.598005491235247,20.669547195948148,3,242.1076381,40.1830567,63.8657398,47.5671606,False
0.2009979851677041,3.0,-0.4,2.5,0.5093432298993719,11.802332110352104,3,255.3322521,39.8988078,63.9572653,37.4481844,False
89.19734399379237,3.5,-0.5,2.75,127.08905798971017,268.91817436714206,5,263.5903807,38.9646737,64.0260621,31.0043845,False
1.6583600641976242,2.25,-0.5,2.0,2.7285715464707763,28.845350337244952,3,327.8938339,7.180084,64.5310825,-34.5943961,False
5.793336493393255,4.5,-0.5,3.5,10.218307843778518,25.79829484870463,4,293.6772184,30.4981551,64.7646912,5.019182,True
13.25529248952967,3.5,-0.5,2.75,16.388015673659694,28.251617798146402,4,202.493751,31.8956012,64.8688903,80.361354,False
0.6723471962650491,2.75,-0.5,2.25,1.2296360974429077,16.96567140779932,3,261.0392833,40.0630637,64.8818283,33.1382811,False
174.65425936041845,3.25,-0.5,2.5,240.61330084912308,593.5246644502092,5,357.0115361,-16.509206,65.5653177,-71.8860679,False
15.604453412963876,4.0,-0.5,3.25,28.199734917768524,75.60789819920672,4,356.2833149,-15.9170337,65.6426023,-70.9700873,False
20.297336095491616,3.25,-0.5,2.75,28.40532345465302,69.01558144696986,4,326.7989175,9.492698,65.7974569,-32.269507,True
0.16976999526237613,2.5,-0.45,2.25,0.7441015556971405,26.061306472672886,3,336.6913502,0.8971848,65.8495993,-45.3366585,False
13.307483021509391,3.25,-0.5,2.75,21.868149837615626,68.54193209210283,4,9.5435982,-24.9825848,67.9590787,-86.3291158,False
2.376357143671928,3.25,-0.5,2.5,3.376357144498945,18.63190089519744,3,257.435946,43.3107974,68.3909183,36.2138471,False
27.555730429078352,4.0,-0.5,3.0,33.71388476530851,52.35756382343314,4,333.2089609,6.7537296,68.510777,-38.8193852,True
4.053447071514965,2.25,-0.5,2.0,7.791769135928806,125.4350392252488,3,324.7495441,14.3951475,68.5285653,-27.5311059,False
0.18106371665330712,2.5,-0.4,2.25,0.4242534233597687,13.11054147188752,3,288.1208151,37.6700812,69.1366492,12.3603638,True
0.5943507740130006,3.0,-0.5,2.5,1.0596268688313353,10.438439401098544,3,267.2105596,43.3718703,69.6337075,29.1859644,False
1.9896878133033093,2.5,-0.5,2.0,3.0869610578450875,36.60643014660389,3,333.0072355,8.300894,69.7617657,-37.6078952,False
0.3275001183193023,3.25,-0.5,2.5,1.0277297083448655,13.42846708010439,3,214.9356403,38.3560755,69.7874953,68.3871855,False
0.46222210774541095,2.5,-0.5,2.25,1.150795718126919,16.795149028917386,3,341.8800095,0.0043031,70.1533352,-49.7292684,False
1.1357372136453048,2.25,-0.5,2.0,1.6773060689907062,23.80287680440818,3,273.3256867,43.1079454,70.4616976,24.7857178,False
7.506332475644376,3.75,-0.5,3.0,13.483860650896723,41.58704379614376,4,270.3788438,44.070637,70.939529,27.0872307,False
4.061263173270122,3.0,-0.5,2.5,6.223635897625048,40.02016282665906,3,226.7176752,42.6586545,71.3210709,58.4843755,False
36.37849742668712,3.0,-0.5,2.5,55.47077216435579,226.01134462906208,4,261.8634617,45.4975737,71.4160599,33.2803751,False
0.4694529712936954,2.5,-0.5,2.0,1.266411880747639,27.057910909973163,3,230.4401407,43.6051659,71.5005276,55.6095898,False
2.7151200750480244,2.25,-0.5,2.0,3.6283931923695842,20.32767094145693,3,350.72606,-7.620875,71.7665891,-61.3534429,False
5.515562353422881,2.5,-0.5,2.25,7.521096763472169,42.41942140216405,3,345.2842295,-1.9581066,71.8494771,-53.5146006,False
1.5610938135813286,2.25,-0.5,2.0,2.33394212426777,20.368633471877505,3,358.5975823,-15.2424795,71.9211257,-72.1936404,False
0.02201446611231868,2.25,-0.15000000000000008,2.25,0.6540267377754306,40.65583558991655,3,325.8810061,17.707097,72.0843462,-26.0885335,False
0.558458463654282,2.75,-0.45,2.25,1.1525686041244434,11.711333352746495,3,343.5338785,0.913699,72.9851517,-50.2253464,False
16.198212468446798,2.75,-0.5,2.25,20.6464946403854,58.993501272776456,4,272.1026388,45.7197616,73.0403639,26.2587627,False
43.462444557404424,3.25,-0.5,2.5,67.00840935246535,199.7668362896182,4,249.4515108,47.2676313,73.4062326,41.8707682,False
2.333285064894889,2.75,-0.5,2.25,3.0040264608557323,12.088066648321794,3,266.867409,46.9825923,73.6778078,30.0442292,False
1.2339514491683892,2.5,-0.5,2.25,3.236967256444854,49.81619319085503,3,254.5150893,47.6305428,73.7142866,38.4360511,False
3.50902218099705,2.5,-0.45,2.25,4.728614616537873,33.105102049412345,3,264.9710331,47.6124734,74.1970673,31.4049026,False
1.2874144168263018,2.75,-0.45,2.5,2.185906700819825,19.087568568447416,3,254.4367754,48.161748,74.3933323,38.4830153,False
4.750724537446567,2.5,-0.5,2.25,5.691251296311968,17.089467703327966,3,314.0537105,31.7506616,75.5439837,-8.7444182,True
0.7518466560042185,2.5,-0.5,2.0,1.3289959822124344,12.950552100131642,3,335.7611257,12.1827226,75.592463,-36.7012819,False
90.90859256628502,3.5,-0.5,2.75,122.13686118897076,259.846276031433,5,330.8566352,17.4135054,75.6546916,-29.6427109,True
0.7320256311874564,3.0,-0.5,2.5,1.1916203870386561,9.527715274209354,3,247.8157382,49.4817845,76.5280378,42.738339,False
5.125071314985367,3.0,-0.5,2.5,6.225633686908708,15.819201707326151,3,318.8626613,29.5407515,76.6069507,-13.3167472,True
3.032069500587332,4.75,-0.5,3.75,5.86793987308352,19.430263392543154,4,251.870613,49.8305627,76.642516,40.0919811,False
10.16740121702332,3.5,-0.5,2.75,15.72135672257469,45.09281430494566,4,264.8585425,49.9140327,76.8722188,31.7334902,False
75.5128503149739,2.5,-0.5,2.25,106.09631368377734,527.7569547084217,4,277.3697785,48.7528133,77.2299049,23.5142177,False
97.77889042130036,2.75,-0.5,2.25,130.97505099898277,466.19469542026627,5,338.1510938,11.7492667,77.4526231,-38.568049,True
93.64252775632127,4.0,-0.5,3.0,112.72282800993617,165.9481957061065,6,350.8733885,-3.2777139,77.7377957,-58.2100012,False
0.6560571632941462,2.5,-0.4,2.25,1.0186001624520096,13.619958677955129,3,340.4929233,9.874353,78.1837045,-41.4822795,False
0.5502699008407531,2.75,-0.5,2.25,0.9507411143081931,12.532176522916927,3,332.9627604,18.7098223,78.3680757,-30.0297615,False
0.9095163106415679,2.5,-0.5,2.25,1.873399456780518,25.1017834696441,3,283.1162141,48.9301798,78.593139,19.9469881,False
1.7774069736614462,2.75,-0.5,2.25,2.7571877025898823,25.583986841061076,3,332.7187035,20.2208557,79.3080038,-28.7392346,False
25.30586057078527,3.0,-0.5,2.5,34.24783587830183,83.574297700882,4,265.1777076,52.1869725,79.5551263,31.7329929,False
1.0814811610988122,3.0,-0.5,2.5,1.572672814992421,8.483895589728855,3,209.9014779,40.1868862,80.0684803,70.7840919,False
0.5039616318964529,2.25,-0.45,2.0,0.8974559638193099,28.232482672315687,3,237.2998727,50.6256579,80.2376588,49.0771551,False
1.7824199426127618,2.5,-0.4,2.25,3.1135015289145924,66.9977612461063,3,317.3885433,35.5371532,80.2757216,-8.3646361,True
2.8149151352789987,3.25,-0.5,2.5,3.615696730758884,11.103805315158276,3,351.6964538,-2.0165012,80.4252434,-57.7250605,False
11.414256110839537,4.25,-0.5,3.25,16.37641302731435,33.235793993989944,4,344.3319709,7.7220774,80.4381806,-45.526306,True
3.60591077083114,2.75,-0.5,2.25,4.794513826585883,19.805076138651295,3,225.1869008,47.8379611,81.1045794,57.4362188,False
3.1503179360216134,2.0,-0.5,2.0,6.096134785176126,34.64918670568525,3,359.3654253,-11.4232509,81.4124055,-69.8154223,False
4.209037879822625,2.75,-0.5,2.25,5.985476316428496,31.373200236298864,3,333.0044556,23.9134776,82.2178352,-26.0867533,False
1.5451864023293114,2.5,-0.5,2.0,2.3155232539246215,14.804682022194347,3,300.564394,47.4156285,82.219522,8.7767382,True
5.110638059525231,2.75,-0.5,2.25,6.280547218754448,19.794074887663722,3,226.7324718,49.5422967,82.9650625,55.7343751,False
25.874581232745218,2.5,-0.5,2.25,37.85148262379052,222.6851004835346,4,336.4198397,21.3044047,83.1710256,-30.0915585,False
21.53546765446532,3.0,-0.5,2.5,27.35058627880217,64.2948848041015,4,334.2359708,24.3627659,83.50785,-26.4425635,True
29.168469753023697,6.0,-0.5,4.25,38.478361690319886,60.06274629135412,5,296.2038426,50.5230149,83.5608042,12.78953,True
25.09841158192021,2.75,-0.5,2.25,29.575885141604587,67.36221056108515,4,359.5518359,-10.3264753,83.6670624,-69.0351057,False
3.2637655738940854,2.75,-0.5,2.25,4.0671708983263315,14.321924371616339,3,342.593449,14.3213408,83.8702201,-39.1976881,False
16.55947283576476,3.25,-0.5,2.5,23.03307527113915,66.97121243357344,4,354.47324,-2.4901586,84.2526538,-59.7197895,False
8.517860098619835,2.5,-0.5,2.25,12.093765436021814,83.72928303536705,3,343.5655377,13.69665,84.4070145,-40.2509533,False
0.3356101718635073,2.5,-0.5,2.0,1.0389650251657003,17.858543580149295,3,1.0249909,-11.8414592,84.6327868,-71.1031778,False
10.501856976524806,3.25,-0.5,2.5,16.47388665382129,49.3826071243233,4,329.3592622,31.4480634,84.7410837,-18.2309478,True
26.991995964121692,2.75,-0.5,2.25,34.60058111320409,105.48534378108806,4,298.9403566,51.5107271,85.2849407,11.7406951,True
2.970539406448616,2.5,-0.5,2.0,5.154258859265678,50.77335337822053,3,350.1892591,5.221558,85.4202989,-50.9249128,False
129.3283878000115,3.5,-0.5,2.75,185.36291921551992,444.84208632592436,4,276.0147722,56.852602,85.7396847,26.0896703,False
153.2370531871084,3.25,-0.5,2.5,207.11932018402388,546.6751128041569,5,197.6057014,32.3509331,85.8091576,83.3491251,False
186.59566569833748,2.75,-0.5,2.25,239.45556826748194,791.7365419787682,5,330.8112136,31.7573748,85.9538405,-18.7807734,True
0.05210142455867632,2.75,-0.5,2.25,0.31667702034721235,18.05978858549025,3,197.7791872,32.5586751,85.969726,83.0956931,False
2782.8813477856,5.0,-0.5,4.0,4223.530008080146,9832.350135103065,6,343.4420611,16.1222077,86.0433447,-38.1795186,True
27.29360274403102,3.0,-0.5,2.5,39.165543635095446,124.67987027200482,4,249.5855922,57.3306667,86.6224611,40.3472255,False
1.384641903148276,2.5,-0.45,2.25,2.5359828364797914,43.56333749782007,3,199.4258166,34.4064092,86.7837624,80.796318,False
2.480110327744423,2.25,-0.5,2.0,3.4166516822692348,21.992160147279257,3,214.3061967,46.1056347,86.7880346,64.5446889,False
11.324338056330735,3.25,-0.5,2.75,17.57855491171046,51.976732420732354,4,219.9472862,49.9484946,88.0322797,59.1942042,False
3.942285166032448,3.25,-0.5,2.5,4.870114368639654,11.09859116620913,3,342.2454918,21.1010859,88.2469474,-33.3958309,False
22.017732821319253,4.0,-0.5,3.0,32.039025867355136,65.02834233884656,4,241.1185086,57.2257257,88.2612891,44.760595,False
0.7425210311937638,2.5,-0.5,2.25,1.454861284223092,16.783879351822268,3,345.1930503,16.9458779,88.4094395,-38.396698,False
2.378112841383901,2.75,-0.5,2.25,3.1785699418855113,21.711300694385486,3,254.1525744,60.2162134,89.6469847,37.4519686,False
2.9608774774306474,2.5,-0.5,2.0,4.160355619761605,25.27922126160903,3,305.9637436,54.4388568,90.0696162,9.6619565,True
161.59563606619548,3.75,-0.5,3.0,215.26442011661106,403.67533225959005,6,339.0882991,28.4851584,90.1142318,-25.6441694,True
36.60878326022229,3.75,-0.5,3.0,51.742151864510625,107.68180453707073,4,220.7603374,52.0288786,90.5311181,57.4996536,False
1.4511181481854274,3.0,-0.5,2.5,2.0080225391489974,9.762832809725548,3,271.5768071,61.6924522,90.8290261,28.9486842,False
1.6611698322427397,2.5,-0.4,2.25,2.9267852139690023,54.13406390508756,3,351.8842516,9.6492519,91.1207209,-47.972713,False
22.46186058630449,3.5,-0.5,2.75,34.82588618962431,85.21553310739948,4,353.543547,7.59682,91.8633389,-50.5551313,True
422.6629584270138,4.0,-0.5,3.0,646.5901524172093,1500.3854403152036,6,330.6902899,42.2743433,92.5933794,-10.4483372,True
17.073334830340254,3.75,-0.5,3.0,30.245511455962397,86.97054946560255,4,291.8659207,61.295438,92.7272694,19.4528349,True
0.9797284217353537,2.5,-0.5,2.0,1.7605091478598243,24.135000346793834,3,352.6729213,10.9802134,93.0542941,-47.1533376,False
141.4570290776128,3.25,-0.5,2.75,185.48060297545337,390.77679362999874,5,1.5535415,-6.3811737,93.5089645,-66.633906,False
5.448874255774133,2.75,-0.5,2.25,6.931041847552046,38.17890726950055,3,251.4727303,63.5090444,94.0607542,37.9419158,False
2.204014367776741,3.0,-0.5,2.5,3.027888250524122,13.30186534584036,3,351.7963032,15.3894893,94.7394715,-42.8229761,False
4.4064047132446005,2.5,-0.5,2.0,5.298553821298077,14.031606618338774,3,235.7608694,61.5113512,95.3999781,45.376231,False
17.00145981363007,3.25,-0.5,2.75,22.89623108201665,48.54937360539178,4,343.3168809,32.6029388,95.8894925,-23.9903222,True
274.94347715619097,8.75,-0.5,5.5,354.3226194127154,540.9092552838314,6,269.6344329,66.6517444,96.4896025,29.9562398,False
463.21153373074037,4.25,-0.5,3.5,647.008480591717,1287.7624356578674,5,282.3274609,67.0947628,97.492028,25.0396748,False
1.070658007025185,3.0,-0.5,2.5,2.54777290968515,54.04380035409345,3,301.5684075,64.4075016,97.6396649,16.7341672,True
1.0484848928047663,2.75,-0.5,2.25,1.4776572941756867,9.145714872857567,3,273.8299081,68.1068014,98.1902995,28.3711648,False
47.431085014040995,3.75,-0.5,3.0,68.2195508753028,148.36342876669016,4,214.9389942,54.3843783,98.3012871,58.3161427,False
1.7783659848749576,2.75,-0.5,2.25,3.0682622404026025,33.31467495433704,3,341.0348216,40.9398086,98.4757052,-15.8092735,True
6.820607681450683,3.25,-0.5,2.75,9.71805590059879,42.124251433877795,3,280.659775,68.1434964,98.5164058,25.8441366,False
0.022747532697235784,2.5,-0.5,2.0,0.3400526016794505,12.800037666973378,3,275.8369108,68.943129,99.1844041,27.6862805,False
21.5646330321928,3.5,-0.5,2.75,31.845401938634225,76.56334708899638,4,259.0381328,68.6089959,99.2710468,33.7573086,False
1.8031635586791774,2.75,-0.5,2.25,2.516421089605321,14.232204225341869,3,301.8149681,66.12611,99.2752781,17.4554392,True
7.802747802167268,2.25,-0.5,2.0,9.947711341752727,45.229277859427405,3,303.9325472,65.9250317,99.5276682,16.6054624,True
342.18993707678794,4.5,-0.5,3.25,450.0959235315377,736.8725538183594,5,255.0213667,68.4917482,99.5528615,35.2121532,False
2.0472301152211845,3.0,-0.5,2.5,3.2854211747458715,22.438094938021298,3,350.50787,27.5394373,99.6972733,-31.2670289,False
2.175991390107985,2.5,-0.5,2.0,2.9808471764888056,21.611040330961508,3,345.3479569,37.4558169,99.8941872,-20.4441812,True
241.30206460331976,3.75,-0.5,2.75,313.9502792605313,570.0154721227933,6,271.6949136,69.8196602,100.1258146,29.1724626,False
21.48953793528252,3.5,-0.5,3.0,31.950172692694906,71.29040614325012,4,347.7603406,34.4327606,100.4118796,-24.0108612,True
190.7721861366697,9.25,-0.5,6.5,227.30553660220653,329.6824716006166,4,267.1190869,70.1037773,100.5333963,30.7258618,False
123.64715978985029,2.75,-0.5,2.25,150.63721087588544,635.507063228258,5,250.5663935,68.9451289,100.7014941,36.6097436,False
15.542813519597425,2.5,-0.5,2.25,19.208873500279843,60.96563941847,4,197.1312436,35.7759451,101.170393,80.6187871,False
0.5109215442324333,2.75,-0.45,2.25,1.2720730720476556,21.002489607256358,3,4.3928885,-5.2193269,101.2179195,-66.6526486,False
7.199684640228812,3.25,-0.5,2.5,8.335437128674789,14.178320765370461,3,203.2318691,47.3644632,103.7696838,68.1903946,False
0.5601275219351682,2.0,-0.4,2.0,3.9992968961947817,68.95556918888207,3,207.3877401,53.6673788,104.8588775,61.3743666,False
7.822850230221698,2.0,-0.5,2.0,17.664068413988335,84.52238229975364,3,219.219796,63.6286159,105.1752989,49.7069965,False
2.2047998699868105,2.5,-0.5,2.0,3.260994692081633,29.120233377142934,3,347.9375422,45.7178643,105.303654,-13.7141249,True
7.6445252040434575,3.25,-0.5,2.5,10.047563172228376,27.92617579483306,3,302.3960309,72.4951338,105.3509099,20.2030323,True
427.81435334534507,2.75,-0.5,2.25,547.7741644664285,1533.8580911763534,5,291.9231399,73.9790222,105.6358373,23.5519004,True
9.568823263175593,4.25,-0.5,3.25,13.483707543560334,26.348769203314085,4,206.4363662,53.5624156,105.8147185,61.7238952,False
3.8980251064792206,2.5,-0.5,2.0,5.357636936680727,33.74952787491756,3,279.1725889,75.1159964,106.1986041,27.0896921,False
10.780562196602958,5.0,-0.5,3.75,16.712275188971958,38.72500132165638,4,351.456265,42.544188,106.5494488,-17.5877667,True
0.2793765266882344,3.0,-0.5,2.5,0.5806677403818914,8.9778775371895,3,294.2473869,74.6779092,106.5669962,23.1625302,False
86.22485344922325,3.25,-0.5,2.75,109.89418435736636,222.6747066788303,5,2.640947,10.9927273,107.0040366,-50.6106314,True
1.2981973909037376,2.5,-0.5,2.0,1.8824823231269745,15.217356305086286,3,1.1427527,20.3529481,108.2783903,-41.1814394,False
14.664959480482114,3.0,-0.5,2.5,20.313599320601732,63.80975414831629,4,194.4963874,32.4771244,108.4611714,84.466006,False
13.054592110795777,3.5,-0.5,3.0,17.920775550717003,36.02318691602488,4,260.9600941,76.8725354,108.6547683,31.2959406,False
2.9612311154709547,2.5,-0.45,2.25,4.036708590836823,26.612990776210463,3,350.6111075,50.9730287,108.9447654,-9.4658832,True
2.4099418012937193,2.75,-0.5,2.25,3.130643872521665,15.449745064628745,3,2.6406613,17.4070347,109.2322684,-44.3746908,False
41.40274353533285,2.75,-0.5,2.25,53.5759103385233,190.80620443001496,4,305.6563896,76.1758071,109.2727521,21.1234266,True
0.8318006024371736,2.0,-0.5,2.0,6.6720876454640745,74.53057196942255,3,224.8030815,71.6698809,109.9739165,42.0945846,False
0.29435151663691606,3.5,-0.5,2.75,0.5600778062623444,5.471004685808484,3,5.6305693,6.1324426,109.9992047,-56.0115296,False
461.175703758983,4.25,-0.5,3.25,619.0557106417584,1085.7236447221933,6,270.1403891,78.4568739,110.0265249,29.0761641,True
0.0947875461610429,2.5,-0.45,2.25,0.3488407013818596,12.298737153806899,3,201.6873815,51.8947867,110.2905156,64.3580774,False
35.82829019589321,3.5,-0.5,2.75,50.44591402804255,130.95049219327876,4,301.2879534,77.8772472,110.4549243,22.7512598,True
11.352956816066367,3.0,-0.5,2.5,16.500378151945657,55.111488848209376,4,280.4966352,79.7717941,111.4379237,27.0812028,True
9.603845380209712,2.5,-0.5,2.0,11.949185530975608,42.65395720907963,3,359.7512436,39.400516,112.0088331,-22.3565396,False
2.231078718424134,2.75,-0.5,2.25,2.966523184989896,14.743270194105758,3,358.5936691,45.872025,112.6575501,-15.8582553,False
2.8505498751871574,2.25,-0.45,2.0,3.500665587237541,20.578616891391867,3,4.8909132,20.3555454,112.8764079,-41.8930189,False
9.097545076283877,3.25,-0.5,2.75,15.260702401451162,60.74806639943714,4,1.4868495,38.3356157,113.2087379,-23.675751,True
0.1709201686229364,2.5,-0.5,2.25,0.5808319597601567,11.601765898622826,3,198.1464087,48.4933995,113.4495673,68.2436408,False
4.138663942727795,2.25,-0.5,2.0,4.952173602762343,19.963251827113073,3,3.2099738,33.9013314,113.8414773,-28.2881893,False
2.4888317985738926,2.25,-0.5,2.0,3.619083436726063,36.862892707926136,3,222.1333213,76.0431075,114.1989425,39.0328918,False
0.997459119730324,2.0,-0.45,2.0,2.2562182451540647,23.067714568213827,3,206.0566243,66.0949407,114.6266687,50.1734845,False
46.91491356080749,3.75,-0.5,3.0,65.65266697129601,130.800385003431,5,3.3626738,40.8632846,115.2279082,-21.4395244,True
0.6112236891224845,3.0,-0.5,2.5,1.3602460437529758,20.021784834942324,3,9.5981155,-2.113006,115.2613693,-64.790289,False
27.92870038650734,3.0,-0.5,2.5,38.98681780192321,123.97333835958999,4,248.1150312,82.5254854,115.7528129,31.2042823,True
0.8336079638109801,2.75,-0.5,2.25,1.3610252407084755,18.40166559924726,3,209.4535994,76.7318599,118.0407328,39.7593815,False
2.41131204432068,2.75,-0.5,2.25,3.306177327104151,21.123864159660283,3,194.8760646,51.6893329,119.9290001,65.3918597,False
0.04358621074704652,2.5,-0.45,2.25,0.2348557147781783,11.52377726956578,3,195.7195276,57.783211,119.9471315,59.2786898,False
2.6182531762362484,2.75,-0.5,2.25,3.78817127401467,21.4186068663221,3,3.239557,72.5460627,120.0154643,9.8925604,True
6.549027217105715,2.75,-0.5,2.25,9.431489996614395,65.1981798081773,3,4.9332281,73.4643163,120.6425443,10.7336554,True
5.201465899751577,3.25,-0.5,2.5,6.82368368042876,18.668346696236274,3,359.126756,81.865618,120.893418,19.2121444,True
1.5773819244613976,2.5,-0.5,2.25,2.2402567771723434,14.634601704436225,3,11.5269843,24.921912,121.3997499,-37.9339811,False
6.750305727518063,2.75,-0.5,2.25,8.439733342283846,28.997440950699904,3,10.6013693,57.14313,121.7009208,-5.7070294,True
8.652302448085202,2.75,-0.5,2.25,9.910564499118085,17.683691944120277,3,200.3987338,83.244436,121.8674162,33.8213733,False
3.1837449075093245,2.25,-0.5,2.0,4.137013198426941,29.209461824571374,3,12.3957333,2.620837,121.998371,-60.2475505,False
12.681538099118036,4.75,-0.5,3.75,19.101251225757196,42.32693275049918,4,12.6834475,-9.4767965,122.359326,-72.3477637,False
32.01067317900092,2.75,-0.5,2.25,40.58160752245908,114.51383873896056,4,12.7993422,-6.8360561,122.7597493,-69.7077257,False
2.1075983609635927,2.75,-0.5,2.25,3.30964664544977,24.15631935110694,3,14.4271023,30.3807043,124.5349035,-32.4715284,False
6.452584217108955,2.25,-0.5,2.0,7.8375246995779175,36.24814511943529,3,178.2639684,80.9738,125.7270832,35.8353552,False
9.862977144934945,3.5,-0.5,2.75,15.300915908908046,44.02446338131426,4,18.3425531,49.8016924,126.5596292,-12.9155092,True
0.006137529488204881,2.5,-0.4,2.25,0.16349302085015446,12.570602542860167,3,14.7715169,0.1336205,127.100302,-62.6762129,False
0.10427243374529638,2.25,-0.35000000000000003,2.0,0.3995911168998121,48.78448030264883,3,18.0586866,35.3837466,127.7008702,-27.2953548,False
70.14579934734502,3.25,-0.5,2.5,87.754610061452,181.93798849675665,5,164.5623384,81.243365,127.9707329,34.7479762,False
28.189029697339986,3.75,-0.5,3.0,42.716388185083716,99.5904898675158,4,18.2281926,32.1319225,128.2092014,-30.5196825,False
47.54173565160595,2.75,-0.5,2.25,64.63170901190894,213.54056881366245,4,161.0401112,80.9157845,128.74512,34.7267708,False
66.145443207365,3.75,-0.5,3.0,87.70127062896363,163.59703414559576,5,22.0179586,49.0274968,129.0909105,-13.4056676,True
1.8718340617957239,4.25,-0.5,3.25,2.7894335880580723,7.412135093499261,3,18.0241909,22.7403291,129.1429405,-39.8821479,False
5.410389890121644,2.0,-0.5,2.0,7.085984393731097,31.4217385117811,3,17.199437,13.3200242,129.4202421,-49.3329013,False
5.724639258357202,2.5,-0.5,2.0,6.644969402223067,19.373437809992723,3,18.0452392,20.3167895,129.5114221,-42.2898084,False
268.9635836551579,3.25,-0.5,2.5,348.586808702069,875.9513110024725,5,24.2388724,47.8466113,130.7869314,-14.3297118,True
1.323856647073,3.25,-0.5,2.75,2.1977559201280292,10.220875259675664,3,23.1767686,43.4470968,130.8263629,-18.7911542,False
3.234564188526651,2.75,-0.5,2.25,3.942799134752706,11.675426766877097,3,96.6962757,82.0522979,131.7299071,26.0013488,False
242.03340977565634,3.25,-0.5,2.5,304.62162576180225,721.7965158820118,6,17.1670761,1.5655887,131.8434003,-61.0076802,False
2.5496734435173787,2.75,-0.5,2.25,3.3854234631817404,13.097433869475063,3,19.3685156,14.2797951,132.4023631,-48.1126168,False
3.6090936334572348,2.5,-0.5,2.0,4.826546587163552,45.42978410366472,3,62.6794488,76.9562645,133.39843,18.3379789,True
24.483367159465057,3.0,-0.5,2.5,33.00082479803882,85.73582400552863,4,165.4082663,72.4214793,133.7845441,42.315626,False
2.065225073500927,2.75,-0.5,2.25,2.749747814921146,17.136424284078654,3,28.7545186,47.7021133,133.8733051,-13.8143662,True
1.0238160889132049,3.25,-0.5,2.75,1.9403130156640078,12.363208913313754,3,18.4386925,2.3849697,134.1344709,-60.0004812,False
0.10328348557221248,3.25,-0.45,2.75,0.3700552382054257,6.6778431129483815,3,157.9054271,74.7228639,134.1653227,39.2030479,False
38.01889518421865,3.0,-0.5,2.5,51.25640797813354,137.91749258950702,4,20.4239801,11.818597,134.5861178,-50.3672109,False
8.40423037587544,2.75,-0.5,2.25,9.931955668497682,25.438418959889653,3,117.7306084,79.1468672,134.9885285,29.395528,False
1.7517702552354786,2.75,-0.5,2.25,2.300546366184393,17.24141416757085,3,178.5495084,60.3810902,135.3379051,55.3470648,False
18.159730757047903,3.25,-0.5,2.5,29.887565605421745,104.53132088213144,4,162.1149047,71.7354418,135.4379857,42.2785901,False
0.14117721699520808,2.5,-0.4,2.25,0.4296520393067764,17.66453923777375,3,182.285028,54.7421814,135.6866574,61.3262401,False
41.2328524328488,2.5,-0.5,2.0,51.74410224872055,174.27698842046732,4,164.2262102,70.2136541,135.9439268,43.9071764,False
2.4329104183308967,2.75,-0.5,2.25,3.1370195924717503,11.568250093069986,3,29.1659446,39.2232826,136.4923685,-21.9248068,False
5.04979043801717,3.0,-0.5,2.5,6.66429746989914,22.34666501897323,3,30.7036932,42.102462,136.8313013,-18.8347485,False
3.9431221987256357,2.25,-0.5,2.0,5.1248194503444795,39.798079607721945,3,184.7717354,48.4792015,137.1868944,67.7438562,False
19.009198984154764,3.0,-0.5,2.5,27.345327834757143,96.5675647080333,4,20.4927506,4.3574136,137.2678475,-57.6619847,False
25.62158031968526,3.25,-0.5,2.75,33.83464915899076,71.94654236888306,4,35.6827204,43.0335436,140.1562819,-16.7640905,True
33.71421361826525,2.75,-0.5,2.25,44.70371839904378,139.54625852733466,4,31.2725736,32.2156799,140.5701543,-28.1209395,True
11.496019267512995,5.0,-0.5,4.0,16.30074315615133,33.04928602502345,4,30.9477169,30.7263173,140.8115527,-29.621032,True
21.253683548585542,2.75,-0.5,2.25,29.16714102181184,117.49941362659376,4,28.0742733,22.1251463,141.0548815,-38.5953943,True
0.6903990248181961,2.5,-0.5,2.25,1.6901944661481294,26.74310566925457,3,21.3396936,-0.1015248,141.0980437,-61.7710178,False
8.703994958843344,2.25,-0.5,2.0,14.083643196370616,156.48606358748398,3,99.9063784,73.4107779,141.281574,25.0818949,False
0.4098267442512624,3.0,-0.5,2.5,0.7386307052490023,7.396831024259525,3,134.2124583,71.7683546,142.0427754,35.3077919,False
2.4830750473689056,2.25,-0.45,2.0,3.289681680198581,33.229941653109364,3,37.7191464,40.5444103,142.6176192,-18.4955732,False
4.925509763128332,3.75,-0.5,3.0,8.53151482247621,25.05719557724917,4,35.304704,35.9331867,142.6294559,-23.4809328,True
2.984114862810621,3.0,-0.5,2.5,3.6200113790258457,8.769113749315931,3,99.1289606,71.7064815,143.0663793,24.50439,True
170.69628404026162,2.75,-0.5,2.25,223.9736205266044,660.6715624962967,5,130.382615,70.8871586,143.5463301,34.4376973,False
1.9501394850965932,3.0,-0.5,2.5,2.67938135929058,12.088299856057384,3,180.8607007,48.0283412,143.8676871,67.1021771,False
546.0372170297757,4.5,-0.5,3.5,748.546947490245,1480.927076581062,6,110.514616,71.3456761,143.9790824,28.0310391,False
57.8149326318522,3.0,-0.5,2.5,78.30645904396002,205.76224597569058,4,19.0563954,-11.6068379,144.6854203,-73.4228551,False
99.26884048584964,3.5,-0.5,2.75,137.55432985058277,333.7005538748456,5,45.8822186,47.2640641,144.980311,-9.8739529,True
229.34411263908837,3.75,-0.5,3.0,335.60117895305365,718.26778336838,5,178.3528716,49.5061052,145.5639523,64.9946275,False
244.38727498618238,3.75,-0.5,2.75,306.7927089372341,557.580510504883,6,149.7216964,65.5620528,145.742078,43.1419407,True
3.490891982318179,3.0,-0.5,2.5,5.550181725563363,40.01232417290325,3,72.3228912,63.5302593,146.0341486,11.9248933,True
3.226746252855466,2.5,-0.5,2.25,4.303894716264993,19.72059026900364,3,131.0064354,68.5581401,146.1951203,35.3029357,False
3.111857722261293,2.75,-0.5,2.25,4.002378071019925,21.30218255125917,3,43.6683999,39.5419323,147.3837094,-17.4077433,False
165.09606018813346,3.75,-0.5,3.0,201.3290882068612,312.4596570833815,6,158.4921275,60.8400752,147.7856573,49.12511,False
3.0026498007524887,3.0,-0.5,2.5,4.119163541548296,18.536731323214138,3,31.1982563,15.2558808,147.9050955,-44.0299958,False
4.294777547221967,2.5,-0.45,2.25,5.459751734231839,26.966118538757264,3,112.0423276,67.800308,148.0245912,28.4144905,False
1.5522949903296477,2.75,-0.45,2.5,2.4161876820234545,15.651640446931777,3,112.9205603,67.3302766,148.5751976,28.729813,False
9.939355012607717,3.25,-0.5,2.75,14.063269660339934,33.26583258350784,4,157.9247749,60.3601586,148.6234982,49.2134321,False
161.55073505639234,3.25,-0.5,2.5,208.39117141015075,448.09832726778393,5,39.4641367,28.7946849,149.466112,-28.5369569,True
25.89716051136061,3.25,-0.5,2.5,39.19011443693712,130.38290680285596,4,48.2559109,41.3434564,149.5701356,-14.0907606,True
2156.2812006806707,3.0,-0.5,2.5,2766.9043011347744,5929.238743155245,6,49.9377296,41.4996743,150.5743178,-13.27659,True
2.487329394026559,3.0,-0.5,2.5,3.853543387595532,26.37526666614671,3,47.7034184,38.2450831,150.9059246,-16.9409826,True
2.1984036009421466,2.75,-0.5,2.25,2.885290538011944,14.682938145698134,3,43.416714,32.3062942,150.9502521,-23.8319389,True
83.06344179372961,2.75,-0.5,2.25,87.07666581965567,134.75420739618193,5,140.3516752,62.2720014,152.2017901,40.9695694,False
70.87452955402105,4.5,-0.5,3.5,99.75686254002085,180.52360730204808,5,32.8138401,10.8365346,152.6048008,-47.3842641,True
0.8554019395629702,2.5,-0.5,2.25,1.4963854133566774,14.965125360044468,3,121.286161,61.7421406,155.0444112,32.332328,False
1.819940733831542,3.0,-0.5,2.5,2.831698163752275,18.709471098753077,3,111.7453866,61.406707,155.2399421,27.7856548,False
12.36779160296621,3.5,-0.5,2.75,15.5620887941976,33.11260229010486,4,51.1565535,34.1775402,155.7173155,-18.765257,True
0.38799131896503536,2.25,-0.4,2.0,0.6182710730324267,15.642996152641922,3,99.4842885,59.5257084,155.8961488,21.494958,False
1.7665765302110852,2.5,-0.5,2.0,2.6368671280760023,22.959269991990872,3,52.2982413,35.1549326,155.9125661,-17.4226701,True
4.533803355047262,3.25,-0.5,2.75,5.885475650936193,15.765522868139188,3,34.3379365,8.6087818,156.1545583,-48.6421686,False
2.341763079976757,2.75,-0.5,2.25,3.215347130550936,13.775017657429157,3,85.3419425,55.8480574,156.2783696,13.118319,True
51.869599931239264,3.25,-0.5,2.75,78.87504484970138,224.3693645766323,4,39.6609133,16.6089427,156.7743752,-39.1165594,True
5.384414407708503,2.25,-0.5,2.0,7.324234639778484,55.915905121716484,3,37.9571444,13.3818623,157.1095807,-42.7300863,False
1.0884946972875027,2.5,-0.5,2.25,1.6187800852664411,12.01902036047008,3,94.2873847,57.0206411,157.4179126,18.077312,False
13.211171632761136,3.5,-0.5,2.75,19.07126764000204,48.97291337584377,4,149.359518,55.361906,158.6440376,47.9109129,False
3.9124889097567124,2.5,-0.5,2.0,4.7100491976780345,16.18190140239064,3,129.3250703,58.4091609,158.6721939,36.5973394,False
23.06135324802382,3.75,-0.5,3.0,31.697339625564368,61.79779801910227,4,25.3732286,-9.4728895,159.076275,-68.7556896,False
29.896419709268443,3.5,-0.5,2.75,45.36935725990733,117.42916260144705,4,36.1136498,7.0042313,159.704343,-49.1112064,True
4.952574888010364,2.75,-0.5,2.25,5.9086540855403165,15.35907157650733,3,43.0241879,17.3270011,159.7234034,-36.7803182,True
1.0884564777603398,2.5,-0.5,2.25,1.8113712001678182,16.013760754127304,3,44.8661904,19.4519813,160.024848,-34.0398793,True
0.8826099467604007,2.5,-0.45,2.25,1.250304750349685,11.667919974369182,3,122.7287202,57.287897,160.3185968,33.170428,False
2.6557360762771256,2.25,-0.5,2.0,3.7740109005808686,28.447742436814906,3,178.4791184,40.6459384,160.5444331,72.0155284,False
0.8937575426350215,2.25,-0.5,2.0,1.9221001858533118,39.4905812233924,3,85.6749168,49.8494842,161.696613,10.3106239,True
8.773494350193308,2.25,-0.5,2.0,12.016941241529432,73.6685362493589,3,40.6259912,11.0220436,161.8575464,-43.2988991,True
0.014003921872870221,2.25,-0.10000000000000009,2.25,0.31872537519437805,30.727417026154146,3,126.1889355,55.8564693,161.985238,35.1141421,False
76.36721367586453,3.5,-0.5,2.75,101.68546926565293,218.71280699633638,5,34.4582032,1.7506879,162.1425463,-54.4078494,False
41.87301575888881,3.5,-0.5,2.75,58.98201226178628,141.86360071712014,4,83.3388363,48.3798187,162.1701469,8.2421026,True
9.12784584586467,4.25,-0.5,3.25,13.679569306590748,29.91517331782112,4,115.6809626,54.7455409,163.032444,29.1012256,False
0.23764792669911047,3.25,-0.5,2.5,1.1460934187807559,29.763501979813647,3,51.4108356,22.3930746,163.6809321,-28.0225527,True
0.5808762013772648,2.25,-0.5,2.0,1.3613322460386867,31.98740102370885,3,85.4393525,47.4801538,163.6880983,8.9751904,True
0.3320762091346207,2.5,-0.5,2.0,1.237159392184092,39.255287818105195,3,118.2924,53.8614572,164.2272456,30.5254027,False
0.13516405996036251,2.5,-0.4,2.25,0.345851394794515,14.79232223075375,3,146.2067016,52.0250075,164.2525179,47.3361554,False
92.33946764600006,3.5,-0.5,2.75,123.78692822288382,239.0990516152315,5,176.7538638,39.9916804,164.8961148,71.4672407,False
0.013654824218688712,2.5,-0.5,2.25,0.44349314033425224,16.25501525360737,3,183.9483825,34.7931477,165.6226354,79.1865901,False
0.03814761837380915,2.75,-0.5,2.25,0.2122651992799406,10.847689610258513,3,126.968385,52.2915097,166.3416201,35.6687487,False
25.86237382073557,3.5,-0.5,2.75,32.54297703579857,56.226135514164326,4,108.20832,50.5673537,166.691279,23.8839437,True
19.742446278357416,3.5,-0.5,3.0,28.88433021230776,64.08447433466085,4,144.3030701,50.1341615,167.3910051,46.6836276,False
4.799636444212541,2.75,-0.5,2.25,5.864701199604923,22.660025498072514,3,132.502632,51.1336166,167.6156372,39.1426353,False
3.9213307294944966,3.75,-0.5,3.0,6.50187567875186,17.346704670130812,4,142.3718093,50.2087193,167.6760056,45.4603325,False
1.7505913454177966,2.75,-0.5,2.25,2.503225924998668,21.770917608622028,3,113.4623203,50.3770597,167.6966111,27.1073336,False
6.619184057779856,2.25,-0.5,2.0,9.453059823969117,76.29908764870576,3,60.7423381,26.0033903,168.0026434,-19.665765,True
93.81428337741697,3.0,-0.5,2.5,124.14456071642635,367.4058865556706,5,23.1793273,-16.8953049,168.0689868,-76.005216,False
0.14894323466201487,3.0,-0.45,2.5,0.4416366709678933,13.424654075970682,3,122.1491779,49.8590852,169.1444782,32.5555222,False
40.49786265376265,3.5,-0.5,2.75,55.593796359107714,129.82476484337758,4,47.2624772,10.4803198,169.1830476,-39.7263949,True
1.9467989928481289,3.0,-0.5,2.5,2.9391955946560304,18.608129040606155,3,19.4535453,-21.1529441,169.5290408,-81.5233376,False
2.1985471496193902,2.5,-0.5,2.25,2.7029447980654533,9.75563155455671,3,25.0332188,-15.5756039,169.7864387,-73.8347227,False
1.1930365798162976,2.25,-0.4,2.0,1.7134255844018051,27.290228703879148,3,107.6760407,47.514907,169.8014916,22.7516941,False
14.158557317217397,3.75,-0.5,3.0,18.822201227904173,35.37063194530844,4,149.6131625,47.4344398,170.0225012,50.7463636,False
1.0728885636040828,2.5,-0.5,2.0,1.4861001603370094,12.944539734126865,3,110.0584464,47.6328312,170.1340502,24.3341151,False
12.427435836962129,3.5,-0.5,2.75,16.65572924351516,32.76691856726981,4,128.0991723,49.2244074,170.1350027,36.38105,False
11.489717796890547,4.5,-0.5,3.5,20.618954797667556,58.96733791732358,4,132.4957807,48.913725,170.4761338,39.2652178,False
29.8059468324183,4.0,-0.5,3.0,40.05693634503177,72.45648057117383,4,118.686254,48.3915053,170.5563337,30.1402373,False
11.271773824865315,2.75,-0.5,2.25,15.71984833036976,66.63382456622297,4,16.2398044,-24.283206,170.6283691,-85.8325848,False
61.74242625100755,2.5,-0.5,2.0,80.87693570286216,312.19000358253567,4,101.6299543,44.836348,171.1062774,17.9366231,True
16.462962491743667,3.0,-0.5,2.5,21.82505840481207,56.90651001562959,4,103.5977042,45.2488587,171.2004861,19.3841075,True
9.695248830322619,2.25,-0.5,2.0,13.719622563074854,123.80044756248908,3,88.8837475,39.8184379,171.6450874,7.2905133,True
7.921795892587556,2.5,-0.5,2.25,9.996438460408172,34.79475795090044,3,91.4724509,40.5029068,171.9968509,9.3547231,True
0.060287144504017995,2.25,-0.5,2.0,0.3204822397942817,28.45933801851084,3,109.4796923,45.6511118,172.1167641,23.4404463,False
1.2384436115635866,2.25,-0.5,2.0,2.3898223731398573,40.53050820883929,3,135.7680278,46.8388506,173.0588204,41.5573674,False
1.3197406028051926,2.75,-0.5,2.25,1.852245186518933,11.519157197674295,3,30.5178155,-11.579819,173.1984683,-67.2681711,False
26.809002658234938,3.5,-0.5,2.75,38.93361318474608,90.69196434510106,4,19.7481403,-21.6729792,173.392777,-81.6898372,False
1.815684265527369,2.5,-0.5,2.25,2.7054000119392345,22.876101055187046,3,34.2535973,-8.3246164,174.0322665,-62.3685089,False
2.022321807437267,2.25,-0.5,2.0,3.008094094218811,23.792618584717438,3,159.6033597,42.7540555,174.0941028,58.8722496,False
43.27315459224526,3.25,-0.5,2.5,59.390965553264095,156.69367772560418,4,39.9488182,-2.5751385,174.1472243,-54.2958443,False
31.605022238537032,2.75,-0.5,2.25,41.68492898292728,131.48354797305012,4,172.7066745,38.2370366,174.5166775,69.7954237,False
5.68617565116585,2.5,-0.5,2.25,7.578445006757956,39.43538596995225,3,47.1147819,4.1016809,174.8726796,-44.51609,True
1.967023998252146,3.25,-0.5,2.5,3.0554447000532017,19.434802357247193,3,106.1234658,42.2194515,174.8762874,20.1168245,False
198.0774844600317,3.25,-0.5,2.5,253.28082588478307,518.9450890228741,6,140.2302726,44.7007037,175.6980425,44.805916,False
73.55423357861304,3.5,-0.5,2.75,96.75789877547072,200.8113251546231,5,158.250358,41.279977,177.3721476,58.3534604,False
33.18787158825086,3.0,-0.5,2.5,47.45248595984009,146.99510748716986,4,124.5526499,42.3939841,178.2086267,33.3937549,False
34.62087636934466,3.5,-0.5,2.75,45.380669524460316,85.19901249823215,4,137.4008008,42.9085695,178.3089075,42.8479181,False
6.066976700210857,2.5,-0.5,2.0,7.681449331709597,31.65816336715598,3,117.9155206,41.2560369,178.491266,28.3259104,False
3.901636431833815,2.75,-0.45,2.5,5.2155741248683505,20.437898991105524,3,128.475785,42.4161912,178.5934972,36.2731388,False
0.8500839775799698,2.5,-0.5,2.0,2.202983458909637,48.890535598500826,3,122.2424245,40.887932,179.647819,31.4514185,False
0.19736703373538178,2.75,-0.4,2.5,0.7267543097001101,18.421090027395703,3,166.083808,38.1975118,179.8747118,65.0126748,False
11.87408101345569,7.0,-0.5,4.5,13.222043513105778,17.535984497963106,3,95.7211691,33.4166332,179.9522921,9.1377738,True
3.724397760167845,2.5,-0.5,2.25,5.497471788644714,31.46808872088958,3,125.7153117,40.7124683,180.3573947,34.0175655,False
4.191509160935195,2.75,-0.5,2.25,5.451790051521767,16.951822451352147,3,155.7931314,39.8007137,180.8602828,56.8748596,False
1.195016155779395,2.0,-0.30000000000000004,2.0,3.8456416451565474,95.80709809743735,3,147.2271885,40.6915094,180.9474161,50.2792023,False
21.99938286295818,3.0,-0.5,2.25,28.923429064781715,102.07725933680095,4,40.2511631,-8.2419296,181.9770298,-57.931047,False
3.129906832219075,2.75,-0.5,2.25,5.246783513377598,49.63267462132608,3,126.2462566,39.2858863,182.1347667,34.2048131,False
830.412487669714,2.75,-0.5,2.25,1015.5279599491175,3170.606068338855,6,141.7735681,39.0415409,183.7050015,46.1722516,False
0.7809662513759259,2.5,-0.5,2.0,1.297975565164355,20.305650623805185,3,139.2156014,38.9110811,183.8398017,44.1817304,False
0.3749483238365173,3.25,-0.5,2.75,0.7946206816807232,7.665259996709917,3,61.8756428,7.7110977,183.8671131,-31.1468925,True
21.606962211086284,4.0,-0.5,3.0,27.032500520195498,44.10814255987562,4,21.5731429,-22.3856551,183.8802049,-80.7791011,False
6.233570309635539,3.25,-0.5,2.75,7.474992078529551,14.001146556534202,3,61.646267,6.620405,184.7101967,-31.9986496,True
26.31374322910129,3.5,-0.5,2.75,36.363006628303346,92.77436328624506,4,77.5129585,18.0147785,184.7293204,-12.7854191,True
26.277939258114735,3.75,-0.5,2.75,35.61452644813657,73.01329517123801,4,109.8285098,33.1099788,185.054011,19.8482872,True
17.087075878621473,3.0,-0.5,2.5,22.922907726197707,68.44776273418208,4,31.243785,-17.0388144,186.0392333,-70.2382076,False
5.279874410753122,3.5,-0.5,3.0,8.84645643810985,23.945170902150963,4,168.1847237,34.8042747,186.8548843,67.5650945,False
31.553414940639353,3.5,-0.5,2.75,41.97732507214485,93.5967365636602,4,72.2818146,11.3812335,187.4067771,-20.723423,True
3.1108213679505443,2.5,-0.5,2.0,5.611504720411913,62.613846373662284,3,80.3031267,16.6238803,187.4246204,-11.3424045,True
91.60426333031002,3.0,-0.5,2.5,124.2403029640399,409.60437299542565,5,54.8782782,-1.7668214,187.989999,-42.4494253,True
2.626008562497641,2.5,-0.5,2.25,3.452293635875966,16.382059393891037,3,115.3040358,31.2099235,188.630184,23.5976007,False
0.018270624201916105,3.0,-0.35000000000000003,2.5,0.16873955828703224,6.854421488330862,3,55.1385431,-2.9407993,189.493904,-42.9224903,False
69.53656465461427,3.0,-0.5,2.5,98.84372398685986,339.55105297384534,4,68.2867162,5.3630223,190.3587722,-27.3997712,True
0.8886381116262922,2.5,-0.5,2.0,2.227366172412567,40.01652592592619,3,33.0885668,-17.7602039,190.4926372,-69.1286582,False
0.8811665826167295,2.75,-0.5,2.25,1.4863046295191462,11.887569950778458,3,77.3786569,10.2139742,191.3807296,-17.214866,True
0.5834721475312713,2.5,-0.45,2.25,1.0860503402388502,20.429986385728743,3,65.7249638,2.3384153,191.5825169,-31.2131372,True
0.9727028156204027,2.75,-0.45,2.5,2.4528960505022455,33.5134092803659,3,74.2811873,6.7555419,192.7062479,-21.6625392,False
0.12503325886688868,2.5,-0.4,2.25,0.3956030266069044,16.23333392628092,3,116.7136297,27.5828549,192.8086286,23.5795386,False
14.467981649282853,4.0,-0.5,3.25,20.639350519223974,41.236903810163305,4,66.2009246,0.5957083,193.595836,-31.7755746,True
1.2621578506506865,2.75,-0.5,2.25,1.7738372112826957,9.892028372089097,3,75.5461333,6.1637327,193.9661613,-20.9195706,False
573.7182149889086,3.0,-0.5,2.5,751.6824641006443,2154.137570973362,6,65.8242018,-1.3404388,195.2932953,-33.1317334,True
1.9528625961857777,3.0,-0.5,2.5,2.9421010058795405,17.126947688279373,3,77.3585423,5.709517,195.3907658,-19.6271837,False
25.94747654782036,3.5,-0.5,2.75,36.89267253927912,99.4670551835648,4,76.354512,5.0028748,195.4759748,-20.8487529,True
33.6818702319123,3.25,-0.5,2.5,46.80059207515421,141.01756612886723,4,117.1499048,23.9948568,196.6195725,22.713629,False
21.856530567842977,3.0,-0.5,2.5,31.57218982233224,127.22436075919484,4,83.1570028,7.526721,196.855368,-13.7527842,True
24.871104038678368,2.5,-0.5,2.0,30.677663805914058,134.4522039831703,4,70.6611506,-0.2924486,197.1961308,-28.4605022,True
0.9462145625975311,3.0,-0.5,2.5,1.4432328261373923,9.03199426607371,3,108.4900935,19.6149126,197.622078,13.6108351,True
30.466625496078397,3.0,-0.5,2.5,39.30197733931573,99.70116944319872,4,104.9883312,17.1629327,198.4593833,9.5637191,True
23.14877425938682,2.75,-0.5,2.25,30.82270914355629,117.41146438889689,4,140.9554578,28.2720974,198.8564514,44.3935243,False
2.7716644800502497,2.25,-0.5,2.0,3.5797705823535724,21.6773119831624,3,165.799092,30.2585529,198.966189,66.1139353,False
2.542854440066522,2.5,-0.5,2.25,3.345925591347982,14.303305711733934,3,126.1492693,24.6283955,199.0081539,30.6569525,False
162.6159594702328,3.5,-0.5,2.75,224.21247449604374,483.03164521403977,5,179.898664,29.2445654,199.4093563,78.3883155,False
18.747730763136953,3.75,-0.5,3.0,28.596197338940094,66.68031058056232,4,150.286617,29.1847174,199.5223001,52.6128506,False
25.303141074960163,2.5,-0.5,2.0,27.892098204639765,57.6541045352421,4,81.8902723,3.5137778,199.8008279,-16.85504,True
114.10604805286827,3.5,-0.5,3.0,161.8963472308645,341.6609512232538,5,127.7334023,24.1869593,200.022851,31.8913476,False
0.799288265452141,2.75,-0.5,2.25,1.3376056699102727,10.581768697673198,3,45.3268777,-16.8736717,200.865026,-58.3105338,False
0.0031936864616648806,2.0,0.3999999999999998,2.25,0.03397115976581474,17.025110257856632,3,54.1372989,-13.0589986,201.2630904,-48.9884461,False
73.80920943665242,3.25,-0.5,2.5,101.98743342825642,243.16869347375837,5,24.4187813,-24.5043168,201.3508564,-79.273399,False
18.218632367062774,3.25,-0.5,2.75,23.114930832489826,44.28550506886122,4,125.8489777,22.3761884,201.3715418,29.6704164,False
24.999369030821995,2.75,-0.5,2.25,35.06932126387917,212.65198790366716,4,75.2968886,-1.9769868,201.4375822,-25.2962286,True
15.982016506380415,5.25,-0.5,4.0,22.727240664148106,45.301580530364085,4,114.5205696,17.6974301,201.8499409,18.0585041,False
1.0152751746887099,2.75,-0.5,2.25,1.8772763898932228,21.034599059296838,3,185.379253,28.2106987,201.9264437,83.2885332,False
27.636262809953266,3.0,-0.5,2.25,34.51461681020398,82.80672767036185,4,117.5027936,18.4029899,202.3449658,20.9428812,False
1.0094758811493316,2.75,-0.5,2.25,1.7687711392942513,29.96869714222998,3,111.3320151,14.4163193,203.6528697,13.9173592,False
0.1113790051628463,2.75,-0.4,2.5,0.7402816480086745,18.902700142097757,3,166.498695,28.2198133,204.094521,66.6750065,False
1.4302586170804688,2.0,-0.4,2.0,4.278093653824456,70.78882646993604,3,61.9666732,-12.2066307,204.9513916,-41.7488705,False
22.45922001779504,2.75,-0.5,2.25,31.8014875701967,117.05197457898802,4,149.2026461,25.2679287,205.4887971,50.9799622,False
3.443375161310036,2.25,-0.5,2.0,5.35547415592285,62.198162227282154,3,61.3908178,-13.1356934,205.7616493,-42.6536105,False
1898.8786895890698,3.75,-0.5,3.0,2553.4497318187864,4729.70479904187,6,133.7131613,20.114147,206.8092565,35.8311983,False
53.99611431182853,3.25,-0.5,2.5,69.3117667689308,135.07253785634052,4,57.1775231,-16.1751429,207.3648308,-47.6106957,False
417.4242974333728,3.0,-0.5,2.25,510.95242789465095,1078.9139504572413,6,117.7232404,12.5313599,208.1504876,18.7717531,False
1.6671623363879404,3.25,-0.5,2.75,2.33704014046093,8.607499307496793,3,43.1936943,-22.3276962,209.7537216,-62.102078,False
1.5302340669131573,2.25,-0.5,2.0,2.3241355554486374,22.348536680528873,3,116.3881673,10.1920143,209.7918801,16.5945249,False
1.8836679462633745,2.5,-0.5,2.0,2.631680487797456,12.88827825991943,3,153.0881047,23.2043147,210.1524434,53.9374488,False
6.1302674186797095,2.75,-0.5,2.25,8.263313631388138,32.540235491487095,3,153.7295196,23.016046,210.7215973,54.4595895,False
0.5159974780025344,2.75,-0.5,2.25,0.8649745270669277,9.535702436058372,3,126.3070775,13.5520803,210.8667214,26.8159184,False
3.7508993732282514,2.5,-0.5,2.0,4.688353335365662,20.689080320353643,3,171.4677701,26.1808611,210.8924255,70.8811282,False
154.07675361566015,4.0,-0.5,3.0,202.0042420198797,352.3995151583407,6,119.2770284,9.9286008,211.3250635,19.0501644,False
29.140281158618635,3.25,-0.5,2.5,40.74214247274995,108.61213221714232,4,160.7874084,24.1328729,211.6014858,61.0066575,False
44.495221703347696,3.0,-0.5,2.5,55.527060961404175,122.17658848321224,4,130.1986093,13.1895807,212.9860582,30.1320106,False
16.42431098475499,3.75,-0.5,3.0,22.932921278931676,46.83781828573238,4,55.1819519,-21.3188322,213.7989458,-51.14869,False
32.613045598189814,3.25,-0.5,2.5,42.47261532865613,87.11503131262137,4,20.1073105,-27.0461274,213.8556345,-83.5475219,False
2.974786232250568,2.5,-0.45,2.25,4.805747420409937,57.3628429850269,3,64.1405485,-18.8674412,214.3216289,-42.3945896,False
0.9077663685093575,2.5,-0.5,2.25,1.4791384304235324,12.451302197739317,3,159.1390611,22.0482227,214.8732938,59.0133753,False
138.2380957629802,3.75,-0.5,3.0,169.41757396429904,277.1655369398371,6,81.8583679,-12.6815641,215.192224,-24.2853659,True
9.712228753790273,2.75,-0.5,2.25,12.295856411234116,42.38979385135111,3,16.6043725,-27.2939587,216.6358143,-86.6655691,False
5.2648429299839785,2.25,-0.5,2.0,7.154122139601171,66.89613421893152,3,52.4587699,-23.930629,216.8460624,-54.268845,False
88.7885858132242,3.5,-0.5,2.75,119.75195458471589,255.16679434820543,5,114.8308698,1.62627,216.9848177,11.3890883,True
17.138854166791475,4.0,-0.5,3.25,23.262880793144802,43.129340872797215,4,107.4465157,-2.9333334,217.6387086,2.7367766,True
542.9220235407525,3.5,-0.5,2.75,714.0523528513509,1394.980790557264,6,111.4459626,-0.9091109,217.6842035,7.2168822,True
28.98783390446312,2.75,-0.5,2.25,38.696891636227086,151.21296896963815,4,26.261016,-27.5482067,218.0314671,-78.0936548,False
2.992900084834859,3.0,-0.5,2.5,4.4730008669363315,25.713643456165066,3,170.9926526,23.5852031,218.2430438,69.9518297,False
3.849003087237537,2.5,-0.5,2.0,4.873949964001411,31.044779051762003,3,116.4664589,-0.7255492,219.8858856,11.7468652,False
8.014723035778172,4.5,-0.5,3.5,12.309200885437686,27.354593336892485,4,164.9155954,20.9443023,220.4900673,63.801612,False
47.70448082605116,4.25,-0.5,3.25,67.54818673488448,125.21209255937693,5,127.9554701,4.4881356,220.7002104,24.3305628,False
16.89531993137461,3.5,-0.5,2.75,26.6961027942262,73.7149128089163,4,122.8615646,1.7745867,220.7125985,18.5661261,False
0.5866602762010891,2.75,-0.5,2.25,0.9973764818353121,11.575142280919234,3,58.0585471,-25.2351748,220.8079648,-49.6123992,False
3.732831084842106,3.0,-0.5,2.5,5.228195106464372,24.84946803478928,3,60.9214654,-24.7414471,220.9953009,-46.973915,False
0.5503688064786421,3.25,-0.5,2.5,1.0903637736594236,8.329600933218721,3,123.8609394,1.8992214,221.0945973,19.5057332,False
4.086967422183672,2.75,-0.5,2.25,5.26597764869648,17.099259208209475,3,133.4588385,6.9171283,221.1387171,30.3081575,False
8.588950071714038,4.5,-0.5,3.5,15.942095118454567,45.630785116427575,4,177.5768866,24.2759147,221.2345128,75.9470692,False
17.206270240542885,4.0,-0.5,3.0,27.293591695300833,63.22777473850333,4,126.4582673,3.1394289,221.2347,22.3786777,False
12.025137837691501,4.25,-0.5,3.25,15.783586068282675,27.217260787503218,4,131.3188294,4.6785928,222.2629846,27.3800262,False
107.58047052471979,3.0,-0.5,2.5,143.39196094947883,424.9413224577738,4,92.4278837,-15.7134598,222.6161239,-16.1774374,True
3.1952809771839252,2.75,-0.5,2.25,5.034573834431468,53.61629028568864,3,111.0572267,-7.2547813,223.1445427,3.9166402,True
144.96697793368253,3.0,-0.5,2.5,169.59720972306695,338.10349309292576,6,74.276436,-23.4077574,223.7071662,-34.8832135,False
7.765028391836779,3.75,-0.5,3.0,11.647590564527407,26.584062164356194,4,57.1494865,-27.8303522,224.5399445,-50.9192031,False
0.0011058836801414497,2.75,-0.35000000000000003,2.5,0.13581480273096933,8.418091031734262,3,92.5531614,-18.7707332,225.5856599,-17.3067327,False
5.961327127446719,2.5,-0.5,2.25,7.124754628198291,18.660521708384383,3,121.8006835,-5.6921672,226.9828708,14.0186343,False
1.926049052280788,3.5,-0.5,2.75,2.767651877792293,11.328103887304717,3,153.9501262,12.4582195,227.0687544,50.7685494,False
0.790935215628586,2.25,-0.5,2.0,1.2268740335580475,16.004357376689477,3,36.904417,-30.4510864,227.6201489,-68.7082847,False
1.4988278402811355,2.5,-0.5,2.0,1.98865250137921,17.581441154751936,3,89.3550919,-22.2034708,227.7249003,-21.391192,False
113.59837972557851,2.75,-0.5,2.25,158.18241213280925,942.0245040080448,4,112.5934067,-11.682026,227.7701352,3.1544937,True
4.250680164416691,2.75,-0.5,2.25,5.7475208407503064,32.22373733612025,3,156.4664511,12.9055015,228.3049166,53.1448638,False
0.3976823706888776,3.0,-0.5,2.5,1.120882014203843,23.29178223684662,3,138.6766887,2.7774907,228.3522297,32.8407623,False
30.95279968635147,3.0,-0.5,2.5,41.37112891559355,124.96692030824454,4,97.3608888,-19.9917933,228.6478133,-13.652654,True
0.22417658373074778,2.25,-0.5,2.0,0.6248805273716945,28.4892096210692,3,92.2737402,-22.3438326,228.9412793,-18.9395167,False
82.1720414933167,3.25,-0.5,2.75,121.29661091770498,313.0185837230033,4,137.2925766,1.352196,228.9525449,30.9211668,False
76.01547096286401,2.75,-0.5,2.25,99.09800633726417,370.5303403225919,4,73.3263462,-28.1110799,229.0034021,-36.998904,False
61.44161472197243,3.0,-0.5,2.5,89.70150682963188,354.01107618657,4,122.0572069,-7.8464565,229.0322122,13.1595625,True
50.15133258827102,4.0,-0.5,3.0,54.67901416628193,70.1664058869607,5,118.6174861,-11.7872255,230.7619488,8.2477864,True
3.975278533420691,2.75,-0.5,2.25,5.330488185812918,28.550338602095664,3,60.5811656,-31.7919195,231.245412,-48.5145723,False
3.8351873683598834,2.25,-0.5,2.0,4.625896668605979,23.80697109255995,3,98.3773344,-22.3794075,231.2894614,-13.7639962,False
5.187537330027167,2.75,-0.5,2.25,7.599212988043064,39.88996229086576,3,98.7620324,-23.5962235,232.5829409,-13.9337878,False
1.5059004203321344,2.25,-0.5,2.0,2.573652272061326,35.33489131883369,3,95.1181678,-25.2132241,232.7772173,-17.6201063,False
9.955628397126027,2.5,-0.5,2.0,13.234081142889053,83.60529282467556,3,84.9890471,-28.6574606,232.9351277,-27.2793249,False
24.65976143936083,7.0,-0.5,5.25,35.96061227391961,72.1124503986827,5,187.5704842,25.2872793,232.9528442,84.9107583,False
1.6334837064230947,2.5,-0.5,2.25,2.2399088112276564,10.916117767123268,3,74.1947154,-31.5983375,233.4719407,-37.0518584,False
2.9674975499837606,2.75,-0.45,2.5,4.4931912698492305,25.328654615354615,3,152.0117164,6.3713017,233.5096876,46.0276114,False
6.984599525116771,3.25,-0.5,2.75,11.122927171846104,34.212481885857905,4,131.9697628,-7.0431605,233.7266566,21.9497767,False
59.50501276068759,3.5,-0.5,2.75,77.92120817795191,163.16463724636066,5,77.6983629,-31.712051,234.405802,-34.1655762,False
0.7245984261761302,2.25,-0.5,2.0,1.1998662954340222,20.920677949319145,3,98.0118406,-26.2218321,234.7951187,-15.6015113,False
3.2933256039646466,2.25,-0.5,2.0,4.447826286297233,40.477515242275516,3,98.8321949,-26.3150745,235.183193,-14.9614216,False
2.818174008639975,2.25,-0.5,2.0,3.557485927476269,20.10631930900733,3,34.1969618,-32.8037417,235.1891347,-70.7034411,False
21.279563280356584,4.0,-0.5,3.25,26.05189533062876,40.07390616927677,4,125.2649971,-12.9470893,235.1914856,13.205221,True
0.4014506634642282,2.25,-0.5,2.0,0.7085473867071294,16.19458422216043,3,95.8118601,-28.5828077,236.3063963,-18.3031013,False
0.426172391577745,3.5,-0.5,2.75,0.7336475482171967,5.136491094334625,3,154.0145229,5.2241102,236.5123359,47.0377181,False
5.023603736801359,3.5,-0.5,2.75,8.489855355439175,28.980148569336865,4,147.2395699,0.3881719,236.5750297,38.7222709,False
3.7998951823777425,2.25,-0.5,2.0,4.765462560390015,20.974577837159675,3,129.9959523,-12.2394479,237.1906032,17.4599742,False
897.1046254922782,3.5,-0.5,2.75,1212.4527709516078,2555.282930897213,6,61.0013692,-36.0939761,237.7590991,-48.4614647,False
0.09218277255465111,2.75,-0.5,2.25,0.2884050532602541,13.843094162903297,3,126.2226339,-15.4352731,237.8540473,12.6410288,False
5.76695132293318,2.25,-0.5,2.0,7.11650420350605,26.026204359143513,3,54.239865,-36.2623448,238.1071202,-53.9163986,False
0.0046452268643283065,2.0,0.19999999999999984,2.0,0.4185389975399998,18.879316878020013,3,93.1188267,-31.6566056,238.5024676,-21.5605468,False
20.81454669487723,3.5,-0.5,2.75,26.8287755312126,49.65411938799281,4,84.107811,-34.0171713,238.5526109,-29.4877454,False
16.589762046946948,3.5,-0.5,3.0,29.63235302461205,87.01569248295883,4,132.520877,-12.2144066,238.6375955,19.511038,False
0.05384499050426002,2.5,-0.4,2.25,0.3797995432038416,28.124431743760784,3,25.8060404,-32.0106014,239.4850582,-77.738244,False
0.0024970450391468336,2.25,0.1499999999999999,2.25,0.27007481139226275,13.244265949821575,3,35.7266905,-34.6898469,239.682829,-69.0337286,False
4.891392168074471,3.25,-0.5,2.75,6.194252389726328,15.353782385728827,3,53.5533379,-37.4055625,240.1155175,-54.3914732,False
4.391801723848517,2.5,-0.45,2.25,5.681333109462601,32.825056690314064,3,102.0592158,-30.7408298,240.5404439,-14.1087017,True
1064.4137418217667,4.5,-0.5,3.5,1603.2005561602427,3473.89524423367,6,80.7364977,-36.4542375,240.6016758,-32.7191265,False
30.831987479632552,2.75,-0.5,2.25,44.3925801358541,176.81629507247357,4,66.1712555,-37.9437862,240.6594411,-44.4038191,False
224.46640442564086,3.25,-0.5,2.5,283.888069479194,571.2430771456851,6,67.1673802,-37.9280197,240.6930625,-43.6183942,False
1.0808015473816157,2.5,-0.5,2.0,1.9993914829393462,22.316849687111254,3,28.3169699,-33.1811792,241.0610334,-75.3484086,False
25.81689245317607,2.75,-0.5,2.25,32.874758822742784,84.39361939002642,4,160.3196302,6.179041,241.1018038,52.6549629,False
70.44650680061132,2.75,-0.5,2.25,85.0695434876531,243.17557111738992,5,61.7749253,-38.442838,241.2892069,-47.8671747,False
3.437182230163189,3.0,-0.5,2.5,4.782660299160087,20.899916068638113,3,159.7163024,5.2046534,241.7448887,51.5807446,False
0.23691173305670762,2.0,-0.35000000000000003,2.0,1.1553692579841706,24.05388670120416,3,143.3305918,-8.307835,242.1756875,30.3786289,False
7.117406710836138,2.5,-0.5,2.0,8.66282297832479,35.90266730991912,3,169.738,12.6090461,242.2219669,63.9353633,False
28.988738109537394,3.0,-0.5,2.25,33.98408314892646,57.935981132099556,4,139.519579,-12.0948779,242.9223218,25.0901513,False
1.6766753102514964,2.5,-0.5,2.25,2.2900089602720035,12.420738132099002,3,152.7085538,-1.9867452,243.4045576,41.6090276,False
17.04956789892411,3.75,-0.5,3.0,23.906334353645768,50.45178924946224,4,96.7805206,-35.4948368,243.4610165,-19.9678004,True
26.09512189189506,3.5,-0.5,2.75,33.57979710146614,63.62730026111341,4,129.1762533,-20.2915273,243.5847446,12.2361503,True
9.026489380452881,3.5,-0.5,2.75,10.7212006757569,18.831774724585333,3,37.3785354,-36.7298156,243.9195496,-67.1713097,False
40.11578348334954,4.0,-0.5,3.0,52.05798984026388,88.41193000627787,5,126.506496,-22.5024202,243.985932,8.9330864,True
27.786500742831166,3.5,-0.5,2.75,35.10346366104804,65.88976444733119,4,124.1474166,-24.3425851,244.3066206,6.1099164,True
190.94802222492652,3.5,-0.5,2.75,246.0697562916992,480.42338066531454,6,53.5553554,-40.1544641,244.7879912,-54.0740258,False
0.9436132360880127,2.25,-0.45,2.0,1.2855959346177919,14.972167353476202,3,100.3151109,-35.9107941,244.9320716,-17.4243103,False
3.046564844950048,2.5,-0.5,2.0,4.111424086122113,25.44794795421976,3,129.2424222,-22.5445458,245.4939869,10.9782094,False
0.015009256959337589,2.25,-0.30000000000000004,2.0,0.16782809895776019,25.48699459835041,3,162.5574233,4.556966,245.537836,53.3401879,False
1.4104832614840235,2.5,-0.5,2.0,2.1288044241824915,14.051822499027075,3,90.1190738,-39.5909427,246.0163971,-26.2219764,False
0.34863056399117315,2.25,-0.4,2.0,0.8020251958176925,50.37947512786087,3,134.5119475,-19.8402806,246.2902987,16.5321013,True
1.3069939842826186,2.5,-0.5,2.0,1.8182979750773387,14.667375005962201,3,137.4145509,-18.1334245,246.6723646,19.7436322,False
40.96616845049222,4.25,-0.5,3.25,57.66391582143344,106.58075757333106,5,157.1514245,-2.6065422,248.069724,44.5223273,False
2.723552181523194,2.5,-0.5,2.0,3.35288386797013,17.954607056315027,3,169.055363,8.4977383,248.0848374,60.7761476,False
1.2489350456813786,3.0,-0.5,2.5,1.8556722529482113,11.4136533252174,3,145.2945709,-13.5744316,248.2321534,28.4717353,False
2.79945788941645,2.25,-0.45,2.0,3.443002671138475,19.806608752575602,3,70.0834797,-43.5352839,248.387981,-41.5569032,False
4.041279845054186,2.5,-0.5,2.25,4.97969913765689,18.020264613621322,3,101.6499164,-39.0494594,248.4019576,-17.5690967,False
4.271630697982285,2.75,-0.5,2.25,5.409988068075088,19.888388977686734,3,91.0942924,-42.4317072,249.2873057,-26.2058059,False
0.28071876358186154,2.5,-0.45,2.25,0.6243547124752952,13.371999973919598,3,162.0627221,0.9281517,249.3168239,50.5136277,False
1855.7712491954521,3.75,-0.5,3.0,2490.8773506696016,4650.102183447069,6,84.7059116,-44.0801438,250.0757217,-31.0915414,False
36.479006284681034,3.25,-0.5,2.5,46.96541932383747,112.34920438733148,4,107.6898576,-38.841384,250.083696,-13.1561788,True
1.2562078074821592,2.75,-0.5,2.25,1.7330657557779068,11.186010385234303,3,97.7832181,-41.8792587,250.1884043,-21.2863774,False
1.9669260172123644,2.5,-0.4,2.25,2.733671598443295,27.13473457675083,3,69.7598521,-45.3796764,250.8618034,-41.754593,False
1.4156743545927584,2.5,-0.5,2.25,2.3374202463322193,20.74693290969871,3,149.3007261,-13.8378705,251.5097229,31.1424299,False
945.8125029864067,4.25,-0.5,3.25,1343.1342061611442,2531.8204733391203,6,164.6302831,1.5697456,251.5149092,52.7812498,False
454.890115706586,2.75,-0.5,2.25,568.6959751298198,1362.4916532106477,5,79.9447613,-45.7568784,251.5692421,-34.6410395,False
40.77603737688512,3.0,-0.5,2.5,62.03554302560548,260.9262486231429,4,141.9808273,-20.5874185,251.6530169,21.4290266,True
0.9120754674409718,4.5,-0.5,3.5,2.631938295877852,12.632039983763818,4,140.8901178,-21.6226304,251.7491247,19.9802551,True
51.06576357073891,3.75,-0.5,3.0,72.89481133980189,160.93404874009292,4,78.9272989,-45.9606943,251.750084,-35.3633205,False
77.18285260673493,2.75,-0.5,2.25,105.53015658787794,406.19257691285526,4,73.9754091,-46.2701727,251.9732066,-38.8047643,False
1.2535942400872022,2.5,-0.45,2.25,1.9507027394594822,19.206435279386163,3,89.7979472,-45.476727,252.3920686,-27.7837925,False
8.314383628239973,3.75,-0.5,3.0,14.05118986419972,36.34914860108874,4,166.4296145,2.0619852,253.1424936,54.3760117,False
6.659101868138711,2.75,-0.5,2.25,8.234592200967393,24.08705224163065,3,182.4447681,18.1684664,253.797788,76.8723406,False
12.959599900113275,3.25,-0.5,2.75,19.138148822249697,48.322663702595165,4,81.5895063,-48.5070159,254.9900303,-33.7416481,False
176.95248910240093,3.0,-0.5,2.5,228.89885096559908,563.1455484987608,5,186.2124968,21.3804401,255.0038356,81.6508973,False
11.582144560503394,4.0,-0.5,3.25,17.402576205371275,37.12648765240346,4,82.9563071,-48.4520471,255.0125874,-32.8341549,False
6.423004468393172,2.25,-0.45,2.0,9.011710518682055,110.71952552718847,3,140.3978344,-26.3054011,255.0839868,16.5012892,True
6.597091454939195,3.25,-0.5,2.75,8.49693313545606,20.90140068954283,3,171.9179423,5.9177167,255.9593058,60.9012649,False
7.814678126901778,2.75,-0.5,2.25,9.552859454442022,25.72067067528767,3,136.0823311,-31.2246802,256.2693056,10.4050273,True
5.2045293293036545,2.75,-0.5,2.25,6.212693394979617,17.913715839146743,3,91.1769621,-48.8420153,256.323757,-27.5106619,False
29.72749558700177,3.5,-0.5,2.75,41.59133399909763,95.27220958937849,4,105.3818141,-46.5676298,256.7946679,-17.7101459,True
2.1525766283573846,2.75,-0.5,2.25,3.6251906770281175,60.931538978151714,3,132.4601191,-35.695604,257.7720822,5.2190462,True
2.936011500786691,2.5,-0.5,2.25,4.756671887737875,35.75695832658569,3,41.4628234,-45.0216419,258.6168048,-61.0276944,False
8.109360052906242,2.25,-0.5,2.0,9.735928481063285,30.392244978152714,3,113.1802397,-46.7052308,259.1425318,-12.8581807,True
0.49496100497409207,2.5,-0.5,2.25,0.9586585016587859,13.11472920900134,3,136.1711218,-35.239603,259.3838819,7.8224527,True
0.5337625723796054,3.25,-0.5,2.75,1.0543827703124646,7.769545388182051,3,111.6113775,-47.474742,259.3841572,-14.1534794,True
1.896161284674093,2.5,-0.5,2.0,3.753010890222917,44.318127482234146,3,115.4333541,-47.1470137,260.255854,-11.6837696,True
0.8706617021420251,2.25,-0.45,2.0,1.2533823453276234,17.85290447630002,3,62.8771082,-51.8188119,260.5183862,-45.3920158,False
74.59537142299516,6.5,-0.5,4.5,93.17872333052182,138.28988992580207,6,156.1942733,-18.6372039,261.0489603,32.0552626,False
0.43909016783259325,3.0,-0.5,2.5,1.01757738106319,15.66358846062229,3,183.7482964,16.9198766,261.513008,76.7618747,False
0.017039604765193107,2.25,-0.5,2.0,0.2624260558912378,22.650087124806284,3,57.8471172,-51.7214506,261.6524002,-48.4077162,False
136.25568276991032,3.5,-0.5,2.75,188.29712202000044,382.81365316672037,5,41.4904781,-46.8457317,261.8190604,-60.1044692,False
21.14997863218002,3.0,-0.5,2.5,30.12439337337881,99.84930655644469,4,85.1722515,-54.2973161,262.0326688,-31.8759826,False
14.571450186856053,3.0,-0.5,2.5,19.38983243197376,53.627547617255615,4,159.7959467,-15.6904598,262.1364772,36.4954592,False
11.35042475884443,3.5,-0.5,2.75,15.420058186377352,34.87056697467305,4,36.4165159,-45.0597687,262.7872634,-64.031427,False
2.319957939410415,2.5,-0.5,2.25,3.209857735148925,21.806188096555353,3,92.1747454,-54.9677891,263.2640426,-27.9106231,False
13.22484249724057,3.0,-0.5,2.5,18.209062302743924,76.35575482238421,3,169.543272,-4.223195,263.6832532,51.3988546,False
5.305197496915407,2.75,-0.5,2.5,6.793205492936864,21.171630454255727,3,164.799937,-11.5617537,264.1037144,42.6916226,False
10.529675046899015,2.5,-0.5,2.25,13.770045469250086,61.75901190849235,3,158.7430551,-20.1959725,264.4228685,32.2828105,False
6.207453777558999,3.0,-0.5,2.5,8.380051393664298,30.94987990536789,3,122.7806904,-49.4715704,264.769858,-8.5997192,True
0.9684701901475676,2.5,-0.4,2.25,1.2814575560477806,11.688675598809168,3,81.1730133,-56.9790374,265.1995194,-34.1629397,False
14.830177402786678,2.5,-0.5,2.0,19.301262490412,79.72136169113054,3,140.6875754,-39.9866551,265.3438262,7.1916336,True
75.8375833700704,3.75,-0.5,3.0,107.54781547756629,216.696323298628,5,87.4999368,-57.5542495,265.9211481,-30.7489342,False
3.219972904329688,2.0,-0.5,2.0,7.093481971774739,40.889873636301125,3,181.8201672,12.1986827,266.0442923,71.8320817,False
5.002562568289003,4.25,-0.5,3.5,8.126092698388442,25.081175786175862,4,170.3615498,-5.912126,266.2360716,50.4359305,False
11.579305536395013,3.0,-0.5,2.5,15.646139318886945,43.820275580279386,4,37.8010392,-47.7743342,266.3013748,-61.6417276,False
26.46236761355293,2.75,-0.5,2.25,36.36702379568449,122.23197724968726,4,162.0369328,-19.1391874,266.7462724,34.9274017,False
2.97783795115313,2.25,-0.5,2.0,4.8263093290517505,65.05602986804651,3,23.6255675,-38.7377465,267.855351,-75.312359,False
7.064913521709299,3.75,-0.5,3.0,8.312133965093375,13.333495324174379,3,151.8557281,-33.5886119,267.8786273,17.8928938,False
0.41327665217329257,2.5,-0.45,2.25,1.1758409838411903,29.809265662272022,3,154.6265379,-31.3976604,268.459521,21.0489157,False
1.8353221750715272,3.25,-0.5,2.5,2.5243987832584267,7.389850403372309,3,115.8233094,-56.3426916,268.824209,-15.5983222,True
0.4901656698359397,2.75,-0.5,2.25,0.826807278261471,10.09461447999324,3,104.5738239,-58.69187,268.8429823,-22.0706849,False
23.436325859860816,2.75,-0.5,2.25,28.28622466837685,78.31702597729773,4,172.868486,-5.0150785,268.9194567,52.4949894,False
7.931849266524572,3.0,-0.5,2.5,11.711025049815614,37.09760084983121,3,92.0008199,-60.5215233,269.5160352,-28.6500312,True
3.2535079100299438,2.5,-0.45,2.25,4.605449767758681,41.7312971766852,3,83.6574944,-61.1110188,270.0892008,-32.7282692,False
24.41885805377572,4.0,-0.5,3.25,34.29812241986235,67.57571008905262,4,173.9984967,-4.4669383,270.1009631,53.5262044,False
12.711074299229216,4.0,-0.5,3.25,16.50575668401031,28.099596841581565,4,156.0096267,-32.5539069,270.2008177,20.7886813,True
27.844345408558446,2.5,-0.5,2.25,34.71174802346277,108.07238380062964,4,169.5929841,-12.5385547,270.2973069,44.3564143,False
1.6363693058844082,2.25,-0.5,2.0,2.3634049342032366,24.84531875291099,3,159.4269535,-28.3998911,270.3392665,25.8784066,False
1.8131942727766832,2.25,-0.4,2.0,3.032343994603421,96.62217908967622,3,76.7153058,-61.1576947,270.5429809,-36.0574351,False
141.9859739628517,3.25,-0.5,2.75,200.84226478564972,496.3756628809852,5,159.3018706,-29.5705796,270.9417931,24.8362728,False
10.937004875079285,3.5,-0.5,2.75,21.234043613784625,94.01254432840675,4,79.2169353,-62.1083015,271.4956425,-34.748654,False
0.8005132950616543,2.75,-0.5,2.25,1.3103732323921244,24.588516792031193,3,24.0033833,-40.7326586,271.721925,-73.5823598,False
3.8706715089843016,2.5,-0.5,2.25,5.525575897224232,33.732829343361274,3,164.3576203,-23.6936592,271.8395067,32.2056748,False
3.2549522528661,2.75,-0.5,2.25,5.061776495148294,39.171213558814756,3,131.2413584,-54.961671,272.3035123,-7.4961992,True
96.77194741445456,2.75,-0.5,2.25,126.39180071997788,471.6214473787283,4,43.3850222,-54.7125762,272.5042227,-54.5946535,False
2.4903018610178362,2.0,-0.5,2.0,7.993034289647847,58.77376386508558,3,177.6669905,-0.397494,272.5065378,58.8371205,False
0.7475126628416102,2.5,-0.5,2.0,1.5688801183695897,18.557568490912754,3,131.4514928,-55.9293113,273.1482743,-7.9960761,True
25.62773828536301,3.25,-0.5,2.75,36.01124643039373,92.94018114739436,4,95.8103079,-64.6057425,274.3130005,-27.3074044,True
116.95622175444687,2.75,-0.5,2.25,150.47659417320446,496.7405790355761,5,172.5334554,-14.8287752,275.2883792,43.6359487,False
29.16467811980332,3.75,-0.5,3.0,41.33064241096556,88.06844405031163,4,133.1482041,-57.9431982,275.3234766,-8.5233852,True
1.537405193325991,2.25,-0.45,2.0,2.6138688908248606,72.97377764187377,3,159.2091723,-37.7510883,275.5252463,17.8551416,False
57.720694214520755,3.75,-0.5,3.0,61.67670578316839,76.25698435699819,5,128.8520568,-59.8959654,275.5432401,-11.4694357,True
216.7203790095241,3.25,-0.5,2.75,290.65907280772933,617.2296338291087,5,32.7100164,-51.0159049,276.0820314,-61.7720877,False
1.4863642377969473,2.5,-0.5,2.0,2.3547248653810353,19.710713688539474,3,153.7048593,-45.1502711,276.0999553,9.4069126,True
1.8860328301966711,2.5,-0.5,2.0,3.414403496492481,33.303475057654104,3,18.3554783,-35.8602111,276.1088216,-80.0947299,False
9.10191920990027,2.5,-0.5,2.25,11.535427998877259,54.95522585641056,3,136.2481787,-57.5916873,276.131217,-7.0346726,True
1.867004064197769,2.75,-0.5,2.25,2.6035295883729397,19.879372390817363,3,176.944521,-7.4156099,276.6121866,52.1728246,False
165.34164850577395,3.5,-0.5,2.75,218.34870495869038,430.3762937111091,5,171.7461515,-18.957625,276.7019284,39.5740509,False
0.2999922327338389,2.5,-0.45,2.25,0.9305810822282224,32.13516580976278,3,130.6104676,-60.9081292,276.8991547,-11.3597703,True
0.49389252043542464,2.0,-0.45,2.0,2.478355115923731,41.223802854681864,3,174.7831288,-13.8468164,277.5113405,45.4260485,False
24.11409521185875,4.25,-0.5,3.25,33.623256561856365,69.37952601110914,4,101.1096346,-67.21091,277.5254869,-25.5256317,True
26.057309988351882,3.5,-0.5,2.75,35.193795801021544,86.08850812716537,4,151.556493,-50.3159601,277.9271138,4.3594153,True
21.508544093344007,2.75,-0.5,2.25,27.7623939262354,113.46325910105118,4,47.5063567,-60.9745583,278.1033875,-48.9346255,False
2.33800014593293,3.25,-0.5,2.5,3.318669382457921,10.954331106342082,3,186.2765483,12.8910176,278.2355779,74.4861659,False
14.31290971657402,3.0,-0.5,2.5,19.729688360420603,69.68672461606943,4,178.0845028,-8.6872093,279.0833468,51.4271468,False
1.0044622112472967,2.0,-0.5,2.0,8.7716939028052,100.38483241662219,3,115.8771214,-67.4228778,279.4547153,-20.1252032,True
5.643230545483624,2.75,-0.5,2.25,6.789438831271616,20.29462968084939,3,108.7358556,-68.4877244,279.585513,-23.004665,True
91.50809995877924,3.0,-0.5,2.5,110.00004854309275,244.53429202333723,5,45.9421346,-62.1979637,280.2461875,-48.6907992,False
0.3192241752522825,2.25,-0.4,2.0,0.5325537098154223,17.537808010607662,3,181.9412554,-1.0826408,280.7500057,59.8948551,False
36.151333453813805,3.5,-0.5,2.75,48.11029988315927,96.95333076515773,4,90.3004036,-70.5813143,281.0108461,-29.6292472,True
0.004062834005484235,2.25,-0.15000000000000008,2.25,0.32519310365794846,22.89119062445522,3,180.6334613,-5.4418007,281.1679245,55.3499273,False
2.0371212757687043,3.0,-0.5,2.5,2.6446991414788155,9.012846217037085,3,116.0494225,-69.3234481,281.3571636,-20.7878187,True
3.3006491001477833,2.25,-0.5,2.0,4.530546952174799,27.600562097628327,3,160.4351335,-47.6875661,281.4515323,9.7018207,True
8.747622973923958,2.25,-0.5,2.0,13.082208857740351,112.38053897152712,3,184.8447682,5.8213696,281.8030349,67.3685736,False
11.819869644291455,4.25,-0.5,3.25,18.40711609821734,42.776080407382736,4,70.2703889,-69.8838019,281.8385114,-36.3723437,True
0.017365863785353455,2.5,-0.5,2.0,0.2572882600622955,12.543215328798626,3,178.9051333,-12.2779112,282.1734224,48.3312496,False
1.1155901028687296,2.75,-0.45,2.25,2.62421847280582,34.913266716353164,3,165.5251032,-44.0680367,283.0042379,14.5322625,True
6.7881921422458715,3.75,-0.5,3.0,14.537594731048477,55.395020100704436,4,39.2105872,-61.6013683,283.199701,-51.2980435,False
0.16334169335981777,2.0,-0.30000000000000004,2.0,0.7517446470254322,19.87589472548897,3,45.9887328,-64.9873035,283.2226837,-46.7483163,False
1349.6096310835273,2.75,-0.5,2.25,1756.4131870679257,5082.414302175061,6,187.7033854,12.3795842,283.7817663,74.4794016,False
23.978477853303673,3.25,-0.5,2.75,34.64074158894464,95.88413490308011,4,82.3864566,-72.7521011,283.8429786,-31.8554088,True
95.73066508372052,2.75,-0.5,2.25,130.0829786304069,506.55067458213176,5,166.7972777,-44.8091808,284.1741613,14.2322029,True
26.985317426776035,3.25,-0.5,2.75,43.44122094917933,134.22582951778287,4,185.5888274,4.2236275,284.8052943,66.0665682,False
5.015910003517596,2.25,-0.5,2.0,6.96335482350354,48.52987245309785,3,185.051705,2.0697699,284.9916957,63.8483515,False
0.9475656317620387,3.0,-0.45,2.5,1.4631913511520027,10.442768407992823,3,171.6877369,-38.5114257,285.25748,21.4363887,False
23.1194978530281,6.75,-0.5,5.0,32.726059419601945,61.87083587780016,5,184.4962422,-0.4932121,285.3421834,61.2308643,False
1.4958604108720932,2.75,-0.5,2.25,2.003165988698722,10.46203598167951,3,180.882834,-13.4207074,285.4388075,47.8172475,False
7.847926722769465,3.75,-0.5,3.0,11.513682673239089,25.197750591876236,4,176.616254,-28.9716379,286.201328,31.780514,False
636.3738923023818,2.75,-0.5,2.25,825.6764838291624,2879.88560992274,5,98.944633,-75.2729052,286.370133,-27.1583003,True
2.7660928231812107,2.75,-0.5,2.5,3.4542819066727075,9.691460175212075,3,133.8896107,-71.8165157,286.7066098,-16.8607012,True
5.160580131069464,2.5,-0.5,2.0,9.483764613703242,95.66265016912122,3,169.6193403,-46.5521662,286.7361615,13.3755844,True
0.23962208971756907,2.25,-0.35000000000000003,2.0,0.5211786971603143,33.112199967763516,3,33.5454414,-61.8255877,286.970051,-52.6627689,False
0.15443703990454902,3.5,-0.5,2.75,0.3852101206134382,5.699020242006707,3,179.840136,-21.6824948,287.1694297,39.5899693,False
3.4780793527974545,2.75,-0.5,2.25,5.3272730088864915,55.80971024007715,3,165.9608262,-53.9541462,287.41565,5.6443991,True
2.8938321779956557,3.0,-0.5,2.5,3.9852360320177893,17.543955764703817,3,23.2774619,-52.0206651,288.2774565,-63.9056739,False
3.2575014669767315,2.5,-0.5,2.0,3.933938382098571,15.844331224999305,3,185.4492039,-3.9541264,288.8379447,58.1042063,False
1.1737966349069358,2.25,-0.5,2.0,2.0182793009314364,27.36091319707057,3,155.8794329,-66.7843729,289.0784744,-7.9787386,True
1.1499276126122977,2.75,-0.5,2.25,1.6858540384138685,19.429193634587385,3,113.5904851,-77.1706535,289.1081936,-24.066958,True
173.8938387979813,3.0,-0.5,2.5,238.64781732962922,745.8804770088246,5,176.7511733,-38.2004332,289.2351859,22.9515784,True
4161.133347166118,3.0,-0.5,2.5,5385.97875158045,10299.919135644303,6,187.294614,2.0506325,289.9894835,64.3615898,False
1.213885389503626,2.25,-0.5,2.0,2.328636746709328,38.504908693656404,3,94.7301699,-78.7363199,290.2638849,-28.1500799,True
4.228186421316359,2.5,-0.5,2.25,6.145265523732372,41.21245163479834,3,181.3926659,-26.5672634,290.3666313,35.1828609,False
1.9937886169189238,2.5,-0.5,2.25,3.2791564364810437,26.976576800536126,3,21.257134,-51.2209515,290.393227,-65.0817341,False
23.603070170980004,3.25,-0.5,2.5,28.32366834546861,50.05725612638141,4,182.2469244,-24.1007556,290.6550913,37.7569358,False
8.869651661598763,2.25,-0.45,2.0,11.475005448882046,98.89225318242663,3,16.6664067,-40.5612135,290.7204673,-76.2038876,False
3.752111642295607,2.25,-0.45,2.0,6.034462219127386,149.4128761774,3,183.9693756,-17.5165602,291.0012144,44.5298416,False
1.573207496878207,3.0,-0.5,2.5,2.115426978808259,8.455608096919129,3,181.8882851,-27.0851536,291.0277852,34.7701378,False
0.672421331516798,2.5,-0.5,2.25,1.8421128717535715,35.34705991750511,3,176.4241112,-48.5775773,291.8613017,12.8759502,True
2.1043053156721983,2.5,-0.5,2.25,2.8568968989443104,14.027914638200741,3,187.9866324,-2.4243751,293.1365866,60.0761542,False
0.8479934942296892,3.0,-0.5,2.5,1.5643522976610842,15.902291878180632,3,145.6498392,-77.5040949,293.3032716,-18.3226817,True
21.827666800530427,2.5,-0.5,2.0,28.88687352513984,176.95760723626736,4,48.0109766,-76.872759,293.4399372,-37.541461,True
4.7134800293654715,2.5,-0.5,2.0,5.914985801984327,21.551152373627644,3,166.8133053,-68.3431223,293.527269,-7.3947883,True
207.20015023116707,3.0,-0.5,2.5,258.24613721649814,684.0611618422566,5,72.5120076,-81.0307055,293.8659888,-31.3666242,True
35.01046010014458,4.75,-0.5,3.75,51.60517015712971,98.71733440235096,5,189.8453182,7.5169803,294.0870991,70.1814072,False
8.615485026327988,3.75,-0.5,3.0,12.97312500898202,30.26993680561738,4,189.8818382,4.7143953,295.1875071,67.406877,False
0.004197114474783426,2.0,0.1499999999999999,2.0,0.30613788612398557,23.40250719051966,3,181.8648997,-47.5864771,295.292106,14.6318456,False
0.5462896222000899,3.0,-0.5,2.5,0.9865852816011218,12.028146103162511,3,45.8285608,-79.2505001,295.728102,-35.9619151,False
16.29486926427689,2.75,-0.5,2.25,20.39808806004146,55.7864374338626,3,174.0385069,-68.4403411,296.078171,-6.5761674,True
32.464520500209886,3.0,-0.5,2.25,45.63480796985991,196.8919587373643,4,176.910771,-67.8888559,296.965136,-5.7591978,True
5.881749309119742,2.5,-0.5,2.25,7.657887458389014,29.90313521969596,3,37.4702959,-78.7857155,297.0957783,-37.2028028,False
44.646282086536715,3.0,-0.5,2.5,59.89786449781278,166.4719177959012,4,176.4531177,-69.8907159,297.3078184,-7.7387827,True
194.32538188793725,3.25,-0.5,2.5,260.41248019808734,641.5896424199731,5,164.7157807,-80.0673982,298.0163036,-18.2875305,True
0.3051150444406543,2.25,-0.5,2.0,0.7465921620824975,21.45326721460147,3,189.9301701,-10.4241337,298.2132607,52.3402304,False
2.4731869529699466,3.5,-0.5,2.75,3.246418742385228,9.005749037404618,3,42.975597,-82.4472303,298.3911586,-33.5879341,False
1.8012767244665469,2.75,-0.45,2.5,2.782129498839983,16.729974163563142,3,186.8474396,-44.620945,298.4351158,18.0407319,False
2.6661656646084664,2.75,-0.5,2.25,3.379529980495362,15.65987593750633,3,186.701454,-45.9566717,298.4663789,16.7013954,False
2.314768592948732,2.75,-0.45,2.5,3.661838159775766,23.301634592323197,3,142.6559025,-85.5741156,299.2034934,-24.2465942,True
2.0196447309981616,2.25,-0.5,2.0,2.481925254839055,12.749244315705246,3,17.5945633,-63.2382616,299.3272673,-53.7572273,False
13.764675862868803,2.75,-0.5,2.25,19.726153329948865,86.72546164459177,4,191.5216118,-7.4911923,300.5981247,55.3563061,False
0.08767526423348257,3.25,-0.5,2.75,0.5408849191909549,9.930443102844738,3,15.9229788,-64.6486881,300.7812567,-52.4283612,False
77.39501870002118,3.0,-0.5,2.25,91.6324993505907,200.2314341014655,5,14.6708618,-56.972268,300.9496056,-60.1280857,False
0.005533625648035437,3.0,-0.5,2.5,0.11868333946059456,8.98341318962963,3,191.4941338,-16.2713826,301.0248913,46.5801441,False
1.1634677579234376,2.25,-0.5,2.0,1.6324147280411978,17.93550563743404,3,192.0840089,-6.5442768,301.5426015,56.3191054,False
132.15725413619072,3.75,-0.5,3.0,185.8141882653278,382.56641701741114,6,191.6868506,-25.8132246,301.6093035,37.0464795,True
0.5745739625498127,2.25,-0.45,2.0,0.8517552607447092,14.289135541028294,3,192.6064123,13.7115064,301.8724486,76.581174,False
0.5483489715547656,2.5,-0.45,2.25,1.475640904273267,39.56968900118652,3,15.5866074,-75.7688238,302.039273,-41.3405139,False
2.434930496185376,2.5,-0.5,2.25,3.393862839548704,18.689180209383736,3,192.1047079,-46.006493,302.3841282,16.8620458,False
7.122814029604619,2.5,-0.5,2.0,8.53572047781892,26.02093655611722,3,192.8166901,-17.2830236,302.8735353,45.588707,False
3.1231900982529317,2.5,-0.5,2.0,4.164957605393112,20.537738518737463,3,12.8040143,-42.4443828,303.0868722,-74.6838004,False
18.755633562567546,5.75,-0.5,4.25,23.63974850631207,39.50712391323215,4,11.1548012,-84.3597829,303.1311304,-32.7658294,True
0.7908757576647324,2.5,-0.5,2.25,1.499423992711945,19.10644682232386,3,193.7059555,-71.6520153,303.201532,-8.7820378,True
32.73861696375076,3.0,-0.5,2.5,41.571145300623776,92.84039568624934,4,12.5309996,-57.664217,303.2777188,-59.4631508,False
100.06249882657758,4.25,-0.5,3.25,141.12780089218467,271.10410192217176,6,12.3172326,-44.9590498,304.1847184,-72.1639238,False
7.071482956514731,2.25,-0.5,2.0,8.826296296565546,45.419255691896545,3,194.4956866,-31.9169616,304.5510631,30.9342118,False
5781.213277847628,3.75,-0.5,3.0,7493.684213428494,12720.38269564584,6,194.0484464,-5.78628,305.1080238,57.065374,False
23.543476000504164,3.0,-0.5,2.5,28.975916784616203,62.30849827532096,4,194.7424481,-22.3229784,305.2233287,40.515259,True
1.9227813203073771,3.0,-0.5,2.5,2.657353471812333,12.218701424263223,3,194.8009665,-23.1628477,305.2512043,39.6739277,False
3.1364550086908602,3.25,-0.5,2.5,3.9292471855755373,10.902830633704236,3,194.6750158,-17.995893,305.3674662,44.8415117,False
1.0487104372804188,2.5,-0.5,2.25,1.6945471221936181,13.622798392285107,3,196.7956199,-50.3321081,305.5039587,12.460997,True
1.7185727168153155,2.5,-0.4,2.25,2.750417278589866,41.00532466042911,3,193.6734248,11.690715,305.9239573,74.5435475,False
18.293459896240897,3.75,-0.5,2.75,24.32496732585897,46.33813676808418,4,202.5333063,-70.054184,306.2459804,-7.4318128,True
0.19277422091443666,2.5,-0.4,2.25,0.37073059934280983,9.856883791382154,3,11.5887623,-42.127343,306.5670714,-74.9650118,False
1.8806464257145254,2.25,-0.45,2.0,2.5278668100860973,25.877214133857795,3,330.644738,-83.6291217,307.9623544,-31.756474,True
1.1333352974244706,2.75,-0.5,2.25,1.587999321367651,14.209028576245643,3,237.8169671,-82.9614334,308.2919515,-22.0475172,True
15.473468961856572,3.0,-0.5,2.5,21.603726477325793,84.91933585092698,3,201.7304421,-52.9557591,308.3374532,9.5431652,True
8.193370184531688,3.5,-0.5,2.75,13.480363450364045,40.700924052289764,4,196.3825208,-10.567239,308.5817472,52.1498529,False
10.690298485830835,3.0,-0.5,2.5,13.932854180093667,46.62022459450859,3,200.298138,-43.6930265,308.6086093,18.8505161,True
20.62114558754019,2.75,-0.5,2.25,29.401901415369522,116.12726815457718,4,199.0146957,-33.6577211,308.7849428,28.9340624,False
2.442114905904713,2.25,-0.5,2.0,3.040842025412064,17.421404428630563,3,196.1778088,-3.7612647,309.3605092,58.9447092,False
5.788903071980506,2.5,-0.5,2.0,6.785370918591519,18.12626802422855,3,197.1504436,-9.8658099,309.9306196,52.7725442,False
0.8654516278186866,3.25,-0.5,2.75,1.352468620253166,6.119116477436315,3,11.3006189,-37.1066294,310.0631513,-79.935132,False
2.084486959098399,3.0,-0.5,2.5,2.9976347464669244,14.798243026775554,3,337.4780104,-79.1182814,310.6760103,-35.7866691,True
4.898565013748863,2.25,-0.5,2.0,6.98454877561952,63.62005004927545,3,318.9753031,-80.8934727,311.6248,-32.2260833,True
1.9916684902792712,2.5,-0.5,2.0,2.549670370900728,10.74909518470388,3,4.8456191,-56.7206264,311.6949548,-59.8589105,False
3.6650934266019686,3.0,-0.5,2.5,4.491702245642316,11.493767188644469,3,271.689637,-80.7201992,312.9826208,-24.9744801,True
57.06201532123622,3.0,-0.5,2.5,72.8230274118983,189.19019318648054,4,244.5342672,-77.2822895,313.4477851,-18.8624108,True
36.239184090577886,2.5,-0.5,2.0,40.519757226486405,72.44908831372109,4,204.1744492,-33.9659318,313.5491612,27.9709985,False
5.979691015221098,2.75,-0.5,2.25,8.031425006812668,33.70103279627492,3,326.6375747,-77.9418221,313.5516306,-35.0686012,True
1.5782757050182576,2.5,-0.5,2.0,2.331412168599689,27.025227063952315,3,263.4926004,-79.5948491,313.6213768,-23.2773112,True
3.763847298123964,2.75,-0.5,2.25,4.974181467537882,22.809790682177603,3,288.1369342,-80.1539222,314.0095415,-27.5980368,True
1.1598532874902518,2.0,-0.5,2.0,3.368703770867419,30.869686528214096,3,359.7472132,-60.9155327,314.0356255,-55.0676151,False
5.969671169386441,2.75,-0.5,2.25,7.656713469417767,30.057463073896265,3,208.2432842,-44.1943335,314.4229992,17.3001067,False
23.87026873083619,3.0,-0.5,2.5,29.37482450249498,61.79138241035776,4,251.0469407,-77.2676743,314.4254793,-19.9605024,True
1.3479559715038913,2.75,-0.5,2.25,1.9837348258525966,10.261824284291883,3,316.3493963,-78.4188771,314.4533047,-33.0444017,True
1.1937952015036115,2.75,-0.5,2.25,1.7965443418707512,18.146542409773247,3,329.5242092,-75.8623814,315.0298481,-36.8903223,False
4.729397378867967,2.25,-0.5,2.0,5.9205751548173975,28.96276914564079,3,243.0947611,-74.3772711,315.4072193,-16.6086266,False
3.3246807535949445,3.0,-0.5,2.5,4.510120091216606,18.503243878863312,3,200.6317744,-9.6167746,315.5808994,52.4897717,False
225.41565950937178,3.0,-0.5,2.25,278.19947145796294,801.5088216110419,5,326.7814569,-75.61238,315.7996844,-36.5187629,True
5.89088957601377,2.75,-0.5,2.25,7.04827071490911,23.179238309335656,3,201.0842328,-10.8340813,315.8920954,51.2079183,False
1.3519009807613647,2.75,-0.5,2.25,2.146765619525887,14.55763446200685,3,204.7667752,-24.0441186,316.6812014,37.5527137,False
6.530085797196203,2.75,-0.5,2.25,8.70241793804835,44.12068081029937,3,345.9759991,-68.1357406,316.9495781,-45.9558617,False
1.087839035806985,2.5,-0.4,2.25,1.63577499341274,27.488396027179945,3,7.5695447,-42.4132555,317.3346759,-74.1181172,False
2.800672646898255,3.0,-0.5,2.5,3.9738926757829742,18.491661434091426,3,215.4064741,-48.351443,318.0243866,11.8596968,True
25.41881682113616,2.5,-0.5,2.0,32.66002681229899,147.06075715641722,3,216.1095632,-49.2269695,318.1509731,10.8769998,True
7.702348004455542,4.0,-0.5,3.0,11.37827873566197,23.812622156159335,4,207.9193413,-29.2321501,318.4088619,31.822741,False
1.1311531317512395,2.75,-0.5,2.25,1.8736777900163732,19.832508774201482,3,205.4981283,-20.8481956,318.5279851,40.4875677,False
14.770237395214387,3.5,-0.5,2.75,18.842484628432498,33.96078847846473,4,337.176891,-69.164051,319.4403027,-43.1016903,False
17.225262383409422,3.5,-0.5,2.5,20.248903270073804,33.569449365664305,4,197.4065973,11.8926813,319.4625026,74.1777979,False
443.9512180819728,3.25,-0.5,2.75,610.5610983368166,1390.3233712706344,6,204.4067489,-12.9471992,320.0151668,48.3865172,False
120.54938314705913,3.5,-0.5,3.0,159.1143491194865,304.2854600298866,6,359.4928836,-53.1972385,320.1515274,-62.1069943,False
1.252907811182125,2.75,-0.45,2.25,2.1303662855506653,17.335985715578683,3,206.0668821,-17.3906319,320.476635,43.6740394,False
0.009975849359174543,2.5,-0.5,2.0,0.4262554541754713,21.09421641168331,3,237.121079,-64.045537,320.8774719,-7.5298705,True
141.79149553879495,3.5,-0.5,3.0,201.76323147110537,420.332179731949,5,329.2846426,-69.6816397,321.3226673,-40.6548074,False
78.99146942992562,3.25,-0.5,2.5,107.41379827722966,242.0754574859688,5,203.0011488,-5.1608861,321.3345827,56.2545561,False
3.2784125475833847,2.75,-0.5,2.25,4.186851182164048,16.54862337141655,3,239.6718107,-64.5242075,321.4247826,-8.6069635,True
123.37379765803378,3.5,-0.5,2.75,187.5576190640544,541.4351234746802,5,216.9719878,-42.0998621,321.4405045,17.2792645,True
4.100306939067539,2.5,-0.5,2.0,5.457083112560422,29.18301249630918,3,214.7676663,-35.1204399,322.5115702,24.3974293,False
6.03458143065235,2.0,-0.5,2.0,10.460918960828582,72.63441827939896,3,279.3612923,-71.1377733,323.6939502,-24.4526186,False
11.237803344174644,4.0,-0.5,3.25,18.213224687569742,44.449282580390005,4,1.1260015,-47.6049139,323.9825428,-67.5594171,False
2.631285234580143,3.25,-0.5,2.5,3.428116279895156,12.406806532089124,3,207.3637319,-11.562112,324.8157737,48.828842,False
0.6861738842558447,2.5,-0.5,2.0,1.2339055667421257,25.44150550847645,3,251.8764331,-64.6711888,324.9965365,-12.4827582,True
147.12234982147237,3.75,-0.5,3.0,209.57193502978106,418.5386328119244,5,216.9220459,-33.0854832,325.1904008,25.592436,True
2.886494694875504,2.25,-0.5,2.0,3.6082956883442394,19.56245261664479,3,243.7879689,-60.9253447,325.2841076,-7.2345113,True
8.96739343093125,2.75,-0.5,2.25,10.47540728835785,24.180522502034783,3,209.2828807,-15.4841067,325.3919148,44.5037788,False
4.372184089712034,2.25,-0.5,2.0,5.7042914881074775,37.368583506565834,3,247.1792666,-61.8707238,325.7493092,-9.0555416,True
0.006973323007622561,2.25,-0.20000000000000007,2.0,0.2789955391919067,16.524661879546628,3,337.8059395,-62.5292418,326.1556495,-47.7868868,False
4.994292525732453,2.5,-0.5,2.25,6.859873329326693,30.940727562166014,3,308.900741,-68.7536284,326.2059906,-34.5120844,False
7.888607340352236,3.5,-0.5,3.0,11.554690649803916,32.7061936822618,4,203.2083016,2.0122264,326.2231331,62.9967814,False
4.865765225629477,2.75,-0.5,2.25,6.998084611053361,49.03779261637382,3,228.6452527,-47.8202064,326.3192202,8.4454753,True
4.433277974968249,2.25,-0.5,2.0,6.110883701022614,42.65417192354144,3,354.084118,-52.6155265,326.6383669,-60.9182153,False
0.44988901648053875,2.25,-0.5,2.0,1.1759801395540337,29.634393434739636,3,353.6941647,-52.8676381,326.7222743,-60.5752677,False
9.007280630837784,4.5,-0.5,3.5,12.317663999137755,23.231331100591586,4,357.3568849,-49.5401095,326.7978351,-64.6160945,False
97.36442689253721,2.75,-0.5,2.25,105.02736061793607,180.72570697232797,6,260.9185095,-65.0131637,326.9651222,-15.8330677,True
45.71554751808213,2.5,-0.5,2.25,61.192298279330856,254.20016163295753,4,244.3215654,-58.798865,326.9715971,-5.8990838,True
1.228031259654557,2.75,-0.5,2.25,1.8696431800722166,17.030210648549676,3,223.6169183,-40.2123992,327.0129897,16.8371581,False
3.4140386690814504,2.75,-0.5,2.25,5.313784262909518,46.265016851233355,3,208.6820514,-10.6843227,327.1345609,49.1902663,False
12.659645797151867,4.25,-0.5,3.25,17.803457641137797,34.77861400407433,4,285.75448,-67.8348967,327.7300456,-26.0557346,True
2.1302428213409765,3.0,-0.5,2.5,2.792991521021647,9.849662190502452,3,227.3963847,-43.6554919,327.7706119,12.4538253,True
2.6831569170996956,3.25,-0.5,2.75,3.4460613993791043,8.664405303195762,3,229.1892273,-45.6421022,327.8108763,10.0934863,True
2.44379184750374,2.75,-0.5,2.25,3.115328980399952,14.248699438265175,3,220.3460152,-33.0490936,328.070417,24.4002918,False
175.8622491895219,3.0,-0.5,2.5,204.130114724191,425.0701669651056,6,255.896172,-62.1983598,328.1255718,-12.4233553,True
91.21548479442805,3.5,-0.5,2.75,111.8781871087939,194.85857320508123,5,223.6055918,-37.7751018,328.2300374,18.9818192,True
7.021591376165945,2.75,-0.5,2.25,9.530267406722748,46.44362303941847,3,270.8273592,-65.1285359,328.8241249,-19.6128754,False
13.497750691721999,4.5,-0.5,3.5,17.86217030590928,31.269215423673288,4,359.5119261,-45.9071802,328.8542772,-68.4409934,False
7.069872365493996,2.5,-0.5,2.0,9.371325433449414,41.46550493954166,3,260.3542263,-61.9298481,329.5499257,-14.0075328,False
15.260914688566254,3.25,-0.5,2.5,22.327343494334404,67.31628179452485,4,224.360767,-35.6462861,329.8970898,20.5429507,True
7.010861985880764,2.25,-0.5,2.0,8.646507323218986,39.38734848577215,3,274.9206085,-63.7580717,330.860231,-20.7711573,False
1.2748047784518486,3.0,-0.5,2.5,1.8927834926343199,10.285103562890228,3,214.728387,-15.9423893,331.7370602,41.984592,False
35.38527427953058,2.75,-0.5,2.25,47.52100157026014,151.4865643007638,4,339.780946,-57.0181128,331.8162939,-52.0419189,False
2.567574601852498,2.75,-0.5,2.25,3.5258643704848334,17.82957489761829,3,341.6015071,-56.1588152,331.8934533,-53.3613828,False
79.76428926799817,3.75,-0.5,3.0,104.87389902099585,183.50088601591352,5,352.3417522,-49.9265162,331.9890188,-62.3167245,False
1.54356835273187,2.25,-0.4,2.0,2.182317795827783,30.717903491598797,3,3.237387,-39.9180588,332.4636426,-74.9249253,False
1.064174911805837,2.5,-0.5,2.0,2.2282571717133215,29.86117804407676,3,228.6411297,-36.2790409,332.6778579,18.1934113,True
4.165239406104407,2.25,-0.4,2.0,5.550181279862457,62.04104582843357,3,255.4327615,-56.3559707,332.7717732,-8.7709336,True
3.8669028331808546,2.75,-0.5,2.25,4.709258576629318,11.631790392766455,3,208.5550286,-2.0727174,332.7933931,57.1137675,False
0.03401438713647844,3.25,-0.5,2.5,0.25189082754266956,7.502854798496334,3,219.5226958,-22.105024,333.1982745,34.4228361,False
0.007889808113475814,2.0,0.3999999999999998,2.25,0.09304991093362458,14.42885908611515,3,211.5268224,-7.1133685,333.4464822,51.2800557,False
0.9022157563056945,2.5,-0.5,2.0,1.5603878562664315,13.663242218141407,3,259.3153229,-57.0155897,333.478889,-10.8911514,True
10.776340056909987,3.0,-0.5,2.5,13.606629793487917,40.09521659066596,3,212.2517442,-7.8626401,333.9126015,50.2844937,False
3.171824112131745,2.5,-0.5,2.0,3.908865922363577,14.682669564579863,3,295.3837205,-62.2006526,334.4936023,-29.5620557,False
13.397858908925013,4.0,-0.5,3.25,22.919320045192002,59.164368294604955,4,348.9352172,-50.3180853,334.6603845,-60.5028215,False
1.6666581865467598,2.25,-0.45,2.0,2.055538258295682,12.065098186636215,3,6.5671193,-35.2127133,335.0088506,-80.2924501,False
2.2585004860174096,2.75,-0.5,2.25,2.9301592324713095,14.740137891013903,3,264.3712648,-56.5402178,335.3865838,-12.9917334,True
49.03734873513823,3.0,-0.5,2.5,67.96068024345801,180.48575646402549,4,352.3420813,-47.4998949,335.7159832,-64.0679627,False
4.566922452046923,3.0,-0.5,2.5,5.637497180770346,14.898870954519506,3,278.6148871,-58.9468942,336.3421352,-20.8950738,False
10.225073079485181,9.75,-0.5,6.5,14.454725792663773,27.137892894417014,3,228.4764939,-29.346856,336.6968817,24.0273948,True
1.2487572609005628,2.75,-0.5,2.25,1.8712117414192464,12.331035172632907,3,277.2847412,-58.2182434,336.8390396,-20.0035338,False
1.451862631112502,2.75,-0.5,2.25,2.061894421868542,10.10076288549483,3,220.0079168,-15.5055932,337.8908233,39.8823668,True
0.5159857328585848,2.75,-0.5,2.25,0.9132405128267942,11.563430246037914,3,206.4558107,7.1073722,338.2140277,66.1799793,False
3.550945083755303,2.5,-0.5,2.25,4.717549450780192,22.993175059270257,3,330.2331388,-55.3678232,338.3284318,-48.3605828,False
3.1708710979122876,2.75,-0.5,2.25,4.250766828733992,21.646574896517834,3,209.8358234,2.0034188,338.7220951,60.0690895,False
4.3324488982823155,3.0,-0.5,2.5,5.241261967801902,12.277637611764163,3,221.4971259,-16.4905882,338.7668176,38.2832563,False
15.2701501053292,2.5,-0.5,2.25,20.487866277655858,84.1398403617803,4,331.9636403,-53.7784768,339.881885,-49.9416373,False
314.4864796882622,4.25,-0.5,3.25,434.77927362129526,797.5078218155309,6,229.413013,-24.3969056,340.6546518,27.5642373,True
11.22497260539893,3.5,-0.5,2.75,16.64822037186825,41.92261812591181,4,276.3061207,-52.5209686,342.2551413,-17.4608223,True
7.845321505586007,2.25,-0.5,2.0,9.297795044612696,36.453415651440004,3,296.3294147,-55.3146619,342.4303244,-29.5329606,False
5.133724705889548,3.0,-0.5,2.5,7.614179783292836,39.94445983955945,3,212.513581,2.0552372,343.1692531,58.644083,False
1.327699878609276,2.0,-0.35000000000000003,2.0,2.3073956473727764,25.165408747091114,3,347.1957665,-45.9685881,343.2919212,-62.300699,False
4.723774548638723,2.5,-0.5,2.25,5.911925820422793,18.40951967662522,3,272.0743894,-50.1799946,343.3681043,-14.0976114,True
13.243836581912543,3.25,-0.5,2.5,17.440596248070484,36.24639321549244,4,226.7911769,-16.8904039,343.649587,35.0359202,True
0.2914640260878031,3.0,-0.45,2.5,0.6058370962238858,9.705896608138328,3,269.7771852,-48.3514107,344.3555745,-11.9379291,True
15.980337786569809,2.75,-0.5,2.25,23.60196717901301,120.50004255378526,4,338.7900659,-48.5962081,344.5014959,-56.0570671,False
13.380240708223223,3.0,-0.5,2.5,17.447789054789425,43.099226418396555,4,354.1633043,-41.2703522,345.4876924,-69.1306142,False
0.23758144721617774,2.25,-0.45,2.0,0.4164363914541971,14.141049617776158,3,353.0469211,-41.2890967,346.8021864,-68.4392438,False
5.006226970738933,3.75,-0.5,3.0,8.633947879999063,23.54018760568304,4,206.8905237,12.2972148,347.2399276,70.1763531,False
105.46973208317928,3.5,-0.5,2.75,142.01086763162755,337.648936811213,5,272.477668,-45.8974828,347.4451068,-12.4638184,True
2.4803363585197653,3.0,-0.5,2.5,4.346967167154208,40.69860071540388,3,238.3726411,-24.3694844,347.5623891,22.3300831,True
4.618989252196159,2.5,-0.45,2.25,5.930656368739264,32.12268154462704,3,352.1040671,-40.5793316,349.4684689,-68.2331926,False
1.131234476346263,2.25,-0.4,2.0,1.551322272733324,21.137330390394123,3,269.3273181,-41.8492008,350.0207386,-8.5744349,True
5.16960416464422,3.0,-0.5,2.5,6.699256865769251,22.76297289992967,3,277.5218051,-44.6990304,350.0975481,-15.1817632,False
15.204252661895701,3.0,-0.5,2.25,21.113111939115708,74.99882057922643,4,302.3389118,-48.8264832,350.377917,-32.589225,False
8.866287624175552,3.0,-0.5,2.5,14.58233846414431,90.2192059413316,4,228.430213,-10.1894024,350.5486559,39.1854468,True
157.90163013951803,3.25,-0.5,2.75,238.13083867545333,686.0104092357859,5,228.2090144,-9.101897,351.2860705,40.1383298,True
0.2712200681471695,3.0,-0.5,2.5,0.533313517144002,7.84780073769162,3,237.8128174,-17.8883736,352.1277523,27.3431967,True
0.06104394781522191,2.75,-0.5,2.25,0.2377147380841907,29.137953461002073,3,233.1759139,-13.2809234,352.1690647,33.7589776,True
1.4922134681631283,2.25,-0.5,2.0,2.5481985989463385,45.13932493229598,3,337.6895869,-44.2840686,352.2412688,-57.0553578,False
66.62939003621977,2.5,-0.5,2.25,84.76684301144508,346.878013869178,4,270.6481068,-39.6641388,352.4443012,-8.4029532,True
0.581988600246026,2.5,-0.5,2.0,1.8728982102029648,51.30983949013272,3,252.6591484,-29.7302167,352.4520203,9.3594301,True
125.37060097120606,3.25,-0.5,2.75,173.44320133803697,400.23014416819524,5,314.0780854,-47.2397315,352.5991978,-40.3883473,False
4.395416407054541,2.75,-0.5,2.25,5.734250597749737,18.838264168337066,3,293.2174227,-45.6100923,352.8726285,-25.9624644,False
1.225110986876834,2.5,-0.5,2.0,1.9161605331191451,32.22141799815534,3,321.6313861,-46.0879179,353.598262,-45.6457471,False
3.739330092049647,3.0,-0.5,2.5,4.529520908676131,10.921642441774525,3,213.7802626,8.5257559,353.6088279,62.8393941,False
7.544230974655459,2.75,-0.5,2.25,9.508001924574582,33.72811110614779,3,227.7005755,-5.7030461,353.9020823,42.9625895,False
7.877826361239979,2.75,-0.5,2.25,10.678397165235415,39.87440845619597,3,255.2087102,-26.1799504,356.6960135,9.7575341,True
0.7283701828396698,3.5,-0.5,2.75,2.569238073093562,17.125129864348462,4,352.6609191,-37.4042382,356.7419468,-70.1326332,False
1.3169314400772345,3.0,-0.5,2.5,2.2938278620353416,20.816306064797704,3,351.0342061,-37.2453591,358.6592902,-69.0140979,False
13.982813917420856,3.25,-0.5,2.5,17.14498015413816,32.66986082281354,4,200.2822273,22.260554,358.7105296,81.6862044,False
2.5823355331799043,2.75,-0.45,2.5,5.604133542021038,60.85688218834818,3,294.2946068,-39.9621904,359.1629025,-25.3477773,True
2.474011305906158,3.0,-0.5,2.5,3.496995170027612,16.325683761842818,3,241.2953439,-11.6844172,359.8949973,29.0706477,True
4.565318376491998,9.5,-0.5,6.25,5.947363212559282,11.120515137258673,3,216.7712431,23.799539,29.497682,68.1900887,False
3.4892994033418905,6.5,-0.5,4.75,5.1225801390506165,11.7654508289144,3,331.069961,4.6681754,64.6990028,-38.6280273,True
3.5246912018088548,5.25,-0.5,4.25,4.87598074338468,10.22350065088284,3,280.2449499,54.8709502,84.1703156,23.3465089,False
1.2770853018860042,5.75,-0.5,4.5,2.464278239647585,8.156383665231203,3,156.2406119,23.5393168,210.8463312,56.8238002,False
3.815222107377036,6.5,-0.5,5.0,5.0741888321501145,9.882131122458624,3,66.8391111,-39.0241305,242.1934088,-43.9246135,False
0.7339166619299033,2.0,-0.4,2.0,3.599532488343436,73.08657529320523,3,262.6687334,-21.480516,4.5255009,6.8266747,True
423.90821674426024,5.5,-0.5,3.75,544.7367116071204,994.7545389405814,3,270.9245057,-24.3765341,5.9754448,-1.1778337,True
14.45359447311624,2.25,-0.5,2.0,17.062657366660893,45.94614595011894,3,275.2511802,-25.4928388,6.8712705,-5.1574341,True
2.3189551428991253,3.0,-0.5,2.5,3.149161332716611,12.197134312519818,3,265.7766133,-16.9891628,9.9262055,6.7071449,True
288.3507000806518,3.0,-0.5,2.5,384.61733130608116,1088.7090021215452,5,263.2856304,-13.068149,12.0555693,10.7976399,True
115.80782104730274,2.75,-0.5,2.25,147.50735128427684,630.524152195582,4,278.4255102,-21.0749238,12.1572811,-5.725563,True
5.147804657137716,3.0,-0.5,2.5,6.790786621342894,23.027993859382853,3,278.045568,-20.662269,12.364899,-5.2219677,True
403.61549425467155,2.0,-0.5,2.0,460.68791006675593,854.6915645147327,3,274.7294756,-13.8375535,16.9403588,0.7535424,True
0.7849286147054263,3.0,-0.5,2.5,2.1084049479572387,33.66602008040932,3,266.3666637,-7.8951703,18.1581387,10.8147326,True
3.8218434853141834,3.0,-0.5,2.25,7.078227918261842,49.612903239569555,3,278.3997392,-10.5694486,21.5044538,-0.8944108,True
153.02150587620514,2.5,-0.5,2.25,194.88273564020147,990.1700509531772,5,265.98845,-3.8261539,21.5952902,13.1374388,True
4.247134488822895,2.5,-0.5,2.25,7.750444101693649,73.57358041642459,3,277.518058,6.3332802,36.1700819,7.6224091,True
2.204286955016397,2.75,-0.5,2.25,3.8060866515003244,31.8838820786225,3,305.8209926,31.8965364,71.4078247,-3.0859799,True
63.933102698865376,2.25,-0.5,2.0,80.93473031309992,397.10224033354535,4,306.2865964,33.7172875,73.1254891,-2.3616977,True
15.45849766966865,2.75,-0.5,2.25,22.539093203338744,125.00850986678324,3,303.8620667,37.1806188,74.8609177,1.2274615,True
718.4975815937785,2.0,-0.5,2.0,1123.9630694055545,5711.604939702172,4,299.8727782,40.7520375,76.2072787,5.7617773,True
34.15031200205253,2.25,-0.5,2.0,44.43025559026778,257.95217244982354,3,301.9210211,40.4996723,76.8153545,4.3080346,True
1.1701455754881211,3.75,-0.5,3.0,2.1855445422162534,10.03741592626377,3,299.9902063,42.2244619,77.5201113,6.4486236,True
1.3231539331095217,2.25,-0.5,2.0,2.2919426678081924,34.03889493238751,3,312.5088016,36.3103079,78.2762535,-4.8624142,True
8.938241346013491,3.0,-0.5,2.5,10.338767168222208,17.43934549254628,3,300.7251125,45.1362465,80.3062235,7.5036465,True
7.895527397490877,2.0,-0.5,2.0,10.346716861781488,37.32827507883209,3,301.3484907,45.5719581,80.911671,7.357691,True
6.276376759844184,2.75,-0.5,2.25,9.546244194959886,81.38474246196556,3,302.9881637,46.4936714,82.30872,6.8849699,True
350.8415750249501,4.75,-0.5,3.5,481.40004407450556,869.7369973495449,6,316.7576,42.239771,84.9329122,-3.494219,True
30.577478050005546,2.25,-0.5,2.0,38.553035614637835,192.21540741555935,3,309.6700304,51.3162281,88.8112961,6.0298732,True
7.200986649051959,3.25,-0.5,2.5,9.24901128781572,21.664560347952587,3,330.4137379,50.8140817,97.6398958,-3.5270112,True
5.413517171051013,2.5,-0.5,2.0,6.892475887519581,24.70149467968225,3,327.1052385,61.1202743,102.585236,5.7023311,True
1707.6281095490142,2.25,-0.5,2.0,2038.9849253372222,7707.381964010054,6,350.8575885,58.8190581,111.7398064,-2.1270553,True
79.88421477224063,4.25,-0.5,3.0,91.94257274556435,134.35616611294284,5,350.1629724,61.2147,112.2241714,0.244634,True
234.38442814338197,2.0,-0.5,2.0,282.04260118966454,457.1654895906123,4,6.3161182,64.1448417,120.0825276,1.4179906,True
88.74260108103239,3.25,-0.5,2.75,117.38264116505837,271.494160696655,4,15.7127086,58.3872225,124.4315896,-4.4512911,True
1.857337399882225,2.75,-0.5,2.25,2.599488128150447,14.674375721230417,3,30.8200326,72.5732395,128.3205128,10.4573597,True
7.258154363883296,2.25,-0.5,2.0,8.721266585044438,26.28357273202878,3,32.451644,72.4795713,128.8248707,10.5104838,True
62.00886434876724,2.75,-0.5,2.25,76.08756415729594,236.60587944383468,4,34.3290972,73.8188909,128.9163177,11.9532056,True
272.1481857053442,2.0,-0.5,2.0,526.4652292000749,3583.509017320975,4,31.3888047,64.8355384,130.7094276,3.0889199,True
6.4027016557146075,2.5,-0.5,2.25,9.453911300155418,57.19172612061408,3,37.2094159,67.3544857,132.1211599,6.2369947,True
8984.385616989946,2.75,-0.5,2.25,9207.487806820465,16945.627566952524,6,36.7375728,62.3112208,133.7771026,1.4676934,True
13.334573654331072,9.5,-0.5,7.0,16.487516146183594,23.988411490323116,3,44.0097772,52.3254077,141.4676539,-6.004232,True
14.028939520781801,2.75,-0.5,2.25,19.09014909910845,69.65806640674032,3,59.779831,60.0907944,144.3860309,5.2873991,True
0.41685954154007465,3.0,-0.5,2.5,1.1182678131962862,17.29282447290693,3,59.6179842,56.1262045,146.9064683,2.221225,True
205.93992802806073,2.25,-0.5,2.0,261.66235785790957,1173.8283509726925,4,59.8971717,50.9645906,150.3879509,-1.5937163,True
2249.856668800712,2.75,-0.5,2.25,2336.607272731124,3276.7205762010753,6,60.8403343,51.3165137,150.603406,-0.9397965,True
5.663811658605345,3.75,-0.5,3.0,6.724931630174676,11.341945010581355,4,59.4431081,41.4909414,156.3575366,-8.9805198,True
1.9362493037513584,2.75,-0.5,2.25,2.8294252367316357,17.84736128031494,3,64.0056017,44.8954751,156.5163472,-4.2249397,True
153.39548218527722,2.25,-0.45,2.0,157.03824451829294,295.51678834405527,5,54.1266152,32.3208558,158.9921404,-18.7545076,True
30.548275075863394,2.5,-0.5,2.0,42.73514642489242,367.13433097099715,4,64.5956251,38.0135538,161.6888016,-8.8251341,True
1.4252723678925663,2.75,-0.5,2.25,1.998033823414033,9.577579305582125,3,79.3630749,45.6489939,162.9515641,4.4745041,True
46.37963399649705,4.0,-0.5,3.25,69.7419893171435,152.61605393623086,4,78.2169693,40.6809879,166.512311,0.9063897,True
158.52273816753737,3.25,-0.5,2.5,158.98016876924476,219.94190572786172,4,80.5841008,33.3308516,173.6046814,-1.7945399,True
1.9577155366409442,2.75,-0.5,2.25,2.6170883605042974,11.467571958183422,3,78.1727486,29.4472279,175.6030942,-5.7113217,True
1.3850623823007444,3.0,-0.5,2.5,2.101015397975436,11.759830953668585,3,70.0667665,14.6444958,183.2301646,-20.5532184,True
1.5792840343085253,2.75,-0.5,2.25,2.271957146106419,15.280289280221666,3,80.4455194,21.2145881,183.6059999,-8.7050722,True
407719.6953052615,2.5,-0.5,2.0,589835.493406672,5728394.42289924,6,83.6247056,22.0189805,184.5494688,-5.788521,True
43.06639446148807,3.5,-0.5,2.75,59.06814020734889,137.5401014115525,4,82.7351703,13.552179,191.3501951,-11.0012732,True
3.4703231975039897,3.0,-0.5,2.5,4.526022683935952,13.380216235647797,3,79.8019046,8.8327879,193.9281426,-15.9273576,True
15.574810319620543,2.5,-0.5,2.0,24.67771533472107,215.00666564964283,3,91.9888447,-8.5726888,215.73999,-13.5291657,True
2.0659979890099023,2.75,-0.45,2.25,3.9978370530440968,48.918815305153615,3,104.0592387,-3.3883997,216.4942909,-0.478334,True
4.037781860879971,3.25,-0.5,2.75,5.1232318964199095,11.281916606162845,3,103.2514123,-6.4161008,218.8241542,-2.573765,True
3.0185114962119517,3.0,-0.5,2.5,3.8936859145439007,11.213234608917718,3,103.5517591,-10.8972412,222.9616735,-4.3382105,True
5.191761866818118,2.0,-0.5,2.0,15.317385708958899,150.83751215510003,3,102.5928238,-16.6218643,227.6974304,-7.7242118,True
1.7483163877975048,3.0,-0.5,2.5,3.016026939358261,22.60883056372324,3,105.6885863,-19.845757,231.9225166,-6.5161422,True
1.2803480712836413,3.5,-0.5,2.75,1.803393080403335,6.007773884514764,3,116.2750477,-24.8404438,240.9589156,-0.2390055,True
9.133568079018444,2.75,-0.5,2.25,13.801178746219072,95.53029686567089,3,116.8385235,-33.1579699,248.410087,-3.9804601,True
1.7242427951001966,3.0,-0.5,2.5,2.3132262399342656,9.17769694250426,3,115.9509472,-38.0713558,252.344007,-7.0352638,True
5.715103681763482,2.0,-0.5,2.0,9.948889296689046,55.514827192168966,3,127.0239543,-37.522318,256.5740792,0.6431242,True
429.3759529430868,2.0,-0.5,2.0,1009.3518224592116,4146.545617113174,3,134.8574791,-47.2616176,267.7898766,-0.8510323,True
3408.881340815964,5.5,-0.5,3.0,3818.138400601829,5094.86595226943,6,151.6633552,-57.1969917,282.0223657,-1.1729884,True
4.373080681632597,2.25,-0.5,2.0,8.063642010918066,139.5588153635307,3,159.6843064,-53.1824003,283.7231182,4.6674373,True
22.57998830138006,4.25,-0.5,2.75,24.417228348192612,117.96604753005222,3,155.7168537,-57.5782691,284.0432979,-0.2602783,True
10437.27361411358,5.0,-0.5,3.75,11058.721199394739,13086.728976177375,6,156.0083711,-57.7892672,284.2879139,-0.3549973,True
517.0871569786113,2.75,-0.5,2.25,517.5240517361501,613.95711728187,4,156.4117151,-57.6321977,284.3870149,-0.1074607,True
297.1756804779355,2.0,-0.5,2.0,373.8173177158182,628.3919788996103,7,156.5472183,-57.8564179,284.5667996,-0.2597181,True
103.25501202149769,3.0,-0.5,2.25,103.83773543939174,135.6120833110678,3,161.5305955,-58.6623483,287.2426303,0.338883,True
13992.94658538984,5.5,-0.5,3.5,15042.0113199207,17923.797383992598,6,160.8933501,-59.5865634,287.3850456,-0.6310708,True
3391.5864720105774,3.0,-0.5,2.5,3823.084762396208,11947.138176571472,6,161.2671336,-59.6782345,287.5949471,-0.6234721,True
203.98790870545903,2.25,-0.5,2.0,229.45435416108836,629.1520951190653,4,161.7490439,-60.0024878,287.9597218,-0.7987409,True
2.983193779411194,2.5,-0.5,2.0,5.083906445086548,42.325851260953314,3,161.8832609,-62.2969065,289.0714636,-2.8072044,True
152.82803925019465,2.0,-0.5,2.0,168.2391612869921,339.63137996558,6,164.7073318,-61.1163282,289.7555948,-1.158843,True
2.196093575096802,2.5,-0.5,2.25,2.8446529106320932,13.157518478944299,3,165.0596327,-65.2522195,291.6322026,-4.8493656,True
0.622258806156751,2.5,-0.5,2.25,1.1715739268116183,16.150876024600347,3,173.0522151,-56.0953814,291.9928313,5.0844276,True
48.620919007370816,2.25,-0.5,2.0,70.68538717229708,526.0021792087837,3,171.1707961,-59.2664747,292.0402448,1.7583024,True
16.83764489565255,3.75,-0.5,3.0,23.510026238988726,49.57151097882277,4,177.5932552,-57.1851411,294.7003362,4.7074381,True
0.0068163253184806115,3.0,-0.5,2.5,0.14623121237570424,9.511278375562172,3,197.0537278,-67.1127022,304.566499,-4.2942134,True
2.2093667945953603,2.75,-0.5,2.25,4.992213397112151,82.77385153636503,3,195.944521,-55.6747633,304.6846226,7.1549858,True
1.9032332799475222,3.25,-0.5,2.75,2.6284319302632504,7.964918239907242,3,198.7817672,-53.5504706,306.4918071,9.15746,True
0.40264979713248705,3.0,-0.45,2.5,1.45617841085442,50.194372526451446,3,202.2729935,-56.1296181,308.1943572,6.3569163,True
2.3574018951585485,3.75,-0.5,2.75,3.4210462830042037,9.639475247404757,3,208.4820381,-66.5409752,309.1046415,-4.4210464,True
22.45418063472951,2.25,-0.5,2.0,31.025758902533298,225.6290636609525,3,206.7123117,-60.4020833,309.7265378,1.7366132,True
59.456802546369616,2.5,-0.5,2.0,65.12292080001241,127.8958326651078,4,216.2204206,-68.1379067,311.4841127,-6.8314828,True
4.297810585898871,2.5,-0.5,2.0,5.881568191672049,27.88760926688698,3,210.1668,-56.0644282,312.536751,5.5108994,True
3.5266790007616713,2.25,-0.5,2.0,4.7283123917038274,26.44762452804107,3,214.9056125,-51.9224059,316.4724361,8.6157977,True
13.857149115235206,2.75,-0.5,2.25,19.19250339034838,111.93063858908043,3,227.2024064,-49.8875762,324.4215624,7.164743,True
2.9903084006215286,3.0,-0.5,2.5,3.815407669950305,11.70573465268546,3,240.1407219,-58.1775464,325.782105,-3.9613138,True
42.17071633030289,2.75,-0.5,2.25,53.99064411924245,207.20761983347688,4,241.1414104,-44.6895081,335.1640416,5.7607513,True
12.234618500834642,2.5,-0.5,2.25,17.337541776387937,111.63725687202026,3,252.5491986,-50.7523831,336.1271008,-3.9536869,True
9.726893105103827,3.25,-0.5,2.5,13.386050888061959,42.140925631638616,3,242.616935,-39.9859899,339.1829101,8.4829776,True
112.30033925644217,3.5,-0.5,2.75,142.9743454330561,282.6608671515521,4,246.5444275,-29.854419,348.83115,13.3052581,True
23.25418982833505,7.25,-0.5,4.75,31.473707603414216,57.647430455676826,4,258.418708,-37.1088787,349.4966769,1.0631401,True
2.6952760169316985,2.5,-0.5,2.25,3.915338901857253,29.33350760350333,3,252.1876267,-33.0212348,349.6135539,7.5954362,True
7.86963101797528,2.5,-0.5,2.25,10.222339333292494,36.390034650447795,3,263.3072677,-37.3479559,351.4981508,-2.2835513,True
303.75533924235486,4.25,-0.5,3.0,330.75523546931925,454.72400133333156,4,262.2826943,-36.4305162,351.8163603,-1.0952815,True
200.5465142236958,2.75,-0.5,2.25,210.93071113562638,290.53761795262983,6,246.442999,-25.4572181,352.1415612,16.3225538,True
4.338118426276523,3.0,-0.5,2.5,5.946104794013726,21.452588286534127,3,259.411465,-33.7109563,352.7335032,2.3795533,True
