source_id,ra,dec,residual,alpha,alpha_upper_2sig,deficit_G_mag,dchi2,chi2_fit,cstar_nsigma,ruwe,A_0,l,b,A_0_d,sfr
309641788850320640,18.087001142053538,28.908883576194636,0.039955257282310086,-0.55,0.35,0.22100195,29.886978,3.6964912,-0.31134153457161823,1.0290495,0.13543906102868541,128.43571261182643,-33.739308482987504,0.13543906102868541,
303915360494320896,25.62982434877372,32.20335479610578,0.27617023388105366,-0.1,1.05,0.27096164,25.421196,3.4115448,0.5382335312302792,0.9677394,0.10554842817638943,135.33349659268666,-29.43530021928874,0.10554842817638943,
323951898326756608,23.441413878559054,40.495918213241396,0.2917055511940765,0.15,1.25,0.3453979,31.487225,4.510029,0.5492619586146965,1.0581254,0.10535127889433318,131.57420247658595,-21.664458744794125,0.10535127889433318,
332690507508030080,32.052959044061055,39.779772933305594,0.2611349737614965,0.1,1.15,0.3490887,33.86113,5.6782837,0.4665962759454992,1.0919927,0.1316576402601533,138.60621632437915,-20.74376875239668,0.1316576402601533,
368188068610363008,9.628169590653396,37.43929516677418,0.32286057420888525,0.1,1.0,0.38027698,40.181854,5.2071075,0.7488837160718298,1.0311984,0.13779008583835597,120.09297499064809,-25.36119697267321,0.13779008583835597,
364182856988027776,12.128075099324354,36.473274350741676,0.1324569927081516,0.3,1.3,0.36322725,30.109806,1.5909996,0.2632675278925654,1.0363828,0.10957716071507916,122.27532725283938,-26.394745820266046,0.10957716071507916,
363593896712889856,15.883878361301402,36.71995137823294,0.3246080178322668,-0.05,0.8,0.3544578,41.08779,5.625984,0.8752377338009089,1.0353462,0.07075484858117086,125.63093473544517,-26.088392117524386,0.07075484858117086,
373963322154970752,14.53940741126795,39.886828110351075,0.16205134759661988,0.65,1.4,0.5335018,48.75736,3.3843498,0.35326624382755695,0.9911857,0.11009769338453365,124.33186363355907,-22.966655619375395,0.11009769338453365,
575588908303026432,31.76620635077425,87.31715136654023,0.1014240780862039,0.3,1.35,0.38409373,33.66864,4.327919,-0.029178405144345318,1.0248134,0.024104846296610284,123.88761385282787,24.586937624111314,0.024104846296610284,
558046101498135424,83.48645357563649,82.40040465494216,0.41337517838735494,0.45,1.4,0.52063596,54.217728,10.560364,0.9890683357984328,1.022986,0.023623045256259592,130.80538843627784,24.38936641817657,0.023623045256259592,
592050487157690496,137.23083411670035,10.95939901949537,-0.029781296313412753,-0.65,0.35,0.20295185,28.938562,1.3035564,0.5582027967713701,1.0291214,0.03754049708068828,218.81746385498582,35.44855558674884,0.03754049708068828,
601606656246326144,128.13890803014237,10.822030365856468,0.2099285375746236,-0.35,0.75,0.24283767,27.695667,3.9006653,1.4311378975332703,1.0026038,0.03508016509747221,214.48972884606607,27.316814706825983,0.03508016509747221,
578167714041378944,134.81976100531782,2.5981175703820774,0.41571661002585714,-0.75,-0.05,0.2709045,59.401043,10.376438,0.3764041689232622,1.0407486,0.0562044186902134,226.25908487012504,29.425014352512562,0.0562044186902134,
593286686118043008,141.62926396546888,12.550477907646389,0.2445300239305741,-0.15,0.9,0.28946808,30.758232,4.7709274,0.35681510804318134,1.0042061,0.052520384674080184,219.3284015463768,40.02130177650437,0.052520384674080184,
581724943394911232,134.53836836695004,4.811922298149423,0.24446868782917264,-0.1,1.05,0.27628225,26.429335,6.3300533,0.26320979137777417,1.0079937,0.05957359460047459,223.8750869715786,30.264158544713478,0.05957359460047459,
605848400307141248,137.82791569343445,12.92002618870987,0.006073558846418692,-0.9,-0.1,0.19485107,38.208607,6.6086693,1.7047461326134676,1.0225614,0.018653172642004057,216.9229486247418,36.80652382277282,0.018653172642004057,
583974127573313408,137.2346971850284,7.113379630737264,0.06458977399602084,0.3,1.25,0.381684,33.24751,2.009285,0.6565030972635874,1.1252044,0.053428516586984734,222.98948983720004,33.717221465667116,0.053428516586984734,
607620190280211072,138.70979926835633,15.71969003679684,0.22409763667681926,-0.05,0.75,0.3628976,43.06773,3.950863,0.23578564354850026,0.9756596,0.03975348410800033,214.10244836895822,38.70306063459193,0.03975348410800033,
629512845473991040,150.60613701633025,21.856754124065453,0.26672419196221053,0.1,1.25,0.34259436,32.612972,6.3661995,0.349556657155492,0.93140835,0.054760178451719134,211.27222191067696,51.366427994673415,0.054760178451719134,
653787244719635712,123.41875686608795,14.49562242231027,0.3051128039211193,-0.35,0.95,0.231782,25.231272,8.088236,0.22057172902226604,0.9919063,0.04581185899708999,208.65857921804312,24.628242599241048,0.04581185899708999,
658297372695252864,131.74928212416796,17.18565365614927,0.1517497693433798,0.45,1.25,0.4621828,42.72682,2.2489586,0.820921954629905,1.0189297,0.043843036732212994,209.3403732813059,33.059415003679504,0.043843036732212994,
673962080497735936,119.47983859389534,21.560874914183213,0.3485484386532187,-0.45,0.8,0.22258598,26.50483,8.63546,0.23557776475177564,1.0253463,0.05377389294448926,199.9307209040886,23.848474066142725,0.05377389294448926,
662497674616047104,127.20307329311616,18.78637702329239,0.21408452231845043,-0.9,0.15,0.16536269,27.518871,5.751541,0.4010971938806,1.0750965,0.04947277046832486,205.75153611101402,29.61444527278496,0.04947277046832486,
649775676544863232,122.18022903519326,11.807866579974625,0.06909826248796946,0.45,1.35,0.4610106,42.51037,2.1719818,0.2715798297558416,1.1169311,0.037075754325819735,210.79630039857275,22.428813006522603,0.037075754325819735,
654297143235692544,120.22590353938344,14.132273707624526,0.2170037007695802,0.05,1.1,0.31403866,28.891008,3.6885624,0.3685052854218306,1.0535368,0.05198089317747617,207.66516992865374,21.650182412431473,0.05198089317747617,
655915315114918144,124.80294490430802,16.26716289582415,0.3069039985541764,-0.1,0.85,0.33092877,37.91834,7.2387505,0.9230608089416474,0.95208645,0.03398255597512333,207.43273624436281,26.551054339764228,0.03398255597512333,
660150324666148480,131.0177515101711,18.218941067918234,0.08676939655270388,-0.6,0.3,0.23094818,34.95627,2.3880653,0.26342750843984863,1.059692,0.04918878953911506,207.89178498878772,32.78589474826635,0.04918878953911506,
689580780608524160,132.26002575416348,24.067559397820304,0.2876658250696309,-0.25,0.6,0.31436956,40.934193,6.712738,0.9336838818276841,0.96916205,0.07492749331736906,201.65888638175645,35.794507934828786,0.07492749331736906,
701522164080721664,139.10507306653187,32.18000966655877,0.32184740403531453,-0.15,1.15,0.26758164,26.282864,6.2624016,0.6015031792653895,0.91951525,0.04904789924667703,193.1276287585834,43.4890371701149,0.04904789924667703,
718015938009403648,132.89601728562204,37.50053377398039,0.2041771719447869,0.35,1.45,0.37899917,31.324305,3.5028973,0.22926307434302642,1.0261395,0.061945101895887915,185.22282165795173,39.12494048302665,0.061945101895887915,
708040962362998144,127.09106714908268,30.450522575362957,0.2479280908859618,-0.5,0.6,0.21877305,27.37042,5.085722,0.11859174221112817,1.0645536,0.06635283888002325,192.7015337300547,33.09170552397723,0.06635283888002325,
719074939505409280,137.74204852552646,38.68953674865636,0.15466593089313463,0.4,1.4,0.42831343,38.285637,3.3513985,1.3428902509914293,1.0476632,0.033584400257971686,184.07859800165298,43.025031470174156,0.033584400257971686,
751570004935632128,160.2536930115087,36.25590240188882,0.398306288787297,0.25,1.3,0.38769868,35.953316,5.886772,0.5457442587633011,0.9895859,0.02902302191897701,186.4384084022175,60.95407380291305,0.02902302191897701,
746676181759635200,151.62863160530503,32.90793635855498,0.10668122884524145,0.3,1.3,0.36633506,30.62726,2.3097973,0.7230558392901567,1.0219386,0.02621287400232273,193.46211451189833,54.062688265551834,0.02621287400232273,
772335763790160512,173.55481074691355,44.39572228167186,0.228848980292093,-0.15,0.9,0.28155625,29.099821,3.7631054,2.3520795927741482,1.0812207,0.0236936463352875,159.784571582676,66.80566951253181,0.0236936463352875,
791517946729410048,173.77621185035034,50.00615344814258,0.013042701411650093,-0.05,0.8,0.3111199,31.654785,1.3275108,0.3987669312615974,1.0788678,0.034649323980222906,150.3609717322285,62.860785791111475,0.034649323980222906,
784972485288320640,169.91323231001235,44.84687031598276,0.24034832715570964,-0.75,0.5,0.1758735,25.035852,5.489012,0.48686764149248696,1.0320027,0.029090569108652455,162.88851514751246,64.50628837254584,0.029090569108652455,
793285476093594240,147.15764097836808,32.01839131287917,0.0417286866699591,-0.25,0.5,0.32205325,42.95963,2.9090424,0.5152566905458968,1.0659295,0.02605979799714344,194.53326966279718,50.2432444691027,0.02605979799714344,
823385298394557440,148.210466994283,47.82402615772943,0.3730080643461475,-0.55,0.5,0.23823498,34.729687,8.918728,1.047540424211766,1.0731797,0.028929018437548037,169.81817270693364,49.73232394036832,0.028929018437548037,
813569889374037120,144.8489241476358,41.131639999907776,0.35621497900462273,0.05,0.8,0.42010516,51.70261,8.9687195,1.0918156099076932,0.97670156,0.0451448864776761,180.50393211873615,48.45152818053942,0.0451448864776761,
830429319639671424,158.90446874005286,45.65547051841584,0.3788792609276168,0.75,1.15,0.99636686,158.75653,6.221405,2.4830040226915306,1.0466341,0.035263844459251625,169.30676098894997,57.3619204765527,0.035263844459251625,
837562985439005312,164.254012395376,53.46898221056386,0.30749353607967933,-0.2,1.15,0.25655597,25.649067,7.2469673,0.6984809485765241,1.0486441,0.02919093407448264,153.79761184253277,56.253728375440744,0.02919093407448264,
878254295874904320,115.86510373592454,28.0759678844981,0.3347163107051383,-0.75,0.4,0.19024722,29.295319,8.518272,1.0017141219972716,1.054925,0.04011207821664171,192.0296202242397,23.036957089102987,0.04011207821664171,
879705926101025664,112.67198355123008,30.138444033575745,0.13793353146260312,0.25,1.2,0.40294215,38.836105,2.9223442,0.09931303373914036,1.006672,0.05034003854735174,188.91833180532203,21.107374063808123,0.05034003854735174,
900695156399168768,112.6324732748314,41.3392582329804,0.2983053368010067,0.2,1.45,0.33363205,27.947008,4.7969646,0.14420812156111096,1.0637959,0.08958426863124086,177.33139515454053,24.494796756716823,0.08958426863124086,
893268058433107328,111.12854383464696,33.05016173150903,0.07013955730127996,-0.8,-0.05,0.23641314,48.611416,6.793293,0.5168502163641826,0.9186032,0.06222231553334919,185.507683663204,20.85289549069062,0.06222231553334919,
922708341259762048,120.73405483498006,42.47379987116216,0.1482368706540953,0.15,1.0,0.3639209,34.954975,1.9658966,0.4689566078060684,1.0070277,0.055425760819784155,177.59362400558445,30.623157905080408,0.055425760819784155,
906175053632095104,121.61103192013401,35.794828378027596,0.2923752432946909,-0.3,0.8,0.255735,28.828096,5.559702,0.91385334236746,0.9946237,0.09914981963538938,185.32545244786562,29.917889628664387,0.09914981963538938,
922602371530515968,119.47369049575086,42.89300911669871,0.3863149015718932,0.25,0.9,0.48277032,55.748272,3.1985893,1.0539799060740145,0.9827415,0.03325936006395786,176.922631062396,29.78777545826015,0.03325936006395786,
949411969708953088,108.5670613546051,42.415066123825795,0.05453888067531487,0.15,1.2,0.32683104,28.19302,1.6483955,0.9191246381279696,1.0114561,0.07674942872600224,175.2789688575145,21.894881364824425,0.07674942872600224,
982088669308491136,114.0553542393148,49.282291112792215,0.12709200772139795,0.05,1.0,0.30516544,27.28143,1.1634178,2.1283348822343067,1.0668638,0.11205491968594268,168.985960261495,27.279419799255084,0.11205491968594268,
979760522156734464,108.8700200293237,49.76973164821381,0.3203415499169342,-0.25,0.75,0.2766451,31.699406,6.4945335,0.5337443901721086,1.089633,0.06632990719845042,167.65153292176612,24.098847232245184,0.06632990719845042,
979747568535384704,108.93077734422307,49.52452795590779,0.37040586154684796,0.4,1.1,0.5531889,63.864487,6.6126633,2.7497298000392187,1.019523,0.1392478745793165,167.9224916789773,24.076856154325636,0.1392478745793165,
989367642443073408,113.17489056474807,57.67990167484213,0.4139696073566288,-0.25,0.5,0.32267144,43.124718,9.823914,1.346562872070404,1.0708991,0.1120605735178823,159.52488063148917,28.069728588703303,0.1120605735178823,
990017488175200384,107.6861477216445,57.7265582183199,0.4284779980870619,0.5,1.3,0.57610893,63.722538,8.872753,0.6212899985064098,1.029224,0.11402918872315405,158.94385136579191,25.18385092890631,0.11402918872315405,
988337915444889088,106.51672885034392,55.71385869831607,0.3369453752057119,0.15,1.0,0.42781633,48.30696,8.852745,0.914667036460284,1.0688602,0.08852427198257172,160.95520191503408,24.125064942099783,0.08852427198257172,
1028310969908786176,125.31218101661166,51.26116177568599,0.33067524288897765,0.25,1.3,0.39731315,37.75863,5.394863,0.6820496544755628,1.0387796,0.06970613614128403,167.59296423522133,34.6368487696547,0.06970613614128403,
1016529634098048384,135.62110830531236,51.49515565588514,0.2956131355910214,0.05,1.15,0.32178465,30.333815,5.667696,0.5947039684411107,1.0069699,0.05245497950355714,166.89534693409712,41.04681514479566,0.05245497950355714,
1013427293321446272,132.24270746146928,46.164203758594894,0.37356464406131096,0.25,1.3,0.42477652,43.158997,10.784622,0.48006563321769846,1.0183699,0.08328391456291973,174.0284796751517,39.14977534425814,0.08328391456291973,
1025957362190215040,142.56852768039965,57.88405799943962,0.22082281884797084,0.1,1.05,0.34144965,32.395393,2.1263084,0.9891826860321463,0.9730729,0.06457818801821709,157.260009689284,43.51114954042305,0.06457818801821709,
1049467463412773376,147.24577380649953,58.5258380973169,0.2666361333723479,-0.65,0.45,0.19634137,27.084106,9.242538,1.1299929794594399,1.0280976,0.033482622506217787,155.13161352638835,45.555928207496365,0.033482622506217787,
1061379877330497280,177.3406645313737,69.34160241334153,0.3091596504921226,0.05,1.25,0.31532505,29.128183,5.934454,0.3361823289285462,1.0513202,0.03228100311578786,130.8605685299695,46.819454144989386,0.03228100311578786,
1045786539001235072,152.3211831589895,57.49502865190068,0.3314108141241423,0.15,1.45,0.32727158,28.269073,5.952633,0.7146721392039926,1.0199829,0.025769584858912512,154.68480564907486,48.41847281551229,0.025769584858912512,
1111365226412875904,108.47646119383339,71.83618439048252,0.18861289673919224,-0.4,0.2,0.35579264,63.417877,6.8810043,0.2854020719135286,1.1006905,0.10260253638582603,143.38769005693985,27.414016991664713,0.10260253638582603,
1088716901788487936,116.8098436464034,64.42730560030759,0.3271310424391869,-0.05,1.0,0.32685047,34.936714,6.652176,0.39556377627418426,0.94115245,0.11877759548633422,151.94502274432182,30.26039487432518,0.11877759548633422,
1152143982383652992,103.62118499113592,87.26881976562126,0.24902111572645236,0.55,1.05,0.69227517,88.45009,3.187729,2.895501124112219,1.032878,0.031722065301930016,126.00081789080814,27.131199215549596,0.031722065301930016,
1137470793552857728,123.05252901639608,76.67648045116512,0.3449828392775407,0.2,1.45,0.33241916,27.744177,4.8817005,0.3936066074222753,1.0468582,0.0630685526301352,137.54149191100902,30.964505702706667,0.0630685526301352,
1125878264503945088,135.246014239407,77.87049851904864,0.327330385898672,0.45,1.45,0.42647305,36.379456,2.975994,0.7123951884424268,1.0604093,0.03222351400695893,135.15916547230003,33.09095929883342,0.03222351400695893,
1117404809425256192,133.8137955681676,68.62128551138014,0.2350354344240131,0.25,1.3,0.34565547,28.57835,2.201826,2.462750885969193,0.95915914,0.0813154444007002,145.74362677258168,36.26204583760101,0.0813154444007002,
1130449037419688448,146.10365550964426,76.0103322813036,0.25726050260110345,0.15,1.2,0.36802202,35.74725,6.2978745,0.3337919989403476,1.0120848,0.06609198751753513,135.52804002081714,36.14717823450925,0.06609198751753513,
1132353975674275072,152.18869592728853,80.19243120097684,0.08116108433066671,0.4,1.45,0.37607628,29.51647,1.8354721,0.17570958651693608,0.97989106,0.03733536815265039,130.6597756242402,34.35394102894568,0.03733536815265039,
1164842242172909440,234.47292903813803,9.113568326607696,0.12283774611392495,0.25,1.35,0.3360129,27.00612,1.8756218,0.2372290321574656,0.9413276,0.07764461314597602,16.31874965196699,46.82080160765076,0.07764461314597602,
1186054982568036864,221.0227395793669,15.17881904956434,0.17104498378001587,0.15,1.15,0.3565482,33.55301,2.8360672,0.06645338411410465,1.0194762,0.03962626470117841,14.146060174883894,61.23939351452268,0.03962626470117841,
1175763141415142272,216.1942891554484,8.284677119295964,0.39535924614948925,0.15,1.15,0.39602908,41.395123,9.545757,1.444092748373916,1.0913088,0.053307120678306404,356.8081993766788,60.970243780850964,0.053307120678306404,
1168197470623975168,227.33740119807263,10.067756690035452,0.3556462172827546,-0.15,0.65,0.36076272,47.775288,7.463112,0.1309817820966001,0.9817261,0.06321885738091852,11.881454839634111,53.3283614662054,0.06321885738091852,
1156694689211798400,225.7141829252889,5.033261355696791,0.21371786498637135,0.1,1.2,0.32376823,29.127176,3.1983814,0.9559954533492183,1.0337335,0.07867063911454966,3.6141298690606534,51.69811695792161,0.07867063911454966,
1203280069168872576,241.3709787844549,19.715298386059008,0.20196601923877822,-0.25,0.85,0.26124075,28.267473,3.946867,0.16048461663872826,0.9735285,0.13649043534060645,34.220861465930284,45.14169102069955,0.13649043534060645,
1214778899210166656,231.8157739998856,22.53449799789172,0.3254284945562773,-0.1,0.6,0.3931642,53.521492,8.708534,-0.06049926083385096,1.0795001,0.11701407730686375,34.27022280628781,54.48740897920529,0.11701407730686375,
1199468199795864832,239.3225902764773,17.188240519518995,0.17793765554447738,-0.35,0.3,0.35239312,58.322292,5.6350784,-1.7130115186183823,1.0136669,0.0674401949889101,29.868694060183653,46.08854584232491,0.0674401949889101,
1221159846224390144,235.03400434816794,24.361303651102293,0.21420852080126984,0.3,1.45,0.37088084,31.39207,5.380993,0.6311474963762334,1.0677006,0.10312906379950552,38.4668656542783,52.08606597248329,0.10312906379950552,
1215360300342895104,228.76377719894666,22.695952812573772,0.33493796349207017,-0.2,0.75,0.31367186,38.340557,8.623806,0.038556981745335575,1.0272256,0.12700354965787147,33.212364543076866,57.24626167531853,0.12700354965787147,
1223812727263440000,237.35937715743106,28.115983666303134,0.221176573851098,0.05,1.35,0.30538762,27.321167,7.1875076,1.333547660720595,1.0401762,0.061633696802531494,45.03470487961887,50.783632892780986,0.061633696802531494,
1199878592509168384,242.1143140554135,18.21238741729524,0.21439841778181723,-0.1,1.15,0.2702328,25.28462,4.8121605,0.36911369586775566,1.020432,0.08751734247497639,32.56950345549709,43.9718423832519,0.08751734247497639,
1204265162868197760,239.27199696843826,20.335416492836874,0.313247177002026,0.2,1.3,0.37323576,34.97569,6.637108,0.9148922399637267,1.0700526,0.10387963426008903,34.15457841066532,47.208436160972894,0.10387963426008903,
1214923278830693248,228.85761218830694,21.263766711435057,0.38027790813734264,0.2,1.0,0.46554258,54.414993,8.861668,1.6806956438707663,0.99503905,0.12842930548092196,30.733448119268992,56.75993781778305,0.12842930548092196,
1207236146364543616,231.1868551910413,16.11167132479787,0.33259582810679333,0.1,1.35,0.3242455,29.213116,8.666702,0.17971493049730516,1.0683345,0.07434908211119365,23.714911156740182,52.87262482485506,0.07434908211119365,
1222750564671206912,235.97465419758814,24.95027993853936,0.02090830779174979,-0.25,0.4,0.34615612,49.630558,3.8736572,0.5802953389368853,1.0286862,0.10103679636896995,39.70796905915362,51.38816770412434,0.10103679636896995,
1204867179843711744,242.6311017093063,20.38174700599537,0.2112216712740338,-0.55,0.45,0.22192025,30.135868,3.8936386,0.7508424398039628,0.9922482,0.14106793123492753,35.644318062333554,44.23537949468977,0.14106793123492753,
1212566647455439232,229.25486903685402,20.369184291624638,0.22539171821991566,-0.05,0.95,0.27899656,25.455492,2.0903873,0.31835511063945315,1.029561,0.10215589269766484,29.4020640149678,56.13012857780991,0.10215589269766484,
1230753909808114048,210.17675365257497,13.972803039229104,0.2559388018370825,-0.3,0.65,0.28129154,34.877792,6.0757294,0.48556602184974007,0.965778,0.04461817214369758,357.23548766033224,69.16485863479701,0.04461817214369758,
1252495274778889728,213.3637964014165,21.18938712253971,0.21198616479998744,-0.4,0.45,0.2850143,40.695942,2.692501,1.767890858824449,0.9825066,0.08169505551439621,19.74364936642461,70.40051994531224,0.08169505551439621,
1272944851026721536,235.05773068905566,29.56006398485191,0.3672280248000801,0.25,1.25,0.42356172,42.91249,8.306808,0.5400815244520418,1.0009952,0.05701778328867323,46.89063906707191,52.98330566186296,0.05701778328867323,
1274041338997818368,233.15604875936273,30.742673882857527,0.2482227308195224,-0.8,0.25,0.190807,31.665308,7.692087,1.0744853700703616,1.0553514,0.061380274878961284,48.612179484232634,54.73603493138445,0.061380274878961284,
1269701837184129664,225.7455757044681,28.78170244109144,0.31845718424834946,-0.7,0.6,0.1836086,25.412024,8.478846,0.5570201335728313,0.98852515,0.05868703645384681,43.977577550971574,60.99573425941927,0.05868703645384681,
1291311711732374528,229.74143527783488,36.33023109416901,0.08712621953529265,-0.2,0.5,0.3168414,39.119305,6.2162514,0.8849458517941001,0.99766064,0.0356817205086857,58.702689234410286,57.5267811229291,0.0356817205086857,
1312189272880708608,248.25390781764085,30.69257270010226,0.15118158509455437,-0.7,0.35,0.1887984,26.868893,2.2581158,0.4138168540954759,1.0556303,0.04163953089301595,51.05027031739577,41.86596453571106,0.04163953089301595,
1298091128630747520,249.20741347892564,22.878146047381858,0.32817871609870863,0.3,1.25,0.439026,43.987736,8.238636,0.4449449228182379,0.9993313,0.09161494738504845,41.32803454098728,39.172867999999724,0.09161494738504845,
1298158301919293056,248.81878165208929,23.10203868274701,0.31514317698206273,0.35,1.25,0.46149617,46.44523,6.4059296,0.21716707061338333,1.0248814,0.12510327859728274,41.46959291816878,39.58048195219012,0.12510327859728274,
1328587423656323200,244.4805335720938,33.25162014619354,0.26969504109738107,0.15,1.25,0.33922222,30.371317,4.473749,0.09541203996139754,0.95934385,0.04332130787083682,53.901109574315505,45.406970924186396,0.04332130787083682,
1335508093439519104,262.7192172956457,34.25177633726924,0.1904241029001179,0.25,1.25,0.354356,30.035156,2.2691307,0.5868285195856784,1.0227221,0.03971398814416796,58.491446185169586,30.65960987378383,0.03971398814416796,
1347285065563530368,263.65065976503115,41.189376493295654,0.07985914745407818,0.35,1.4,0.35863432,28.048433,2.4402905,-0.35037214347189194,0.9496666,0.07905945750234843,66.59087602847305,31.375429976490985,0.07905945750234843,
1342915228398438144,266.479385709549,39.3021348945483,0.29972007284012747,0.2,0.75,0.58649737,86.36383,5.6325455,0.9417948682962899,1.0258024,0.05332545684113945,64.9492634187435,28.88414200792812,0.05332545684113945,
1349070290194197120,266.0332979160628,43.55368113804302,0.24972753224246347,0.6,1.45,0.54904634,53.561905,3.847725,1.8099132527569057,1.0311245,0.08079250312446552,69.65863876829626,30.05929712386036,0.08079250312446552,
1361393723893181568,260.3603517001332,44.75894505240228,0.21052700186486728,0.3,1.4,0.3675758,30.835073,3.0875149,0.4777380398509845,1.1153376,0.08043363269481853,70.39745718346691,34.256665563501585,0.08043363269481853,
1347895328876396416,261.52330175988584,41.95764922605158,0.2552805394891289,-0.3,0.7,0.27957165,34.45259,6.373619,0.9753852331563133,0.9638767,0.06019978848849925,67.18376584501836,33.06991584988703,0.06019978848849925,
1347958001039314176,261.3321126971645,42.118623858806906,0.4049306017776164,-0.75,0.35,0.18782847,28.555147,8.223043,2.378697028169719,0.9840775,0.061197748686406386,67.34953097029872,33.233668844720505,0.061197748686406386,
1381580104543896192,243.00770438544126,41.260253690868865,0.14247322274792662,0.4,1.4,0.3824215,30.520882,1.8905716,-0.04166148764797438,1.0464449,0.031553280249374406,65.40549869765177,46.838214975201886,0.031553280249374406,
1384306584142803968,239.44732186331413,42.22018077010068,0.22250624846686406,-0.4,0.4,0.30387858,46.26131,5.924057,0.39653307125577264,0.9905019,0.036701581526455335,67.1595199932724,49.4088080616713,0.036701581526455335,
1372138426397208320,240.70906875457572,35.58520493447224,0.3173086656281834,0.3,1.35,0.41006345,38.37543,7.965069,0.17721168570519805,1.0670689,0.055490624192131306,56.979240274011374,48.682202751755916,0.055490624192131306,
1391300611967180800,234.4314256419459,43.570960533188746,0.2955559192828403,0.2,1.45,0.36272123,33.03283,7.9597588,0.6420426931133643,1.0417477,0.04025522313853946,70.23384586077384,52.81509222685558,0.04025522313853946,
1371746759739800576,238.4643494749101,34.56528913255729,0.41543900316616167,-0.45,0.8,0.22820407,27.859686,9.737101,0.7689931487551463,1.0443057,0.07941978978915146,55.3079184209792,50.48249195187699,0.07941978978915146,
1381853882938961792,241.9909677873402,41.807250524869,0.16372233035760253,0.1,1.2,0.30911425,26.550209,2.4622555,0.8441730797964683,1.1104506,0.03369066467756117,66.27651211803568,47.565032491322036,0.03369066467756117,
1382250978435503616,246.4331279626682,43.68497151670966,0.35455178509714536,-0.65,0.4,0.21636868,32.891197,7.921879,0.6594195344847323,0.9771733,0.026797995119431907,68.6839059452302,44.1950678829409,0.026797995119431907,
1371052418147352192,236.74863612022065,34.615466599498085,0.11599258805478563,-0.6,0.35,0.21088228,29.145813,2.7056923,0.6593960622835546,1.0369464,0.06522928415337649,55.32863169970177,51.89573590318094,0.06522928415337649,
1381823921247136640,242.97900498757232,41.93720197798461,0.2071516891632461,0.25,1.1,0.4352218,45.30765,4.2330856,0.7844209361580147,1.0936563,0.030856702456368398,66.39518447551998,46.82228574113015,0.030856702456368398,
1372013563108357888,240.0615816789064,35.21076815007866,0.21214282458083922,0.05,0.9,0.35356054,36.620476,2.588791,0.3609435064134957,1.0716822,0.061309880874798085,56.38070799049272,49.19621424341878,0.061309880874798085,
1423341961348492416,246.3427989203257,49.8817160299177,0.3684049970813863,-0.7,0.3,0.21431066,34.621094,10.478943,0.25669573204434826,1.0765121,0.029002827690604176,77.25354044356025,43.626223962894215,0.029002827690604176,
1415926167736313344,260.30113061679884,52.13741563975007,0.3205199577235076,-0.05,1.35,0.29022378,27.54544,7.668598,0.07396711554747623,0.9695199,0.07867190822218481,79.3347471727888,34.71858676909467,0.07867190822218481,
1438190144326958336,253.7067932279827,60.953139366345546,0.188445788262805,0.2,1.3,0.34524179,29.925848,3.1244373,0.1201975304366336,1.0136619,0.039602554607352784,90.61127168585803,37.52659157805522,0.039602554607352784,
1435217129308691456,269.8166407575556,60.77621737039847,0.009966244815061032,-0.85,0.15,0.16363312,25.042376,3.3950138,0.8741545116049892,1.0467216,0.03933219725369011,89.71874127405259,29.73613060168408,0.03933219725369011,
1421563432571048192,267.59270209221353,56.90310669161757,0.08351659116391463,-0.1,0.9,0.2712563,25.476511,1.0422783,0.42141435617425616,1.0309769,0.061998108800242355,85.16841362643696,30.661555173102787,0.061998108800242355,
1463463106286505472,198.70345437518696,31.27828409451296,0.032887281455259654,0.2,1.15,0.34423134,29.750935,1.1824112,-0.12384134980253232,1.0768149,0.03697017152199166,73.45891876663727,83.42601251146066,0.03697017152199166,
1500549904072828160,206.0173975609876,41.263780247828386,0.062066035762175176,0.15,1.2,0.31838384,26.754513,2.3474007,0.13257733771138022,0.9657099,0.030755352981599485,88.8831366490501,72.20525106916065,0.030755352981599485,
1496994534441769088,208.08112193260723,39.634374653427884,0.22050114915448127,0.35,1.25,0.43221724,40.73888,2.7324333,0.4986257897690546,1.1133308,0.0264153577244039,81.47140169739909,72.21830239426421,0.0264153577244039,
1501599426577340032,205.22567585446654,43.11210697542171,0.0921332392379437,-0.4,0.5,0.24281861,29.538042,1.7039967,0.39376881742561404,1.1203799,0.03298251488026771,94.02167275162797,71.13186019099516,0.03298251488026771,
1527638988659558016,194.49591654811286,41.62956315418801,0.37383062033292536,0.05,1.0,0.3815758,42.65383,9.942383,0.4707018754862539,1.0106612,0.0274954423804111,118.06225836307428,75.4367369158934,0.0274954423804111,
1567909151783147008,191.94435365357918,50.45660601593568,0.3799986221107172,-0.6,0.7,0.19977397,26.156147,9.46764,0.9943292090631165,1.0114815,0.03269241439148498,124.4026759987721,66.6611894030509,0.03269241439148498,
1604524538255291392,216.78685107155204,50.84173483889322,0.2848499565927689,0.2,1.35,0.35821685,32.2175,4.9358063,0.5431313490299883,0.98624516,0.02955980012234278,91.97179198960211,60.142952494515924,0.02955980012234278,
1637697697418157568,263.97111479227976,68.51140503922528,0.11802302601322179,0.05,1.1,0.30888268,27.950115,2.053917,0.11972430191081838,1.0127196,0.04218049165523592,98.81095338204209,31.99386711829234,0.04218049165523592,
1651980112944580480,256.0875782709884,71.83352213593511,0.5076984262896893,0.05,0.85,0.4072771,48.593307,9.756023,0.7758904034190028,0.97182447,0.051901989241754445,103.32885232968938,33.93437372448979,0.051901989241754445,
1637823969457166464,269.35446422519675,69.4739005318751,0.3328877513026649,0.15,1.3,0.3555734,33.369793,6.7792854,0.34365347084079767,1.0575477,0.029351366924059936,99.74957761565189,29.994051298351568,0.029351366924059936,
1649087705872899712,256.5139949873024,69.57994169023601,0.33248160403593285,-0.55,0.4,0.25604445,40.11627,10.0390625,0.6001067052975603,0.94906676,0.04662822839494512,100.66120241810134,34.41144333851313,0.04662822839494512,
1680295457937568640,187.1428750732937,65.55225449065122,0.2979509052795102,-0.2,1.1,0.26190612,26.729977,8.444866,-0.01288807363411442,0.99313766,0.03174942129303804,126.72123376320755,51.407427165448155,0.03174942129303804,
1665803035689709568,204.45937972483785,64.07560508187548,0.04860278652533356,0.15,1.15,0.32604614,28.05777,1.6661873,0.17888269818856437,1.0038903,0.030814809413475815,114.66666563645985,52.30165750719918,0.030814809413475815,
1697698631061274752,231.9305563892932,74.39696952240189,0.2565618847219353,0.7,1.4,0.65550977,71.069244,3.9401703,-0.026441093049258405,1.0209457,0.0481880098797105,110.38872576932319,38.684154334746104,0.0481880098797105,
1750573969149075840,312.69130365258764,9.546351438736176,0.24193407626410934,0.05,0.7,0.4167568,50.88173,5.539154,2.345967749408112,1.0475594,0.10424028176788487,56.3935767395113,-21.16014354254312,0.10424028176788487,
1763207258967377152,315.64911515545697,15.13583376728887,0.15146360974241802,0.3,1.35,0.3707336,31.367147,2.0603542,0.08490219457233389,0.98091805,0.13625273485732914,63.0502331350886,-20.25490107039244,0.13625273485732914,
1746440458260745344,319.9888043298404,11.83976035220424,0.12220374876253892,-0.75,-0.05,0.23413084,44.36892,5.1725235,2.3092285868447493,1.0743641,0.14543480131491615,63.01297164302017,-25.608880040619866,0.14543480131491615,
1800088899052601088,327.1476834490422,27.27850257684468,0.31160237113252176,-0.4,0.55,0.26029694,33.943447,6.0497017,0.41354503705524365,0.98248994,0.12701874721764064,80.2903307345572,-20.081318775352816,0.12701874721764064,
1775646240169637248,330.05296506080884,16.506319673646345,0.26783517202227447,0.4,1.1,0.57718503,69.52526,4.7147903,1.0527221248074523,0.97916216,0.14034927299445535,74.29324605852902,-29.767303409461203,0.14034927299445535,
1790277677622699904,320.26281117702206,20.127857098439105,0.15766016951454453,0.25,1.25,0.36826456,32.4392,1.6899643,0.1226748080952599,0.9468168,0.14678139755734906,70.1405227572176,-20.528362573335457,0.14678139755734906,
1873741467848962816,337.7528636710843,20.957733133283536,0.20815300717176122,-0.1,0.95,0.2884075,28.800062,3.4381924,0.630665637185574,0.97847897,0.07382072236056514,84.07843454213027,-31.119301354198804,0.07382072236056514,
1873763595520533632,338.1145151525968,21.001497062280038,0.32244964036988666,-0.8,0.4,0.18509318,29.797232,8.081705,1.6077645161774914,1.1462454,0.08231564534135352,84.42600726596017,-31.28530533399402,0.08231564534135352,
1878969340697126400,335.29005457536334,24.871084966941385,0.30937636546197034,-0.5,0.55,0.22388227,28.663765,10.276295,-0.05954187015604028,1.0380138,0.03693532347563687,84.70220708350094,-26.629425814169135,0.03693532347563687,
2122698353807739264,270.1450116290398,48.259490482171,0.2534362437134794,0.05,1.1,0.32727522,31.377811,3.451664,0.21191059856613334,1.083184,0.0583288009298535,75.53581498659005,28.076424123606856,0.0583288009298535,
2124291825331184128,275.08914944970843,50.52419406660257,0.30134188439637377,-0.7,0.1,0.2700486,54.97143,10.093197,0.4497654846052723,1.0442474,0.0605833652586716,78.73306023945082,25.37049786713075,0.0605833652586716,
2109592866697845120,275.9802002203757,40.153395856647315,0.2053129320922089,-0.05,1.2,0.2770667,25.104553,4.1987324,0.11568213453549794,1.0145451,0.03903379300375375,67.97352505258962,22.05596584300868,0.03903379300375375,
2113191705693026816,273.8690756035795,42.1180438264705,0.34142698634078883,-0.45,0.75,0.22919764,28.102806,10.390514,0.9802821110791147,1.0194365,0.03427992934771602,69.52733999250879,24.140339028853862,0.03427992934771602,
2121189896871345408,277.22554507414753,51.10073663477991,0.2729781961421658,-0.05,1.1,0.30218625,29.862984,6.770714,0.44946066953022484,1.0497512,0.05621209892235136,79.69116507575018,24.18822508825564,0.05621209892235136,
2123039550306406656,272.946436120267,49.33257972457185,0.10837710677398249,0.4,1.25,0.46107686,44.366905,2.5538025,-0.04042942404856151,1.06655,0.05764878545116164,77.115757221524,26.468825023989883,0.05764878545116164,
2111727980839567744,277.20220438073085,42.84217754376117,0.3052794370175125,-0.45,0.55,0.26059133,36.32865,10.564533,0.2289083004747206,1.0473874,0.038243578218384776,71.03637128068746,21.986544641393927,0.038243578218384776,
2116544872559934464,270.3039406660941,47.12130349275625,0.23450349190374542,0.2,1.4,0.3210646,25.88121,2.7346554,0.20396743572162707,1.1782383,0.043073238482675635,74.29212577651819,27.761361488404617,0.043073238482675635,
2108655670474318208,276.23168769127636,39.05831163498672,0.3153336752637097,-0.6,0.65,0.20138055,26.578535,7.8046436,0.244127638671532,0.9348829,0.04036948979560197,66.91483818161728,21.535902819163912,0.04036948979560197,
2112920229400433152,274.90617337380223,41.55079587791433,0.22624135802021694,-0.1,0.8,0.33207083,38.180508,5.2151947,0.29231359252727346,0.9954601,0.03884223468216755,69.16432653392195,23.241263795094458,0.03884223468216755,
2108096568812079360,274.8230307084823,37.64401119886398,0.1808562044058215,0.35,1.35,0.40140033,35.136654,3.7756157,0.34226909879480655,1.0394392,0.043508568565654805,65.09775339087416,22.148873904522496,0.043508568565654805,
2149226756183901824,274.87664149727834,54.78496690379828,0.06515628506810689,0.05,1.15,0.30036134,26.429226,2.980011,0.04251543590402427,1.0337474,0.047144617872223,83.34441814205749,26.347129454722907,0.047144617872223,
2152790754407152384,284.53358416893167,55.44952860986802,0.011603352931587096,-0.05,0.65,0.3598932,42.35757,4.456272,0.4257016675243202,0.9491748,0.042478642675750904,85.49878093120874,21.15024302998118,0.042478642675750904,
2260207130564940672,270.3009136607652,70.4179643106351,0.4115253674760311,-0.05,1.15,0.30965835,31.358076,7.2504444,0.5852103950610625,1.008808,0.047237917062689885,100.82302549431148,29.634753781932833,0.047237917062689885,
2253492962810504576,284.87606281362065,63.709878891353284,0.11514639627353773,0.4,1.15,0.46016186,44.19099,3.7506104,-0.5488636653687755,1.0763751,0.0317511428348612,94.1281244106582,23.262670336780598,0.0317511428348612,
2266827290075117056,271.538468034241,72.58670338632248,0.30786981215438747,-0.05,0.8,0.38943937,49.59792,7.2729454,0.2371215414719692,1.0808854,0.03871507929119976,103.29537076770896,29.16789760983439,0.03871507929119976,
2242090889792135936,292.3532360659053,63.5881104925377,0.2768397928762276,0.25,1.4,0.37954387,34.456745,6.2433014,0.22301756202565406,0.9976032,0.11583861306629059,95.08705223456658,20.06527990806684,0.11583861306629059,
2304382999507238656,339.37168685057867,86.92578201124603,0.2473895800295427,-0.05,0.9,0.33039486,35.698532,5.6302376,0.3811976860745071,1.0255263,0.047392893587768666,121.06764517707428,24.552125635965776,0.047392893587768666,
2340641555800967168,1.7095985622560363,-21.630166859838326,0.258458269190287,-0.9,0.3,0.16327797,26.829384,6.6845894,0.3056696848940317,0.97295296,0.04530271747188504,58.96726043655148,-78.45949768701928,0.04530271747188504,
2339952406824104448,359.79024229785927,-23.271936153110286,0.2634179556784737,0.35,1.45,0.356251,27.67688,2.6141548,2.9311393658617524,1.0922433,0.05000177652139901,48.12299883058653,-77.56968622589298,0.05000177652139901,
2336481764010966656,1.7545286413002423,-24.50225700831923,0.330035986333435,0.45,1.45,0.464456,43.14815,4.868973,0.3948321387113591,1.0892714,0.04953470492477243,45.18011290997457,-79.66845896180448,0.04953470492477243,
2335456160180404608,2.1472625833726453,-25.974558741724742,0.007648924366847609,-0.9,-0.15,0.19258831,37.326344,9.255054,0.06178347024484461,1.0466899,0.04424936572883491,37.37724914097295,-80.35141799487069,0.04424936572883491,
2350654468892959488,10.793127094290659,-20.701402665010747,0.17042806661289767,-0.05,0.9,0.2895062,27.409399,1.0184574,-1.007600566129763,0.92804277,0.03948779237368709,106.1236678459327,-83.30175387875857,0.03948779237368709,
2352520305765884032,14.878732744321296,-21.39299463821501,0.18005395295443272,-0.2,0.65,0.29967025,34.99408,3.770546,0.6204330944178751,1.0054662,0.04299525680561466,141.15179846553028,-83.97691601707439,0.04299525680561466,
2344887186808091776,16.35126945279104,-24.556362502488117,0.24864390450020935,-0.25,0.8,0.26340652,28.738108,7.422243,1.002979740423247,0.9999827,0.06365227865822044,174.40767084491463,-85.93956442055371,0.06365227865822044,
2350290801126627584,9.989434350791633,-21.159310456248406,0.20331015353972148,-0.35,0.6,0.26318058,32.53025,3.472412,0.4519981768312776,0.9824051,0.04153710784981401,98.63978318899053,-83.48255376939674,0.04153710784981401,
2357506659717447168,14.289254769016559,-17.851941038783625,0.36474504076633707,-0.05,0.95,0.34229806,38.317104,7.7372093,1.1068578907370952,1.0232701,0.043480162356813644,131.3204122000655,-80.63040834080748,0.043480162356813644,
2358754090018774656,18.340392393387578,-15.894860312893723,0.4257596637569474,0.25,1.35,0.3985424,37.992634,9.053284,0.4861266137201249,0.9952434,0.03582392476246552,148.40792298685196,-77.66852747508894,0.03582392476246552,
2384567599381382784,346.4650520810939,-22.563678369740913,0.20548607450477618,0.25,1.45,0.35371602,29.926762,4.3573036,0.3583942381755609,0.95230216,0.06675340187794002,37.900238767244986,-65.66520400437882,0.06675340187794002,
2394636308393266944,354.78081101349346,-16.670949158913313,0.31327279152107756,-0.45,0.4,0.290944,45.28436,8.707714,0.24488748566626561,0.96399105,0.05476791502151672,61.21238807122273,-70.27098119963414,0.05476791502151672,
2410010332807879296,347.2747663917232,-15.36910735103123,0.1823265509273595,0.45,1.45,0.4266359,36.40724,3.3129578,0.7118452981797826,1.0020664,0.05439073757380004,54.033192302432255,-63.49153055804037,0.05439073757380004,
2442714855204489856,359.57967895742786,-6.754796181072014,0.07508517751758959,-0.2,0.75,0.27171192,28.768995,1.3060436,1.0566993885929794,1.0658358,0.07335989401246641,88.76145693472124,-66.0373241485762,0.07335989401246641,
2443730121049333760,2.4577645102596466,-5.125311630395475,0.15129183980509175,-0.05,1.0,0.2846408,26.49586,2.5721455,0.04630014882005283,1.0019553,0.09382427921955445,96.83922684801853,-65.86675767509018,0.09382427921955445,
2424133009911429376,3.884875102001391,-12.916963717499964,0.07117585106382673,0.05,0.5,0.5467221,87.564835,2.8406143,0.45467247917832915,1.0619694,0.05976938095810605,90.58227474506874,-73.49140413316748,0.05976938095810605,
2442283954021891072,359.5285909072907,-7.069747168504358,0.21028920897186687,-0.05,1.15,0.27884942,25.42865,3.8140793,0.634787856536837,1.0189874,0.09741920042912744,88.2583810592384,-66.28313527586383,0.09741920042912744,
2441089815674175872,359.97808925570104,-8.50566819486426,0.12237410770227086,-0.55,0.5,0.20318513,25.262342,1.1521282,1.5179921687699807,1.112136,0.060571203782913155,87.3335290294886,-67.74254435506572,0.060571203782913155,
2420421436612657920,356.30761490947106,-13.638887309636733,0.41606232879213145,-0.7,0.25,0.22605558,38.519768,10.7500725,2.879728806936216,0.9915144,0.05086998402155467,70.75207005266591,-69.48395555764596,0.05086998402155467,
2416739515769060992,2.888509073079438,-14.589443106953592,0.1639625395137987,0.3,1.45,0.33332106,25.35576,1.8297997,1.9626836572144972,1.0606507,0.058134105903001436,84.40222847988434,-74.39517327004782,0.058134105903001436,
2433067813196912640,355.7652089639577,-10.918208389351165,0.11103856616197127,-0.05,1.05,0.2804285,25.71746,2.4924393,0.23582759184121324,1.0800418,0.07015389097014721,74.87723474649405,-67.16687374580911,0.07015389097014721,
2479631924474811648,24.696140448853775,-5.726037644078005,0.259357057686179,0.25,1.35,0.36100277,31.172482,3.6368294,0.6263458974608,0.9999748,0.06755374672925565,152.80916218366374,-65.81281115124226,0.06755374672925565,
2459464338600715392,27.670759498858228,-12.745334750229015,0.11604456603165669,0.35,1.45,0.36147052,28.493822,2.2358952,0.16544530191200593,1.0425403,0.049371746580473524,169.79546633100753,-70.0204017565963,0.049371746580473524,
2469429281203400704,15.223214866943794,-12.014999258640009,0.3177493169849681,0.35,1.3,0.42368907,39.147087,4.152088,0.6466924594306231,0.99165547,0.0679326135054147,131.73959202853715,-74.72483143434255,0.0679326135054147,
2482308719892342400,22.0360360654758,-4.416058429052387,0.3339283019301078,0.3,1.3,0.36821142,30.941805,3.2423344,2.7466047756449146,1.0092956,0.03843795284337551,145.62264221823844,-65.65771809369842,0.03843795284337551,
2490339793339734400,35.704108287424866,-3.2004161110909926,0.1172861236944387,-0.55,0.5,0.20305128,25.229074,2.5717106,-0.17499607839395237,0.9794753,0.05989979662205647,169.2745048896159,-57.603019599862215,0.05989979662205647,
2491879831173222912,30.40871781592439,-4.396295930091568,0.18354921170066607,-0.05,0.95,0.29996234,29.42505,3.3046093,0.38095012350420154,0.9774247,0.05320050233090837,162.38897646461683,-61.76600695076004,0.05320050233090837,
2493663170313923328,33.96910658821909,-2.518714392140606,0.10143483380902651,-0.65,0.25,0.21639572,32.899418,6.234028,0.23526500151396543,0.96917623,0.029276527313676286,165.93060918128387,-58.157340829056814,0.029276527313676286,
2517854792652013696,30.414973664010525,3.6847852256070106,0.08633159744685948,-0.65,0.15,0.24066614,40.69311,1.1234131,0.2839195338320359,1.2126058,0.03284130436097784,154.43982147425444,-54.833133329158755,0.03284130436097784,
2554291925096876800,11.211522625269525,4.806262192527033,0.3322036473400516,-0.3,1.0,0.24061036,25.51904,7.8746223,0.8991164814803984,1.0560431,0.08502171108822604,119.82970679614075,-58.02577705609482,0.08502171108822604,
2559959460861183104,22.927643945279257,3.598071046841999,0.21173092672411098,-0.55,0.5,0.21805164,29.094343,3.367937,0.24079259206644765,1.0156668,0.07216055976149793,142.0292537293288,-57.77270988049007,0.07216055976149793,
2561477263648693888,24.16402031372981,4.118900367222983,0.3653764159834205,-0.9,0.45,0.1576558,25.01356,9.618135,0.30983029793028644,1.0623001,0.10109893307796491,143.91062121921226,-56.899685929175895,0.10109893307796491,
2599412201513775104,336.6463616982706,-14.059884483495377,-0.12375965145617052,-0.85,0.1,0.16692303,26.059475,1.7888737,2.040831467584171,1.0775701,0.10361644949197762,46.7227607661126,-53.83568448395993,0.10361644949197762,
2609994936506703872,343.68674346568696,-8.782213809013804,0.25643435760285094,0.05,1.15,0.3091517,27.998817,3.7454605,-0.006679641989353649,0.9955865,0.06732986874548766,61.066535987764084,-56.888083523111845,0.06732986874548766,
2598622408567591040,335.13894000229527,-16.42113427230676,0.3196899759244394,0.2,1.25,0.38072518,36.393425,6.750244,0.8865874981058633,1.0320188,0.06893416938028091,42.06792981664671,-53.53047660044175,0.06893416938028091,
2638216445054030848,347.6071554695193,-2.341266441199719,-0.05320162417637242,-0.1,0.85,0.27621135,26.415771,0.9454098,1.4678886005084382,1.0183396,0.14469107989887375,74.32572504885682,-55.37560861048275,0.14469107989887375,
2642197536140774912,359.3819300643742,0.37305672277450647,0.36887826972281434,-0.1,0.65,0.35954976,44.760845,3.7105064,2.2242114262888113,1.018207,0.11747265014710559,95.51080530381445,-59.59751499058429,0.11747265014710559,
2637789387865940608,349.24086635083876,-2.2824454993100507,0.2277155355389926,0.1,1.25,0.3020551,25.351418,2.5059357,0.7709539181111411,0.9417128,0.12382716127863493,76.59066064986354,-56.4028781156941,0.12382716127863493,
2747310882115755904,5.852703331729543,5.59777092646539,0.24551171896707125,0.25,1.25,0.36862734,32.503147,5.1454315,1.1482586995979385,1.0282265,0.09849650719039713,110.1979988322689,-56.579449908973686,0.09849650719039713,
2752322627913558528,4.416229426595624,9.0698597889763,0.2639554645587161,-0.35,0.45,0.28572577,38.342335,9.076607,1.8120117916607492,1.1569259,0.045851020576430104,109.0274837652774,-52.887709025017394,0.045851020576430104,
2791124114084213632,15.337231722525967,20.97416912929196,0.2513294054738555,0.1,1.1,0.33839884,31.819084,3.5587463,-0.16316884495614747,0.9521128,0.09261844694773862,126.03780009553307,-41.83780416662108,0.09261844694773862,
2806137326886016128,7.703972803147137,23.544847736579133,0.2999956763980416,-0.05,1.25,0.29326054,28.124907,6.76758,0.8268361179232845,1.0870146,0.08127729443720318,116.83991458246228,-39.082845412477305,0.08127729443720318,
2881842589405394048,359.602585485825,39.61818389434896,0.3140357898936106,-0.55,0.6,0.22752793,31.678106,9.722044,0.6029827930749384,0.98403245,0.13941969109267313,111.93950397015014,-22.119019889034707,0.13941969109267313,
2864020433631327360,5.146640007432367,33.889058413904436,-0.28294893653198727,-0.25,0.5,0.26756528,29.65273,10.896189,1.4828338241323895,1.0101324,0.1276652179497619,115.64567750399989,-28.54583323167868,0.1276652179497619,
2885460394978616576,93.71946481783442,-35.57651989587493,0.12047432264603763,-0.05,1.0,0.27965832,25.576387,1.889513,0.46390766607154266,1.1032356,0.06502290291980875,242.67733676015106,-22.350437425544264,0.06502290291980875,
2889062704308974848,90.06446555146208,-35.49957659305665,0.178455292554915,0.15,1.0,0.42516676,47.71046,7.0834427,0.5140733839627564,1.0063362,0.0183462106884949,241.62917832576872,-25.166577402618962,0.0183462106884949,
2901794018166203904,82.59744574223836,-32.57742065519771,0.32590161405324913,0.25,1.05,0.49729618,59.153515,8.495045,0.2776057438431521,0.98442256,0.03845535835219759,236.57854892045873,-30.34739023120107,0.03845535835219759,
2896418437099406592,94.45947753931002,-30.8632128541446,0.2137960107180339,0.25,1.4,0.3503527,29.360352,3.468769,0.4208049852602178,1.082673,0.04378650828483832,238.1197490580435,-20.213356278102875,0.04378650828483832,
2916553175065226496,90.46607020277432,-22.627404610208746,0.2818087798570055,0.3,1.35,0.40300995,37.066593,5.2405586,0.15450893794377266,1.0277902,0.040651951878481925,228.5538235355961,-20.593947968359533,0.040651951878481925,
2906161587589428352,80.63412309226499,-30.19063945320277,0.2905784342503326,0.05,1.05,0.35733917,37.407413,7.287792,0.7496522572707423,0.9925207,0.033082589192027174,233.38892344754768,-31.351057496179333,0.033082589192027174,
2900972923499258112,85.34845592191333,-33.49479081755018,0.024091364675533633,0.1,1.15,0.3025679,25.437569,1.8412132,-0.03043082957873874,0.92265636,0.041665636187914315,238.2790785400277,-28.35659590075032,0.041665636187914315,
2882480615388024704,91.07229077305473,-40.513633208118755,0.12478645830848478,-0.05,0.75,0.35531542,41.28686,2.1373901,0.30086307316590516,1.0397553,0.08725714425969394,247.21480643989545,-25.749488220919996,0.08725714425969394,
2957109451727718016,81.25930069960093,-25.437340152264955,0.24920358710765367,0.35,1.3,0.43544614,41.34984,4.3098526,0.6906569099561087,1.0882771,0.051402312810632234,228.29442371514395,-29.45389925120522,0.051402312810632234,
2968192666377084800,81.30063722130642,-20.887384472716867,0.27368837496093423,0.2,1.45,0.3251743,26.548025,4.088484,0.0715528017906745,1.0666609,0.056691630104129,223.41415829079972,-27.911899792914628,0.056691630104129,
3090282708103692288,125.92235039895793,2.5715871545325237,-0.044646699536835754,0.3,1.3,0.34136024,26.593594,1.7087669,2.637184566532798,1.0441982,0.03817561637544083,221.5019216990179,21.638706027253363,0.03817561637544083,
3096753269609452416,123.80237828497572,6.650114984648294,0.18703925616538086,-0.75,0.25,0.20030344,32.47419,2.761135,0.81612335192375,1.0004426,0.04149572622394194,216.56022423049052,21.64041555096892,0.04149572622394194,
3065730652110266880,128.49481399519692,-4.220005530333417,0.31643926537840805,-0.6,0.5,0.21903697,31.443495,7.371973,0.42644707554575184,0.99036807,0.07576222773331046,229.19153946414102,20.514715279879052,0.07576222773331046,
3075556987527603072,132.83185252490958,0.8949842039053044,0.4217063542337147,0.3,1.2,0.4780361,52.152187,10.294819,0.186346897823528,0.95683724,0.04919926316125171,226.80194247525907,26.852194540068098,0.04919926316125171,
3092215069724965248,126.18206167172141,3.969451215184016,0.1774474939085806,0.3,1.15,0.42095262,40.4406,2.2905235,0.08188194002476117,1.1384524,0.046980498497928756,220.3015494222653,22.52415843634221,0.046980498497928756,
3079825085508069632,128.27749782056114,3.1339369466597646,0.013479525192149566,-0.35,0.2,0.3553487,59.304714,7.778126,2.8728564924076623,1.0328255,0.04141005000432336,222.17529024442752,23.976217588643287,0.04141005000432336,
3147769406548574720,120.23443346405351,10.765330687517352,0.14667279665424715,0.3,1.3,0.34216547,26.719206,2.5792828,0.45811774408955414,1.0025314,0.04123669756686881,210.94862836863132,20.25908454469076,0.04123669756686881,
3145986788962665856,121.52422785073645,8.344413569988983,0.28592259073770876,0.15,1.3,0.3336612,29.383698,4.0340614,0.4065436983354712,1.0165389,0.03954475487978514,213.8624903019855,20.36390962821747,0.03954475487978514,
3202644172167851136,66.0141220599592,-5.618206853712881,0.2028085798965602,-0.1,0.65,0.34669554,41.617577,2.7399025,0.8951970723449696,0.97305745,0.03957199770590543,199.85509922168484,-35.15319712695569,0.03957199770590543,
3204187684632331904,64.88519832395558,-3.1606699531581928,0.05695607561304428,-0.2,0.65,0.2837502,31.374704,0.94464684,2.4823920073887495,1.0151118,0.03994906377953654,196.5707512838221,-34.88454971266028,0.03994906377953654,
3178577103882755072,66.66728202672607,-12.347975056124108,0.23067720316269735,0.1,0.9,0.40381792,45.31074,5.1269646,0.022362662711106318,1.0760134,0.08371765265988088,207.66289076259366,-37.653764706448655,0.08371765265988088,
3189049264942858496,61.48578225813913,-12.698414642021207,0.33539587717803343,-0.65,0.15,0.26053536,47.68967,9.173611,0.8586711591071019,1.0787827,0.12368551483467168,205.27775356377103,-42.384209488035616,0.12368551483467168,
3231862907698676736,73.22885395716916,1.9000711229087996,0.21882587685287014,0.2,1.45,0.31924486,25.588661,3.021677,1.4342270853357881,1.0026937,0.08637774911826802,196.5842303114817,-25.12884257719598,0.08637774911826802,
3230661931762828672,68.82514433741187,0.5063011273286168,0.3216761645933257,-0.35,0.6,0.29606542,41.16756,8.841728,0.3280727467185345,1.0364178,0.06298010457743668,195.31972032263567,-29.608334605837022,0.06298010457743668,
3250926996214855552,54.799478315130024,-1.9264879180312633,0.22965105926414786,-0.8,-0.05,0.2335195,47.42872,5.900528,1.0175710475627404,1.0392588,0.11261266432350282,188.10200987452316,-42.60716750492001,0.11261266432350282,
3254435228581344000,66.00463459580344,-0.861260565635936,0.2418348766577605,-0.05,1.2,0.27690008,25.074366,4.241766,0.3070759341849728,1.0438371,0.06459577202959184,194.9236107394316,-32.724458240872245,0.06459577202959184,
3488462121024568448,182.78352064426252,-25.82571239759579,0.10070906019548964,-0.65,0.15,0.24213053,41.189835,3.2834587,0.17557793497609675,1.0333401,0.12908289977933143,291.6835353520387,36.16417064330253,0.12908289977933143,
3492971733606634240,179.95010954344397,-23.072166759836822,0.3203522235996319,-0.25,0.6,0.33996433,47.870934,10.770172,0.5320463808154772,1.0206523,0.07886645948527884,287.7543860577216,38.27296586698475,0.07886645948527884,
3492638478504278016,179.65898645001994,-23.922964991112487,0.19356275916604204,0.1,1.25,0.3188446,28.24802,3.201025,0.2730364367298208,1.0311391,0.08614791413337225,287.7016581985256,37.38223545026351,0.08614791413337225,
3493564713970954880,181.89262607321257,-21.549192623008388,0.24218352285409495,-0.35,0.75,0.23473558,25.87841,7.9669113,0.298582337727266,0.9541981,0.09569943689240974,289.5410763992898,40.17917066852445,0.09569943689240974,
3476353955381971328,185.53723352176203,-26.10334037558807,0.3435435980020891,-0.35,0.7,0.2512263,29.642168,7.055258,2.970517693504197,0.9923775,0.1366385043024716,294.7673464933024,36.303647168858355,0.1366385043024716,
3491500312171562752,175.48245851318396,-25.306868177070466,0.36099814267933716,0.2,1.05,0.44371277,49.43148,8.676796,1.7752615590775072,1.0290103,0.0816877344689336,283.6980336586772,34.95540418438763,0.0816877344689336,
3479902354283437312,177.91262775517055,-30.26108189658925,0.5407738036952843,-0.2,0.9,0.282465,31.091139,10.214293,2.463069168702661,1.0030997,0.08976386323406871,287.8905998203707,30.858425030616484,0.08976386323406871,
3461867820967375232,183.51235633672357,-36.16931949353861,0.24415059507372927,-0.6,0.4,0.22341743,32.713734,5.4162025,0.1696202983692499,0.9793162,0.10792223691150252,294.5371536368197,26.092233382104514,0.10792223691150252,
3518472912947474048,181.7581266692713,-20.363299284365432,0.23248255363152737,0.15,1.35,0.32856786,28.493458,5.7321663,0.45657286356884075,1.0445529,0.0987458814527245,289.02758189641224,41.30645789577838,0.0987458814527245,
3495567096443766016,193.6912057906258,-26.995490679953974,0.2838044479868307,-0.05,1.05,0.29819632,29.079592,5.41094,0.038860865883641474,1.1004956,0.12247207131014112,303.8464789860691,35.87035147860485,0.12247207131014112,
3521217809366412160,184.25274767025033,-16.236031833664402,0.1572584223486997,-0.35,0.7,0.2423541,27.585474,2.3451748,1.3666082750435813,1.1123644,0.10047841641135687,291.02986796344265,45.838609566543354,0.10047841641135687,
3524546031063769344,194.31213360541915,-15.041688690012572,0.2620262574812351,-0.85,0.3,0.16547652,25.609781,3.8674679,1.1429003548939696,1.0210161,0.0825054250301081,305.02090997792635,47.80649152662906,0.0825054250301081,
3530137528727406976,189.62639683355826,-11.788975580969128,0.0982150135078399,0.25,1.25,0.374728,33.587875,2.828144,0.13890366724825917,1.0327495,0.0954015174282508,297.90379147134615,50.956474396709886,0.0954015174282508,
3558530045693520128,169.99277381377902,-17.37709820569948,0.035625165903366174,0.35,1.4,0.3563601,27.693832,1.7793694,0.5133611574472458,1.0744611,0.06730890036323003,273.84960728966763,40.27329843296366,0.06730890036323003,
3533223170673413504,172.24590464134968,-26.327733511436765,0.27173830543944355,0.2,0.9,0.48356888,58.710594,7.3686905,0.4093826784946386,1.0427886,0.11454127806893118,280.8355575220401,32.98163380505292,0.11454127806893118,
3538037966450649600,169.21601033903423,-22.83484225133803,0.17808280040184243,0.05,1.0,0.33770987,33.410576,3.1351967,1.149189885087098,1.0313327,0.1183172999970311,276.0891338195869,35.05966605865182,0.1183172999970311,
3561862596717502592,171.20223544727205,-13.939578521644002,0.226314280447931,-0.4,0.8,0.22837965,26.129591,5.403553,-0.40331383391337194,1.0202423,0.05360507669722379,273.1431889817907,43.864619608385816,0.05360507669722379,
3568887135990031744,179.71711309238012,-15.50243823077563,0.19030965130926702,-0.25,0.9,0.24864644,25.607647,3.6831112,0.07154333978044693,1.0814444,0.10310296014998353,284.71575164220167,45.5017634965436,0.10310296014998353,
3589325270443238784,176.80119626712406,-7.738272874303501,0.21987153011052918,0.1,0.7,0.44879422,55.966022,3.8003922,2.1723881900555466,0.9891005,0.04323804900703459,276.60913759223786,51.82027299813057,0.04323804900703459,
3635103643223278336,201.1805164102162,-4.920150993873085,0.060965763130022665,-0.55,0.3,0.23735842,34.47459,1.7899742,0.47948317385178785,0.97785515,0.04955622583074226,318.2652825444346,56.957412632004235,0.04955622583074226,
3635574818315582720,198.8162468168811,-5.505192488599992,-0.059653375396652386,-0.4,0.4,0.25459507,32.472656,1.5470123,0.5480257172425615,1.0681328,0.04393752814218114,313.82427247208136,56.861800938048226,0.04393752814218114,
3638570128507583616,202.9210629458497,-1.2373171291131229,0.37958147381275165,-0.35,0.85,0.25289592,30.037476,10.392223,0.8227092184182118,0.98674303,0.04566517453639804,323.39499768624614,60.02573609558619,0.04566517453639804,
3624055372430253184,200.812968658964,-9.442131996067255,0.31344865284369217,0.2,1.15,0.40335858,40.84909,6.689625,0.9950822800534794,1.0669236,0.054726117473866756,315.9263944320148,52.625090127697106,0.054726117473866756,
3619614754203176320,208.55347466073997,-6.9018502327072415,0.2511605465951501,0.15,1.35,0.32683873,28.194347,6.22023,0.2854370687120704,1.0326,0.059378023946292185,329.2568881835765,52.731399116908484,0.059378023946292185,
3656992583269934720,208.43463855861359,-3.9495859866324565,0.4270628557049818,0.05,1.3,0.3178532,29.597132,8.127829,2.9759508853004215,1.0921693,0.06488094449765959,331.13514657236783,55.473412017826234,0.06488094449765959,
3652474758710894208,216.81876607001143,-1.8107457213558606,0.33030392598612757,-0.1,1.15,0.27775317,26.711508,8.148699,1.2235718944754193,1.0455728,0.09328100183890863,345.32504077705505,52.9858827803275,0.09328100183890863,
3650499108114753664,221.92705271095426,-1.1710223415854528,0.2328913339608487,-0.65,0.5,0.19612734,27.025093,4.5810776,0.4337341411625218,0.99074024,0.11431582261096278,352.3096431504101,50.2113589477458,0.11431582261096278,
3662195059975685120,207.82142271050742,0.12383342466142164,-0.07564629948923507,-0.45,0.25,0.2767025,40.959587,3.7703667,1.139629625368164,0.8945658,0.0647476874900561,333.41460626384776,59.40639073976986,0.0647476874900561,
3675773272664677248,193.32958128513528,-6.844711474618765,0.1774173553724392,0.45,1.25,0.49487868,48.985832,5.212967,0.570307849839329,1.020591,0.06028036319725672,303.7671452470863,56.02398901003502,0.06028036319725672,
3707751571927072896,187.47780237878828,4.4642594592734355,0.030198693780628005,-0.1,0.8,0.29209036,29.540287,1.4852333,0.39575998128398293,1.0331514,0.043580971805399736,289.2232450291749,66.76133490839956,0.043580971805399736,
3713710237753688576,205.65615533151677,4.446876603595801,-0.03956844272712434,-0.05,0.9,0.30194956,29.816223,1.2549515,0.2298076294440989,0.9777952,0.048890058619525,333.47020245518684,64.24030355474483,0.048890058619525,
3720558335473411712,209.27085631449486,6.235381636712752,0.07299556290524922,-0.1,0.95,0.28007978,27.160877,2.1667747,0.17638523415909146,0.9316688,0.04916688866443815,342.6439271472645,63.9229071519919,0.04916688866443815,
3723253448927026176,212.6339161891801,10.12418159041781,0.26366044862133275,-0.25,1.0,0.24834172,25.54492,6.0717945,0.3851722549323678,1.0468712,0.048434858455712,354.32148824765,64.77217678602419,0.048434858455712,
3765021593563901696,152.1098145079757,-14.174249238596435,0.24892737163333756,-0.8,-0.05,0.24263069,51.201954,4.7347717,1.2195958967547638,1.1381476,0.1205182107702545,254.07079338454827,32.822836334405984,0.1205182107702545,
3774225124363422208,158.44728130061742,-8.20372275675262,0.237777162362387,0.05,1.25,0.31323028,28.74246,5.9615498,0.13158176430236374,1.0068076,0.11277185720218606,254.68658471277462,41.426204642903265,0.11277185720218606,
3780749488923595776,154.96614487804513,-2.659389528245405,0.369841616461982,-0.3,0.85,0.26049265,29.910702,8.637184,0.41983689544867414,1.1538571,0.07243734606775384,246.0838073166564,42.87691613733238,0.07243734606775384,
3777283141078343680,161.7611715911686,-4.359167475324164,0.2893428596086167,-0.1,1.05,0.29593456,30.322962,7.7768116,0.6109755979167715,1.0010645,0.06317503610556117,254.5143241240657,46.48697674273084,0.06317503610556117,
3796689040272416640,172.3841910737633,-1.5147008599445393,0.002528558382278945,0.3,1.4,0.34006208,26.391712,2.2234917,0.27022300742964195,1.0412062,0.04517277447522747,265.11628787621885,55.226881606155544,0.04517277447522747,
3802287061991111040,161.88269979247767,-2.550505032549053,0.168046119726184,0.15,1.35,0.31166735,25.637619,2.8333054,0.1973532929039019,1.0678213,0.059773893783191596,252.8479738635823,47.90268093428477,0.059773893783191596,
3792002268879699968,168.65834191643674,-0.38320845399643744,0.3347613822838307,0.25,1.25,0.4226355,42.725018,7.0698967,0.2374855220942273,1.0482502,0.06298841479461126,258.75290814534566,53.969201700608274,0.06298841479461126,
3827010684748261632,144.386995119384,-3.0764449388212234,0.07725259128042872,-0.9,-0.25,0.264207,70.24966,7.279991,1.5117645349767523,1.1686337,0.03298340433974874,237.99762035919107,34.38297142702825,0.03298340433974874,
3822280654445030144,149.76526221193737,-4.467316236779206,0.2815087735690849,0.2,1.15,0.38538674,37.29008,5.214279,0.27027581048426874,1.0619471,0.064766494933627,243.43632564702227,37.76366923414767,0.064766494933627,
3825594513771789440,142.98424868059786,-3.379935071303222,0.2976439414380341,-0.3,0.75,0.27167794,32.53452,6.3388634,0.46804081669409825,0.9590926,0.0940117993401175,237.3049160497116,33.07084236317555,0.0940117993401175,
3844444128801215104,142.1166095721095,1.8100039214928676,0.1385182223138237,0.25,1.25,0.36366075,31.633202,1.8964157,0.24326226708857956,1.0118408,0.058571947030552414,231.52110715757223,35.261377147325284,0.058571947030552414,
3833683616522181120,150.5948897110247,1.067098106535957,0.3072155714331455,-0.8,0.45,0.16960783,25.019976,6.254999,0.8199235382608991,1.0783452,0.059132728859504435,238.43744213861208,41.83675933786972,0.059132728859504435,
3882845500114761216,160.02309127046396,11.894067062090436,0.03714364528771963,0.45,1.45,0.3711579,27.554369,1.8068504,0.16128803057434973,0.91183335,0.06055772032969658,232.77447019542078,55.660817180951206,0.06055772032969658,
3874290681174749184,150.83779885734333,6.8135497102460185,0.1810341957278805,0.4,1.15,0.49670097,51.48759,2.85001,0.2340268119602113,1.1511037,0.05656699455097406,232.07805137720482,45.28314484648035,0.05656699455097406,
3855967143804316928,158.4679608992772,2.2762909547483368,0.20579362457990769,-0.2,1.0,0.26062456,26.469027,5.92848,0.6057624142212668,1.1122342,0.05563905014185803,244.04408147034385,48.759315437605125,0.05563905014185803,
3926312252777033600,177.72844738708656,16.5360306015088,0.02654695693501452,0.3,1.15,0.35595006,28.915403,5.2872143,0.4739773977461564,0.9297043,0.051423640460450816,246.91304011744273,72.43625235296392,0.051423640460450816,
3941875702429238528,192.3400579117729,18.982657665023027,0.3895038014048646,0.05,1.4,0.3187478,29.763966,10.330006,0.3476400641453932,1.0152552,0.03438607989281454,299.4691887424795,81.8404350136351,0.03438607989281454,
3943830217491325952,197.36151513393492,22.021678810415466,0.35843920138372276,-0.1,1.05,0.2839925,27.925055,5.5027905,-0.04815745226103221,1.0135388,0.05342114537177284,342.6142141879336,83.45628229019333,0.05342114537177284,
3991773047631016192,167.68877786929198,22.41039104303026,0.15721918816983038,0.35,1.3,0.41158348,36.942036,2.596096,0.7036215480340269,1.001674,0.03044268968841214,219.06081997955215,66.70560364193834,0.03044268968841214,
3971426207001885568,166.07624166844096,17.026669477965545,0.2564273805957491,0.55,1.45,0.5032381,46.7399,4.364933,0.5203813044291843,1.1925895,0.04002440070207671,229.55299313985833,63.27858440356125,0.04002440070207671,
3971858452510511232,169.47114924555075,18.253257075873467,0.1034154611089928,0.1,1.2,0.31500596,27.571949,2.2493057,-0.16640729616602268,1.0734574,0.03409602962074145,230.4091560593783,66.7195710771571,0.03409602962074145,
3978004280127858304,170.9188445707976,19.50602758047466,0.3139722454077365,-0.3,0.65,0.28524703,35.86558,4.8455925,0.9885152967966447,1.0591627,0.03717428148483622,229.00977461588857,68.49776655176662,0.03717428148483622,
3989448576970460416,160.64439714017507,22.236254738684053,0.2402256464974748,0.25,1.4,0.3378286,27.298773,2.9517536,0.21358867896304543,0.97189736,0.040472036083267646,215.28775743704708,60.40469893807372,0.040472036083267646,
4022626237259547392,172.45690671243517,30.15686969278357,-0.053782219134534515,0.05,0.85,0.31276566,28.657251,3.921629,0.7399814787626254,1.0335902,0.02990484100415523,198.50080977440814,71.86536634287101,0.02990484100415523,
4218284404438561024,307.63146459176596,-5.229470901295234,0.29980814018091806,-0.15,0.55,0.3593502,47.40191,5.6260605,1.158645700658963,1.0386726,0.11448100638823994,39.81488645227549,-24.38843738023738,0.11448100638823994,
4224580070580227328,310.4002899835565,-3.503931015754654,0.3842636963538357,0.1,0.85,0.45763016,58.191456,9.3195305,1.6721990676943046,1.1272783,0.06763840229367925,42.93171350894099,-26.015357132842585,0.06763840229367925,
4217622979475813248,306.5351599168012,-7.075826068734882,0.161453287546383,-0.4,0.55,0.23680134,28.092222,4.2577953,0.38437026438785954,1.024898,0.10266818093997251,37.46637774773021,-24.257004627506205,0.10266818093997251,
4227439144408657536,314.2960852614885,0.0872293675040062,0.402459800742724,-0.6,0.55,0.22360982,32.770096,10.464706,0.027683241842323677,1.0329236,0.1171844089972999,48.59126009917492,-27.612078993325273,0.1171844089972999,
4232526924012733056,308.4171432676523,2.6813403944074667,0.27587396216321025,0.2,1.2,0.3693453,34.250347,6.520321,-0.8067459730966232,1.0568733,0.11781804033632985,47.73439829102151,-21.23574732865956,0.11781804033632985,
4417825011596739328,232.28291481892228,1.0190035597304368,0.2570686789290786,-0.05,0.9,0.33185673,36.015133,4.9784737,0.4867901094768475,1.1946331,0.10751701772888259,5.020247444056659,44.066521337916434,0.10751701772888259,
4428899911187387264,234.01459312765957,5.800283063127727,0.32761826807068495,-0.65,0.55,0.20128502,28.465176,9.681534,0.9575821874262027,1.0529095,0.13252763034636023,11.909370809592746,45.459176591401594,0.13252763034636023,
4461433841785065088,251.97791075873482,13.84132017530437,0.04098543175817326,0.45,1.15,0.49255323,48.526543,2.8502426,0.26784081742977717,1.0495574,0.11991636647221002,31.94677470681396,33.54708479140663,0.11991636647221002,
4457737146248671232,239.55389088706073,11.608885800688068,0.35245161288501947,0.4,1.25,0.47983688,48.05071,5.524822,0.7766900753001544,1.024622,0.06516042758663682,22.809173037974254,43.60667405681135,0.06516042758663682,
4446279169936246272,248.56972521469993,9.153273660223098,0.054242704751629844,-0.55,0.2,0.251547,38.719353,1.7872391,0.436654962988519,1.0047301,0.14785285980729504,25.110524943771164,34.579656857548905,0.14785285980729504,
4464359607861328128,243.77521752955016,14.269963107236418,0.23599312156219554,-0.9,0.05,0.19731297,39.18021,4.3549423,0.43321309692429677,1.0234476,0.05891424776283155,28.42952705542944,41.00973808361134,0.05891424776283155,
4454606699205134592,238.85097261271113,9.212259295505323,-0.01383600801905871,-0.9,0.05,0.16483115,27.342241,5.3660107,0.5065598420126685,1.0035979,0.05858273189882969,19.448027665267087,43.10653325004948,0.05858273189882969,
4501136759982716928,266.1415360600246,15.418525196601404,0.25043841717014637,0.35,1.35,0.41091296,36.821766,4.20187,0.22279782517880625,1.0542029,0.11374442220838756,39.73675594666655,21.594279639419323,0.11374442220838756,
4501037941375989888,267.91480583268276,15.909265116918574,0.15541122348060732,-0.45,0.5,0.2332423,29.103424,6.401024,1.5670780203296792,1.1082457,0.1131972307433533,40.94915395599034,20.22553283207106,0.1131972307433533,
4558138054107824896,252.87094418319168,16.156756782220956,0.3054911330181218,0.2,1.1,0.41895533,44.069202,6.5492973,0.37401707237668197,1.0712987,0.14565493473207058,34.91068191219419,33.6525544717462,0.14565493473207058,
4564763573735296128,252.13813806356032,20.703710210299747,0.33793641137452557,-0.05,0.9,0.35640737,41.541023,8.812897,0.6833511498154213,0.97642845,0.12608312456336074,39.791747708936555,35.90952307658995,0.12608312456336074,
4568226623047761792,257.34551342624223,22.487406720950137,0.004063840359110671,-0.75,-0.05,0.23992826,46.5934,7.7236786,0.039739698198724006,0.99360484,0.0704392013994187,43.72286946348082,31.911058336261362,0.0704392013994187,
4566918547809795328,259.21110090770514,21.040277394635318,0.030065209467926124,0.6,1.45,0.44541702,35.251015,4.849739,0.02704453896141673,0.9568259,0.07885031750527598,42.80613153049019,29.795257129641858,0.07885031750527598,
4555793998402097536,263.8886325927872,21.111673798095293,0.3080838237745489,-0.05,0.75,0.3658349,43.767727,4.5946007,0.3876907066258787,1.0442477,0.09495741694334833,44.60577454790337,25.730812672305984,0.09495741694334833,
4550776377082135424,264.41505635888177,18.65468662186085,0.4095390376743868,0.15,1.4,0.35073188,32.46725,10.913494,0.41996483428487524,0.9991706,0.09098655142661176,42.28188174164107,24.370665073435784,0.09098655142661176,
4552848303667056384,267.67814542649603,21.157758421450612,0.3529895126012761,0.45,1.35,0.505591,51.129517,7.188839,0.38363910319358335,0.97469187,0.08725864671019264,46.05737805838251,22.453654887697333,0.08725864671019264,
4565852498267698304,251.7115662315314,22.018711420289932,0.3521490992911378,0.4,1.4,0.45457307,43.12409,7.556988,0.32099843835711983,0.9786712,0.10634845120450034,41.17990542933982,36.70687045451791,0.10634845120450034,
4573929583701329024,258.3726206457858,26.78985476316322,0.2726797484223722,0.05,1.15,0.31418708,28.918324,4.4495735,0.2747335431236481,0.99220973,0.042241323025508676,48.897874008284965,32.33122340004752,0.042241323025508676,
4580299844839809536,267.17679676596595,23.21891684059357,0.262923879255224,-0.9,0.2,0.17026927,29.176155,9.369698,0.6187834318197153,1.0569493,0.0829684522404272,47.963349819585034,23.631739867436767,0.0829684522404272,
4590734175823879424,271.24922055712045,30.234797604956004,0.2287394041030959,0.4,1.4,0.422346,37.226246,3.443615,0.6585938847987224,1.0818639,0.11639355519077535,56.482336413290795,22.60379030615471,0.11639355519077535,
4597164807017772160,265.91640417911157,29.5506691532087,0.17145701931131363,-0.45,0.55,0.23401085,29.295532,3.7701569,0.0075981992991733084,1.0688692,0.057069749643060524,54.16567155092156,26.776529742728346,0.057069749643060524,
4602928137732910592,270.8127372312214,31.556627198894187,0.22506897284655913,-0.75,0.3,0.18808399,28.632893,5.128006,0.09900420602898527,1.0667374,0.0744147230888585,57.70964692180991,23.38553133205915,0.0744147230888585,
4580899181754049408,269.3094604427052,24.55821900266821,0.18738319013175264,-0.2,0.95,0.2619727,26.743567,3.6788044,0.08782815156234561,1.0635141,0.12208041733740049,50.073476662240914,22.28235234467682,0.12208041733740049,
4595923733267929856,267.18410397750597,27.32480164519607,0.1000539393086175,0.3,1.4,0.35065946,28.062235,1.774004,0.5339408271233683,1.0248053,0.08756218461342359,52.20402222243435,25.020586782815833,0.08756218461342359,
4603319014116620928,271.02794566774094,31.949969806900757,0.2674007998686072,-0.4,0.3,0.32279456,52.19996,8.00317,0.26591774800468265,0.9844712,0.067539836788507,58.179194695943224,23.336577630317137,0.067539836788507,
4606842227329009280,273.46878323549487,37.159699750806574,0.13135916455121333,-0.65,0.1,0.26238337,48.368603,6.577915,0.9474346774081193,0.9970037,0.03194701881775125,64.24418308928493,23.02683041489015,0.03194701881775125,
4610733261539785216,269.1608090881759,38.52555102228922,-0.0010331227565654189,-0.45,0.4,0.23509187,29.566822,1.962017,0.028554213851116814,1.0057389,0.04023659810387741,64.6553205446934,26.673262970430066,0.04023659810387741,
4619129716444249600,52.41469824060986,-81.67514831902984,0.3977675980529103,0.7,1.45,0.6335546,66.38827,6.5752945,0.12949300195938976,1.0487176,0.138579522406881,296.5908660158889,-33.403347352029506,0.138579522406881,
4622814970182792704,70.74468822504002,-79.4151537544099,0.32881064106309665,0.45,1.45,0.46849698,43.90223,6.6968765,0.7853953069907402,1.0437837,0.018868514013493435,292.31895710157687,-32.35308062577094,0.018868514013493435,
4641260136731875328,50.75716844461152,-74.31637643032613,0.17125371993476168,0.1,1.05,0.38073006,40.277664,4.9644623,1.102548951191905,1.1200885,0.01843376442843967,290.6008132662389,-38.96575814066316,0.01843376442843967,
4627288436319527040,52.765049604962684,-76.39210739306577,0.3054663124513315,-0.25,0.75,0.27494532,31.311064,7.278902,0.86724225770321,1.0813209,0.019896534402672333,292.01714428523536,-37.14322326880599,0.019896534402672333,
4619147858384858496,57.82623597477613,-81.8104599321885,-0.08935559867291065,0.3,1.3,0.34020987,26.414658,0.97522545,1.4657059534858625,0.9956382,0.14291633485920666,296.05715683059077,-32.75383812747542,0.14291633485920666,
4672745270669108352,56.80854241598629,-64.60190841697596,0.264734370620868,0.65,1.45,0.5579276,53.32417,3.2957802,0.06676409103709612,1.0389589,0.13086323090061733,278.75854935522034,-43.372211889337535,0.13086323090061733,
4695355112385912960,36.733242587592386,-68.23674474334726,-0.045327469056744896,-0.3,0.5,0.27138594,32.464615,1.2041702,0.3298905676798447,0.9773463,0.06548539441860898,290.3432179199571,-46.48818237909517,0.06548539441860898,
4707716646739155584,2.5252025703376177,-66.426137850556,0.2472614280555714,0.05,1.05,0.323248,30.610336,3.5519867,1.546326149465935,1.0699832,0.041795580250249424,309.3648430289642,-50.182641794654465,0.041795580250249424,
4702090342660576896,3.0530571834757474,-70.87288361626946,0.46923617038307963,-0.3,0.75,0.27612987,33.609528,8.5863495,1.0922048257883916,1.102773,0.07691475414955906,307.53191043104056,-45.90342044099111,0.07691475414955906,
4727308947514100864,47.54194165190394,-57.51558162395067,-0.01936599478158829,0.45,1.4,0.37970468,28.837986,1.5204048,-0.07447839597977865,0.99862444,0.039905266135372035,273.8446603679687,-51.050116733587366,0.039905266135372035,
4726139273300184704,41.88117120416925,-59.020064902026775,0.08904816709518215,-0.25,0.6,0.2798438,32.43669,1.477272,-0.47800987081198293,1.0293323,0.045258932952840586,278.81399317135237,-52.32825644284858,0.045258932952840586,
4748566424288924928,44.67670033526747,-50.55752688155738,0.4000194986843155,0.2,1.45,0.34966436,30.697464,6.795986,0.9051920946742937,1.0321498,0.046159521351353164,265.72448947566727,-56.36566765722318,0.046159521351353164,
4730803401625826816,52.212491520991904,-55.98339059128306,0.07949028923309687,0.05,0.9,0.357516,37.444447,1.7376366,-0.20428512089039455,0.99654955,0.056110773127685795,269.651680019059,-49.72480363034437,0.056110773127685795,
4735825352265631744,51.599746135357066,-53.36063653305492,0.36950676616396017,-0.1,1.4,0.27548945,26.27787,10.342979,0.4522780974729767,0.97139806,0.05479692994667528,266.27847983772205,-51.27491117359651,0.05479692994667528,
4777067754250246912,72.8786723937253,-53.90610036831022,0.31603668480630454,0.3,1.25,0.41480282,39.267616,4.1266327,0.04558353279554006,1.0407813,0.030288466194754376,261.83066826968883,-39.0838735571845,0.030288466194754376,
4766789077172833152,83.85181118038956,-56.32907548742699,0.17398480388260928,0.35,1.35,0.39166927,33.453686,3.1032639,1.9751615525948074,1.0472047,0.049116346197896156,264.4040166928949,-32.69679012085864,0.049116346197896156,
4783673349528243328,73.84413298540733,-51.81559199121411,0.14794827576843161,0.05,0.95,0.3357834,33.030476,1.807682,1.0402596370663872,0.98138463,0.03148268945527126,259.08558277211375,-38.70266440566983,0.03148268945527126,
4780962228731573760,65.63860077620882,-52.551616395326846,0.29067846943931475,-0.8,0.4,0.1778245,27.502886,7.5559444,0.3456131579318635,1.1166359,0.032197153482622747,260.99016461204985,-43.57824507472872,0.032197153482622747,
4790556910793188480,69.58516942039152,-44.45814176834906,0.25591768330278075,0.3,1.3,0.4034363,37.14506,4.730297,0.7233777206315786,0.9656844,0.03275803899577401,249.63024900335625,-41.90432281585164,0.03275803899577401,
4757816993572635008,82.60768794234683,-62.028410356934906,0.27465900755701167,0.1,1.0,0.40560725,45.713173,7.5959473,0.569106843114753,1.0254234,0.11249576900647895,271.21416166800924,-33.17576851934975,0.11249576900647895,
4822853965347715968,81.93191184420007,-34.91441538181357,0.3372082624287218,0.25,1.0,0.50947195,62.085606,7.654232,0.4631789690176652,1.0418234,0.03785322569308653,239.06889408270274,-31.443515628262006,0.03785322569308653,
4803564030270831872,88.18732365377723,-42.77938797991947,0.04686063110502303,-0.85,-0.1,0.22572462,47.653084,1.3523178,1.673721816619181,1.1946893,0.027451300311301025,249.1328912952616,-28.369028184171054,0.027451300311301025,
4793671999033083520,86.46523216877611,-50.08997661700662,0.05129353567633377,0.3,1.2,0.37216073,31.609108,1.3532867,0.5984159933838323,1.048951,0.052834041982165854,257.2060075488444,-30.725544643988545,0.052834041982165854,
4799546483502321152,81.7789151936978,-44.66456523056416,0.16937668999518074,0.2,1.05,0.3889067,37.974373,1.9252472,-0.16640306049775896,0.99006736,0.03681789152852974,250.418211726132,-33.24430800246445,0.03681789152852974,
4809077084651427712,81.94275030380824,-38.837586581915964,0.3562176696041828,-0.1,1.25,0.28118852,27.376347,9.063412,0.04124350071993581,0.97773606,0.03785317790239361,243.59160051609052,-32.23863663397347,0.03785317790239361,
4813712316436413312,74.76586870793324,-40.752335409568396,0.2275604009789003,-0.55,0.35,0.25031498,38.341003,5.0252304,1.55912943174346,0.9998973,0.027638128150328345,244.9762833695813,-37.96295787770614,0.027638128150328345,
4839428828258188544,64.79918758184388,-43.59463899150474,0.46615487044981574,0.15,1.4,0.34747136,31.866404,10.06378,2.718335042664155,1.0453377,0.03754671378242833,248.65487669724465,-45.38078535331822,0.03754671378242833,
4831180498185171712,62.02151516320955,-47.38917242798365,0.22533044393274793,0.15,1.35,0.32908297,28.582869,4.8767643,0.46569134806620666,1.0356878,0.0371034432641358,254.43024030379044,-46.85296701633268,0.0371034432641358,
4857765177515809792,60.82946858331372,-36.09836506723396,0.2929912833529471,-0.05,1.05,0.3165341,32.766098,8.586975,-0.39499124176935085,1.0740443,0.025999264908334464,237.7600281863293,-48.600433327225794,0.025999264908334464,
4833895810868901504,52.149731494018354,-47.77019854478075,0.3277055849828585,-0.1,1.4,0.27524897,26.232018,9.865818,0.8307922794243859,1.0375012,0.0403870435953992,257.6746181128265,-53.18600278339016,0.0403870435953992,
4835588577739753344,57.450259157561696,-44.54988683763482,0.21442754891108162,0.25,1.4,0.35874933,30.784527,3.6814842,0.24047494910029912,1.0796642,0.0318061692748177,251.07844192581547,-50.493651533618774,0.0318061692748177,
4893365165000419456,71.38065909375732,-25.81778896364019,0.2638172890846828,0.05,1.1,0.33085844,32.068665,4.8517,0.20010478974928747,0.97642255,0.05862403123826962,225.64960254250212,-38.09260952514761,0.05862403123826962,
4882903895977643392,63.437124360501606,-32.348245508036435,0.387492075060794,-0.3,0.65,0.29599425,38.619102,10.7818985,0.6197426929117856,1.050974,0.04986307892475224,232.46886591904504,-46.17377708495093,0.04986307892475224,
4879649513358392704,70.257696556991,-27.353127565251548,0.22249970647739925,0.25,1.3,0.38257793,35.009842,4.1782722,0.21351155213840714,1.0615449,0.07213851865434762,227.23101630030786,-39.45118626208191,0.07213851865434762,
4876606236971436672,74.37305264510515,-29.895130660308105,0.12767260559423033,-0.55,0.45,0.21826914,29.152412,1.8320732,1.0423059659154637,1.1340492,0.026511931952974438,231.43764055389897,-36.53169107101337,0.026511931952974438,
4880609455728928128,73.99763123526289,-27.049146917482236,0.3356342989681522,-0.2,1.1,0.25367585,25.076424,7.8760567,2.9465794212481007,1.0750295,0.027979672818632728,227.91143018048567,-36.15464638960523,0.027979672818632728,
4881021635150542080,71.9903414585108,-27.03139209095519,0.44814006529892936,0.25,1.05,0.47180596,53.244797,8.147305,1.4592677877971232,1.0265898,0.059268534803233276,227.315991058195,-37.87822544459989,0.059268534803233276,
4897971912562287616,66.62771661798735,-23.550907544130933,0.3169101640571794,0.25,1.25,0.40527976,39.288017,5.5055313,0.9495066076437372,1.0291559,0.1015887910447497,221.2828879429179,-41.637016368769544,0.1015887910447497,
4868003073879628160,70.97005980324154,-34.35359773710601,-0.013196890307271225,0.45,1.45,0.36871588,27.192972,1.9638958,0.3807918160259194,0.9927108,0.039653189643024105,236.33286073257312,-40.20054119966646,0.039653189643024105,
4876774771488417280,74.36476845969499,-29.401067797393544,0.17993075300789396,0.1,1.2,0.31885168,28.249277,2.9042873,0.24420671447810463,1.0804468,0.03332800573615747,230.8378400900987,-36.42423704748962,0.03332800573615747,
4870395130145121664,64.0183133404036,-34.33786977993846,0.2505135386138173,0.5,1.45,0.47792298,43.85303,4.19804,0.246818377352741,0.98881286,0.0459731298292442,235.39228002208498,-45.89794981515763,0.0459731298292442,
4923627848164781440,1.50344412387599,-54.891488904901756,0.22546640128888384,0.7,1.45,0.5912357,57.81554,3.3064995,1.1293010378871537,1.0721205,0.043013685246369636,316.45257156789097,-61.02831566700113,0.043013685246369636,
4902511521194310016,11.261996927459633,-61.907735784058936,0.13318937015339571,-0.75,0.25,0.18953075,29.07508,2.0498314,0.030329069660454618,1.0080229,0.041319886664551435,304.2500780197519,-55.20415681284478,0.041319886664551435,
4901860472872001536,8.895004820469842,-61.7187623200124,0.2209385113354898,-0.65,0.45,0.19565032,26.893793,4.6340637,0.6612858370347768,1.0850339,0.0362037122976649,306.2313105559904,-55.307782826152724,0.0362037122976649,
4902757846158929664,14.638033828575258,-61.52426836074749,0.10525491866465764,-0.15,0.95,0.26749963,26.266748,6.4035473,2.2705498017497576,0.9966067,0.027555870756332146,301.43167421372004,-55.58325347091383,0.027555870756332146,
4910079459728791680,17.651076696947243,-58.36034931969025,0.37696499244260284,-0.2,0.55,0.37689453,55.35375,10.890423,-0.0007264120039282181,1.0381192,0.053779437647442,298.1091034977462,-58.588067010037435,0.053779437647442,
4908628963373977216,14.591718307602514,-55.5608214516264,0.223087385440226,0.2,1.4,0.32775843,26.971651,3.3075047,0.40692780188229616,0.94720405,0.05324425667524554,300.8761061234935,-61.53976191041337,0.05324425667524554,
4904765004635467648,1.962401424702435,-61.804662068114794,0.22398008103522127,-0.2,0.9,0.25940567,26.222023,2.1448383,0.4238530577067054,1.0611064,0.028898769990244638,311.7946076190877,-54.5671973778253,0.028898769990244638,
4967463109023285504,36.51355823857797,-33.05353160347887,0.26338233385488596,0.1,1.45,0.32165924,28.748953,7.908716,1.0942370268668524,1.000175,0.057597494797149686,234.85490438802628,-68.74648995281628,0.057597494797149686,
4939690785333992576,32.81848566170036,-48.049120537252634,0.19432150683439708,0.1,1.1,0.33754116,31.657995,2.7990437,0.24033059387498135,1.1010832,0.039969757242341114,271.63750182157696,-63.94071538541886,0.039969757242341114,
4943871025463563136,31.857300451993602,-45.915366527143654,0.34246988228426734,0.25,1.3,0.3987899,38.039837,7.8321724,0.14778892730823837,1.0552497,0.0416339727239864,269.21174009848124,-65.92263441083117,0.0416339727239864,
4952076543302855808,38.4519394554848,-40.11671698096248,0.3082102415828256,0.2,1.25,0.3736133,35.04648,5.7895737,0.49390325561734033,1.0116111,0.05491433881758174,251.02626030062845,-65.181347980433,0.05491433881758174,
4997731083585450880,7.026674351089668,-38.515572805156694,0.24127070525044836,-0.4,0.6,0.23672137,28.073252,3.2228985,2.304291843580541,0.99936664,0.052884973862761336,324.68399889597265,-77.6099625544734,0.052884973862761336,
5004806161737193344,8.05930432537672,-35.86595133300915,0.1630889827476274,0.15,0.95,0.39804313,41.81723,2.161808,0.6329018359249075,1.0213468,0.03725829070138168,326.80754271543833,-80.3549049528325,0.03725829070138168,
4991701288804613376,3.1218316448824397,-44.54044646608781,0.09997127714326481,-0.9,-0.25,0.26392365,70.09905,5.4267273,0.04788695044162057,1.0983113,0.03544944465264518,324.5678255734319,-70.91549479930714,0.03544944465264518,
5007165301373521920,9.109652638338082,-33.28897470228268,0.28635667738949433,-0.05,1.0,0.318549,33.184578,7.814331,0.12258159607507432,0.97953093,0.038920219226178145,329.7515289547169,-83.04050051134912,0.038920219226178145,
5018212236432844032,26.224698212525464,-33.664715705462285,0.3005417841227649,0.7,1.45,0.603857,60.310303,3.3001099,2.7401891378999417,1.1372896,0.03917542928022449,245.75851830465712,-76.76466024157682,0.03917542928022449,
5025833123322953600,27.113058701923602,-25.862829529187046,0.24862840622226212,-0.05,1.15,0.29306388,28.087196,4.809967,0.5912379045907034,0.9480129,0.04414126598708719,210.48884526963388,-77.1878752093658,0.04414126598708719,
5038740805717866752,23.28037944727853,-24.678793682820427,0.30991508622123654,-0.25,1.0,0.25470594,26.870966,6.923132,0.658575482669702,0.99662936,0.05515187474449538,200.60922649556153,-80.3149070185206,0.05515187474449538,
5023046269368337408,23.032132717259753,-29.66666468931392,0.2593828475560134,-0.55,0.3,0.2492476,38.01472,5.3732796,2.37941562053266,1.0405849,0.04604237032827451,231.15253845804784,-80.70224512286477,0.04604237032827451,
5038079518192736000,27.225857724699217,-24.47208517845451,0.20093851837760113,-0.15,0.85,0.27271324,27.30062,3.764944,-0.036089570678917764,1.0074204,0.040565350034235025,204.52787644182035,-76.80403450757176,0.040565350034235025,
5018807553259772288,28.254591143957843,-31.90701490180357,0.26121501625601784,0.25,1.4,0.3642686,31.739038,5.3425274,0.17608067739078256,1.0031796,0.04309684497148683,236.26226020689998,-75.79276922073397,0.04309684497148683,
5065568099161759616,41.50592051906575,-30.51625677795294,0.11310945248585647,0.6,1.35,0.53672874,51.185593,3.242073,0.32800765696364315,1.0045412,0.0615505725313816,227.48032197708855,-64.74295127230414,0.0615505725313816,
5054761446049205248,50.64652929235881,-32.17855836690238,0.34311665398957114,0.2,1.45,0.34778672,30.368668,7.1491776,0.35118660673687757,1.0543131,0.03996649387084601,230.97773497303785,-56.9453031251325,0.03996649387084601,
5083009686473422592,60.5575260951481,-24.820723404112062,0.305364981760742,0.15,1.15,0.3790017,37.91206,6.5154457,0.8036186013492403,1.0902128,0.06900302750459023,220.99143083048182,-47.31370794756284,0.06900302750459023,
5091783823622415488,65.05674430878857,-20.208089917385145,0.17450412326995313,-0.7,0.3,0.20767972,32.511826,4.6924896,1.4949779246969799,1.129926,0.011738287476751949,216.4157009888513,-42.02423326260195,0.011738287476751949,
5087279090122401664,56.46878332038607,-22.820042800075004,0.14964938736926303,-0.35,0.35,0.32169485,48.60355,2.0612984,2.0569402880861096,0.97884566,0.04172113482302993,216.60876390537598,-50.42698587956819,0.04172113482302993,
5109670403905918464,58.65711799501046,-15.74710601044481,0.31264010649113594,-0.4,0.55,0.281097,39.58496,9.688629,0.9374318746747929,0.9925773,0.0531416607169554,207.59608424735333,-46.13358051325486,0.0531416607169554,
5097975276678068352,62.14066855708089,-15.241071731014978,0.18124310655466935,-0.35,0.6,0.2522559,29.885628,6.648098,-0.39722113089021616,1.0281096,0.06252678642186249,208.78365597351694,-42.84604122906251,0.06252678642186249,
5128173226094752384,44.47093564156172,-19.107726727719278,0.27759837015245736,0.2,1.15,0.40559015,41.30233,5.3570824,0.5689625478390395,0.9756278,0.06273887653245966,204.2534656866545,-59.93289515400187,0.06273887653245966,
5129470855973868800,42.48241821544842,-17.923113446924713,0.38610044106103736,-0.35,1.05,0.23702672,26.386047,10.651817,0.5224609810394318,1.0095906,0.06956001081741103,200.54808216174135,-61.21622636338263,0.06956001081741103,
5157294787988529536,43.490445531108435,-14.982874765797288,0.2549962803239625,0.25,1.45,0.35382816,29.945742,4.2793026,0.17176970357643412,1.093155,0.06929822199247007,196.09654619162825,-59.054392719859806,0.06929822199247007,
5172744403827689856,41.14951921237135,-10.85516698826135,0.21172617828741913,0.35,1.45,0.34435892,25.859947,1.6113758,2.481461747494648,0.9975227,0.06852214683443382,186.9607586912667,-58.81930447437397,0.06852214683443382,
5156672601846369664,42.73040792224425,-16.272470569533862,0.047342395104312374,0.3,1.4,0.33232865,25.205,1.5243263,0.23192597564795994,1.0721778,0.0559244452787482,197.6994710271528,-60.29699944874449,0.0559244452787482,
5171601220972610688,37.455655868911194,-11.895041842912248,0.26426229527417533,-0.15,1.05,0.2649922,25.776634,6.1321316,0.7956736282951595,0.9539977,0.03839516998124073,184.30968934185788,-62.355608238152406,0.03839516998124073,
5194278270339700736,103.44009521893643,-83.53516772143661,0.09192043856460863,0.3,1.25,0.35766566,29.194809,2.6459332,0.5224136909256882,0.9962657,0.1197930722144765,295.68061068884026,-26.87649382258768,0.1197930722144765,
5260472576887944576,98.33083038896099,-76.38143952145207,0.41612093502403713,-0.25,0.8,0.29726642,36.60133,9.949619,0.15583693425679268,0.9828559,0.14526187277266198,287.6062136384418,-27.368367371518538,0.14526187277266198,
5385623014747253760,172.88681061942387,-38.265433234366064,0.3758237664006163,-0.15,0.85,0.31171298,35.667267,6.1849823,1.1289113730422422,0.9980818,0.14888731516173442,286.1209432864924,21.984374082202347,0.14888731516173442,
5455471311968338688,159.3225751228135,-29.200336257175397,0.15326660469535724,0.25,1.1,0.3930783,36.957993,1.6427383,2.5722974183072482,1.0479665,0.07018662683153512,270.7368314467921,25.15704954693645,0.07018662683153512,
5469510426185969024,157.6154826273646,-25.45577791175403,0.10499991306207157,0.35,1.15,0.42909253,40.151966,2.9976616,1.0372533683568046,1.02967,0.08060416683173478,266.9938516586108,27.406573778009083,0.08060416683173478,
5473724785536204032,155.31501232646536,-23.60470328168451,0.25261393014175404,-0.05,1.1,0.3086713,31.158482,5.876251,0.00014536597350455364,0.94079894,0.07178030089803639,263.85493644513195,27.64715061841121,0.07178030089803639,
5465757552482298368,152.86045542088593,-28.104127349314652,0.40587160543699063,-0.3,0.7,0.27733195,33.90279,9.174213,1.0244176841367907,0.99872965,0.07529883596596215,264.9955740874569,22.742529517093324,0.07529883596596215,
5475305024262943360,156.32624581673554,-22.72887107363651,0.22989611559255074,-0.45,0.65,0.2345242,29.424208,5.0945377,0.37351773520693504,0.9781223,0.06521027681799016,264.08710548980565,28.907934662459994,0.06521027681799016,
5471523975573696128,160.74177628651938,-23.539129455340348,0.407577410739961,0.15,1.1,0.3984321,41.899,7.2146034,0.7394177221064083,0.9866399,0.11085045081704445,268.44329793105607,30.5938838094771,0.11085045081704445,
5482325612165203584,91.46767281394416,-60.68119890333276,0.02318049198858141,-0.15,0.6,0.32119504,37.87021,2.9794807,0.4001378430843612,0.9702374,0.01594818317992701,269.67228332429886,-28.924324996499134,0.01594818317992701,
5495062595379608576,95.4821884291702,-58.019660956381784,0.2266765044229393,0.2,1.4,0.33722907,28.552874,4.82596,0.45460630205618907,0.99891865,0.027642396870911412,266.9683939922469,-26.57079474908908,0.027642396870911412,
5482037505759148928,90.61508151468531,-61.448073587268965,0.20471238447038598,-0.85,0.1,0.19451532,35.386753,5.548855,0.32637840844347843,1.0355688,0.04432817422424507,270.5152293502534,-29.389446803321324,0.04432817422424507,
5568982590316407296,95.97741669601383,-44.149377934033474,0.25416284828661784,-0.25,0.8,0.26532072,29.157314,3.7152824,0.14770212963634333,1.1249073,0.07528957952855117,252.11820948445518,-23.211521314149024,0.07528957952855117,
5551453763629722496,102.54781369296194,-47.990249586206296,0.3456867507630257,0.05,1.1,0.34482563,34.833374,9.314453,0.27978366619267475,0.9329668,0.09315837058413665,257.5172175262324,-20.00182259637621,0.09315837058413665,
5552218508326051968,97.20020527901453,-47.84311448503541,0.3677637523454642,0.25,1.45,0.35681134,30.452826,6.459326,0.46081130166515444,0.9871968,0.016742338748793217,256.24047869945167,-23.386344379899345,0.016742338748793217,
5571723569724893824,95.13407537749067,-41.643572283590665,0.2654268920053635,-0.3,0.35,0.3770468,62.66516,6.5119324,1.3546028930254739,0.9798713,0.08831931838717104,249.31362478820492,-23.104092118416958,0.08831931838717104,
5671718860870326016,147.63781328152248,-18.342643948723975,0.04220800084760512,-0.25,0.3,0.39099395,63.320633,1.9789352,-0.08853095954661153,0.9735285,0.069135891992755,253.89501900427035,26.84181764550613,0.069135891992755,
5660602626515361792,149.76886113120398,-23.942513771778415,0.38505967674761266,-0.1,1.25,0.2746553,26.118982,9.077391,-0.06981213889662323,0.987848,0.054213388089118894,259.7588894699214,24.139714337292038,0.054213388089118894,
5672691378905123200,151.10540431453154,-17.907237554256763,0.1782273542478734,-0.4,0.5,0.25463834,32.483692,4.3731766,0.039066314283082784,1.1122005,0.051471406937560464,256.24129637225167,29.4439164004729,0.051471406937560464,
5668952691477532672,153.87879287634846,-20.12746509257238,0.20941328209565402,-0.05,0.95,0.31974313,33.433838,4.258087,0.08407524377615172,1.0708746,0.055613198909034094,260.18713784452905,29.516874024206246,0.055613198909034094,
5759800393774165632,138.7597068025997,-3.2288632038515233,0.30531915551445543,-0.35,0.7,0.2509432,29.575401,4.8439484,0.2601898054776598,0.97848254,0.06535580732000863,234.34017361976163,29.693212682554975,0.06535580732000863,
5736643682461190656,134.61173993022322,-12.12113858007466,0.31725762510585387,0.05,1.0,0.3539647,36.704247,5.4621506,1.25720741974614,1.0442911,0.019675042275352793,239.81599741664968,21.23323192966722,0.019675042275352793,
5758028358987121024,138.8627432228598,-6.243700961935839,0.12657420783067685,-0.3,0.65,0.24219596,25.856482,1.2931385,0.9049072375857737,1.0402069,0.07164498347739878,237.2402743607252,28.064675734326393,0.07164498347739878,
5758368206864300032,137.14459857505082,-5.369311446118019,0.0734006714519646,-0.8,0.05,0.19927958,34.539867,1.2083244,2.963727147070044,1.069419,0.05415126854932993,235.32926114014742,27.159686536777187,0.05415126854932993,
5736499440279539072,134.00630390582512,-12.741901483064591,0.28339842623728906,0.6,0.95,0.9536595,161.5938,7.3126526,1.6403384193729915,1.068071,0.06973447952040908,239.9864604789918,20.3909020283502,0.06973447952040908,
5745314087559817472,141.12972503418354,-6.872360151805995,0.11252705807110175,0.35,1.4,0.3639517,28.88634,2.2342205,0.3519276697931262,1.0287762,0.0766809058373749,239.32969541664073,29.51889686090343,0.0766809058373749,
5777992225976784256,254.2555630988525,-76.44476369869948,0.1897574803920925,0.2,1.2,0.3727639,34.88731,3.0264435,0.08887073416438698,0.98377967,0.1492596984815009,315.58817247966283,-20.085101879358337,0.1492596984815009,
6120502982930299904,210.81756043163972,-37.76322551590495,0.3020427027036856,0.4,1.3,0.45754817,43.690414,4.9679604,0.5251097386206307,1.1324562,0.07289855179993035,318.28165664120473,22.958074566529675,0.07289855179993035,
6118278018074554752,216.41990819064256,-37.34137777334158,0.17340745733622942,-0.45,0.55,0.23992813,30.795818,3.562973,0.1149839347959659,1.0126942,0.09232352003629647,322.9526111267724,21.839359452286804,0.09232352003629647,
6124813343386498048,213.7935713043028,-30.691928443980412,0.3400504652424905,-0.2,1.25,0.25719354,25.776707,10.703724,1.0410476858024618,1.0478907,0.11342446305169115,323.4609440703109,28.82008766215769,0.11342446305169115,
6114354582629707136,210.28162869343632,-39.08302450117828,0.3964952637906958,-0.75,0.5,0.17960104,26.10834,9.553064,2.8236012360276304,1.0331264,0.07665590800418048,317.4298793339076,21.818820280208445,0.07665590800418048,
6122517837985435904,211.03782492185226,-33.85530687361744,0.3711668860443682,0.25,1.25,0.4093115,40.07359,7.2924843,0.3879981753241366,1.0411531,0.09305236341864641,319.77881396930616,26.62650943562744,0.09305236341864641,
6120298198885778944,217.2165888810076,-33.509307905025125,0.10800784859263768,0.4,1.35,0.3769026,29.64632,0.22722626,2.3762187453122747,1.1948366,0.11431025415296825,325.2502191117338,25.10528796552718,0.11431025415296825,
6114925813275434880,207.22836064869375,-39.07699409054724,0.14348953840959489,-0.15,0.8,0.29010305,30.893324,1.6088428,0.6201483690071331,1.0763271,0.07378490986293337,314.96312350350263,22.44825874784056,0.07378490986293337,
6119312967759054848,215.84327168762647,-36.41562382137099,0.3646093111699278,-0.15,1.05,0.28413618,29.635557,8.87145,0.4089530254486665,1.081996,0.09012735346671098,322.87190188760746,22.870957299236178,0.09012735346671098,
6114598193170908800,209.15923371154634,-38.302252441090126,0.15860607527227444,-0.3,0.4,0.32688287,47.099903,9.968296,0.6294390223122924,1.0199091,0.08999795197769657,316.7560064826256,22.813000104046388,0.08999795197769657,
6119125019987274880,217.25839041142692,-34.998803644707934,0.28075533099303573,0.3,1.3,0.40834537,38.054535,3.8621216,0.5455048365926798,1.0763342,0.117437979334865,324.62495997850374,23.72845387106993,0.117437979334865,
6106343399169433600,219.2481750555852,-38.17264276231058,0.28305518457408674,-0.45,0.65,0.2288496,28.017523,6.422037,-0.18026286673016043,1.0287092,0.13424585849404672,324.78701702822536,20.17858206484118,0.13424585849404672,
6140891772501111168,197.01207560460364,-40.25491175358435,0.3905809156531532,0.1,1.25,0.35489273,34.99646,9.52103,0.9709006858405418,1.0907227,0.10157245632461573,306.36139920195694,22.506205365431295,0.10157245632461573,
6148432605499157120,184.26808874741243,-41.10378219518726,0.15720308737967592,-0.55,0.4,0.23845175,34.79292,4.741432,0.5143051929866069,1.0124649,0.1425527402253994,295.99234203076435,21.304445178758044,0.1425527402253994,
6151688633089191936,185.1203409548765,-37.30559768126124,0.08569671219895447,0.15,0.95,0.38083485,38.279686,2.0901947,0.24758322650329584,0.99324125,0.11949747331971838,296.1357258749679,25.157302177273507,0.11949747331971838,
6186743473259096832,198.7328946297687,-26.46595930719906,0.27088299493104895,0.55,1.15,0.60975695,68.62056,2.3331757,2.5050508556950324,1.1165749,0.13170033104023923,309.442598083369,36.10861160166038,0.13170033104023923,
6178849151570332672,208.68492695887284,-25.22736038063869,0.07762713198071136,-0.25,0.35,0.38177177,60.36884,2.9098282,2.9127003943816088,1.0669956,0.1360917169316803,320.5639931697321,35.46762962350869,0.1360917169316803,
6174211686402636928,210.32995027047153,-28.632299494531118,0.19761471149652632,-0.1,0.95,0.30863914,32.9824,5.9758186,-0.14932942131473478,1.1222353,0.08552080139842093,320.98906449048167,31.777330989794955,0.08552080139842093,
6163294566732106112,205.554849687614,-37.5174986975192,0.09960647956929947,-0.55,0.35,0.22452652,30.847866,0.88586044,1.4098399800663624,1.0344461,0.08032131151026885,313.9549879550203,24.264894324499362,0.08032131151026885,
6166002629510663168,201.42630739113307,-36.776761272244315,0.12205590617937112,-0.05,0.65,0.37773773,46.662125,3.6595001,-1.4179449158066253,1.0650173,0.09457315652591074,310.5339057680212,25.588652024504388,0.09457315652591074,
6215089260985641600,219.58264767198037,-34.51053054401967,0.293663802156062,0.1,1.45,0.30844814,26.435905,6.8115387,0.5869064413012739,0.9982912,0.12092780958271489,326.73957420205875,23.3718668475899,0.12092780958271489,
6289338903246666112,211.30210855425733,-21.320708043175895,0.10043993762957726,0.3,1.2,0.38300818,33.4786,1.7888451,0.3519592061501319,0.95228815,0.13860117084621304,325.0104289888254,38.36773329595175,0.13860117084621304,
6372832380287305984,307.7072377485085,-73.77250242547703,0.13247368629703793,0.15,1.05,0.3561185,33.472187,1.2963982,0.16836520711173336,1.0234767,0.1159011616265271,320.4990842660267,-32.84217880758737,0.1159011616265271,
6385885400078029312,338.21853830762285,-67.8216406274454,0.41671623944983516,-0.25,0.5,0.35965082,53.57563,7.8824234,0.7940793721097081,1.0465707,0.07437584036363273,320.38447702547666,-44.319082249574755,0.07437584036363273,
6381951901526400512,337.9353346139374,-73.55760908726242,0.22775962576430953,0.3,1.25,0.40127638,36.748394,2.5308914,-0.2996321056725211,1.0399904,0.07900945222053786,315.1590779937525,-40.08188049286526,0.07900945222053786,
6389794266995214720,350.3896518374272,-66.7017764932325,-0.1190596290411996,-0.75,0.1,0.21392587,37.041466,5.732708,0.6660845725490934,0.98318046,0.01900737082660123,316.0092672216996,-48.08046064201693,0.01900737082660123,
6406694486563875328,338.2702198770458,-62.04903559455184,0.5343864816614508,0.7,1.4,0.67429185,75.20022,8.617455,0.47415337726116746,1.074289,0.05227669742959209,326.4913755389219,-48.263112000300744,0.05227669742959209,
6397353138853851520,326.08789175250433,-66.72993542124271,0.2724307909927832,0.15,1.05,0.38625205,39.376453,4.984047,0.529071767106777,1.0022079,0.0577694281207421,325.45345709967177,-41.27754343545748,0.0577694281207421,
6424902845798121600,308.0476313409671,-67.10919797728243,0.25251140339599765,-0.45,0.75,0.22302967,26.610603,6.212734,0.3703199004254341,1.0163995,0.07590814839181179,328.23868604976394,-34.56962631458474,0.07590814839181179,
6445700447537507200,296.0325665270442,-59.51293978481155,0.09149822240568284,-0.25,0.35,0.4191899,72.78248,7.3200607,-0.652331817526787,0.99456996,0.031134671022908008,337.60174469806356,-29.72528258427684,0.031134671022908008,
6481869019973061248,310.5256927341332,-48.802046199616676,0.0257110415367805,0.4,1.35,0.36311397,27.51683,2.349636,-0.6593863733527148,0.98678476,0.0654767688114329,350.6644728918226,-37.972622785360784,0.0654767688114329,
6484441744039568000,312.261506254879,-44.767064910518066,-0.00870468646850231,-0.65,0.3,0.19801338,27.54736,2.603428,0.1374885659002609,1.0151658,0.05498673497436026,355.83016343053083,-39.147761175670965,0.05498673497436026,
6453228052034681984,319.43215211130683,-59.193152224252174,0.3700450741344925,0.55,1.3,0.5783047,61.724026,6.988415,0.5034347826582055,1.0624199,0.05217016050071991,336.26930053864334,-41.54672754314188,0.05217016050071991,
6457705671403585024,314.94385679991393,-56.56005926512072,0.35269185801456615,-0.6,0.65,0.20638415,27.91571,10.997406,1.032193225534381,1.0089787,0.09434136075989043,340.39913434085076,-39.86697763141314,0.09434136075989043,
6464332294841090432,317.1591108306649,-53.10832430243688,0.3445322620845399,-0.15,1.05,0.28798446,30.443747,8.95225,0.3649801523561488,0.9744229,0.09020490573048905,344.58412125908615,-41.74000622029438,0.09020490573048905,
6466057909621973120,320.4061396172869,-52.3854265428157,0.14574639938574663,0.1,1.2,0.31262437,27.156612,2.6840477,0.45961022198918,0.9594163,0.04274502404269319,345.0412509063879,-43.806993294404926,0.04274502404269319,
6479880420050234496,316.4713020149522,-48.21890483369368,0.07175415167467847,-0.55,0.25,0.23617774,34.132473,7.729183,0.2089798368250588,0.934217,0.06033490645371488,351.16912852564843,-41.934539855717794,0.06033490645371488,
6484675287180344320,315.1407781688413,-44.24870309865372,0.382198728857297,-0.35,0.25,0.41311583,80.15366,9.97171,0.6128445102852119,1.0187907,0.06802854409714586,356.52712412756665,-41.19738097011679,0.06802854409714586,
6492593763763995264,349.9115571337122,-58.117366848313374,0.0736726932669356,-0.3,0.35,0.30810517,41.84404,6.7230606,0.7518026219941624,1.010649,0.030681514245151878,324.0231550875887,-55.091122442964924,0.030681514245151878,
6489595326835573888,353.4120251319862,-58.19276889905618,0.15128343681660805,-0.2,0.7,0.2756336,29.605446,1.3525581,0.6999222003342901,1.1244609,0.02743246671871327,321.2606969404865,-56.08071237995343,0.02743246671871327,
6517059203152633600,337.76143083451456,-49.4119554292684,0.25519229883965266,-0.15,1.1,0.26695818,26.160528,6.881548,0.9202059521428401,1.0919745,0.030363201287730356,343.7482683876608,-55.08782625307652,0.030363201287730356,
6520295203312602240,338.3806836805122,-44.718061053576044,0.16787574077739897,0.1,1.2,0.327106,29.730825,3.5604877,0.18443405337072058,0.9658645,0.042722135287692434,351.174952645746,-57.36821122285721,0.042722135287692434,
6518589311021683072,338.03391826297326,-46.503825893957874,0.31851545930628244,0.1,1.4,0.32093117,28.61895,6.588768,0.3620463930004633,1.0115649,0.04103115261496724,348.3064286483673,-56.4752124265569,0.04103115261496724,
6521592901911810048,356.8120097336107,-52.65078612557857,0.18306005099763478,-0.2,0.7,0.3112095,37.740967,4.4934464,0.3097770563359273,1.0788554,0.04351472539512981,323.72500272202177,-61.80884774592033,0.04351472539512981,
6527592524546639744,350.60120158355795,-46.575126568989866,0.09235832355208196,0.25,1.35,0.3257714,25.384945,1.4330292,0.2701384912661792,0.9980686,0.040569900170113346,339.0912774318838,-63.8137439353463,0.040569900170113346,
6565434583742139008,324.86164433868305,-45.10245359371248,0.42496687356045726,0.05,1.3,0.33182544,32.256393,9.81081,1.8647086580907253,1.0403452,0.06288172860603813,354.57637176928347,-48.01879149587182,0.06288172860603813,
6582975818591282304,321.43386453192824,-38.26720112964073,0.20146734056954863,0.1,1.2,0.32263103,28.922922,3.0720348,1.2017980764249572,1.0386834,0.036746457222226935,4.8158521972396855,-45.89787632545989,0.036746457222226935,
6571067867143999616,328.77712333580325,-43.473042149507926,0.17732469917315097,0.35,1.25,0.40484798,35.74283,1.7292366,2.4312600463067673,1.0283338,0.028159341107739943,356.3556098692038,-51.047940032236596,0.028159341107739943,
6626730261046834944,335.37514919381135,-23.296706910393965,0.5162391682703635,0.15,1.2,0.3992673,42.07484,10.751492,0.20419367155880536,1.070193,0.0519148444488334,30.918209979546535,-55.99434988403116,0.0519148444488334,
6625683805150071424,335.8944851088271,-24.74771043601442,0.02848836876136307,-0.85,0.05,0.176104,29.00491,5.298416,0.46932925800290604,1.0454059,0.04247628475319885,28.56554835863411,-56.791273245633356,0.04247628475319885,
6620093127825194624,331.1062991246379,-25.920604109970313,0.10970784874411343,-0.85,0.25,0.16417693,25.209103,1.9822655,1.1333740590344736,0.9910341,0.041483099007828574,25.034206886094356,-52.79512058531117,0.041483099007828574,
6613234825262856448,332.76432770826324,-31.021943798327936,0.15582240672944092,-0.05,0.9,0.31511363,32.47268,3.945652,-0.051121312453632155,1.0881305,0.029339909922258125,16.790198376862545,-54.92898539132024,0.029339909922258125,
6598124821078000000,334.32213980813214,-36.86102974075996,0.3681702195711214,-0.05,1.1,0.30416864,30.256079,5.2847576,0.8080584416988434,1.0920315,0.03472583758305289,6.433707619319588,-56.1520910193488,0.03472583758305289,
6664236496754279808,289.0191308813572,-45.83434604931613,0.009210869603652583,-0.65,0.25,0.20041989,28.221012,3.54636,0.31423892097860323,1.0873522,0.08180653338267614,351.83037639961947,-23.180237785607197,0.08180653338267614,
6660232419003297920,291.44068620978214,-47.12115447899245,0.26739794796482563,-0.3,0.9,0.24042085,25.478855,7.298439,0.7321640131403427,1.0281379,0.08384109277731323,350.92908814916274,-25.11923164970581,0.08384109277731323,
6640106133534004096,290.9190640633206,-56.431370704946175,0.2525848396607291,-0.7,0.4,0.19841969,29.677187,7.391348,0.4657522579301305,1.0049834,0.061452476306097716,340.71576551601504,-26.675139709166636,0.061452476306097716,
6640619055707489152,295.30320392344794,-56.48675772104328,0.14478622987897083,-0.8,0.1,0.20761931,37.491306,3.987957,1.5884453707127162,1.00995,0.10278321741123256,341.0250469940885,-29.082271145185562,0.10278321741123256,
6647233270984121856,295.5703048854833,-48.79880563595215,0.21193110338746024,0.2,1.3,0.3487628,30.539371,3.9253273,0.062188793894540455,1.0528541,0.09247898187900752,349.72557817672833,-28.168966962855112,0.09247898187900752,
6646712068112784128,292.4769181338155,-50.2619357848539,0.061219640333955994,-0.85,-0.05,0.20621538,39.7718,2.574749,-0.06663500546485274,1.1405593,0.14342576229902118,347.6882502868278,-26.467751481254137,0.14342576229902118,
6661045572274984832,285.6220322866,-49.7541077184226,0.132923492693088,0.2,1.25,0.33691075,28.498991,1.7892208,0.3041488694582312,1.0360029,0.13023723534667714,347.0666252770783,-22.071027517359358,0.13023723534667714,
6677643907181830784,313.2193185447743,-41.26427750687272,0.24620635278134806,-0.05,1.3,0.28084216,25.793388,5.501974,1.0141196529990586,1.0202001,0.09487139711485272,0.39811765808239014,-39.70682567034424,0.09487139711485272,
6683613671205885952,297.13020264907664,-46.063540449193106,0.38343179498934177,0.5,1.3,0.5642569,61.127636,8.406948,0.3405311509570013,1.0374701,0.05721314908534959,352.9996710966945,-28.72336791053217,0.05721314908534959,
6672725070116041088,304.0881182896771,-45.947307488661316,0.02090792991740642,-0.65,0.25,0.19790757,27.517925,4.4233284,1.8319403667086638,0.9766067,0.03252149686484126,353.93291412765575,-33.489690813181056,0.03252149686484126,
6665523578191725440,301.82515305343026,-52.83721641274765,0.00646417013867584,0.5,1.3,0.4157029,33.177986,11.044674,0.6364722486679049,1.0233039,0.05732114653562409,345.6028608912774,-32.55526458196423,0.05732114653562409,
6665476672852215296,301.38046821218626,-53.21688395619561,0.2529364937961702,0.15,1.45,0.310242,25.403654,3.5653706,-0.12012308604056031,0.9813469,0.05796814290333914,345.13651130208285,-32.30879869173456,0.05796814290333914,
6673595020035129984,300.3821666081269,-44.704476015986735,0.39941465647553276,0.5,1.45,0.47293788,42.942966,3.488926,1.2442117547742884,0.9255051,0.07328674446904056,354.98670062705685,-30.744691020944572,0.07328674446904056,
6683392669368232320,296.6944087526156,-47.28977747864794,0.2091534233611565,-0.1,0.85,0.2914206,29.404972,1.9877148,1.5273529861828796,0.9951968,0.04022279050242512,351.56358805237136,-28.64667803874219,0.04022279050242512,
6684609004106894336,295.96985626118334,-45.7036294555022,0.34108063783280507,-0.7,0.6,0.18790494,26.61519,10.899504,0.379970279972744,1.066557,0.06743636893901511,353.22794386522116,-27.862231180515867,0.06743636893901511,
6681365685322146560,310.22080715642176,-39.6449919724988,0.39759196083440074,-0.05,1.45,0.27872676,25.406282,10.462908,0.33997182283755667,1.0547143,0.054884536763370614,2.2062058906356166,-37.293334913371986,0.054884536763370614,
6698149695961692800,300.3614239796629,-35.8229359030218,0.21387530907748342,0.35,1.3,0.43642452,41.535866,10.677551,2.5961620182407534,0.9791139,0.09003863808324243,5.01653418728971,-28.94046213574644,0.09003863808324243,
6710830535364373760,285.0152404913157,-45.87406631376722,0.23748254341934238,0.4,1.3,0.47519234,47.125,4.520813,0.1041019768276975,0.9966995,0.11419086656320553,350.91147526249745,-20.52517631784744,0.11419086656320553,
6712096996662775552,286.0600881933051,-44.303876227933785,0.2119485112559154,-0.5,0.3,0.26291108,39.52862,5.158367,0.32171642412978735,0.9678201,0.10442925526431818,352.7515215650225,-20.735138823519346,0.10442925526431818,
6790900438134816640,320.62323457838136,-26.624949551443,0.33443719873934086,0.2,1.0,0.4273859,45.86064,6.3694572,1.3371466671842156,0.97564435,0.048120405946179286,21.00995637596012,-43.75590059345607,0.048120405946179286,
6797785893481884032,307.06556573313776,-28.941369268573816,0.3692896503387919,0.05,1.15,0.34595284,35.061478,10.369766,0.6166359480993676,1.0519339,0.07543413960289339,14.431942870311905,-32.68349788317393,0.07543413960289339,
6808825539979798144,313.44176307309465,-21.306068546547998,0.13682390137679157,0.45,1.15,0.5035106,50.70961,1.9282303,2.973781318016545,1.1316386,0.08926390674416079,25.31631233243504,-35.98246704015669,0.08926390674416079,
6784645664377184384,320.5760534457969,-30.435094110163785,0.10648768053971835,0.3,1.45,0.34927303,27.840773,3.1434765,0.32638000460943073,0.96041507,0.04187953918882666,15.79371810600542,-44.46034624146029,0.04187953918882666,
6796028392864499968,306.002882853681,-31.950841326821067,0.33189380782736766,0.1,1.45,0.31726277,27.968431,7.251627,0.5391792538668793,1.0151258,0.08572965253265773,10.700024578578198,-32.554728515488634,0.08572965253265773,
6796647417911592576,308.9504670287643,-30.340106323651153,0.25830517551552745,0.25,1.4,0.3711065,32.94181,5.4145966,1.6552261036855196,1.0805601,0.06357140972261045,13.299964558035992,-34.620588742431885,0.06357140972261045,
6796505237313128064,308.1499272692775,-31.1208056913359,0.0772927566614694,0.1,1.2,0.30674624,26.14499,1.7060127,0.2647291771972376,1.0644071,0.09309276912539947,12.183955234519185,-34.136189919643336,0.09309276912539947,
6809359490313887232,315.0900088816453,-20.134381037099295,0.1924822824280774,-0.45,0.7,0.22702758,27.57317,4.4194965,0.7895653059160943,1.0571593,0.14345888740289606,27.320885477541918,-37.05689328948899,0.14345888740289606,
6773856912688718080,314.96325235716574,-39.79839965377704,0.171063413934041,0.15,1.15,0.33237934,29.158358,2.2946358,0.3583492800550262,1.0617553,0.04318646940670731,2.4238306448499896,-40.93991582830698,0.04318646940670731,
6778915044133607552,313.780911038908,-35.30937743644229,0.381266127662804,-0.7,0.3,0.2242964,37.922577,10.666164,2.6233756421427907,0.9998272,0.09571697875918136,8.150650737455118,-39.55038576273463,0.09571697875918136,
6792046472847935360,311.03906611485286,-33.55257148841147,-0.002905158304297828,0.1,1.0,0.32261494,28.920038,3.4834347,0.21821138639704718,1.0282981,0.13588891397942585,9.890598956512282,-37.0333556830861,0.13588891397942585,
6812564291829916032,329.56871543236673,-24.88358610471937,0.1783747106446878,-0.05,0.75,0.3610255,42.624527,3.473343,0.13899150368616164,1.0584882,0.08563642338101038,26.202701297588096,-51.21802001384855,0.08563642338101038,
6811701518799663616,329.04458215167,-27.047521175309342,0.1683794951082218,-0.55,0.25,0.28123707,48.39884,9.282696,0.1858989454542978,1.0774225,0.04772176429956866,22.667569557495966,-51.19740966235978,0.04772176429956866,
6817373757552843648,325.20215109905206,-22.671527512073812,0.007992001352441491,0.4,1.4,0.35813302,26.767096,1.9672508,0.12213984291205252,0.98640174,0.04348399852663046,27.93413653304372,-46.79428575232709,0.04348399852663046,
6829877614238086784,324.13663208402824,-20.96698626946012,0.09740884250644744,0.4,1.15,0.4384556,40.120262,1.5591431,1.516989001411436,0.98188204,0.08031788918965978,29.86753554830333,-45.350244674686365,0.08031788918965978,
6888297725038761728,315.3387848442767,-13.982458658375855,0.08138656839818204,0.1,1.05,0.32275817,28.945724,2.7530098,2.751816901729922,1.0565931,0.059888166869636966,34.510741588470225,-35.025100207066686,0.059888166869636966,
6907062196637163776,310.94956806945424,-7.264180893635464,0.25863941587073125,-0.1,0.85,0.31802812,35.01961,5.7172165,0.38372330219576245,1.0121163,0.05462374818221215,39.4796552340036,-28.25212100884207,0.05462374818221215,
6914484312441584000,310.63349163296505,-4.6984812187277205,0.1725882765570148,-0.85,0.2,0.17091937,27.322205,3.7686882,0.2711633781993438,1.054572,0.0650759258904123,41.88123814444062,-26.787215030170266,0.0650759258904123,
6892055679689830912,319.2492174351999,-11.994093344983693,0.46222377779298185,0.7,1.4,0.6539523,70.73192,7.5475693,2.189576286726823,0.9948077,0.07212923024558877,38.709220788298964,-37.67913643732832,0.07212923024558877,
