source_id,ra,dec,residual,alpha,alpha_upper_2sig,deficit_G_mag,dchi2,chi2_fit,cstar_nsigma,ruwe,A_0
3851696607014656,46.893292178269135,5.4497144261347445,0.4174096149991833,0.1,0.95,0.42571995,50.359097,11.785759,0.1755099123743109,1.0989621,0.22993307982684327
35773783336621952,44.28250431602619,17.92168865014615,0.13925715164721275,0.2,1.25,0.31704026,25.23647,2.7603092,-4.062876362479739e-05,0.9966745,0.7080033763720425
44315683015554560,54.01004377717397,17.195533344360335,0.1906686812811751,-0.6,0.35,0.22398125,32.87905,4.396744,0.9365075820506222,1.0761455,0.41007303419663155
92807027721985408,31.118451484638264,18.92642596569998,0.22042457087787248,-1.0,-0.45,0.18632506,40.52455,10.46035,0.13526338079529113,1.0072773,0.26338591280885143
83278870409384064,38.93784738367769,19.03498790887815,0.4729247880232039,0.05,1.25,0.34559324,34.98863,13.318115,0.6141084900939073,0.97867167,0.2863109489936003
92747452230844160,30.851455443868954,18.287378794739134,-0.1302595361857044,-1.0,-0.6,0.16023478,29.970171,5.796232,0.1656626984829669,0.98306286,0.2124486658030036
95606831002952448,27.261350768599087,20.09184399498957,0.27048965917513534,-1.0,-0.2,0.17684057,36.503918,8.219318,0.5430550776112957,1.071411,0.20842116047251538
84420541435885568,43.69191965092023,20.366100611331625,0.2647275539055869,0.25,0.75,0.67128414,107.78619,8.7778015,0.5382034254070044,0.9365605,0.3359338893363033
126782967812516224,40.858923910110136,26.932861452496482,0.1426697275021498,-1.0,-0.35,0.19595782,44.822994,6.2044067,0.33425790997337973,0.97737914,0.3580490462453547
121201576207613568,54.15240798667657,31.07648554371036,-0.09586768577822546,-1.0,-0.65,0.18419467,39.603153,8.754627,0.9580027482482107,1.0458367,0.10197688271029846
121011463775037184,52.23601382984247,31.03295700365861,0.09627319339432283,1.1,1.4,1.4075252,259.77045,9.714966,0.20651423708268468,1.0401162,0.6791102642960829
133534282743451392,41.019042259390325,32.36906455329913,0.13230399444898033,-0.15,0.85,0.27789778,28.348507,2.347355,0.009559513400201074,1.0654606,0.3475225218921142
116370184676073984,43.059415724718875,27.636320584446512,-0.11639091152924141,-1.0,-0.25,0.18820651,41.34709,5.4199295,0.17749866087098554,1.0030093,0.44572016771842526
139720994152319488,42.267705224014676,33.70149844711913,0.19833173455072917,-0.05,0.85,0.33500597,36.701927,8.724049,0.40030229656422245,0.908088,0.2497483725016375
195798453695012352,83.18558855067367,44.05435823714274,0.2716187232487517,0.4,1.35,0.44688034,41.67686,4.4384613,-0.10592989616677753,1.0039421,0.3704382217058383
195216988141320832,80.53268708350218,42.205323519489056,-0.038589867634132524,-0.7,0.1,0.22577216,38.42324,1.8253479,-0.10890506731125725,1.018659,0.15162076027684399
195217430520127616,80.50348703547888,42.223643148896294,0.10942994283394647,-1.0,-0.05,0.15865625,29.382591,2.1328335,0.012133765478527264,0.997895,0.0354733019972957
188919393557240960,78.44857873282015,40.221114911528325,0.11184507296409407,-0.1,0.9,0.27330306,25.862429,2.2050838,0.27694188606396075,1.0378567,0.2792734033967493
187574003639853824,80.05886914034053,38.12558624390402,0.23701789603081735,-0.45,0.45,0.25279278,34.186825,5.5779495,0.4627702875136947,0.91119677,0.20997694951373408
187523670921606784,80.3179087543903,38.07052636466787,0.12773994732025606,-0.6,0.5,0.19622795,25.235836,1.8507576,0.3957722916532318,1.0123891,0.32683881924963154
205778312721329920,75.36664265693496,44.555794974492635,0.04890405329607539,-1.0,-0.7,0.2409638,67.77652,9.572586,-0.4538601903668623,1.0644895,0.2296632826731877
205018137870618368,73.45747822429894,42.93152941377199,0.14008563894834314,0.5,1.4,0.48142925,44.498848,2.5305061,0.7315360051842187,1.0989134,0.3485842918516602
182104659143715200,79.25770321664675,34.688656266866026,-0.022444665002829822,-1.0,-0.5,0.31758574,117.732834,12.583359,0.2612603747733718,0.986002,0.35346009517086513
182202099063577216,77.84577879549637,34.371506645357286,0.21943235046294518,0.3,1.35,0.36758423,30.836485,2.5744648,0.1328366252593741,0.951339,0.5454648178940511
213337111564146048,79.8619157172893,49.34994424766221,0.3645789386177256,-1.0,0.05,0.16587383,32.116734,12.631054,-0.012740692472156326,0.9589929,0.4227308497260616
205844249058706048,75.55607204605944,45.0312106404002,0.020692311375703376,-1.0,-0.55,0.24808608,71.84233,5.956749,0.2791997121421615,1.0193529,0.41759916790313617
198962229685989376,74.92933289855513,38.86282910639971,-0.061264688777967535,-0.55,0.35,0.2039899,25.462856,3.1455154,0.5788269757718882,1.0381602,0.2909761802057851
182293289810763264,79.21966964013293,34.77120468559789,0.19726999790015753,-0.95,0.05,0.15351778,25.53643,1.264471,0.24831114418572237,0.89399976,0.37817992415256807
192337195388285568,87.39836650257402,41.76165851610528,0.3066629046643303,-0.65,0.3,0.22424005,35.327858,9.001644,0.7994235660536457,1.0658187,0.25339987591703006
208966239309499136,81.71664473073352,46.0279417821175,0.18950535533626756,0.35,1.45,0.36609244,29.227148,2.0985699,0.698637797147954,1.0640146,0.4175628926071224
180518712403243648,77.44896719975209,31.3838290643422,0.3217633998326139,0.3,1.35,0.36148983,29.82245,2.5846767,0.15370855288200605,0.96995693,0.39209456362848494
213168199090702592,77.36670524899743,48.15252821962404,0.26182901816426707,-0.4,0.35,0.31556046,49.88649,7.2256737,0.3258508992658765,1.0468878,0.17720521454405586
237496749282776320,54.6865055879689,42.33150190127259,0.1693315297845972,0.2,1.25,0.3521968,31.143728,2.5194645,0.3509253520047534,1.0205473,0.31422334475842073
245209651553812096,57.256100561882235,46.486278391182886,0.3360100587586965,-0.05,0.65,0.41908112,57.43544,10.041893,0.20160330093122958,0.95949185,0.45848934876253394
238207824069127424,53.39324643258411,42.491587331576305,0.3753050329344667,-0.4,0.95,0.2283142,26.114616,10.043053,0.38797625412159203,0.9968916,0.4102319829017195
230398061696422656,61.3105408285642,41.36630060263298,0.08670936212275215,-1.0,-0.5,0.14864081,25.790024,7.1106186,0.4204574223494182,0.98974425,0.19305985528731476
233826064074079872,64.62918817280524,46.693216963167714,0.005530121689199419,-1.0,-0.3,0.18220015,38.750126,1.351471,-0.2701128585966563,1.0038061,0.47971900859631544
239006035147402624,47.177431867004884,40.148958734063946,0.2301618210382621,-0.4,0.6,0.25164005,31.72322,9.540993,-0.09595651555928453,1.0644718,0.13854078845458082
239051561800772864,46.946423573209444,40.06802905597207,0.2516528235400468,-0.65,0.5,0.19703099,27.274702,7.0557423,-0.6908293738455918,1.0480673,0.3633699060068571
254655762105806080,74.10409843001193,46.597598693369314,0.447220656013986,0.2,1.4,0.36982134,34.338688,11.340809,-0.2519196283402001,0.9610925,0.4717342431188487
259427883089806080,72.66117151442103,50.43326250095853,0.09666987379428527,-0.85,-0.05,0.20047186,37.587204,5.012764,-0.4831725548664088,0.96427846,0.15854102329129374
255223075744529024,76.7465588509987,48.271496523201364,0.31157110118750975,-0.25,0.85,0.28237247,33.025536,9.85424,0.8971179457102374,1.0336351,0.1897097318661118
261355047796379520,78.54646070040243,49.09778581960744,0.348147222839124,-0.6,0.1,0.3070867,61.804203,8.793354,0.9889676935996721,0.98729235,0.26037247297433047
263270156531982080,79.55874595041608,52.80610316689474,0.1872563812868311,-1.0,-0.25,0.18253174,38.8913,7.145611,-0.09817210358922061,1.0502415,0.30676299108921035
283793851031128576,74.76181060353315,58.310818226335705,0.1041079458563674,-0.5,0.5,0.20989698,25.194529,4.10787,0.013532409402642206,0.98468775,0.5041863424557388
289209736069994112,23.356720516613095,22.525007490958213,0.06321869523795876,-1.0,-0.6,0.14941685,26.060026,12.115374,-0.39163859574710913,0.990195,0.24983582439085103
309641788850320640,18.087001142053538,28.908883576194636,0.039955257282310086,-0.55,0.35,0.22100195,29.886978,3.6964912,-0.31134153457161823,1.0290495,0.13543906102868541
303915360494320896,25.62982434877372,32.20335479610578,0.27617023388105366,-0.1,1.05,0.27096164,25.421196,3.4115448,0.5382335312302792,0.9677394,0.10554842817638943
323951898326756608,23.441413878559054,40.495918213241396,0.2917055511940765,0.15,1.25,0.3453979,31.487225,4.510029,0.5492619586146965,1.0581254,0.10535127889433318
337078280457007744,41.066415042087804,42.22517826606669,0.11244270553758007,0.1,1.2,0.32971534,30.207045,5.86384,0.7700038610492409,0.98765975,0.06058507498531775
333325265017985920,39.4574771406248,36.44664749911754,0.39660870986463514,-0.5,0.5,0.25972337,38.575882,12.650192,0.5609295347793778,1.0620681,0.13114306832606784
357901583282161024,28.135413945862254,49.94077109636994,0.21044167450114948,0.45,1.3,0.45404872,41.236134,4.32901,0.2942396664107265,0.9810906,0.22477683950351213
356570147716568064,31.321943037983047,48.13551943270416,0.2520005985674718,0.05,1.3,0.30736476,27.676083,5.8900223,0.21987572424059568,0.9742207,0.37011229236020693
344797607998311808,31.46652891563377,40.75654830562677,0.16943193836561043,-1.0,-0.5,0.20229653,47.769703,5.63126,-0.23845831143093946,0.9743504,0.13244951167614724
357172027253377792,28.161403176114348,48.55577655651764,0.11561630861236427,-1.0,-0.6,0.19712341,45.357815,12.398632,0.6901081052731705,1.036974,0.3175547750115129
340409762033061248,38.499563641569864,43.51908126696797,0.013837980471009814,-0.9,-0.1,0.20536198,42.441982,2.6376228,-0.11355501636066749,1.0236717,0.060659789644282855
332690507508030080,32.052959044061055,39.779772933305594,0.2611349737614965,0.1,1.15,0.3490887,33.86113,5.6782837,0.4665962759454992,1.0919927,0.1316576402601533
351443120699480192,34.133983015885136,43.06482642716951,0.11699475820500105,-0.85,-0.1,0.23869056,53.284832,7.289791,0.12486395657603928,0.98594975,0.195471633632659
359291713873441408,29.227224600782428,50.93790117492322,0.29686219786864054,0.3,1.25,0.4174,39.760883,5.8249855,0.06107885275884819,1.0937524,0.3531698974818176
355794678485036288,30.05022368045794,45.30164178717205,0.3837572658249657,0.25,1.25,0.43128705,44.492123,10.115627,0.8039933941037821,1.0014023,0.15443816436619467
360155448978973184,30.428770100705904,53.12702036529747,0.01240289553645102,-0.35,0.45,0.26807538,33.75154,0.8421974,-0.419490248241885,0.87442017,0.34952781433017355
373473867682771584,19.23925773788552,43.4724803903942,-0.0344541566766674,-1.0,-0.65,0.17075787,34.035892,11.915043,-0.7823036252639005,0.98049974,0.1097806018179692
368188068610363008,9.628169590653396,37.43929516677418,0.32286057420888525,0.1,1.0,0.38027698,40.181854,5.2071075,0.7488837160718298,1.0311984,0.13779008583835597
380406219776687104,4.8602028975892395,40.74299877160311,0.047683712200450756,-1.0,-0.5,0.14849864,25.740713,3.9280262,-0.016920761655707384,1.011582,0.1715731205474319
364182856988027776,12.128075099324354,36.473274350741676,0.1324569927081516,0.3,1.3,0.36322725,30.109806,1.5909996,0.2632675278925654,1.0363828,0.10957716071507916
363593896712889856,15.883878361301402,36.71995137823294,0.3246080178322668,-0.05,0.8,0.3544578,41.08779,5.625984,0.8752377338009089,1.0353462,0.07075484858117086
390487676253721472,10.36067564468642,48.123991737183914,0.3413615627290927,0.15,1.2,0.36263472,34.70834,6.907089,0.9784896707547304,1.0630643,0.07324841737134577
374402473971176064,15.677321916456536,40.79375189017313,0.41443599233080697,-0.05,1.35,0.28913522,27.339197,11.737143,0.8647228699353389,1.0566249,0.10083912606908509
373963322154970752,14.53940741126795,39.886828110351075,0.16205134759661988,0.65,1.4,0.5335018,48.75736,3.3843498,0.35326624382755695,0.9911857,0.11009769338453365
385990570614927488,3.301081915642792,44.86295476764525,-0.41302063107208564,0.05,0.8,0.3311975,32.134426,10.301064,-0.033011776335262775,1.0007111,0.16488503042692368
397633539759953792,20.702309028336106,45.02857021509075,0.41988601846868523,-0.3,0.5,0.34789675,53.35024,13.486828,0.643423568082595,1.018306,0.1379996769082177
415005819183069952,12.449380118291455,50.71595509630178,0.16710940865817925,0.8,1.2,0.9168544,130.15697,7.381775,0.7297961674561718,0.9874901,0.26663532490742514
411531710336305920,18.557466646076616,54.788116406289134,0.16444076349026027,0.3,1.35,0.37982565,32.92454,2.6948624,0.14805860108440552,1.0675491,0.3866864014840802
427618110911020160,10.837851263447709,61.9241489376608,-0.04319943007237548,-1.0,-0.65,0.17360674,35.181053,6.354767,0.45657255516026857,0.98763317,0.22682191690569578
418068684925676160,7.999003046444073,54.226871615826155,0.3170333275034274,-1.0,-0.05,0.15820843,29.216948,8.570192,0.5151212632865813,1.0221869,0.2569801564038377
411005594019706496,18.001890043636468,53.691602753559835,-0.00981870742214408,-1.0,-0.35,0.15552944,28.235853,2.1959705,-0.06696843321608527,0.953037,0.5697646611606579
429740821186743424,3.6971315999326517,62.19354087746703,0.05151559531363947,-1.0,-0.55,0.16650277,32.360752,8.547405,0.22556581582073296,1.0611026,0.021682680378977023
422161720036900096,4.470909666436696,58.1264914728894,0.22486422206099554,0.15,1.25,0.33240777,29.16335,4.014477,0.9394874691988057,1.0647613,0.5707062662257962
407989698045387904,25.86984907047451,53.2749908370209,0.17386560785723937,-0.55,0.4,0.2192824,29.423706,0.78359604,-0.5077956523796519,1.0928342,0.34415381416886026
462908521447142656,47.955054089810844,60.072128950350795,0.11119610789012668,-1.0,-0.6,0.16512908,31.828983,11.869137,0.9341333180842831,0.9980716,0.5997783871737458
464758758999553920,42.2214072201107,60.37748926498824,0.06547909129376528,0.35,1.3,0.36185953,28.555183,1.4926033,0.7563254650596495,1.0351303,0.1428631109030251
467003308907898624,46.78786925636845,63.13635223161029,0.11169919577502974,-0.45,0.5,0.2287267,27.987438,1.0521927,0.12279731098281944,0.9556047,0.672491771472963
451008163500172032,39.59517826608801,50.49629819764867,0.23830602362121134,0.15,0.65,0.51740646,70.65757,12.692467,-0.9512052720493431,0.9885333,0.4616905659991896
464690417484578048,44.08498136670918,60.755216295481546,0.12409553357406367,-1.0,-0.55,0.1892154,41.791565,5.7893143,-0.4054700480689872,0.9886285,0.7018141335682938
438367318833252992,39.2750492081436,48.325001769198316,0.4306250145201007,-0.5,0.5,0.2612627,39.03451,10.6357,0.8168109128323914,1.008627,0.3007707342532706
451007746887292288,39.57764597694936,50.4744864720959,0.4144235342156257,-0.25,0.45,0.35668397,52.695362,4.7529488,0.268398700351583,1.0498278,0.44208568335311804
457000604956244736,32.86991863974618,56.38121477335137,0.21500994531896112,0.05,1.2,0.30657506,27.53405,2.7353745,0.3156974903143669,1.0394686,0.43978784226136985
451876159211451264,35.591576055519,51.490809504184384,-0.23914083565585642,-1.0,-0.55,0.16014525,29.936693,12.264944,-0.4170161222605274,1.0298406,0.25534769834507787
437911468185676160,43.001458113120236,48.7764008211368,0.24918932375666536,-1.0,-0.25,0.17683636,36.50218,6.729107,-0.11821825022456062,0.94800043,0.3894812616874363
466234509763480320,44.79455852787546,61.420862243910754,0.06701473375366263,0.4,1.35,0.38948423,31.65864,3.96171,0.6992225202208872,1.0237882,0.0384057479649689
452362585728337536,36.768841813829916,52.6130067534789,-0.023245516132238464,-0.95,-0.05,0.17060989,31.539236,13.738867,0.6762090121457759,0.9392817,0.3095806659782556
433013831076686336,46.10043448214201,44.539343966554256,0.24000500957938264,0.2,1.4,0.33516216,28.20394,5.4568424,0.4684212840237534,0.94989544,0.5343144011557611
452588913326416768,37.901258239703665,53.96621478081945,0.25304239568748166,0.25,1.1,0.4104116,40.289288,8.419273,0.14023443899185517,0.92255276,0.4120099361442249
486729784460280832,53.66525050133736,61.994346199276976,-0.06618531582228826,0.3,1.2,0.36661008,30.673262,1.7512608,0.04962827871333288,1.0632592,0.4667600459281997
492447829038781056,47.96817883082065,66.72892621650097,0.08193073131413264,-0.15,0.9,0.2697318,26.706947,3.2130432,0.6290482152436838,0.93963677,0.1643855779989481
480009741186675584,79.7509417342259,65.0028091230163,0.36360240894082096,-0.85,0.3,0.18519609,32.07722,11.7019005,0.12192422250804488,1.0511373,0.3728886192396531
475379246748427264,65.52323147723747,62.15501957425474,0.004416032250013302,-1.0,-0.6,0.18234108,38.8101,12.229504,0.6390126081501872,1.0511249,0.03292711457628736
489352016611460864,65.55722548297926,65.95006772701214,0.48041627055310165,1.15,1.4,1.7898096,410.32037,5.2304077,0.08891024117102748,0.98688674,0.6449182982762725
504636186012500736,29.6750988233406,55.93942125348475,0.284059651251507,-1.0,-0.25,0.1515446,26.807522,9.616493,0.14923514099520857,1.0142261,0.21541121355839266
513659259468148736,36.824536858842066,62.08978911601302,0.14323348710285266,-1.0,-0.55,0.20439453,48.76567,11.170448,0.3485151613582917,0.96269596,0.23868637027071246
513571783870723584,36.69534200317583,61.562339554911425,0.06199892905877569,-1.0,-0.65,0.16079019,30.178303,9.53442,0.13965001015177037,1.0180533,0.15796042025811746
522697107610255104,17.13307662828847,62.5489852721817,-0.08243749920358567,-1.0,-0.6,0.17798519,36.978,13.890049,-0.12347579696461461,1.005303,0.5938671801842073
510563829302042112,19.532090742557937,61.374535753419494,-0.17982519387989626,-1.0,-0.65,0.21777174,55.357784,11.861637,-0.06854889673196601,0.9649029,0.5902908129163652
513582607188249216,36.74017941932678,61.75411110540382,-0.023287270158803608,-1.0,-0.55,0.16495378,31.761442,10.854414,0.3140930459509643,1.0423508,0.6045229434236014
504912064656401152,28.71803936076283,56.744644781864864,0.2913181649306553,-0.85,0.3,0.16623123,25.843918,6.308464,0.46217631949009275,1.0158519,0.3671326664881199
513658954528967808,36.8289010059432,62.07464825982677,0.05732007695966601,-0.65,-0.3,0.48147944,162.872,10.034653,0.13300471452184112,1.016603,0.032581459753930064
538434627992760192,13.594713252808722,74.16605238044296,0.30469807351854605,0.25,1.45,0.35757715,30.583683,6.0388947,-0.07122160839871569,0.98079985,0.5379624873795976
537185410985100544,3.785137376577139,72.10447009054442,0.12401809818117382,-0.1,0.9,0.29556257,30.246777,3.8591042,0.0474495412751633,1.0477841,0.6470365974864317
520266568434368384,32.7515408571796,67.42356192455713,-0.010045512815228363,0.05,0.85,0.36193228,38.375233,1.2551384,0.23193463569613817,1.0492046,0.2770947533579318
540384680582368768,0.28143494291129423,77.51270667138725,0.056177131922902745,-1.0,-0.2,0.18717813,40.896477,10.132568,0.5536712298932943,1.0245335,0.02726145437564979
528934641370752768,2.320971896280812,67.83188858656284,-0.030629249726626284,0.15,1.1,0.31562746,26.29327,5.3564262,-0.5086215863731113,0.87153864,0.15158565135834245
575588908303026432,31.76620635077425,87.31715136654023,0.1014240780862039,0.3,1.35,0.38409373,33.66864,4.327919,-0.029178405144345318,1.0248134,0.024104846296610284
568753077010357504,40.8987390574395,81.10611464130992,0.05116063353194811,-1.0,-0.6,0.16361901,31.249512,5.3772583,-0.28031411300317133,1.0781387,0.49992356786577313
571189079381560704,46.659691540741576,83.99068170563915,0.03921148090623916,-1.0,-0.6,0.21379444,53.354183,12.253391,0.9816264670009462,1.0702795,0.36077693672073335
541404851277876864,46.07097060632529,69.80958330268851,0.08626201177797554,-0.05,0.9,0.30338755,30.100883,1.6307144,0.02229030499668558,1.0217853,0.08874484534274246
558046101498135424,83.48645357563649,82.40040465494216,0.41337517838735494,0.45,1.4,0.52063596,54.217728,10.560364,0.9890683357984328,1.022986,0.023623045256259592
592050487157690496,137.23083411670035,10.95939901949537,-0.029781296313412753,-0.65,0.35,0.20295185,28.938562,1.3035564,0.5582027967713701,1.0291214,0.03754049708068828
578167714041378944,134.81976100531782,2.5981175703820774,0.41571661002585714,-0.75,-0.05,0.2709045,59.401043,10.376438,0.3764041689232622,1.0407486,0.0562044186902134
593286686118043008,141.62926396546888,12.550477907646389,0.2445300239305741,-0.15,0.9,0.28946808,30.758232,4.7709274,0.35681510804318134,1.0042061,0.052520384674080184
583150563299524864,131.7219406605259,6.395636631659137,-0.0765962742276951,-0.2,0.45,0.34707394,46.940895,13.022076,0.3270008633787221,1.040942,0.03366171162675618
581724943394911232,134.53836836695004,4.811922298149423,0.24446868782917264,-0.1,1.05,0.27628225,26.429335,6.3300533,0.26320979137777417,1.0079937,0.05957359460047459
581846095832780928,133.2272370495173,4.608189950296562,0.27921914598602093,-1.0,0.05,0.15804319,29.155952,3.5506973,0.7503899815573303,1.0259063,0.062256993099243714
607006117331620992,137.04521092202756,14.02797982588407,-0.016434623260559,-1.0,-0.55,0.16370642,31.282906,11.1189995,-0.7352906083989649,0.96237284,0.031588231536584924
607620190280211072,138.70979926835633,15.71969003679684,0.22409763667681926,-0.05,0.75,0.3628976,43.06773,3.950863,0.23578564354850026,0.9756596,0.03975348410800033
606809579628071680,138.776997879476,15.043561000682503,0.4149087573465877,-0.1,1.2,0.3089392,33.046562,12.884426,0.5743788078839103,1.0623589,0.031103647880700736
607548039124962560,137.6493942101996,15.375628903163777,0.2549063002278995,-1.0,-0.4,0.15113482,26.662739,13.210487,0.5609172151906293,1.0456678,0.030218365529713763
620425175712276224,144.986543681991,16.27510700151676,0.35657778079228564,-0.5,0.35,0.29340988,49.23153,11.996223,0.6525668257512791,1.0055462,0.07090835275856325
630569098191671296,141.003422140444,15.24052074349766,0.37921388657011246,-0.1,1.25,0.2996722,31.093752,12.83322,0.8999327858165348,0.9890558,0.043282593465834074
629512845473991040,150.60613701633025,21.856754124065453,0.26672419196221053,0.1,1.25,0.34259436,32.612972,6.3661995,0.349556657155492,0.93140835,0.054760178451719134
653787244719635712,123.41875686608795,14.49562242231027,0.3051128039211193,-0.35,0.95,0.231782,25.231272,8.088236,0.22057172902226604,0.9919063,0.04581185899708999
658297372695252864,131.74928212416796,17.18565365614927,0.1517497693433798,0.45,1.25,0.4621828,42.72682,2.2489586,0.820921954629905,1.0189297,0.043843036732212994
673962080497735936,119.47983859389534,21.560874914183213,0.3485484386532187,-0.45,0.8,0.22258598,26.50483,8.63546,0.23557776475177564,1.0253463,0.05377389294448926
662497674616047104,127.20307329311616,18.78637702329239,0.21408452231845043,-0.9,0.15,0.16536269,27.518871,5.751541,0.4010971938806,1.0750965,0.04947277046832486
654297143235692544,120.22590353938344,14.132273707624526,0.2170037007695802,0.05,1.1,0.31403866,28.891008,3.6885624,0.3685052854218306,1.0535368,0.05198089317747617
666668573194944768,118.22357444114166,15.570607871031228,0.1847345948281296,-0.95,0.1,0.17691839,33.914757,4.677471,0.45657215092321746,1.0459274,0.045791963213831666
674327290156290944,119.65908872401351,22.57419702692678,0.0675162182151432,-1.0,-0.2,0.15215713,27.024662,4.2843494,0.2678293938954836,1.0788506,0.05243864126262201
655915315114918144,124.80294490430802,16.26716289582415,0.3069039985541764,-0.1,0.85,0.33092877,37.91834,7.2387505,0.9230608089416474,0.95208645,0.03398255597512333
660150324666148480,131.0177515101711,18.218941067918234,0.08676939655270388,-0.6,0.3,0.23094818,34.95627,2.3880653,0.26342750843984863,1.059692,0.04918878953911506
698505550850715392,137.59971100151782,29.045043590684173,0.04525853469704799,-1.0,-0.2,0.1558579,28.35524,5.700714,0.43841795671001926,0.9936811,0.061624981088147034
689580780608524160,132.26002575416348,24.067559397820304,0.2876658250696309,-0.25,0.6,0.31436956,40.934193,6.712738,0.9336838818276841,0.96916205,0.07492749331736906
701522164080721664,139.10507306653187,32.18000966655877,0.32184740403531453,-0.15,1.15,0.26758164,26.282864,6.2624016,0.6015031792653895,0.91951525,0.04904789924667703
718015938009403648,132.89601728562204,37.50053377398039,0.2041771719447869,0.35,1.45,0.37899917,31.324305,3.5028973,0.22926307434302642,1.0261395,0.061945101895887915
708040962362998144,127.09106714908268,30.450522575362957,0.2479280908859618,-0.5,0.6,0.21877305,27.37042,5.085722,0.11859174221112817,1.0645536,0.06635283888002325
695555458074461696,139.83418379070088,28.389120851329444,0.0002296036114799449,-1.0,-0.2,0.16729835,32.67074,3.7758636,0.30290564879146065,1.0677567,0.054331945267807304
743534743894939520,148.9475109684989,28.90534890564785,0.35757998548785963,-0.25,1.25,0.25039172,25.968395,11.8839,0.5492597124852316,1.08323,0.03466281120680418
729573317044369664,157.27258608493108,29.720585675273423,-0.030139116347922545,-1.0,-0.7,0.1803029,37.94732,12.974037,-0.3953624489048249,0.98576576,0.0264096741372972
721207029989337728,159.173057404883,21.605604260016236,0.13670538513453057,-1.0,-0.6,0.14711758,25.264156,8.906071,0.7715759899214104,1.0323223,0.032303096818012106
751570004935632128,160.2536930115087,36.25590240188882,0.398306288787297,0.25,1.3,0.38769868,35.953316,5.886772,0.5457442587633011,0.9895859,0.02902302191897701
746676181759635200,151.62863160530503,32.90793635855498,0.10668122884524145,0.3,1.3,0.36633506,30.62726,2.3097973,0.7230558392901567,1.0219386,0.02621287400232273
791517946729410048,173.77621185035034,50.00615344814258,0.013042701411650093,-0.05,0.8,0.3111199,31.654785,1.3275108,0.3987669312615974,1.0788678,0.034649323980222906
766722516412191488,175.68855665774765,39.77048724358949,0.22081518674978362,-1.0,-0.35,0.17757855,36.809227,4.361828,0.629286746007923,1.0410708,0.030510978256884435
784972485288320640,169.91323231001235,44.84687031598276,0.24034832715570964,-0.75,0.5,0.1758735,25.035852,5.489012,0.48686764149248696,1.0320027,0.029090569108652455
793285476093594240,147.15764097836808,32.01839131287917,0.0417286866699591,-0.25,0.5,0.32205325,42.95963,2.9090424,0.5152566905458968,1.0659295,0.02605979799714344
837562985439005312,164.254012395376,53.46898221056386,0.30749353607967933,-0.2,1.15,0.25655597,25.649067,7.2469673,0.6984809485765241,1.0486441,0.02919093407448264
851471223414062336,152.14818735361368,52.29344646475194,0.32811209252964524,-1.0,-0.5,0.17329928,35.05655,11.974525,0.37639613697430563,1.0000747,0.03068835708447004
843659639976017664,165.4702189664753,54.33520809720176,0.05621836185389206,-1.0,-0.55,0.17529652,35.869244,8.66095,0.7291056311046592,1.0469787,0.028979608318111253
846163159232154752,177.6124993667005,58.175411801056825,0.3755108989399174,-0.55,0.3,0.2869622,50.389404,13.057003,0.8628383240581532,0.957946,0.03146036068125042
884422242575147264,106.80881627531932,27.708336178866517,0.1334181245000874,-1.0,-0.4,0.14984271,26.208788,9.018423,0.6135670123780139,1.0193465,0.060590347362882185
888931034818214400,104.05264376979187,30.536150451201607,0.3260025972922387,0.55,1.4,0.52933204,51.712696,5.0748405,0.833989274763027,1.0222143,0.07816636943125148
865087987730573568,112.01370389524809,21.003502316753913,0.1881690269159062,0.1,1.25,0.30335003,25.56925,2.6977253,0.5457680527257234,1.0216688,0.040168055904194096
871314174184332288,109.71372603423161,26.224631732631302,0.2588937132969189,-0.8,0.4,0.17490725,26.607908,6.857931,-0.14573284566243755,0.94293445,0.05840734986297569
879705926101025664,112.67198355123008,30.138444033575745,0.13793353146260312,0.25,1.2,0.40294215,38.836105,2.9223442,0.09931303373914036,1.006672,0.05034003854735174
868159988858293248,113.52923485757411,23.99040525187457,0.1499014511239034,0.2,1.35,0.32520634,26.553255,1.8510685,0.8149421895504194,1.0557712,0.04655337886885908
900695156399168768,112.6324732748314,41.3392582329804,0.2983053368010067,0.2,1.45,0.33363205,27.947008,4.7969646,0.14420812156111096,1.0637959,0.08958426863124086
893268058433107328,111.12854383464696,33.05016173150903,0.07013955730127996,-0.8,-0.05,0.23641314,48.611416,6.793293,0.5168502163641826,0.9186032,0.06222231553334919
900026172292672896,111.23897881952846,38.95001026717156,0.36290150455796955,0.25,1.35,0.4161927,41.432316,11.146896,0.2283542141558436,0.99233407,0.07135188356486757
922708341259762048,120.73405483498006,42.47379987116216,0.1482368706540953,0.15,1.0,0.3639209,34.954975,1.9658966,0.4689566078060684,1.0070277,0.055425760819784155
935356813788134272,122.328510887103,50.89424071464005,0.1172792961186655,-1.0,-0.3,0.15172571,26.87163,2.8836231,0.15661517721874646,1.0961113,0.19745100355903403
906175053632095104,121.61103192013401,35.794828378027596,0.2923752432946909,-0.3,0.8,0.255735,28.828096,5.559702,0.91385334236746,0.9946237,0.09914981963538938
932761962051033472,118.59157450060405,47.38796806938374,-0.020754416707394086,-1.0,-0.5,0.20353991,48.358723,11.909199,0.7778766797616063,1.0240686,0.027040994866081303
920377651487241216,116.23911573985085,39.54244086879079,-0.12172775000780067,-1.0,-0.6,0.19542341,44.578846,8.303474,0.6536596239973494,0.97892654,0.09463984552356898
938675174239471488,101.60045609190512,34.26435055449178,0.24524898862111577,-0.4,0.55,0.26685208,35.674587,4.299038,0.668213008281461,1.0412387,0.1531809213800606
949411969708953088,108.5670613546051,42.415066123825795,0.05453888067531487,0.15,1.2,0.32683104,28.19302,1.6483955,0.9191246381279696,1.0114561,0.07674942872600224
963406180047720960,92.42875350671648,46.57733478751273,-0.047054715569583294,-1.0,-0.7,0.2146347,53.774395,8.359165,0.45019436980884997,0.9751213,0.15624401763813386
960750893826724096,90.23798660022761,41.67174024964597,0.0014009295119237208,-1.0,-0.55,0.14860292,25.776882,11.347847,-0.3463218113343994,0.9862028,0.28789644604990583
951387865121172352,102.76452790341156,40.38812102129904,0.24116685514097558,-0.15,0.8,0.30202767,33.48525,3.5023003,0.7395002746137073,0.96760213,0.16249406707427533
954964920042655104,96.5133633169574,37.293949884818325,0.2624365285391015,-0.25,0.75,0.2679507,29.738226,6.361578,0.21705113572398466,0.9699333,0.24377004826841356
959679763342564864,91.95869890517797,40.769410261620855,0.08297600976753294,-1.0,-0.45,0.15400892,27.686462,5.9332466,-0.1360428005886659,1.0267831,0.45785754292072556
956434417331861632,94.0550281462726,39.671836721655346,0.01442259391745715,-1.0,-0.5,0.1625319,30.835632,6.765072,0.016819732886336328,1.0338854,0.17476434504264757
943999318779938944,100.992786072515,37.69677841173305,-0.11030160939048983,-1.0,-0.55,0.15578364,28.328228,11.565491,0.5037312241377193,0.99402106,0.1609688864800846
941956902915427328,100.55400426812058,35.04495496104139,0.31667452609844293,0.45,1.4,0.46014193,42.350315,4.9440117,-0.11766481689820406,1.0435166,0.17130220480613692
962656038240008576,92.88865851212044,43.784430122750635,0.1726903955503465,-0.6,0.1,0.2974413,57.98271,5.337532,0.28697864296254555,1.0573562,0.1478813692185433
959871555105109888,94.56841941263515,40.86321287258808,0.20347172147522308,0.4,1.45,0.39877927,33.18774,2.984623,-0.024728622285527517,0.975347,0.2291938473802133
960099192668616576,94.31855533010713,42.20036818922529,0.34413079474769503,-0.95,-0.25,0.25939447,72.90615,7.8116684,-0.1932415147073166,1.082557,0.20270049949617763
996631291134295040,93.0038623178193,54.63373194151507,0.3076949300992382,-1.0,-0.3,0.14895695,25.899849,12.668808,-0.24030233303179122,1.0140189,0.3764430103498322
979760522156734464,108.8700200293237,49.76973164821381,0.3203415499169342,-0.25,0.75,0.2766451,31.699406,6.4945335,0.5337443901721086,1.089633,0.06632990719845042
993669241170023552,104.21537763519393,53.68982624667328,0.3453290200651331,-0.8,0.25,0.20071776,35.040207,13.233433,0.45359238412585656,1.0458137,0.10601165385224769
999084439014459136,90.23945664879398,57.79517775547194,0.4247142051628181,0.55,1.2,0.66251206,81.00809,7.95018,0.5896143389722412,1.0546763,0.19869650847172743
1005861240277967744,92.01732792666267,60.755424767966545,0.08302226435274918,-0.75,0.3,0.1770979,25.385656,2.027544,-0.09328220987661556,0.96819615,0.029174820286358347
998158203547933056,97.83093209565935,56.677449018687454,0.3060401166564173,0.2,1.2,0.38973656,38.136612,5.152977,0.6441918063824235,1.0359608,0.1455181207149965
990017488175200384,107.6861477216445,57.7265582183199,0.4284779980870619,0.5,1.3,0.57610893,63.722538,8.872753,0.6212899985064098,1.029224,0.11402918872315405
988337915444889088,106.51672885034392,55.71385869831607,0.3369453752057119,0.15,1.0,0.42781633,48.30696,8.852745,0.914667036460284,1.0688602,0.08852427198257172
1028310969908786176,125.31218101661166,51.26116177568599,0.33067524288897765,0.25,1.3,0.39731315,37.75863,5.394863,0.6820496544755628,1.0387796,0.06970613614128403
1016529634098048384,135.62110830531236,51.49515565588514,0.2956131355910214,0.05,1.15,0.32178465,30.333815,5.667696,0.5947039684411107,1.0069699,0.05245497950355714
1013427293321446272,132.24270746146928,46.164203758594894,0.37356464406131096,0.25,1.3,0.42477652,43.158997,10.784622,0.48006563321769846,1.0183699,0.08328391456291973
1025957362190215040,142.56852768039965,57.88405799943962,0.22082281884797084,0.1,1.05,0.34144965,32.395393,2.1263084,0.9891826860321463,0.9730729,0.06457818801821709
1044272855088110464,135.1068097172802,63.53229343876691,0.21759850712617101,-1.0,-0.45,0.15231799,27.081835,8.00588,0.47614762914790265,1.0482572,0.2685986600631294
1061379877330497280,177.3406645313737,69.34160241334153,0.3091596504921226,0.05,1.25,0.31532505,29.128183,5.934454,0.3361823289285462,1.0513202,0.03228100311578786
1045786539001235072,152.3211831589895,57.49502865190068,0.3314108141241423,0.15,1.45,0.32727158,28.269073,5.952633,0.7146721392039926,1.0199829,0.025769584858912512
1070441334907492224,153.2433375498209,69.89633907480508,0.13226968043018417,-0.15,0.75,0.3005179,33.15131,1.962925,0.20627955994976294,1.0233527,0.20622900818562512
1091368094905244416,120.35294839542192,63.37526503923648,0.37127809337065987,0.05,1.25,0.3392981,33.72557,9.4159775,0.5327608737350092,1.0705078,0.1715886575476201
1108632390263633280,114.8560686832772,69.33330517601632,-0.05425866434911164,-1.0,-0.6,0.18316245,39.160534,13.517033,0.4689603388854521,1.044713,0.0632010018226099
1088716901788487936,116.8098436464034,64.42730560030759,0.3271310424391869,-0.05,1.0,0.32685047,34.936714,6.652176,0.39556377627418426,0.94115245,0.11877759548633422
1143774568593325952,98.73769904658613,82.8026905714285,0.05644623405093796,-1.0,-0.65,0.21394196,53.42784,10.12883,-0.5460791013115533,0.9886396,0.13218657528236732
1140693152896675968,100.05194045877518,77.97557757719429,0.06535784533646272,-1.0,-0.6,0.17328939,35.052547,10.956844,0.13560015377449022,1.0443143,0.15003952774778295
1137470793552857728,123.05252901639608,76.67648045116512,0.3449828392775407,0.2,1.45,0.33241916,27.744177,4.8817005,0.3936066074222753,1.0468582,0.0630685526301352
1125878264503945088,135.246014239407,77.87049851904864,0.327330385898672,0.45,1.45,0.42647305,36.379456,2.975994,0.7123951884424268,1.0604093,0.03222351400695893
1130449037419688448,146.10365550964426,76.0103322813036,0.25726050260110345,0.15,1.2,0.36802202,35.74725,6.2978745,0.3337919989403476,1.0120848,0.06609198751753513
1141041148326638720,92.73518652876915,79.03828474253723,0.3436274921558464,-0.15,1.2,0.27187133,27.132315,9.143892,0.5450876294937025,0.9989262,0.3057208503042444
1132353975674275072,152.18869592728853,80.19243120097684,0.08116108433066671,0.4,1.45,0.37607628,29.51647,1.8354721,0.17570958651693608,0.97989106,0.03733536815265039
1164842242172909440,234.47292903813803,9.113568326607696,0.12283774611392495,0.25,1.35,0.3360129,27.00612,1.8756218,0.2372290321574656,0.9413276,0.07764461314597602
1167545941265135872,228.97693353309324,10.515034075044662,-0.03333448801212047,-1.0,-0.55,0.19376387,43.824932,7.5884285,0.08577115514803145,1.0845953,0.08177361706711504
1186054982568036864,221.0227395793669,15.17881904956434,0.17104498378001587,0.15,1.15,0.3565482,33.55301,2.8360672,0.06645338411410465,1.0194762,0.03962626470117841
1168197470623975168,227.33740119807263,10.067756690035452,0.3556462172827546,-0.15,0.65,0.36076272,47.775288,7.463112,0.1309817820966001,0.9817261,0.06321885738091852
1156694689211798400,225.7141829252889,5.033261355696791,0.21371786498637135,0.1,1.2,0.32376823,29.127176,3.1983814,0.9559954533492183,1.0337335,0.07867063911454966
1203280069168872576,241.3709787844549,19.715298386059008,0.20196601923877822,-0.25,0.85,0.26124075,28.267473,3.946867,0.16048461663872826,0.9735285,0.13649043534060645
1198919406054063488,242.86535131292646,17.283085915383435,0.05218043472860323,-1.0,-0.55,0.19834663,45.92248,8.063587,0.44619733055216854,0.9938914,0.09058016455039136
1200544381159888768,244.18377690323624,18.117213337398347,0.2750420053006062,-1.0,-0.55,0.18281211,39.010868,11.983242,0.33693531858267073,0.9952165,0.10442631103807083
1214778899210166656,231.8157739998856,22.53449799789172,0.3254284945562773,-0.1,0.6,0.3931642,53.521492,8.708534,-0.06049926083385096,1.0795001,0.11701407730686375
1221159846224390144,235.03400434816794,24.361303651102293,0.21420852080126984,0.3,1.45,0.37088084,31.39207,5.380993,0.6311474963762334,1.0677006,0.10312906379950552
1205042998624878336,241.6315140127719,20.719583684407638,0.1975819311854643,0.15,1.15,0.3596491,34.13917,3.886036,0.4577932375369108,1.0374213,0.3039465815635734
1215360300342895104,228.76377719894666,22.695952812573772,0.33493796349207017,-0.2,0.75,0.31367186,38.340557,8.623806,0.038556981745335575,1.0272256,0.12700354965787147
1199878592509168384,242.1143140554135,18.21238741729524,0.21439841778181723,-0.1,1.15,0.2702328,25.28462,4.8121605,0.36911369586775566,1.020432,0.08751734247497639
1196575487782857216,236.72160216339748,16.707023295299475,0.3351291510436276,-0.4,0.9,0.23672636,28.074432,13.450951,0.15652621943550618,1.0375949,0.06918548081738848
1216894634461117824,236.57654060469693,21.952048604070207,0.04215007968172291,-0.65,0.4,0.18864423,25.002184,1.3306332,-0.12633486339517588,1.066903,0.1571846224832182
1220167090303225216,239.75968388172845,26.206890298687398,0.40316977109818275,-0.05,1.3,0.3174392,32.953754,13.657833,0.7063074635563601,1.083621,0.1702147840041432
1204265162868197760,239.27199696843826,20.335416492836874,0.313247177002026,0.2,1.3,0.37323576,34.97569,6.637108,0.9148922399637267,1.0700526,0.10387963426008903
1207236146364543616,231.1868551910413,16.11167132479787,0.33259582810679333,0.1,1.35,0.3242455,29.213116,8.666702,0.17971493049730516,1.0683345,0.07434908211119365
1222750564671206912,235.97465419758814,24.95027993853936,0.02090830779174979,-0.25,0.4,0.34615612,49.630558,3.8736572,0.5802953389368853,1.0286862,0.10103679636896995
1204867179843711744,242.6311017093063,20.38174700599537,0.2112216712740338,-0.55,0.45,0.22192025,30.135868,3.8936386,0.7508424398039628,0.9922482,0.14106793123492753
1212566647455439232,229.25486903685402,20.369184291624638,0.22539171821991566,-0.05,0.95,0.27899656,25.455492,2.0903873,0.31835511063945315,1.029561,0.10215589269766484
1197554156210590080,236.76041197942936,17.813690608492674,0.05103161362408404,-1.0,-0.35,0.15588312,28.364416,2.6116962,0.5392559941219283,1.0389882,0.08138702941812846
1211197308802065792,232.92299805279407,20.368116270823837,0.024062440901071014,-0.6,0.4,0.20942137,28.74339,1.9685135,0.1091273755266852,0.96164227,0.15073211530572736
1230753909808114048,210.17675365257497,13.972803039229104,0.2559388018370825,-0.3,0.65,0.28129154,34.877792,6.0757294,0.48556602184974007,0.965778,0.04461817214369758
1272944851026721536,235.05773068905566,29.56006398485191,0.3672280248000801,0.25,1.25,0.42356172,42.91249,8.306808,0.5400815244520418,1.0009952,0.05701778328867323
1270445076985607808,230.57481234893365,26.170962863353164,0.4161630713384472,-0.45,0.95,0.2260081,27.326086,12.634645,0.1940041339300827,1.0620067,0.12484047275408654
1269073126987095936,224.59763877544464,27.19064977367632,0.2883997459355294,-1.0,-0.2,0.17342688,35.108192,8.648094,0.2842071488466605,1.0591103,0.09087398849005107
1272141554703925248,230.80387139294257,28.977280255033374,0.23575398193151997,-1.0,-0.4,0.16213962,30.68697,10.193729,0.2706559038364472,0.96670836,0.0724721537050229
1269701837184129664,225.7455757044681,28.78170244109144,0.31845718424834946,-0.7,0.6,0.1836086,25.412024,8.478846,0.5570201335728313,0.98852515,0.05868703645384681
1291311711732374528,229.74143527783488,36.33023109416901,0.08712621953529265,-0.2,0.5,0.3168414,39.119305,6.2162514,0.8849458517941001,0.99766064,0.0356817205086857
1291142215142722432,228.63946858991,35.37782968745662,-0.027344247730571425,-1.0,-0.5,0.15101698,26.621176,3.6671848,-0.20461956060722386,0.9397839,0.04688846124596981
1291436368862737152,226.55145870053522,34.74811621420981,0.1505806797942295,-1.0,-0.45,0.15521087,28.120296,7.3667717,0.12261672378259109,0.98857343,0.04517192923993198
1312189272880708608,248.25390781764085,30.69257270010226,0.15118158509455437,-0.7,0.35,0.1887984,26.868893,2.2581158,0.4138168540954759,1.0556303,0.04163953089301595
1298091128630747520,249.20741347892564,22.878146047381858,0.32817871609870863,0.3,1.25,0.439026,43.987736,8.238636,0.4449449228182379,0.9993313,0.09161494738504845
1300988341770235520,250.57714565945565,24.88013794207015,0.3079021666433466,-1.0,-0.2,0.14925383,26.003191,5.6347656,-0.05172266971764078,1.0502787,0.15241632500893892
1300983806284825728,250.2242912208918,24.849804913209244,0.3365822643031562,0.65,1.45,0.55988413,53.698822,4.686653,0.7953897951285247,0.968342,0.1656202433898621
1318408209429814016,246.13521321793766,31.040504223282646,-0.05453973673022361,-1.0,-0.3,0.14709504,25.256413,1.637598,0.21564510076439014,0.97309244,0.05044823107295629
1305061134701563008,246.89703728947788,26.73045993245998,0.03677342280573015,-1.0,0.05,0.14893226,25.891262,5.13575,0.5518041665974516,0.9895505,0.05639531133334579
1298158301919293056,248.81878165208929,23.10203868274701,0.31514317698206273,0.35,1.25,0.46149617,46.44523,6.4059296,0.21716707061338333,1.0248814,0.12510327859728274
1323375979058808576,240.32022893434885,33.17876611170627,0.13187608614213708,-1.0,-0.5,0.15014379,26.314217,9.487972,-0.23664111504246652,1.0347168,0.08012845965955422
1328587423656323200,244.4805335720938,33.25162014619354,0.26969504109738107,0.15,1.25,0.33922222,30.371317,4.473749,0.09541203996139754,0.95934385,0.04332130787083682
1335508093439519104,262.7192172956457,34.25177633726924,0.1904241029001179,0.25,1.25,0.354356,30.035156,2.2691307,0.5868285195856784,1.0227221,0.03971398814416796
1339198776016820608,254.44886006842665,36.38301639243265,0.027427413158269687,-1.0,-0.35,0.15448384,27.857477,3.0631485,-0.09953276038298325,0.96798044,0.03882141595927209
1347285065563530368,263.65065976503115,41.189376493295654,0.07985914745407818,0.35,1.4,0.35863432,28.048433,2.4402905,-0.35037214347189194,0.9496666,0.07905945750234843
1342915228398438144,266.479385709549,39.3021348945483,0.29972007284012747,0.2,0.75,0.58649737,86.36383,5.6325455,0.9417948682962899,1.0258024,0.05332545684113945
1340030556563020928,259.85983359124833,37.440722794166476,0.36703858485485963,-0.85,0.05,0.21201938,42.042084,11.316795,0.37679903352125776,1.0278999,0.09486651327428264
1364323544423683456,267.15770210380856,49.29722134455896,0.3945457834716741,-0.45,0.6,0.25578812,35.00178,13.8776245,0.26304197502926396,1.0494905,0.05671416375591761
1338206810370093568,256.9094009245348,34.69203938399807,-0.09602929224909573,-1.0,-0.4,0.16095674,30.240854,4.8287106,0.6791482029299647,1.0044187,0.03734581512156793
1335607083845756032,260.85262921488487,33.79621354965608,0.4479461192696981,0.25,1.45,0.4024183,38.73519,13.234081,0.9397980889853768,1.0347594,0.055291278749634104
1347895328876396416,261.52330175988584,41.95764922605158,0.2552805394891289,-0.3,0.7,0.27957165,34.45259,6.373619,0.9753852331563133,0.9638767,0.06019978848849925
1346061515280298880,268.5025438786308,42.6618322303865,-0.005347299948374129,-1.0,-0.5,0.17929055,37.522385,11.869392,-0.353341602852835,0.99513173,0.04187406119258482
1337327613384462720,261.1269936808187,36.943013502928984,0.023366817970820186,-1.0,-0.05,0.15014882,26.315979,0.731987,-0.5010957809420044,1.0329531,0.08224534642160647
1341670890472707968,259.39758539593964,39.805555819268136,0.26926485616894347,-1.0,-0.25,0.1472438,25.307524,8.991545,0.22066952490465727,1.0077842,0.06383232620850393
1381580104543896192,243.00770438544126,41.260253690868865,0.14247322274792662,0.4,1.4,0.3824215,30.520882,1.8905716,-0.04166148764797438,1.0464449,0.031553280249374406
1384306584142803968,239.44732186331413,42.22018077010068,0.22250624846686406,-0.4,0.4,0.30387858,46.26131,5.924057,0.39653307125577264,0.9905019,0.036701581526455335
1395631656988186112,230.7190127736376,45.72271250751574,0.3477499996164335,-1.0,0.05,0.15384811,27.628674,7.2740097,0.8820836582176954,1.0565943,0.047090124125928126
1372138426397208320,240.70906875457572,35.58520493447224,0.3173086656281834,0.3,1.35,0.41006345,38.37543,7.965069,0.17721168570519805,1.0670689,0.055490624192131306
1391300611967180800,234.4314256419459,43.570960533188746,0.2955559192828403,0.2,1.45,0.36272123,33.03283,7.9597588,0.6420426931133643,1.0417477,0.04025522313853946
1371746759739800576,238.4643494749101,34.56528913255729,0.41543900316616167,-0.45,0.8,0.22820407,27.859686,9.737101,0.7689931487551463,1.0443057,0.07941978978915146
1379402659203953408,241.1456266797348,38.610588356114214,0.0241434427437337,-1.0,0.05,0.15115428,26.669601,1.0638447,-0.9941238094904472,1.0122166,0.032919808656251694
1382250978435503616,246.4331279626682,43.68497151670966,0.35455178509714536,-0.65,0.4,0.21636868,32.891197,7.921879,0.6594195344847323,0.9771733,0.026797995119431907
1371052418147352192,236.74863612022065,34.615466599498085,0.11599258805478563,-0.6,0.35,0.21088228,29.145813,2.7056923,0.6593960622835546,1.0369464,0.06522928415337649
1372262396333765504,239.36467141326634,35.422681709168295,0.3758020757020688,-1.0,-0.2,0.1539049,27.649073,13.228308,0.5290341523136383,1.0377477,0.06362969406511533
1381823921247136640,242.97900498757232,41.93720197798461,0.2071516891632461,0.25,1.1,0.4352218,45.30765,4.2330856,0.7844209361580147,1.0936563,0.030856702456368398
1404205545582442752,238.37088595820984,51.455529579167504,0.0163430067836412,-1.0,-0.4,0.2284377,60.913174,11.616184,0.005974668468555426,1.0272653,0.037321745429301764
1382999264817481088,238.40764533296252,40.47919963144405,-0.002686137308680614,-1.0,-0.8,0.31412107,115.17808,6.2812347,0.5263151592814875,1.0846307,0.033614100091103875
1382758192597042560,239.9654101868487,39.82311555830415,0.15379162307571725,-1.0,-0.05,0.14699167,25.220932,2.2063293,0.531035114138627,0.95491034,0.042014867661747786
1384428733012828160,239.59578664636328,43.19708823144702,0.005583391334375243,-1.0,-0.45,0.16937537,33.486996,8.482914,-0.4746665383646804,1.096268,0.036975962320886194
1372013563108357888,240.0615816789064,35.21076815007866,0.21214282458083922,0.05,0.9,0.35356054,36.620476,2.588791,0.3609435064134957,1.0716822,0.061309880874798085
1423341961348492416,246.3427989203257,49.8817160299177,0.3684049970813863,-0.7,0.3,0.21431066,34.621094,10.478943,0.25669573204434826,1.0765121,0.029002827690604176
1426784704053140864,250.17711203173937,54.70791519353904,-0.27344092317020596,-1.0,-0.55,0.15887092,29.462152,12.989023,-0.39589063484604015,0.9960989,0.02586387047880913
1405744552624166272,250.15853317777834,44.2155531013961,0.4639917729226761,0.2,1.35,0.3971795,39.607136,12.583046,0.35664391577970755,1.010416,0.029462379822609575
1415926167736313344,260.30113061679884,52.13741563975007,0.3205199577235076,-0.05,1.35,0.29022378,27.54544,7.668598,0.07396711554747623,0.9695199,0.07867190822218481
1422814608084061312,268.69593269815164,59.06778847352847,0.022172457605014628,-1.0,-0.65,0.18434261,39.666794,12.882187,-0.020442657395013678,0.9986539,0.05088830334104234
1438190144326958336,253.7067932279827,60.953139366345546,0.188445788262805,0.2,1.3,0.34524179,29.925848,3.1244373,0.1201975304366336,1.0136619,0.039602554607352784
1435217129308691456,269.8166407575556,60.77621737039847,0.009966244815061032,-0.85,0.15,0.16363312,25.042376,3.3950138,0.8741545116049892,1.0467216,0.03933219725369011
1421563432571048192,267.59270209221353,56.90310669161757,0.08351659116391463,-0.1,0.9,0.2712563,25.476511,1.0422783,0.42141435617425616,1.0309769,0.061998108800242355
1463463106286505472,198.70345437518696,31.27828409451296,0.032887281455259654,0.2,1.15,0.34423134,29.750935,1.1824112,-0.12384134980253232,1.0768149,0.03697017152199166
1475376108614748928,202.35054734388865,37.62030083019417,0.3726973861763909,-1.0,0.35,0.15154281,26.806887,9.913099,0.32568551640250176,1.0138713,0.04128658510606301
1476631647814296576,202.66346423695762,39.055971923530194,0.047984134883622076,-1.0,-0.2,0.15085517,26.564161,12.244207,0.4440080111398931,1.0345465,0.023597889635887215
1500549904072828160,206.0173975609876,41.263780247828386,0.062066035762175176,0.15,1.2,0.31838384,26.754513,2.3474007,0.13257733771138022,0.9657099,0.030755352981599485
1527638988659558016,194.49591654811286,41.62956315418801,0.37383062033292536,0.05,1.0,0.3815758,42.65383,9.942383,0.4707018754862539,1.0106612,0.0274954423804111
1553738199247393664,200.865319483727,51.06745352614894,0.017875013065140166,-1.0,-0.35,0.21283175,52.874767,13.321285,0.22844782783231296,1.0906284,0.021393518675487413
1567909151783147008,191.94435365357918,50.45660601593568,0.3799986221107172,-0.6,0.7,0.19977397,26.156147,9.46764,0.9943292090631165,1.0114815,0.03269241439148498
1561099120357556096,209.06248999438432,53.398631106278486,0.3740023839509474,-1.0,0.05,0.17471103,35.630043,9.826408,0.5474778693692375,1.0432789,0.03241785803348701
1586351225955524224,226.25580852448158,45.90372291057947,0.262634603680457,-1.0,-0.35,0.19459555,44.20195,11.762417,0.40106535504777585,0.9989448,0.05058149102715178
1604524538255291392,216.78685107155204,50.84173483889322,0.2848499565927689,0.2,1.35,0.35821685,32.2175,4.9358063,0.5431313490299883,0.98624516,0.02955980012234278
1593634837654702336,223.77934390427382,52.1994839285288,0.1904365052274839,-0.95,0.15,0.1647811,29.421005,5.1359367,0.26503602574166696,1.0416251,0.04018469801517364
1608147910105340544,213.21633670721852,52.712670990613105,0.183663709061598,-1.0,-0.15,0.1573716,28.908684,5.679756,0.26849802676851275,0.9570485,0.030198047530635812
1606411403287346304,222.302625801384,54.239926152838834,-0.05154190363890354,-1.0,-0.5,0.15479115,27.968418,3.5625706,-0.09948053135072224,1.0586084,0.03266463359701322
1637697697418157568,263.97111479227976,68.51140503922528,0.11802302601322179,0.05,1.1,0.30888268,27.950115,2.053917,0.11972430191081838,1.0127196,0.04218049165523592
1651980112944580480,256.0875782709884,71.83352213593511,0.5076984262896893,0.05,0.85,0.4072771,48.593307,9.756023,0.7758904034190028,0.97182447,0.051901989241754445
1637823969457166464,269.35446422519675,69.4739005318751,0.3328877513026649,0.15,1.3,0.3555734,33.369793,6.7792854,0.34365347084079767,1.0575477,0.029351366924059936
1649087705872899712,256.5139949873024,69.57994169023601,0.33248160403593285,-0.55,0.4,0.25604445,40.11627,10.0390625,0.6001067052975603,0.94906676,0.04662822839494512
1680295457937568640,187.1428750732937,65.55225449065122,0.2979509052795102,-0.2,1.1,0.26190612,26.729977,8.444866,-0.01288807363411442,0.99313766,0.03174942129303804
1665803035689709568,204.45937972483785,64.07560508187548,0.04860278652533356,0.15,1.15,0.32604614,28.05777,1.6661873,0.17888269818856437,1.0038903,0.030814809413475815
1697940592338519424,218.08600271846714,70.25169253364653,0.2866618186200327,-1.0,-0.4,0.16766788,32.815228,11.531818,0.4642879422309416,1.0220164,0.033387468337708004
1727724953586376064,241.72501340384986,86.15327830673527,0.4499428438552018,0.2,1.2,0.4196661,44.218864,10.985031,0.8750988074740873,1.0347878,0.20983694727695673
1697698631061274752,231.9305563892932,74.39696952240189,0.2565618847219353,0.7,1.4,0.65550977,71.069244,3.9401703,-0.026441093049258405,1.0209457,0.0481880098797105
1726027067115033856,194.8983964659073,83.03349053705927,-0.026490718842997474,-1.0,-0.45,0.18673144,40.701515,6.7304916,0.22108356181083988,1.0006787,0.33355958899202587
1751083871960637056,310.07060730009545,9.37894658541785,0.27855165286905503,-0.3,0.7,0.27016255,32.17258,5.1474266,0.47582418592971415,1.0323036,0.15784750219929417
1755653751526068096,306.6400274847272,12.063092452918442,0.13574982871288466,0.1,1.25,0.30240834,25.410748,2.6115723,-0.04126821821777368,1.0022622,0.11598260694601333
1757214916299709824,317.13606459541694,12.138886204296194,0.48272299260059626,0.4,1.3,0.45517385,43.238155,4.9973984,0.329680043920355,0.9534058,0.2183701887174676
1761439995887179904,312.0785668261434,13.980677671770577,0.20771665054858346,-1.0,-0.25,0.16188428,30.590387,7.4351406,0.5010068631950402,1.0323286,0.13035286687570016
1753823816280613376,306.60265693933195,10.830321420278407,0.1262265797858646,0.4,1.4,0.35530326,26.345768,1.6222363,0.5409514307387457,1.0251744,0.0415247561058448
1761963367718426112,313.2156988477782,14.835551422747741,0.12931465377872886,0.2,1.1,0.36765435,33.93745,1.7427063,0.005261571648398882,0.94093823,0.15393237943566113
1763207258967377152,315.64911515545697,15.13583376728887,0.15146360974241802,0.3,1.35,0.3707336,31.367147,2.0603542,0.08490219457233389,0.98091805,0.13625273485732914
1761992092460123904,313.3292489067767,15.241653911874451,0.43997649254739635,0.5,1.35,0.5681842,61.981503,8.530933,0.2116153821694927,0.93710613,0.1224092063308226
1764771726575115008,314.0908383411733,17.724110540252248,0.07825113077600232,-0.5,0.3,0.24909365,35.482903,3.9057236,-0.11698024598060766,1.0728929,0.19764711981757405
1768060533355747456,328.5438592148196,13.509155987329576,0.2496414101533242,0.2,1.1,0.42421833,45.18337,5.8430595,-0.03140677459445666,1.0475843,0.17630535444596446
1790112823894831232,317.57072542005466,21.16329924597932,0.22195423142608028,-1.0,-0.5,0.20844063,50.71546,4.861046,0.6234892249734153,1.0950097,0.29044832839030726
1787887824676976256,323.22585014363045,21.513635813605966,-0.026012470808509214,-1.0,-0.75,0.24523425,70.20013,7.6402435,-0.21639171498635526,0.9974601,0.17271153948037474
1787406165569032448,323.68872828758765,19.9210215692273,-0.04692098014935109,-1.0,-0.75,0.19245471,43.234734,12.478878,-0.38807807475524025,0.95443916,0.1956391351586201
1800088899052601088,327.1476834490422,27.27850257684468,0.31160237113252176,-0.4,0.55,0.26029694,33.943447,6.0497017,0.41354503705524365,0.98248994,0.12701874721764064
1790277677622699904,320.26281117702206,20.127857098439105,0.15766016951454453,0.25,1.25,0.36826456,32.4392,1.6899643,0.1226748080952599,0.9468168,0.14678139755734906
1794587801859283072,326.77335984859957,23.834445695873203,0.0659529146280633,-1.0,-0.5,0.16250189,30.824245,9.247112,-0.4593166258899397,1.037373,0.1289862760572564
1799418849795457152,326.44248690918846,25.920397760622187,0.2980566187997393,0.05,1.05,0.35458952,36.833946,6.1578445,0.20144028124754246,1.0366652,0.15309781873587985
1773095544991796992,326.6436482748077,16.92878427495882,0.3102456581179327,-0.3,0.9,0.24227755,25.873905,5.915966,0.1194451765506985,1.015737,0.22733896867653375
1777523381395652480,335.56427558768485,19.022379116774246,0.3251903497206099,-1.0,-0.15,0.14813559,25.615005,10.185585,0.5682439737237445,1.0229986,0.09180737996747516
1778593378008217984,334.7053382325109,20.731661185282384,0.009476352584563585,-1.0,-0.45,0.14998165,26.257412,11.5600815,0.5214531011109207,1.0590084,0.05608445906989734
1806707203147706624,303.2870638626822,14.538020204951179,0.3230089322546643,0.15,1.35,0.3219956,27.364964,7.7765045,0.06338950076440701,1.0047954,0.03387283061309684
1811214513617435136,311.9172765236934,17.043959288510525,0.3284431976930353,-1.0,-0.1,0.17489198,35.703884,2.9216576,0.8383247145400604,1.0731151,0.024863449263477225
1808336228395875200,304.47523277055865,15.139317366621558,-0.0017274452323761125,-0.9,-0.2,0.23128292,53.83227,7.9976845,0.0986927837186607,1.0134552,0.11364956450961658
1805439947269988992,306.7311343162954,15.118390372023061,0.08146787924980003,-1.0,-0.55,0.18412179,39.571823,3.4763832,-0.3250671028525973,0.9447583,0.15634205263121548
1808806926754700416,305.55722336073677,16.29752472723301,0.5410001813735024,-0.05,1.15,0.28916153,27.344175,6.2593327,0.26156992026274645,1.0790973,0.13635087054274578
1808793148492302336,305.14927009857945,16.295534732944592,0.02476611068522061,-0.65,-0.05,0.27635574,53.657185,8.801235,0.5823716410755235,0.9129878,0.032146090042161346
1813694457795843072,313.77870362449016,19.719443482064978,0.2182933874410189,-1.0,-0.2,0.18615389,40.450123,4.5820885,0.3473248705626416,1.056949,0.16387281442986268
1812617696615402240,309.56112480890124,18.87058196565802,0.06469329396736612,-1.0,-0.6,0.20770179,50.356575,13.043648,0.3929627479074666,0.991824,0.11057576984089326
1825669964829751552,295.0295459445755,19.789633922091515,0.07127160713546132,-0.6,0.2,0.22968116,34.57377,7.758423,0.5870664554041283,1.0241491,0.1083695368323105
1818173803749159552,309.9410311696826,22.371530487367387,0.11788377450396048,-1.0,-0.65,0.23954862,66.98276,5.6688232,0.37550527696071395,1.0147926,0.11571855467956825
1836993354017639168,303.59622761677093,28.090844661506893,0.19092863526032566,-0.1,0.45,0.44007483,67.05533,9.6887665,0.8666832199024987,1.0249914,0.17343487590427725
1819115943476350336,309.78096532420676,23.2731195671311,0.2717214347114929,0.05,1.4,0.2925995,25.080927,11.796175,0.7856994325000315,1.0916103,0.05482257276543872
1831593613748295424,307.6668441325609,24.377282367507352,-0.04568666381984077,-1.0,-0.8,0.29501182,101.590836,13.204376,-0.8102647181721994,0.98210144,0.0833773835171915
1821913448966873600,301.97352873641023,18.352147512800403,0.35311404857445616,0.15,1.15,0.38189837,38.49379,8.429825,0.7665979480733265,1.0400467,0.050462405815261444
1807762425079856768,300.7427844526133,15.455294256917588,-0.0033936664231335456,-0.15,0.55,0.3562792,46.595177,3.3297806,0.10886926977986663,1.0249346,0.22961866162724698
1821943067062637056,301.0981451406247,18.31227364645504,0.1320136836058028,-1.0,-0.25,0.19083998,42.512276,2.9121895,0.19042048334384457,1.0303082,0.08324481664794255
1824052239649040768,294.6828312358289,17.630397937033333,0.24108630075051707,0.3,1.45,0.33488625,25.59445,6.9667187,-0.08400266730159472,1.0019133,0.20662979716387173
1822628784364758144,301.2714712223843,19.404678292212797,-0.039771353984609625,-1.0,-0.7,0.21240936,52.665104,6.263832,-0.7786536685567307,0.88124156,0.04030286473347918
1826275349062810624,298.544557184904,20.293251398737716,0.162574292286223,-0.9,-0.2,0.22077999,49.05406,12.925106,0.7013680563226927,0.91639084,0.12945543604184515
1822435957506589696,302.8395129784908,19.28225364321777,0.1499990702108125,-1.0,-0.35,0.18688875,40.770123,8.245052,-0.3328275079358925,1.0328124,0.0850113991581799
1822799380466316928,302.43490149215387,20.231885288258475,-0.04472210269738319,0.35,1.2,0.38181162,31.79093,4.341444,-0.15172179817499895,0.98961884,0.07393469038470397
1836204454426127872,305.25727922032814,27.417125815258693,-0.0013746920682704555,-1.0,-0.6,0.2090951,51.034447,7.059204,0.3516935027753062,1.0436685,0.031336973782078933
1817280381830909312,309.05979931553964,20.0361357420216,0.29676367894200695,0.7,1.2,0.83934754,116.52173,8.075401,0.2119103870826626,1.0896219,0.10773270963330459
1834628270163512320,299.7546910150978,25.5284426647324,0.044098585680689695,0.05,0.6,0.43066418,54.334282,9.059143,0.4864246170327217,1.0372001,0.06345885674904282
1823253375709829120,298.77356830284424,20.03307865491515,0.10678122129066736,-0.75,0.2,0.18159401,26.690989,8.239374,0.3969632281566609,0.9747752,0.12485842875560474
1820501538609157760,299.93632474547326,17.63109824907758,0.05627610100537517,-0.2,0.4,0.4039262,63.57866,2.5436096,0.98705488602337,0.90373176,0.05407049681356111
1835534095933659264,303.4532382791008,25.674323767342642,-0.03272758233373718,-1.0,-0.4,0.2069843,50.009262,1.1260986,0.22063584659390734,0.9830283,0.04523907010194392
1821296038841831424,299.0494016254422,17.88136349068192,0.25326857105312506,-0.55,0.45,0.22647889,31.38667,6.2488365,0.17318609573206142,1.0865452,0.056283376478806414
1833386784095476608,300.2250256896236,23.9154185882588,0.05267777441408761,-0.95,-0.2,0.20638579,46.15326,5.765827,0.1238210625105243,1.0285908,0.035774279428176396
1831627015717182976,307.5604903451731,24.84771404214934,0.3468032271388628,-0.75,0.05,0.24091478,46.977345,10.577827,0.7860476075651001,1.0515498,0.09142927737703932
1826829021879907840,299.7279047492313,21.38178103217315,0.3349125936055355,-0.25,1.1,0.24974686,25.834808,8.660908,0.7356142978515381,0.9965682,0.12746739801803994
1821446843744529024,297.12848046862484,17.847184011102907,-0.00932356279135682,-1.0,-0.6,0.15891594,29.478851,13.372208,-0.36118486061189037,1.0284153,0.14430014942673847
1872460811688033152,313.0280993368036,37.82157485493105,0.1923040184943261,-0.55,0.25,0.265123,43.011505,6.5626373,0.20060908176574743,1.0187927,0.08029927663295605
1853139854066642432,318.29931684878244,32.107827840084994,-0.025230812288748794,-1.0,-0.7,0.26866877,84.25779,13.347145,-0.2653658469287948,0.9934696,0.11934661081997341
1872655498267835904,312.9549817602767,38.05718934144785,0.2840386939694781,0.05,0.85,0.38464954,43.343792,3.020649,0.6542714841650922,1.0427047,0.09820235288223085
1856577820770960512,310.8779874074053,28.16274474389115,0.07218467393882921,0.3,1.35,0.34808153,27.651144,1.3075275,0.18355117214431577,1.0518799,0.11656928992948855
1868344381892418560,316.5089122487479,36.32639408662975,0.3512884687834843,-0.25,0.75,0.29872486,36.961353,8.246372,0.7265938903320258,0.95429707,0.08441933360652709
1857908156811800832,312.81777913644646,28.492194896337065,0.11172727894182088,-0.1,0.65,0.39033285,52.753403,9.836792,0.4872624015265846,0.97261155,0.15057324961099372
1861611316291217152,304.73719218775864,30.55536559907491,-0.029350538101889256,-1.0,-0.5,0.14928526,26.014143,10.783083,0.4935254471818001,1.038429,0.06856083984217776
1866590282892052864,314.03352178800577,34.67955363355735,0.13411387664842422,-1.0,-0.6,0.16157372,30.473135,9.615225,0.6992027433776212,1.0384035,0.11269196389441548
1872620073378899712,314.3866580279463,38.80057481451541,0.3554313661494648,0.4,1.2,0.49747324,51.64781,6.1526756,0.2618768363061916,1.0087072,0.10157714460160043
1868155059732955136,315.5934434057982,35.12236358618885,0.2400510564972249,0.2,1.35,0.33324894,27.88286,2.817213,0.0023908179364719806,1.0624802,0.10491369103437383
1863814119111437824,307.908999004496,33.21907029897192,0.0013659183994976232,-1.0,-0.45,0.15859884,29.36133,8.499777,-0.13565841249660904,1.0291506,0.20479380924581758
1867424228096978432,319.2945864973613,35.287565936697,0.20621132718409285,-1.0,-0.6,0.21113162,52.033398,7.1352043,0.5186693978405462,1.0362947,0.1607905828700953
1860831247138715008,307.29695865512934,29.3516273848515,0.2941564730947537,-1.0,0.15,0.15571561,28.303492,7.9076824,0.5064530975599595,1.0285863,0.07220966683358152
1871809767664476032,316.3536473774343,37.23448669016751,0.2494316494222204,-0.1,0.85,0.3169734,34.787712,4.7517166,0.873584688515525,1.0179465,0.07843697625015032
1857689972472229888,308.81356887936516,29.393703436941927,0.3759320386657441,-0.65,-0.05,0.3159804,70.14734,13.005005,0.5201638571730887,1.0215861,0.06509514401112242
1851706640651346432,319.61830595992507,29.667595878637464,0.25210906422647383,-1.0,-0.4,0.19496623,44.37051,9.832134,0.033001936631080246,1.0123807,0.18169143603790366
1856649151588169600,308.2682131136065,26.42983646862546,0.28837470622005945,0.05,0.9,0.37822142,41.907207,8.374233,0.21475458471183276,0.9739281,0.06625298694545924
1870449122026316544,310.6875710140515,35.70421783394596,0.033726883193301305,-1.0,-0.45,0.17094928,34.112236,5.8855057,-0.6608174275498383,1.0262619,0.08299700291355966
1866466587830488320,314.1615877155133,33.726747930587415,-0.05262823135675099,-1.0,-0.7,0.19305252,43.50374,8.138138,0.21082159865755726,0.987276,0.12470516916539622
1858662907136375808,312.61620289474234,29.928957152118222,0.4141853116747152,-0.35,0.8,0.25298876,30.059528,12.325596,0.5327571053225362,1.0458523,0.1229862841912844
1839187906197330816,315.11230737626994,22.547505579043857,0.14662641289397982,0.35,1.25,0.38687596,32.63987,1.8436508,0.17348926990514876,1.0568991,0.30425856396857376
1893969836099673344,335.83810676372894,28.820332932703018,0.3665547804694427,-1.0,-0.1,0.1680474,32.963947,13.054806,0.525010898964161,0.96390444,0.12041090225936014
1873741467848962816,337.7528636710843,20.957733133283536,0.20815300717176122,-0.1,0.95,0.2884075,28.800062,3.4381924,0.630665637185574,0.97847897,0.07382072236056514
1878969340697126400,335.29005457536334,24.871084966941385,0.30937636546197034,-0.5,0.55,0.22388227,28.663765,10.276295,-0.05954187015604028,1.0380138,0.03693532347563687
1900014989688182784,331.9526512684897,33.53424009517463,0.25638300631577593,-1.0,-0.3,0.18746112,41.020233,8.648422,0.15155175738887922,1.0386895,0.26497093613491995
1908313003942496384,339.10913862011427,39.334903046806545,0.4671739675841984,-1.0,-0.75,0.50820047,301.47113,5.832611,0.529062922444927,0.9284619,0.21504701418447453
1902502939685394944,336.8669759630118,33.83123874532942,0.1129886482677751,-0.75,-0.1,0.26855877,58.376797,4.401867,0.30167787908979515,1.060797,0.21802870507117833
1918776197109790336,354.67364416967877,37.35882739132083,-0.08728195890719093,-0.75,0.05,0.19913135,32.09526,4.9426537,0.1360164620788787,1.0546212,0.422525141092841
1926264970806194304,358.04360147270467,45.538112122568826,0.2190428044700159,0.05,0.9,0.34423858,34.71487,3.333065,-0.23964765863838283,0.9986986,0.2210873717005806
1923233789047384192,352.56132205101943,40.245792850315475,0.09969645532256255,-0.2,0.8,0.26383793,27.12575,2.3203297,-0.03385712782514709,1.0266435,0.3567698736348776
1939725776272306304,357.39278337509245,48.09094592257159,0.14440241315186242,-0.3,0.75,0.23961547,25.308437,2.839531,0.2511079002093361,1.0406783,0.16955442330587933
1911364767183200512,349.6424361482601,33.72073906397126,0.3012722577517222,-0.9,-0.1,0.23197539,54.1551,12.848423,0.2595521303464219,0.96409094,0.17300723272291288
1936358105295287936,344.7182822301061,46.59684113871065,0.0008976397632958211,-1.0,-0.05,0.17100856,34.1359,1.234436,0.7512312689191357,1.0437315,0.3713870285658611
1944613208537715200,356.00283513437046,51.189162376932714,0.23281158266751412,0.45,1.2,0.5136976,52.782284,3.5081367,0.5184261137759186,1.0725915,0.23001309695554317
1944056580776329984,359.6591385928595,51.25965690993651,0.10666508171068578,0.65,1.4,0.5362677,49.26423,6.390724,-0.3922627715039078,1.0055739,0.32775115398368526
1918642846965735040,354.4567999644573,36.62159577143953,0.20603433847334784,-1.0,-0.35,0.16256197,30.847048,8.646269,0.6468925789991972,1.0174725,0.27048491429331617
1918428575340194304,349.1757489285871,40.70634278182383,0.3694656943318151,-1.0,-0.05,0.15785424,29.086283,10.525694,0.2633718269528038,0.99774253,0.28088519129877176
1928481208290651520,343.25436266203815,38.799831508625026,0.22049995826894353,-0.3,0.75,0.25615525,28.922924,3.702938,0.1460763136524074,1.0324403,0.15854355590845323
1926975805075602048,356.7545033765671,46.42954169661184,-0.004255736748072891,-0.8,0.15,0.17004736,25.14982,3.3167515,0.09854242540439341,0.9840485,0.11294079095141991
1935850753696233728,343.6317366354072,45.205229204656526,0.40830180724780796,0.3,1.3,0.42252037,40.742386,6.6938515,0.69063750972141,1.0356354,0.21739743926315017
1977843679747211648,327.23643719359126,48.20095673813081,0.22357146737130495,0.35,1.45,0.39006597,33.18036,3.4937286,0.8873932295923717,1.0308546,0.18742652536203475
1973091349974761088,326.1713192639368,44.142848856356316,0.3068141280492016,0.3,1.1,0.47611663,51.734215,7.2673454,0.7587145790236446,1.0210063,0.11551666355412704
1981443755701379840,329.48266248406344,52.891756657762116,0.10774020148876673,-1.0,-0.8,0.25295067,74.68739,13.615356,-0.4423399863853282,0.9459584,0.05532870422581972
1968384237618931712,317.1669185500302,40.01436415322404,0.27479263711333957,-0.25,0.7,0.28569797,33.808,5.5966454,0.13518516829641178,0.994493,0.1449512530376335
1947371608333370112,326.0240943659874,33.82445946451873,0.4405242207383431,0.05,1.15,0.35116717,36.126366,13.292461,0.3677121811128793,1.0294739,0.22169331676721735
1971554748121555456,319.13128604858787,44.492207254673545,0.37379368079714226,-0.45,0.3,0.30063987,48.352905,11.610199,0.37974058954027284,1.0166858,0.11115440743114789
1958212380664585216,333.99262316793636,42.361172589226754,0.00521727944035888,-1.0,-0.8,0.23723966,65.69771,11.255028,-0.22198689190224122,1.0734264,0.25535566758792716
1979329807159797376,325.25039725821875,51.14781109323602,0.14791199486390383,-1.0,-0.3,0.1684949,33.13974,9.224476,-0.2868996529994286,1.0122705,0.21308441615912038
1966957655637354240,322.19635789666546,40.55013075694532,0.02012080924501003,-0.25,0.6,0.2575707,27.478823,2.3328056,0.08700526940285987,1.0509816,0.1938150818000003
1978697038222897152,323.6429995265131,49.2029185136561,0.1923008420439123,-0.4,0.2,0.35437816,62.91463,8.766949,0.3673495420564913,0.95143914,0.09058721761765158
1966921646633509248,325.2532262107987,42.91598840697023,0.10012653093976809,0.15,1.35,0.31741646,26.592178,6.04039,0.5228033008844337,0.94136685,0.09982483700222433
1948965556595117056,327.53776233520136,34.82966421633778,-0.07182148286717194,-1.0,-0.3,0.16488302,31.734198,0.81923485,-0.23497871427798084,0.95725816,0.316771425153882
1965836703531522688,323.6009935600188,39.09206795397631,0.3866401486836928,-0.6,0.1,0.31873453,66.5816,12.261955,0.03750973727475966,1.0125859,0.10689508717612685
1973967454587824384,326.1697881265866,45.31178506626548,-0.04473588330470424,-1.0,-0.7,0.21028583,51.617344,6.6025887,-0.6794553486171147,0.8781323,0.07168064656021064
1965832717801799680,323.68779410740825,39.03776466979788,-0.01058601149978955,-0.7,0.25,0.20227158,30.840609,0.7636967,-0.8328528502997504,0.87540686,0.09537810624908215
1978973187431411584,326.30071331850513,49.835502544380056,0.2758427490381772,-1.0,-0.25,0.19270466,43.347107,8.664482,0.10649544146017519,1.0466207,0.09900925184687856
1968126058544321536,318.0118034070817,39.324337295621234,0.41184859613200864,0.1,1.3,0.34986562,34.012024,11.105534,0.8299780390100664,1.0179814,0.07947977705575754
1975387920531382272,330.938306709429,47.95940307350207,0.25070976319366434,0.3,1.35,0.39192563,35.055683,4.845112,0.46360949534465284,1.0214787,0.20549005051784958
1960360895106383872,328.33911186340015,41.57043175390242,0.267342079552221,-1.0,-0.05,0.1496367,26.13677,8.184359,0.6103631086260077,0.9730841,0.26901736518324026
1978419205374113280,323.38213225211064,47.90158010249139,0.3594460273851121,0.15,0.85,0.48093173,61.046658,9.577534,0.6935014988624899,0.97311985,0.12573178417883582
1976974893770601344,332.2766377946171,50.14240388066303,0.17606220456440802,-1.0,-0.4,0.15632689,28.526144,11.541323,0.7063106751296774,0.9960236,0.18583845921268086
1968967352433409536,318.9153936844771,41.82989805793886,0.018789315407611085,-1.0,-0.4,0.17200063,34.533115,7.537739,0.24417984877179982,1.035873,0.14945256860090494
2013991017861181312,348.13199761125526,60.20681424498769,0.24013674349536984,-0.4,0.2,0.39615205,78.62155,7.714905,0.4859447963182863,0.96438634,0.5111906027051302
2013743627746555776,347.05738434621094,59.38873668124659,0.37927982486367107,0.2,1.3,0.39301553,38.781017,11.497318,0.657310107174172,0.99525994,0.1992146516226743
2015589192376037632,353.9794514263827,62.076420840324964,0.25074466064927137,0.45,1.25,0.5243618,54.996506,3.7727852,0.30502869280124756,0.9807149,0.3801166264269757
2013903881570415104,349.2724409117684,60.453865565091725,0.19745555840365192,-0.15,0.5,0.39306054,56.71252,2.70924,0.05415684620534703,0.9966878,0.4308969979855454
2015383137026330624,350.94905587739765,60.76251233126171,0.17565653142043836,-1.0,-0.4,0.15423472,27.767704,12.175182,-0.00281773866748899,1.0327458,0.46578472385342157
2014957144983476352,348.54752782894906,61.490836417566115,0.10233464976646989,-1.0,-0.35,0.15149727,26.790777,7.3138447,-0.6828175179876973,0.992372,0.22090599843495695
2003591665093044096,341.91691238373767,54.93090193501665,0.10353828581539393,-1.0,-0.45,0.1875894,41.076393,7.8477745,0.24247285734628207,1.0088383,0.3718948077667032
2015522946798757760,353.3560047022349,61.58919936158562,0.2805722897845957,-0.25,0.8,0.26918146,30.012035,8.890774,0.35135591474835887,1.01024,0.37023686746533846
1987451551646571776,336.4271602974057,48.23035382828374,-0.012813416693106205,-0.05,0.7,0.34642977,39.247696,4.0484886,-0.13772335879157385,0.9855356,0.29443941533666973
2013518846340699520,343.97482664396955,59.30504429568678,-0.09302642929880633,-0.45,0.3,0.24705978,32.65378,4.067581,-0.0859023061450874,1.070352,0.353801906173373
1994496814142347904,355.2532807171192,55.154365988044745,0.21418201778825363,-0.7,0.35,0.18615223,26.120995,8.681927,0.23831409577618412,1.0432456,0.21653004152179978
1996888904766647168,349.3199531150947,55.45828061349852,0.36795788245515215,0.25,1.45,0.36522028,31.905098,7.5716743,0.007105169860447622,1.0080739,0.3353541287693295
2000961049167463168,334.2633448228025,51.385706868595,0.32603051126400384,0.1,0.95,0.3959033,43.55201,11.678337,0.5759791376892133,0.9682212,0.23240078436725128
1990517131805985664,344.9365534030409,53.7738698903813,0.20783425454404814,0.35,1.4,0.35012043,26.732517,2.964388,0.19779949639534936,1.0035744,0.4195610455889236
1986740927837215360,338.1482946658597,47.32472848905971,0.2998796907856267,-1.0,0.05,0.16138318,30.401304,9.243174,0.3017828622306199,1.0334412,0.2761935211061787
1986620359516367360,337.16176137212597,47.55711716358433,0.06529738160988874,-1.0,-0.05,0.15073155,26.52064,3.1451778,0.0493839121176815,1.0133047,0.29106197939592754
1983871752241260288,342.6969246033329,45.4975503384399,-0.1337824982782445,-1.0,-0.65,0.16702926,32.565727,12.758175,-0.044748035532337416,0.97603136,0.4474337722063589
1986625513477264896,337.40852382303336,47.66652792234023,-0.018741427773633745,-1.0,-0.25,0.156189,28.47584,12.258879,-0.09757611657258086,1.0642433,0.24744257873078285
1988109304422585472,338.2311650812765,49.80813937020925,-0.10783687172025758,-1.0,-0.5,0.16496517,31.76583,13.506281,0.7403139607827669,1.0067346,0.27990237640557736
1992912967639329664,354.5991832770551,52.37237055119081,0.2547876722787086,-0.05,1.25,0.28497297,26.55774,5.0476418,0.2958468981825915,1.0726488,0.11843551529391518
2017608445474279680,359.4179133310047,66.21376021500056,0.12019709811118773,-0.9,-0.05,0.19662873,38.90895,10.223568,0.796326859839342,1.0737903,0.09214827300836846
2038244801272868096,288.74159048288436,28.63419605515891,-0.00782936084118191,-1.0,-0.55,0.17444311,35.520847,7.139042,-0.421420971839459,0.98545915,0.2507927962500475
2020087569328442752,295.96364968426116,23.33560548430017,0.026431963333249264,-1.0,-0.65,0.17563468,36.00777,13.071445,-0.5354580592650235,0.9692081,0.27176222150184154
2021761300917957632,296.2542271970129,26.108875754805155,0.20366755592672803,-0.15,0.5,0.37467548,51.53124,8.779621,0.08440248001349053,0.9930611,0.17967379588336288
2042780557305681920,286.4357740886738,31.682298223492875,0.3489084580987871,0.6,1.4,0.61302924,66.77293,7.1625443,-0.14266223709207398,0.9634046,0.1425677338191677
2019951642201865600,295.0690850395423,22.750470117517448,-0.04481122652007663,-0.4,0.5,0.23064218,26.649881,2.2133007,-0.8201754885662337,0.99420506,0.09577035447717316
2019959201344409600,294.7946520069714,22.70897827478754,0.1780260226007293,-0.35,0.45,0.2742486,35.323895,7.0703545,0.30178697537734384,1.0856668,0.16134313861436472
2017803986768813696,293.7345109896606,20.76560659028606,-0.11535391375694637,0.05,0.85,0.31417352,28.915827,2.676569,-0.026206461171009398,1.02327,0.3181418427405287
2027513980104139904,299.2531821324644,27.292073014491212,0.11684173132856301,-0.05,0.85,0.29028696,27.557438,6.2631645,0.07537537458444137,1.0216306,0.033834869531906356
2019368351311535616,292.7721954331374,22.825968935195654,0.22917206910283028,-0.9,-0.1,0.20795079,43.51878,8.830395,0.4926674814591097,1.0239371,0.3258171906298894
2029635831388002944,303.1916586703196,30.064043094099375,0.07857521292575065,-0.75,-0.05,0.23415066,44.37643,12.899998,0.7607336027327966,0.9924727,0.03725842390255084
2018507983439659904,293.6964925653214,22.073591560322278,-0.3024557173691731,-0.35,0.45,0.2422216,27.555319,10.943064,0.11178109322733701,0.9740035,0.3693437351534853
2029818796997742464,301.14378179531866,30.194733831221825,0.08920893729827029,-1.0,-0.4,0.18484227,39.882122,9.296642,-0.1150053114523524,0.9781661,0.20667665324010956
2032574310594383104,293.5501493570644,29.93226837250752,0.03735200054059806,-1.0,-0.45,0.2535766,75.05749,10.777153,-0.21579438431583034,0.8167997,0.13975862315993215
2031278879765086080,296.06044740234023,28.303742103739445,0.397804591439499,0.05,0.7,0.4678787,64.13026,11.503479,0.395366086375279,1.0359523,0.2958220635000378
2035103049897724800,298.5019659981559,33.35373831400661,0.2844540862284859,0.5,1.35,0.5182715,51.570168,4.732155,0.4144142966891266,1.0411413,0.11693884910648326
2042331548543485824,283.5564424299777,32.05949460069466,0.11194347329578491,-1.0,-0.05,0.16443469,31.561855,4.3903236,0.7807727767870075,1.020256,0.11058907097436071
2029394248066229376,300.6001377750629,29.479431760297917,0.05802288560777846,-0.4,0.4,0.28152588,39.705845,3.5448456,0.5853268354196545,0.971051,0.0584990037669188
2045663927786036736,294.4731049856141,33.38155339202641,0.09199481730696402,-1.0,-0.4,0.19539052,44.563847,3.348053,-0.21380193719580298,1.0593718,0.07341749273234843
2053349170453034368,293.0475894953093,40.66995710736386,0.2824549053818881,-0.35,0.85,0.23344073,25.593695,5.4264793,0.5878282854831133,1.0826817,0.08811639369390684
2051556794699323392,293.2165904051933,36.81662497974067,0.040002152656867906,-1.0,-0.45,0.17558947,35.98923,8.172298,0.671520251772247,1.0369431,0.03189551590423199
2051401419964038528,292.8264429746944,36.06037217273104,0.2598910360766773,-1.0,-0.45,0.2272088,60.25956,11.301262,0.64392699829021,1.075791,0.08633509555253197
2034191623475285632,300.2793351772255,33.03844968572311,0.05468935245538731,-1.0,-0.5,0.19676165,45.191486,12.06522,-0.07470675804056055,1.0558288,0.11329646350908983
2052299686604799744,293.65677705489804,38.92265150956256,0.2512810673082466,-0.9,-0.2,0.25893566,67.474434,6.686043,0.5525099208073925,1.045659,0.08140351925331482
2054265269803313024,305.2925254918821,32.18871288930738,0.1389435625284925,-0.9,-0.1,0.21033639,44.522995,5.109886,-0.2131298442820874,0.9882656,0.12796036419305284
2068862519300377856,306.4012528276518,42.22888632945542,0.12638906137399442,-0.15,0.55,0.35433972,46.089256,2.3255005,0.27109430476102836,1.0558947,0.09973790588579518
2061233871414392320,305.8038088277302,39.16249369033649,0.14636196081663222,0.25,1.15,0.392858,36.916588,1.9736404,-0.024627268196212783,1.0104238,0.05940544043728415
2068151517532745472,308.02503280841336,42.22607391248687,-0.057292089940164104,-1.0,-0.5,0.15547273,28.215261,10.534273,0.825472443548939,1.0422,0.05705085399903264
2056617056451947136,308.5496489053926,35.28176218660667,0.10922327393780673,-1.0,-0.55,0.18317945,39.167797,10.864269,-0.035288498129975546,1.0281113,0.1193837984416122
2067340112311718272,307.9246883465139,40.23315842402272,-0.005048008148403227,-1.0,-0.6,0.15877834,29.427824,13.386461,0.335606937537719,1.0070672,0.07230317379452647
2069728865744609408,308.7772723033677,43.332224993609195,0.13655329209126954,0.45,1.4,0.411851,33.92761,0.46170807,0.3025688505568917,1.0642097,0.14104415107710377
2084106633851908224,304.357149190042,47.63189074708294,0.23047240011994408,-0.35,0.85,0.23437448,25.798853,7.1107845,0.580391356751591,1.0434134,0.05633118403382884
2063516217028893824,309.75908717008565,38.27474711126541,-0.14431982848103253,0.55,0.9,0.9397181,162.98062,3.7344666,0.4886158315878662,1.0302508,0.08304230901448538
2072907661256516480,296.6848402587881,38.2678408296633,0.3596125608682623,-0.4,0.45,0.30303457,46.004696,12.097202,0.6438393965159216,1.060045,0.11552661420716578
2084950509024499072,304.5578828702805,49.91938575625766,0.06656252368918203,-1.0,-0.45,0.15586537,28.357958,10.980677,-0.688054342890565,0.98546875,0.04222425759905064
2057951451244294784,305.6772927813726,37.33213422787023,-0.07118539206309649,-1.0,-0.5,0.15126896,26.710085,6.164484,-0.34983800165439954,1.0140485,0.0921909744874889
2064533471441366656,310.315613084738,40.17404848829839,0.35878856103338563,0.3,1.4,0.41891858,40.050724,8.573673,0.49992630926554693,1.0376021,0.06924939754605922
2066519185145324672,310.37269417218937,42.25295890299019,-0.017243222554180093,-1.0,-0.3,0.1536324,27.551249,10.270548,0.2507856641094911,0.9218156,0.0788301088174412
2069444264030603648,309.619585352112,42.40594698757641,-0.06409485078772548,-1.0,-0.25,0.19152953,42.820045,2.2690125,-0.19229408075352206,1.006101,0.07814636167856076
2069088713759870720,306.97231016927014,43.52037193299597,0.30281811131486336,0.05,1.0,0.34242374,34.349792,4.8237534,0.5429941357098257,1.0204815,0.06493813075886214
2064372564786171264,309.3818870771654,39.42852816882744,0.3836606163163827,-0.95,-0.05,0.21439385,49.804363,9.992428,0.09165012864032011,0.98188674,0.09590691232606625
2080902107212266752,303.6669720868909,43.525829677625055,0.09154774089408058,-1.0,-0.3,0.15333742,27.44555,7.126707,0.5374280690023954,1.025364,0.07743232617414107
2055585370947260160,304.63042434922653,34.419961985149634,0.08291682564762048,-1.0,-0.65,0.21797352,55.460415,8.939083,-0.7487383576548794,1.0390272,0.074117128417443
2070467810586360320,310.05328876738776,45.69146864979711,-0.08615573765477968,0.7,1.3,0.54988414,50.011017,11.746223,0.05609137600466332,1.0733992,0.3226009309419112
2066918960709059328,311.9796455278273,43.47170630745444,0.08506825667189233,-1.0,-0.2,0.1687395,33.23603,7.7008057,0.8081832653500248,1.0927234,0.06556004245585921
2069373796511672960,306.0733848573481,44.36537319988758,0.34529729998874803,-0.05,0.7,0.41480416,56.269104,8.984718,-0.01232903866136326,1.0218871,0.38176414375544127
2067206624728338944,306.69064560401836,39.384595566432395,0.07625045488067617,-1.0,-0.6,0.23045927,61.99605,10.533886,0.9044630598024418,0.9739368,0.09739680924133813
2066328454236028032,310.0215058870058,41.41302789948513,0.08985045086751065,-1.0,-0.85,0.37263578,162.08572,13.281052,0.42882225086055636,0.9902842,0.08941710403701142
2064577726784422144,309.85860515067293,40.3935788531166,-0.03984427791453182,-1.0,-0.25,0.16440436,31.550217,4.052841,-0.08107054007167705,0.96730703,0.10308537057594594
2066333956090559744,309.8961302067682,41.55460011086338,0.045430803417904286,-1.0,-0.5,0.18297903,39.082138,4.2919846,0.14588406764845516,1.0614495,0.07756978848743254
2063210273619168512,309.39343971421454,38.58311945156078,0.12251398356800891,-0.3,0.75,0.24430224,26.308165,3.3663082,0.4540395082725255,1.0071167,0.05465526545380927
2057661489414576896,306.40197300179574,36.29805137132315,-0.20052198128003518,-0.05,0.7,0.34537616,39.009327,1.4707603,0.38803234800637626,1.0413154,0.0686341260994841
2064243303450406272,308.556450998472,39.416822464716915,0.05527916163830504,-1.0,-0.55,0.21705417,54.99358,2.2424126,0.0824825356361103,0.9878127,0.06725900805140425
2068446667685181184,305.8055760665062,41.505400390514126,-0.10319761740074451,-1.0,-0.65,0.18329342,39.21655,12.016457,-0.6073357356536625,1.0329335,0.14724829377751897
2070742619769618816,307.8615099942867,44.717601146044345,0.04268849407188924,-0.95,-0.05,0.18069996,35.380085,3.02882,0.647555307166618,1.0353621,0.26835945513280074
2061852655965283968,302.0667794272059,38.608542431154696,0.3154222906749622,0.25,1.0,0.468718,52.550102,5.7120132,0.08954407568922713,0.9639894,0.18777360456450162
2064261307953366144,308.47187506374695,39.65399820650578,0.1330059184940504,-0.05,0.65,0.4227936,58.457546,2.9647102,0.43873286701776226,1.0228869,0.08876015767841129
2081887922466412416,301.4147234943597,44.326115811310174,0.08592582368851076,-1.0,-0.3,0.15503602,28.056974,8.914072,-0.21168586491451125,1.051906,0.05139135066043477
2082387787939827840,303.3333740196756,45.482735358378214,0.23314717401136598,0.05,1.15,0.3217003,30.31792,5.072933,0.7068817872257697,1.033054,0.08979441295028515
2071780043379736960,297.9920064483457,36.7277674607897,0.3893465094556916,0.35,1.05,0.5407518,63.76772,7.2550545,0.13008320403514906,1.0152539,0.130610518062085
2055677970453333504,303.3307290743658,34.373542817909446,0.2616552233073772,-0.2,0.8,0.2739529,29.245504,9.662058,0.7707500487487755,1.0694598,0.07288471615422125
2055749438711934848,302.94232680870215,34.78859312051808,-0.0039009864018018092,-1.0,-0.3,0.22280534,57.946453,4.917103,0.17113566906727895,1.0562699,0.17249103327167403
2063990003459298560,308.4122284423117,38.58106579519906,0.18295370118139154,-0.7,0.2,0.22759278,39.045425,5.333763,0.04367134871528703,0.9789608,0.09633895857063723
2060972634323254272,305.4233680617751,37.592013353975965,0.06406526865807649,-0.15,0.7,0.29685187,32.34742,1.824009,0.681069550675502,1.0010478,0.05694343483346354
2063998490314968320,308.5966589626168,38.721355768809914,0.030929232547398655,-1.0,-0.35,0.1741253,35.391537,2.0506973,0.14884171709835864,1.0773625,0.0661740216863046
2067217826003449984,307.0315720632486,39.696501784116485,0.1316722725237396,-0.2,0.5,0.33188033,42.921047,5.4140816,0.008457348841941364,1.0218971,0.11257866771942575
2069496495130043520,308.6695971061002,42.53976255757496,0.1361457843342464,-1.0,-0.65,0.19339311,43.657375,8.3523445,0.2473466186853843,0.9909635,0.08634026409724548
2069853836410439808,309.0951619351926,43.89549867139692,0.14716000853646882,-0.55,0.35,0.22415417,30.745638,6.410902,0.1585622851342734,0.9981104,0.07100697886414555
2077503551128835456,294.2584289905208,41.69654078574464,0.3661032874813337,0.05,1.15,0.33973145,33.811775,11.739178,0.4305372352645483,1.0763737,0.10358743097684295
2066558359542808320,310.7780302095021,42.877107736582005,0.05994628865251883,-1.0,-0.45,0.25939107,78.539055,3.987297,0.14315699188660455,0.9847648,0.08427597332948138
2084054956804424192,304.1634970631542,46.991113279169255,0.4203462682128194,-0.25,0.65,0.3193006,42.228397,13.960506,0.44371409185307853,1.0269397,0.08340596073620984
2058429979343545472,300.3094128117895,33.69163170189985,0.06330865769054661,-0.75,0.15,0.1878603,28.564823,5.8023033,-0.4814660362531788,1.0150161,0.10872889547732296
2087804600686596608,300.28358490734485,50.01402145001626,0.007662390936420849,-1.0,0.05,0.1464072,25.020763,4.012928,0.996191625997184,0.9927508,0.02477062158112616
2055004313414023040,302.5271322549618,32.91242069828657,-0.11540449979950385,-0.65,0.1,0.23172413,37.725365,2.2415733,0.7551163907646951,0.9642737,0.17288685304951273
2063974919534453888,308.8269237268784,38.726282673567816,0.060134462409620504,-1.0,-0.55,0.24797381,71.77733,5.0754395,-0.748127971812887,0.9051646,0.08296099012744752
2064309652105353088,308.01617918406714,39.74312176160651,0.022619182283635908,-1.0,-0.55,0.17430739,35.4656,12.217041,-0.41093254612451896,0.96284807,0.10012339603042861
2065410847364587520,311.6826135515779,40.882561728689026,0.08839089312535275,-1.0,-0.55,0.1632587,31.11203,6.2744217,-0.46090866373257655,0.9899126,0.11465127469332213
2068471166178284544,306.34932884047583,41.93569199746951,-0.02134000108768408,-1.0,-0.65,0.16976362,33.640694,13.078629,-0.27143510099664814,0.969978,0.08123595060791074
2068652478222020480,303.8339054292077,41.79667506914366,-0.026369735120531423,-1.0,-0.4,0.17018181,33.806633,1.7583046,-0.25215285127767423,1.0008726,0.1614097665307768
2074545589992419840,301.92801384320177,40.7793930281462,0.08309804336686266,-0.15,0.7,0.30064428,33.1792,1.8947716,0.5119091621519649,1.0191921,0.09622156286958167
2084281696718498048,304.1956975590041,48.33665241398234,-0.06397747702096446,-1.0,-0.3,0.18644126,40.57511,6.370941,-0.30504800607868443,1.0322797,0.06848622707212644
2064838104881254144,308.9541170993983,40.916522182070715,0.012719665426473625,-1.0,-0.5,0.19015928,42.20955,8.318554,0.23116007587130316,1.0021011,0.07490276377260839
2061013316254098048,305.39457618605917,37.82725230367072,-0.10580951664785765,-1.0,-0.5,0.16867307,33.20987,5.4292603,0.2542297795344725,1.0467513,0.06463507693574946
2066107422337542016,310.58229257755977,40.947852436735865,0.10141422398242295,0.45,1.45,0.3736912,27.931787,1.4688606,0.34092086680402484,1.0559466,0.07787430584592595
2067470541880989824,306.2204604058135,39.94666663484492,0.072168278291322,-1.0,-0.65,0.26648256,82.89211,6.708458,-0.9759052639763487,0.9642917,0.05330835971781609
2076930598188336256,297.5622882191818,42.02877493396869,0.2560417716321153,0.4,1.4,0.4396653,40.34195,5.1630974,0.14232228274072842,1.0564139,0.11669771858860639
2077525438282474240,294.2736445436401,41.97126166862744,0.013475946159741348,-1.0,-0.6,0.18956508,41.94617,12.318493,-0.892332399810313,1.0545204,0.1148996235194738
2061605987403167232,302.27142946845976,37.985402425117194,-0.04945065586240638,-1.0,-0.45,0.18316011,39.159527,6.489979,-0.44445302457003855,1.0448178,0.09650364335017908
2066124086810697728,310.4826189967897,41.14072157978828,0.40785416418203724,-1.0,-0.1,0.17256933,34.761852,10.09483,0.9971509557784668,1.0772115,0.07535968508413299
2081301539168668288,304.32348606805795,44.01397496534823,0.3008169222799939,-0.05,0.75,0.31625202,32.70773,2.9630814,0.1433622519278568,1.0613867,0.08118253852517396
2063656129887613312,310.4743122125839,39.01696182204824,0.015388571871611134,-1.0,-0.55,0.14837532,25.697977,9.159601,0.2971867727948346,0.98140574,0.07054455935504199
2064823811230173824,309.7778666723416,41.16167541908592,0.11224632383586819,-1.0,-0.4,0.14917818,25.97684,7.561865,-0.38151928550197406,1.0152843,0.07742848003195742
2078869110210003456,297.75993010994347,43.88410195978479,0.18937526507290237,0.1,1.2,0.3151567,27.598343,4.4169235,0.5218459060902765,1.0699573,0.14953987526594692
2061495623904079872,305.0810132616599,39.75223810854941,0.30545331458525204,-0.45,0.05,0.44587237,106.353195,10.6914215,-0.09632125752230829,1.001273,0.12298433035957372
2074676191343048064,303.40354308230826,41.98083400053671,-0.013098772848874063,0.25,1.15,0.33932775,27.541595,2.7291832,0.3241389916879415,1.065868,0.09509251260163361
2064834905128517248,308.94827187371396,40.7853204932858,0.05334412576652259,-1.0,-0.65,0.1610126,30.261847,9.401613,0.2442180993578037,1.0341623,0.07077435714019946
2070612636876174208,307.5041697193494,44.22549198079417,0.23851511025017125,-0.5,0.5,0.22350791,28.567987,6.1272373,-0.051414940839418714,0.98024344,0.30002116773148035
2078721706932300672,297.04135657753744,43.17098581745346,0.26819933099992266,-0.25,0.75,0.28719968,34.16434,6.7270317,0.671908779679673,1.0248442,0.17924417998254505
2067980955791286528,308.46935739256486,42.16541210457934,0.27194960854728834,-0.1,1.1,0.28097978,27.335714,4.7997913,0.36027223392716307,1.037683,0.0775112511620529
2068484085439970432,306.18164901516235,42.007874792251954,0.018666660326440265,-0.85,0.05,0.17271097,27.897995,13.371098,-0.05462777409331804,1.0283326,0.13897031995694747
2075812089931449088,300.8292102308247,43.139657704466195,0.05599288507946376,0.1,1.05,0.30014518,25.031836,6.257862,0.5338909221598146,0.9563217,0.16058672038952068
2122698353807739264,270.1450116290398,48.259490482171,0.2534362437134794,0.05,1.1,0.32727522,31.377811,3.451664,0.21191059856613334,1.083184,0.0583288009298535
2124291825331184128,275.08914944970843,50.52419406660257,0.30134188439637377,-0.7,0.1,0.2700486,54.97143,10.093197,0.4497654846052723,1.0442474,0.0605833652586716
2101114292022619904,290.88702070532025,40.08898387755868,0.29267313395936334,0.2,1.4,0.34500775,29.885288,5.41457,0.3197875664255213,0.9466925,0.07080817820843567
2109592866697845120,275.9802002203757,40.153395856647315,0.2053129320922089,-0.05,1.2,0.2770667,25.104553,4.1987324,0.11568213453549794,1.0145451,0.03903379300375375
2113191705693026816,273.8690756035795,42.1180438264705,0.34142698634078883,-0.45,0.75,0.22919764,28.102806,10.390514,0.9802821110791147,1.0194365,0.03427992934771602
2092296861602177280,282.79464851572703,34.25672210335705,0.3353472972387044,-0.6,0.5,0.22553489,33.336765,11.982834,0.3981610301670061,1.0150831,0.106155116285585
2103745388984724992,285.41283587788536,40.336642995350644,0.2774191094270293,-0.75,0.3,0.19336088,30.262083,9.477816,-0.42362782984085484,1.0144275,0.07837061989484213
2100552647736949888,288.1046042906271,40.13877516190492,0.1846757063764226,-0.85,0.05,0.19639754,36.074905,8.8545,-0.12444076082722964,0.9515408,0.08748288251110486
2121189896871345408,277.22554507414753,51.10073663477991,0.2729781961421658,-0.05,1.1,0.30218625,29.862984,6.770714,0.44946066953022484,1.0497512,0.05621209892235136
2123039550306406656,272.946436120267,49.33257972457185,0.10837710677398249,0.4,1.25,0.46107686,44.366905,2.5538025,-0.04042942404856151,1.06655,0.05764878545116164
2111727980839567744,277.20220438073085,42.84217754376117,0.3052794370175125,-0.45,0.55,0.26059133,36.32865,10.564533,0.2289083004747206,1.0473874,0.038243578218384776
2108655670474318208,276.23168769127636,39.05831163498672,0.3153336752637097,-0.6,0.65,0.20138055,26.578535,7.8046436,0.244127638671532,0.9348829,0.04036948979560197
2089986237915525888,280.5203118589962,31.323835552719977,0.37954673996481514,-1.0,0.25,0.1551386,28.09412,10.018139,0.7700870473477205,0.9979997,0.12306439283110539
2112920229400433152,274.90617337380223,41.55079587791433,0.22624135802021694,-0.1,0.8,0.33207083,38.180508,5.2151947,0.29231359252727346,0.9954601,0.03884223468216755
2091277781820687744,280.0143283592052,33.53377313100778,0.34818468677204883,-0.45,0.45,0.28969854,44.897484,10.747379,0.455463505293347,1.0045863,0.10865541268919726
2090054201478416384,280.0809978831531,31.575007018137136,0.13068557176041207,0.05,1.1,0.30630103,27.484846,2.3813725,-0.09982497664733601,1.0676712,0.1485897858008077
2108096568812079360,274.8230307084823,37.64401119886398,0.1808562044058215,0.35,1.35,0.40140033,35.136654,3.7756157,0.34226909879480655,1.0394392,0.043508568565654805
2145984811790579456,283.31910144282915,51.59595755626747,0.27349130518845044,-1.0,-0.3,0.16032287,30.003134,9.240763,0.5917614786845024,1.0694754,0.03942837426128233
2125842274170231424,292.8653615317483,42.76525769973776,0.28461196742847683,0.1,1.1,0.34490326,33.05404,4.8196106,0.1761431775296858,1.0661826,0.11341543630600154
2140368059719878912,287.41699225318104,53.402309825390915,0.06498532899350185,-1.0,-0.75,0.18969943,42.00565,13.470879,0.14528997346425726,1.0013323,0.048028870752504685
2133525313527038976,288.13181176905147,52.116140510633365,0.2708088983406878,-1.0,0.15,0.15467355,27.92594,7.6367397,0.4635526311103815,1.0018839,0.04766061625547178
2134643040112609920,285.3151078973229,53.44762961087207,-0.16475493182101353,-1.0,-0.5,0.15877967,29.42832,9.5535145,0.21513160255739974,0.9988425,0.05008787544241398
2149226756183901824,274.87664149727834,54.78496690379828,0.06515628506810689,0.05,1.15,0.30036134,26.429226,2.980011,0.04251543590402427,1.0337474,0.047144617872223
2143341620197407488,290.93930618525894,58.975684296674444,0.13930448033340603,-0.65,0.4,0.19010377,25.390568,5.8645973,-0.08103010141136553,1.0055199,0.05165955914550344
2137450505617684352,296.93968337705087,53.92898212026941,0.17984190805484346,-0.55,0.35,0.21663147,28.716597,3.610403,0.3508070935656598,1.0413817,0.04982995021937467
2152790754407152384,284.53358416893167,55.44952860986802,0.011603352931587096,-0.05,0.65,0.3598932,42.35757,4.456272,0.4257016675243202,0.9491748,0.042478642675750904
2141655553476630784,292.8301175976069,55.74765104359357,-0.03668115030760255,-1.0,-0.55,0.16529424,31.892689,11.4751625,0.34556950981088747,1.02752,0.03713926822518728
2164319614888382336,317.39987403453256,46.58621098123943,0.15057948904571639,-1.0,-0.35,0.15030965,26.372383,6.270939,0.4963099997122941,1.0797579,0.04896957782476126
2162442508006813056,317.5035012395143,44.51969586894112,0.24004925648075037,-0.4,0.7,0.22718912,25.857878,7.6527004,0.04054680477706217,0.9108138,0.0651760821488684
2167367220590515968,310.45779448107737,46.83276905640332,0.0742917049171794,-1.0,-0.55,0.17902614,37.411797,12.202614,0.01141472967831577,0.9711071,0.5119754915407562
2165954691738752000,317.3160236528614,49.064522260474746,0.06962165942931886,-1.0,-0.5,0.15472083,27.94301,10.07221,0.12764799902530574,0.98649865,0.14774974466785035
2180217281695312512,308.43297373172993,50.316189103001996,0.31194121760492166,0.1,0.95,0.37935135,39.98648,5.150276,0.6428380331387247,1.004353,0.3404870940267849
2162773392299414528,316.75625058809834,45.89659081152015,0.4302273064140234,0.55,1.25,0.6351785,74.4616,9.782463,0.11201942994415107,1.0260091,0.0706090780354929
2166116663542740864,318.2020270636638,50.2258964001738,0.39620831601822637,0.1,1.15,0.37211785,38.47609,10.767868,-0.008672633947232776,0.9888906,0.715368552041406
2166228848090428672,318.38724177580616,51.116830462031,0.34897085112736015,-0.5,0.5,0.23970611,32.858826,7.9007263,0.31112815708875463,1.0251756,0.27962445511398415
2161877565182960128,315.9017902046249,42.861754530161306,0.28576028115148944,0.2,1.05,0.40548676,41.281277,4.349804,0.18010867414266593,0.97874576,0.15269741319784963
2168604995797838464,315.2234804644375,49.39633504202956,0.3098593641606193,-0.9,-0.1,0.21551837,46.743813,7.6887665,0.7507189563592245,1.0631355,0.0412441103522002
2179912132859541504,309.36205782574484,49.48766250903509,-0.019879745762410472,-1.0,-0.65,0.15623358,28.492098,8.97283,-0.19584661338483123,1.0305437,0.26539738185045764
2170852431937392896,321.95322246274986,49.31478359645274,0.12534864785460798,0.55,1.45,0.4586326,38.821342,1.9217567,0.7785873393924594,1.0109931,0.0424649535273716
2165100336847649152,320.01618024397686,49.51534587319445,0.03455275438911265,-0.9,-0.05,0.17036654,29.209503,8.840202,0.07897414455170303,1.0642421,0.045409604629420175
2166732939821499008,311.6842670702081,47.199072830813265,0.22552325684587426,0.1,1.2,0.32081237,28.597769,3.6943874,0.20992299226813016,1.0100243,0.2814115984070965
2172390339452688896,320.3100676500175,52.14654241164843,0.18093410583517233,-1.0,-0.35,0.16380396,31.320196,6.232664,-0.06832215633275049,0.9917819,0.3426179806194412
2171922394183112320,320.34268611132757,50.64625256023185,0.10443167385896857,-1.0,-0.2,0.17569715,36.033386,7.0822754,0.3208458909577562,1.0148661,0.23284157645488535
2180691377369595648,308.3846166863706,51.52701708252082,0.06957074516309447,-1.0,-0.75,0.21233474,52.628105,13.815155,0.9493956315247629,1.0805174,0.022969968147964877
2171061304778902528,321.46857605563747,49.589896302937355,-0.03597129533726928,-1.0,-0.4,0.17330174,35.057545,9.090637,0.7141689007974685,0.9846999,0.04641413488970185
2175338508078880384,318.2398685125174,52.242060945284706,0.3899379145882431,-0.2,0.5,0.40875962,65.109344,10.351425,-0.5066368964272334,1.0344933,0.3388174730844579
2191735902947036544,322.68511281822543,60.19344575997245,0.2394070361810856,-1.0,-0.6,0.26411554,81.42609,9.852913,0.6983593216542894,1.0289842,0.35954435954600233
2172151917229185664,319.58675107608826,50.77416987897045,-0.03225014505321866,-1.0,-0.5,0.15757497,28.98345,11.59189,-0.2674795142957465,0.99553204,0.5142828770876808
2175642866640920832,317.9980375654266,53.33127444097577,-0.09298272172009181,-1.0,-0.65,0.19706859,45.332584,12.886211,-0.7057274619882787,1.0010111,0.0705972472797681
2173492526839024384,325.9170573817809,53.65000386581448,0.09840586608045943,-0.85,-0.2,0.27249986,69.44895,7.8375626,0.460461528005834,1.0875367,0.47923428451574035
2162899767392728576,314.0778919475112,44.155243872441666,0.4248657594255354,-0.05,1.3,0.2870276,26.94208,10.254232,0.7057234437120905,1.0277357,0.12136062145309522
2172539220200815232,322.40931940036126,52.340269354548916,0.3027662933340043,0.4,1.45,0.3911284,31.926495,4.5929794,0.7065508022409867,0.99741364,0.023696470350441944
2196848387192806656,312.9739747258314,63.338471115449224,0.2542974111605192,-0.05,1.2,0.2872274,26.979597,4.793291,0.4759432700904747,1.0494219,0.10113655345345891
2185478204312322304,302.14124623579403,53.67683173507389,-0.11753623492878074,-1.0,-0.55,0.14726022,25.313171,10.077179,-0.711074504099213,1.0529349,0.05986076522102977
2175730174738552448,319.0911332345791,53.84052019000836,0.1560680481910861,0.65,1.35,0.62485313,66.88432,2.1161728,0.15809737367971755,1.047764,0.5555369379728966
2184114225777182976,311.25618453570536,56.11520698266272,0.2810290880501167,0.25,1.35,0.37480208,33.601162,4.5030556,0.36152667750412176,1.0447567,0.030675592018652435
2194645107630562944,309.16936590885257,60.753465388668836,0.3578831025707334,0.5,1.4,0.5226452,52.44424,6.839134,0.8868394419221386,1.024147,0.061799103683716286
2186351040447838592,302.26456681102786,56.44736092417266,0.2127281357319344,0.3,1.4,0.3816885,33.248287,3.770321,0.8110455135514812,1.0667648,0.1899208303624449
2178733284600948864,321.42710917403036,56.98380891030591,0.3648058548345716,0.25,1.25,0.41650257,41.494034,7.5835075,0.40376439361394806,1.048417,0.27480966560516756
2175673790407393280,318.9648437764713,53.2363918277258,0.23397856220336166,0.4,1.3,0.45015082,42.289116,5.1787643,0.41098010570890137,1.0531179,0.16805459915171478
2208806130201028864,344.3996951746602,64.70027214871597,0.1404430889413213,-1.0,-0.2,0.1680767,32.975445,5.232502,0.14578461224915915,1.041603,0.3902044152813705
2216438115291669376,326.78575753504504,62.995024408756365,0.08508495029358976,-0.45,0.4,0.2478452,32.861732,4.877472,0.09965135701412031,0.95893836,0.10393752718673832
2222981373404682112,327.1017902001063,68.54080383407326,0.44185980027115335,0.2,1.05,0.46848318,55.104588,11.2099495,0.7254902242227292,1.0284421,0.2684833019066358
2213400714414744448,344.95760147499834,68.27587040454786,0.03583148842174211,-1.0,-0.55,0.18759978,41.080936,11.705982,0.36330842765779414,1.0380142,0.43055007684088425
2210750547795241728,356.7249647723898,67.17017162284671,0.08141752922185042,-1.0,-0.75,0.20988025,51.41843,12.090969,0.5441307480859437,0.99286896,0.10293164425503053
2209028678230033536,351.04419886487466,63.880992432779635,0.13395614860456817,-0.1,0.9,0.275811,26.339252,1.8176765,0.31295674979013444,1.0949211,0.1612149937789612
2202587086286957952,327.46965197671426,58.83205901293218,0.14360858256866216,-0.05,0.5,0.48786762,77.8373,4.1493225,0.1798296336668242,1.0137577,0.35284966965223247
2210989176178331776,354.7984955119619,67.40139908466826,0.3173813300105781,-1.0,-0.45,0.15240815,27.113903,13.786114,0.9151264922541448,1.0055658,0.16283460611124784
2200261241232017792,337.5401233209524,59.18495897177727,0.3538313344938695,-0.4,0.75,0.2252722,25.423359,10.507725,0.6662335086966726,1.0572242,0.616412552796967
2224858278410206336,337.7884218419542,67.09292454678146,0.08934610052945047,-0.5,0.4,0.2138831,26.160543,3.8505917,0.601498068554496,0.9915495,0.09563079639560686
2203134814872888832,329.59314137127177,60.27260662587715,0.014244688457823784,-0.4,0.5,0.22460234,25.27239,4.2467155,-0.18905193387807878,1.0159775,0.5157036474371821
2225063646566612736,337.18003569568407,67.41130405161695,0.10829881263681074,-1.0,-0.6,0.18545137,40.1454,13.087929,-0.09479757034999667,1.0287765,0.17416924241635642
2219649513873137792,328.66299625456986,67.1357626870907,0.017953219802876674,-1.0,-0.7,0.22169882,57.372322,5.696064,0.011039232819551137,0.987866,0.19465010497156585
2209008302904969088,348.24271746171905,66.1687591208186,0.2378687310000167,-1.0,-0.1,0.14785874,25.519354,9.531824,0.4717762800734802,1.0412526,0.07930808933835926
2216975123638513152,321.6098112985298,62.59121876902662,0.02122198046549606,-1.0,-0.6,0.15439512,27.825487,6.061327,-0.45857169120089925,0.9835708,0.248393972903002
2260207130564940672,270.3009136607652,70.4179643106351,0.4115253674760311,-0.05,1.15,0.30965835,31.358076,7.2504444,0.5852103950610625,1.008808,0.047237917062689885
2263217627762354432,295.96960462222364,70.41736595500818,0.1166244400242693,-1.0,-0.55,0.14845611,25.725973,11.312525,0.2122974749564908,1.029365,0.2186021642981594
2263399352122249600,292.69563667097214,70.970454593534,-0.017610320164493487,-1.0,-0.15,0.15650387,28.59077,7.6206055,-0.0230525216205988,0.96186924,0.02764473166071496
2253492962810504576,284.87606281362065,63.709878891353284,0.11514639627353773,0.4,1.15,0.46016186,44.19099,3.7506104,-0.5488636653687755,1.0763751,0.0317511428348612
2260421844570136448,276.5403648267231,70.67727501413765,0.02084840324736792,-1.0,-0.6,0.14750536,25.397514,11.491798,-0.31713509029999964,1.0423887,0.033507318336736355
2266827290075117056,271.538468034241,72.58670338632248,0.30786981215438747,-0.05,0.8,0.38943937,49.59792,7.2729454,0.2371215414719692,1.0808854,0.03871507929119976
2242090889792135936,292.3532360659053,63.5881104925377,0.2768397928762276,0.25,1.4,0.37954387,34.456745,6.2433014,0.22301756202565406,0.9976032,0.11583861306629059
2238747206212204416,293.88061848590286,59.40723361321743,0.32489877928267674,-0.05,0.75,0.39578623,51.227734,6.4125557,0.9239046226567489,0.94966817,0.05255595584530895
2262264248100824448,285.30238806059134,69.43795788542016,0.29408567929578666,-0.05,0.55,0.5033187,82.8457,13.574936,0.654893232984871,1.0139983,0.02993483178152881
2285157007903887488,330.64116942364444,79.15900876210445,0.2311375702903593,0.1,0.9,0.3903845,42.346256,2.327427,0.8037200700531199,1.0124764,0.08107424876474717
2279804997617197952,336.265048921324,75.95878735568989,-0.15302873515271465,0.1,0.95,0.3178223,28.067175,4.2233524,-0.330941876151818,1.0406718,0.6608774741361284
2303012453967124736,272.39431272377897,85.19846763345667,0.02961814826990583,-1.0,-0.45,0.14713499,25.270138,4.225895,0.39691377115001697,1.0514144,0.31743503525233835
2284722700811874304,322.9121737377554,78.75010993125403,0.07704221997930816,-1.0,-0.65,0.22876811,61.08951,5.848339,-0.0920544591782846,1.0068254,0.33627770602778434
2302068080854352896,308.8326469374676,83.88548708958052,0.265168898708362,0.5,1.4,0.50232524,48.445545,4.391918,0.14565605152678063,1.0071354,0.3649704662830029
2304382999507238656,339.37168685057867,86.92578201124603,0.2473895800295427,-0.05,0.9,0.33039486,35.698532,5.6302376,0.3811976860745071,1.0255263,0.047392893587768666
2270293530545727104,315.5556780913737,68.75052837873454,0.40300079391121635,0.45,1.2,0.5929347,70.32128,9.217316,-0.025832769171861048,1.0447048,0.15108694350238525
2297712365542534656,318.08182510186236,81.05431693808416,0.181550699624486,0.2,1.3,0.34044567,29.100159,3.4776878,0.09557773397187325,1.0897461,0.3954859067390744
2273945386618570368,326.33319509159594,73.8581074195002,0.0072219076687538575,-0.15,0.5,0.36389264,48.60787,8.917118,-0.21529937788706216,1.020474,0.7260673766652044
2280265452471141632,326.9729764427359,75.07500879461654,0.34208945285832737,0.2,1.15,0.42097557,44.49524,8.914726,0.7572865971319882,1.0469072,0.04302984776436964
2282592568832149632,340.40684195390486,78.53256524410465,0.13678229828513988,0.15,1.2,0.33445135,29.523031,2.7685413,0.0020226156490208047,1.0377033,0.4191807245225073
2340641555800967168,1.7095985622560363,-21.630166859838326,0.258458269190287,-0.9,0.3,0.16327797,26.829384,6.6845894,0.3056696848940317,0.97295296,0.04530271747188504
2336481764010966656,1.7545286413002423,-24.50225700831923,0.330035986333435,0.45,1.45,0.464456,43.14815,4.868973,0.3948321387113591,1.0892714,0.04953470492477243
2321646014961944064,5.903814681032749,-29.495458842936912,0.024697448057224847,-1.0,-0.45,0.157505,28.95772,8.194544,-0.213208491330871,0.9433657,0.04384846719053492
2335456160180404608,2.1472625833726453,-25.974558741724742,0.007648924366847609,-0.9,-0.15,0.19258831,37.326344,9.255054,0.06178347024484461,1.0466899,0.04424936572883491
2355186518383758080,18.753172993393015,-18.172655956079083,0.007816050856348511,-1.0,-0.65,0.15372385,27.584059,10.57139,-0.4298208955230374,1.0302128,0.03898919577670223
2352520305765884032,14.878732744321296,-21.39299463821501,0.18005395295443272,-0.2,0.65,0.29967025,34.99408,3.770546,0.6204330944178751,1.0054662,0.04299525680561466
2350290801126627584,9.989434350791633,-21.159310456248406,0.20331015353972148,-0.35,0.6,0.26318058,32.53025,3.472412,0.4519981768312776,0.9824051,0.04153710784981401
2366938236100361088,4.996649534103635,-18.485481112490202,0.06295144177895118,-1.0,-0.25,0.15400226,27.684065,3.339754,0.8385786615875496,1.034006,0.06040357300422766
2349748436951856384,12.71904184477798,-20.874133903970357,0.24189984830421274,-1.0,-0.5,0.21338382,53.149437,9.57526,0.4061969642641421,0.9884668,0.032606093480149805
2358754090018774656,18.340392393387578,-15.894860312893723,0.4257596637569474,0.25,1.35,0.3985424,37.992634,9.053284,0.4861266137201249,0.9952434,0.03582392476246552
2384004099672159616,345.0136364531012,-23.898847888277547,0.36044004212297764,-0.4,1.05,0.2294056,26.364878,12.80364,-0.23290357788838972,0.93657327,0.07126942284086696
2384567599381382784,346.4650520810939,-22.563678369740913,0.20548607450477618,0.25,1.45,0.35371602,29.926762,4.3573036,0.3583942381755609,0.95230216,0.06675340187794002
2394636308393266944,354.78081101349346,-16.670949158913313,0.31327279152107756,-0.45,0.4,0.290944,45.28436,8.707714,0.24488748566626561,0.96399105,0.05476791502151672
2413383084726076544,348.90563159765344,-11.648308785372105,0.059009068156816724,-1.0,-0.55,0.15443073,27.838326,12.862511,-0.4077206686868397,0.95680344,0.05451833840613143
2410010332807879296,347.2747663917232,-15.36910735103123,0.1823265509273595,0.45,1.45,0.4266359,36.40724,3.3129578,0.7118452981797826,1.0020664,0.05439073757380004
2443730121049333760,2.4577645102596466,-5.125311630395475,0.15129183980509175,-0.05,1.0,0.2846408,26.49586,2.5721455,0.04630014882005283,1.0019553,0.09382427921955445
2424133009911429376,3.884875102001391,-12.916963717499964,0.07117585106382673,0.05,0.5,0.5467221,87.564835,2.8406143,0.45467247917832915,1.0619694,0.05976938095810605
2442283954021891072,359.5285909072907,-7.069747168504358,0.21028920897186687,-0.05,1.15,0.27884942,25.42865,3.8140793,0.634787856536837,1.0189874,0.09741920042912744
2438701195381530368,354.3406124059161,-9.478992523091291,0.3927789035578897,0.05,1.3,0.34072912,34.010647,11.260479,0.2928330446078321,0.92087376,0.07131374517212416
2433067813196912640,355.7652089639577,-10.918208389351165,0.11103856616197127,-0.05,1.05,0.2804285,25.71746,2.4924393,0.23582759184121324,1.0800418,0.07015389097014721
2479631924474811648,24.696140448853775,-5.726037644078005,0.259357057686179,0.25,1.35,0.36100277,31.172482,3.6368294,0.6263458974608,0.9999748,0.06755374672925565
2459464338600715392,27.670759498858228,-12.745334750229015,0.11604456603165669,0.35,1.45,0.36147052,28.493822,2.2358952,0.16544530191200593,1.0425403,0.049371746580473524
2469429281203400704,15.223214866943794,-12.014999258640009,0.3177493169849681,0.35,1.3,0.42368907,39.147087,4.152088,0.6466924594306231,0.99165547,0.0679326135054147
2490339793339734400,35.704108287424866,-3.2004161110909926,0.1172861236944387,-0.55,0.5,0.20305128,25.229074,2.5717106,-0.17499607839395237,0.9794753,0.05989979662205647
2504217485508162176,28.443454495466803,-3.7475040333106757,0.09070635404951677,-1.0,-0.05,0.1482077,25.639952,2.2974682,-0.5653702780786107,0.96294785,0.04797609071205422
2491879831173222912,30.40871781592439,-4.396295930091568,0.18354921170066607,-0.05,0.95,0.29996234,29.42505,3.3046093,0.38095012350420154,0.9774247,0.05320050233090837
2497885879080080768,43.148611657251976,-0.6819201713282851,0.19410232588837406,-0.05,1.05,0.28865546,27.248545,2.144476,0.12461336317289633,0.9936001,0.17263643036350057
2490318455942231040,35.894537124073445,-3.416998623483052,0.06912599793660235,-1.0,-0.4,0.17288098,34.887516,4.7636795,-0.2634589685607809,0.94111043,0.04078332062286091
2493663170313923328,33.96910658821909,-2.518714392140606,0.10143483380902651,-0.65,0.25,0.21639572,32.899418,6.234028,0.23526500151396543,0.96917623,0.029276527313676286
2523080191598756608,12.468421807630728,-6.718046496631839,0.25232220622532253,0.35,1.2,0.47360831,48.91517,4.8464203,0.26133922445767194,1.0204983,0.18007838613066451
2557393716118404096,10.03760138631995,7.649472946737789,0.17954924062682842,-1.0,-0.6,0.16058089,30.099781,6.6304016,0.010602032273505467,1.008311,0.20599152782410599
2545865439780431104,2.5292709400792215,0.1412232608067827,0.08813880746384406,-1.0,-0.4,0.15244776,27.127998,4.4507008,0.8161136323733309,1.086373,0.09449356283007247
2554291925096876800,11.211522625269525,4.806262192527033,0.3322036473400516,-0.3,1.0,0.24061036,25.51904,7.8746223,0.8991164814803984,1.0560431,0.08502171108822604
2553579712144828288,8.847606529174195,2.845521487228749,-9.935155001450369e-05,-1.0,-0.7,0.16132444,30.379177,10.651951,0.20863602290506222,1.0095705,0.06610340876851398
2554840237801796864,7.685031550950941,4.671793348789281,0.17728644046086828,-1.0,-0.65,0.25137478,73.75968,7.9253464,-0.24110098144135994,0.99659395,0.08075829856610181
2538300971579896320,16.554768761774685,1.945317806571568,0.030488099894505183,-1.0,-0.65,0.21583521,54.37763,7.980732,-0.6834679450545891,1.0192702,0.06306691947332645
2567890203872649088,30.379822818542323,7.607546778848994,0.2279604698616673,-0.85,0.3,0.17382056,28.257608,6.4890995,-0.5101958116568509,1.0069057,0.2895495313829744
2571423175250998144,30.917172635686253,11.070354606219244,0.1433085646173229,-0.05,0.9,0.2993411,29.3033,3.3134212,-0.5648966695804667,1.0483017,0.2698387276292977
2559959460861183104,22.927643945279257,3.598071046841999,0.21173092672411098,-0.55,0.5,0.21805164,29.094343,3.367937,0.24079259206644765,1.0156668,0.07216055976149793
2561477263648693888,24.16402031372981,4.118900367222983,0.3653764159834205,-0.9,0.45,0.1576558,25.01356,9.618135,0.30983029793028644,1.0623001,0.10109893307796491
2609994936506703872,343.68674346568696,-8.782213809013804,0.25643435760285094,0.05,1.15,0.3091517,27.998817,3.7454605,-0.006679641989353649,0.9955865,0.06732986874548766
2598622408567591040,335.13894000229527,-16.42113427230676,0.3196899759244394,0.2,1.25,0.38072518,36.393425,6.750244,0.8865874981058633,1.0320188,0.06893416938028091
2629847374860246784,336.7747182616512,-1.4733958291147229,-0.08966892520102387,-1.0,-0.5,0.19842908,45.960667,9.807339,0.9206508418812082,1.0614549,0.19094709311305816
2623885234404033792,340.50849435653197,-5.10306401611322,-0.12526832076704064,-1.0,-0.7,0.23940864,66.9045,8.928467,-0.46231828608565534,0.72687644,0.0337650657450753
2642950731669599744,356.0619673123657,0.48822045719979096,-0.07221271458683631,-1.0,-0.65,0.19478448,44.287827,7.164295,0.05602727041633563,1.0460387,0.10604645971020574
2637789387865940608,349.24086635083876,-2.2824454993100507,0.2277155355389926,0.1,1.25,0.3020551,25.351418,2.5059357,0.7709539181111411,0.9417128,0.12382716127863493
2678781960193174656,333.89267164954924,0.23750910954439902,0.2164038450646384,0.5,1.4,0.48729557,45.589912,3.9512253,0.2268125464838507,1.0224229,0.21452344192284567
2681029916011300608,328.5753551062705,0.34862884040677894,0.3210336493187995,-1.0,-0.5,0.20628059,49.669796,7.30175,0.749569612356197,1.0713824,0.21719032641182565
2689988633675692672,316.8533620343244,-0.1617146974954392,0.048080246432927964,-1.0,-0.25,0.19519483,44.47462,7.053875,-0.19409473223557683,1.0517979,0.11048698393961709
2700808309128948480,327.23042169882024,7.188091947242761,-0.06769136689695365,-1.0,-0.75,0.22528096,59.241306,8.6465645,-0.08628981450266426,0.97091603,0.18490443300170914
2714857937428033920,343.7981332026109,9.464494387105836,0.03461092756744222,-1.0,-0.5,0.17782916,36.913193,12.900444,0.0416031295654202,0.96363056,0.23271901338185946
2707092563541810304,334.66780980694244,3.775411550851667,0.3037301729487094,-0.8,0.45,0.18409054,29.475285,13.204075,0.2520318052234639,0.9574155,0.2976880899399152
2728576715806554624,330.19482421131374,12.733814733872485,0.07022074786382326,-1.0,-0.25,0.20616037,49.611916,2.5348434,0.6246887070101342,0.9181428,0.034499935604867006
2755114219216873984,4.56366991050847,11.221674357171622,0.2077476034164203,0.3,1.3,0.3655486,30.495895,3.7138824,0.5936671817744642,0.95455116,0.33375931154539723
2756158892702062336,5.099535854268765,13.996256860920724,0.43665608814868495,-0.05,1.2,0.31599444,32.65447,13.012325,0.8369962439077036,0.98087114,0.2266472411696146
2791918962207346304,17.662170977287502,23.484153157244048,-0.12604590960772022,-1.0,-0.5,0.18366756,39.376812,12.25684,0.2224554235764857,0.9579404,0.0642236124786114
2791124114084213632,15.337231722525967,20.97416912929196,0.2513294054738555,0.1,1.1,0.33839884,31.819084,3.5587463,-0.16316884495614747,0.9521128,0.09261844694773862
2806137326886016128,7.703972803147137,23.544847736579133,0.2999956763980416,-0.05,1.25,0.29326054,28.124907,6.76758,0.8268361179232845,1.0870146,0.08127729443720318
2807626104285493888,9.260128591857983,25.83913312513973,-0.043807804441322595,-1.0,-0.65,0.22337578,58.24355,9.954662,0.1780320175372483,0.96668506,0.11238930957208873
2820451632546813568,352.57910847318567,16.142169925429236,-0.03452947960392194,-0.8,0.25,0.17234713,25.834686,0.93455124,0.14586680575027297,0.9981184,0.15607202920526622
2818937914272379264,349.4063882252554,18.272412674777474,0.07519216882707624,-0.2,0.7,0.29486933,33.881805,1.9848557,0.2893215346729013,1.0463979,0.16287909421937438
2860720799236262144,3.0819325511349716,29.976042084094832,-0.08871542974424251,-1.0,-0.35,0.1681743,33.013752,5.020424,0.4856294243325584,1.0198505,0.1486422478033712
2873720119053623296,359.9764294711008,31.488901399431388,0.0428333068061022,-1.0,-0.15,0.15969783,29.769648,7.1121807,0.6954866686687919,1.041098,0.07066576602712657
2871730758921709568,355.96293597914973,32.59515049509574,-0.16134200334626936,-1.0,-0.6,0.219744,56.36502,5.769676,0.4990736864409236,0.9945677,0.1930969486682938
2876593516598374016,4.422955328244772,36.48669405796055,0.2444313664152329,0.15,1.4,0.32495078,27.869566,4.9698315,0.34559586648632623,0.9504125,0.21141919361175882
2881842589405394048,359.602585485825,39.61818389434896,0.3140357898936106,-0.55,0.6,0.22752793,31.678106,9.722044,0.6029827930749384,0.98403245,0.13941969109267313
2875464597330319104,0.237566525898302,35.00031927410783,0.25010223521894037,-0.45,0.5,0.26565525,37.754288,5.673336,0.6289449527837735,1.0946897,0.2162517978974657
2854921837473248384,1.0448041888661568,28.67781240062103,0.30548091882506156,-0.45,0.55,0.24197692,31.324005,4.4907455,0.5584173484656204,1.0736487,0.16566230261838763
2889062704308974848,90.06446555146208,-35.49957659305665,0.178455292554915,0.15,1.0,0.42516676,47.71046,7.0834427,0.5140733839627564,1.0063362,0.0183462106884949
2901794018166203904,82.59744574223836,-32.57742065519771,0.32590161405324913,0.25,1.05,0.49729618,59.153515,8.495045,0.2776057438431521,0.98442256,0.03845535835219759
2896418437099406592,94.45947753931002,-30.8632128541446,0.2137960107180339,0.25,1.4,0.3503527,29.360352,3.468769,0.4208049852602178,1.082673,0.04378650828483832
2892270460764069504,96.58532556178648,-32.52774188474703,0.34992110634121953,-0.05,1.05,0.31816956,33.105564,8.013294,0.09328465602226242,1.0750227,0.04246347974880574
2912651077016848000,93.75576780539728,-24.046972167777746,0.3174300658162865,0.45,1.4,0.46959728,44.10869,5.5579185,0.24669761048657315,1.0495507,0.03326222947751799
2908005296791356928,84.87901042466063,-27.17449901405344,0.3398554017087694,-1.0,-0.2,0.14692315,25.197422,11.590099,0.7938788477504732,1.0803543,0.030646262405230575
2899824346165891712,96.02580786271749,-26.348693671490803,-0.017334093857125588,-1.0,-0.7,0.20571962,49.400017,12.835697,-0.017748976066062835,1.0560759,0.04856371951765877
2902260211096438016,85.06375589070188,-31.163067670888314,-0.026069759152829164,-1.0,-0.55,0.16123897,30.346998,7.0993137,-0.9098040869771268,1.0426298,0.0339187318773085
2895404584301129344,99.37799837431687,-28.986418816340368,0.2918579018953027,0.1,1.3,0.32205364,28.819494,5.6843243,0.4312905475837267,1.0196953,0.04014674584590964
2916553175065226496,90.46607020277432,-22.627404610208746,0.2818087798570055,0.3,1.35,0.40300995,37.066593,5.2405586,0.15450893794377266,1.0277902,0.040651951878481925
2906879087645774336,80.66704406903672,-28.556276227303204,0.3764200246128073,-0.9,-0.1,0.2391068,57.53597,13.482998,0.5864179933910596,0.93190116,0.06251695534699062
2899655296252864000,94.46071538029456,-26.794014464207848,0.061601796735340386,-1.0,-0.6,0.15773517,29.042418,10.389425,0.09597783980448717,1.0462037,0.04059925156394879
2906161587589428352,80.63412309226499,-30.19063945320277,0.2905784342503326,0.05,1.05,0.35733917,37.407413,7.287792,0.7496522572707423,0.9925207,0.033082589192027174
2897101886654821120,92.03283236579365,-30.34359357691414,0.2635901856878071,-1.0,0.35,0.1539482,27.66463,12.646957,0.6745211007771139,1.0305086,0.03554899985232399
2900972923499258112,85.34845592191333,-33.49479081755018,0.024091364675533633,0.1,1.15,0.3025679,25.437569,1.8412132,-0.03043082957873874,0.92265636,0.041665636187914315
2882480615388024704,91.07229077305473,-40.513633208118755,0.12478645830848478,-0.05,0.75,0.35531542,41.28686,2.1373901,0.30086307316590516,1.0397553,0.08725714425969394
2933431365748740096,102.90617020475973,-19.03016851214224,0.03691045352523581,0.3,1.2,0.3769072,32.420525,1.7670135,-0.1726362445626345,1.0134381,0.08221682210690846
2931605008217054208,109.30542057231168,-18.276640900350195,0.06031594657659056,-1.0,-0.4,0.16994204,33.711437,12.40929,0.10834836931597361,0.9513171,0.2409739454462169
2923280777477601280,98.17261499937663,-25.635469503270524,0.026930982875667198,-1.0,-0.4,0.17833415,37.12314,13.235947,0.4373058364272009,0.96244586,0.023949906634690557
2929298606477529088,107.30445583387065,-20.405633518778448,0.027136744271592406,-1.0,-0.05,0.14760493,25.431818,1.6377773,0.6699644434057914,1.0050998,0.08985758658056639
2944327800854026624,94.0035884620168,-17.449799227672294,0.30863177857369894,-0.3,0.6,0.310209,42.41744,8.279224,0.42831817687309276,1.0294752,0.07918962401291976
2920164933324603264,102.10134057047846,-26.46370917848941,0.27273602835406585,-1.0,0.1,0.14684573,25.170872,5.3397408,0.818341615550288,1.0398631,0.047803477050217556
2939485895246598784,99.5131856932729,-19.548660554777364,0.17402593678511025,-0.8,0.1,0.2097484,38.264175,3.5618896,0.11465011885754746,1.0146923,0.11354237295636567
2939792933867334016,97.38485950885708,-19.910375775965857,0.22265436421786333,-0.75,-0.05,0.2335269,44.140316,7.831421,-0.20977469581180122,0.980672,0.2230377087689143
2919150427689389312,103.34070087661703,-26.97176127090898,-0.024277662669296873,-1.0,-0.55,0.16803864,32.96051,6.2814713,-0.7110446650114519,1.0336237,0.054370283254401255
2929747795640639872,110.57689536603094,-21.03189501594901,0.1231956745061904,-0.95,-0.1,0.19213596,40.00001,5.5877495,0.2855977726037996,1.0706656,0.09688110152925682
2945789361047048192,101.47918786786802,-17.852933206767393,-0.020195241074162595,-1.0,-0.45,0.16813995,33.00027,3.5128365,0.18651371955580925,1.0336052,0.1403786766265732
2927504929360722816,107.4316310689028,-23.59362133272757,0.3129215868594546,0.15,1.05,0.4174772,46.000282,9.460167,0.24468371629639565,1.0128133,0.06685219827045658
2924262297763848960,96.0982887245499,-25.0469875362692,0.16771434566570687,-1.0,-0.05,0.16117112,30.321465,1.5797539,0.9788230701371963,1.0546305,0.03166240709003379
2942836450769751296,92.31767788622521,-18.49332415403593,-0.008607861212443169,-1.0,-0.35,0.15218836,27.035755,3.826828,-0.1552571401894471,1.0236555,0.05702751237570046
2931998083626897152,104.9108088101017,-21.05277448593753,0.22702802774010067,0.05,0.95,0.35264593,36.43126,4.7225494,0.1555611217777362,0.960778,0.10440410176906668
2933210192115676928,103.07043102166593,-19.32934786406821,0.22285530860679081,-0.35,0.6,0.26370087,32.659,5.2626343,0.3471135542138779,1.0052882,0.07713306891466538
2931277113232456448,108.15015855999007,-18.405611021038485,0.3531876335246764,-1.0,-0.3,0.18436879,39.678062,11.946777,0.42114679394520294,1.0059421,0.190466144483191
2948173033537405568,105.53325458274014,-15.525133538326687,0.24289417785499978,0.5,1.15,0.66734594,85.50388,11.167274,0.5564720028362711,1.0009502,0.02426032693422452
2934231810217550720,106.77094349280027,-18.40507208078396,-0.11410817370569948,-1.0,-0.3,0.15366237,27.561996,6.8388863,-0.210032605985244,0.98088014,0.13897175219452088
2953984880204873088,102.47643203108981,-10.857215254235845,0.3028763647829571,-1.0,-0.35,0.1548325,27.983362,10.26351,0.5258701317682888,1.0681778,0.13993202893104484
2947501575529299840,101.54069017552199,-15.344493066576335,0.23789842234714786,0.15,1.4,0.31842524,26.76147,3.95092,0.7447524345052849,1.0455846,0.15314197592159715
2952379283988593536,101.611669693535,-12.937893491375348,0.3438431032570124,0.3,1.05,0.51938856,61.56529,5.8583107,0.9663016151377621,1.0389498,0.18953624847528802
2936083593954129920,105.99961576015276,-16.116175016228137,0.23515123192642928,-0.95,-0.05,0.1863841,37.64094,8.482784,0.2716488151745751,1.018094,0.09803171513807438
2949538249022726528,104.28880051769976,-13.078477699228321,0.27841467507099527,-0.05,0.8,0.3597351,42.32037,6.222355,0.6634766672992669,1.0923676,0.07501192725391256
2949969841695258624,98.33831708939994,-16.120848337981137,0.4511343069434055,0.4,1.0,0.6573777,90.18668,9.000603,0.7265449728565554,1.0535007,0.31607628327387394
2977511336657373568,72.10904530305012,-19.86912077013653,0.11289885803926492,-1.0,-0.6,0.15756011,28.97799,10.352272,-0.15987686567796272,1.0355022,0.10091360350048445
2982119664766819968,80.87677993220697,-17.093716329114045,0.1586487936053862,0.3,1.25,0.40000403,36.515724,3.015751,0.47669554159439287,1.0780624,0.06133191287464206
2957109451727718016,81.25930069960093,-25.437340152264955,0.24920358710765367,0.35,1.3,0.43544614,41.34984,4.3098526,0.6906569099561087,1.0882771,0.051402312810632234
2979765198055813760,74.25083666073012,-17.81849921123606,0.19174679274034379,-1.0,-0.05,0.15234035,27.089787,4.015297,0.4218874759167663,1.038664,0.18790393848679127
2966384622582293888,89.42762711229345,-19.40310489591362,0.048973465802729876,-1.0,-0.35,0.15560964,28.26498,5.896656,0.6991376937252786,1.053512,0.04896818072889195
2987081485865137152,74.91251451163721,-14.867641066676105,0.08707097616182935,-1.0,-0.3,0.18001616,37.826717,9.542366,-0.47043369368168936,0.9995265,0.14084662817725196
2968192666377084800,81.30063722130642,-20.887384472716867,0.27368837496093423,0.2,1.45,0.3251743,26.548025,4.088484,0.0715528017906745,1.0666609,0.056691630104129
2990815667873081728,90.04497837098059,-18.09096228795584,0.3995925851584765,-0.05,1.3,0.3042785,30.277937,10.314749,0.2842474566776075,1.0232543,0.0567821054236271
3003228466955648256,96.94065943863494,-9.163138448627702,0.3896585056653077,-0.35,0.65,0.28125718,37.152412,13.27137,0.9683073634174304,1.0208999,0.11409738118166762
3020438877649543040,94.55955494418477,-4.998163481163268,0.015550294641972329,-1.0,-0.7,0.25284404,74.62445,12.667381,0.25362222508620214,1.0230863,0.06968743441680166
3015406520303397632,85.0584048579531,-8.363296462246339,0.39008997630020836,-0.5,0.9,0.20989369,25.193739,11.326403,0.7407848934574817,0.9989122,0.11244850326548189
3018495151544939264,90.98797526999543,-6.498054371888609,0.31729120729980753,-0.05,1.25,0.27727264,25.14188,3.9895287,0.5086183898911086,0.9749645,0.07078675851166578
3003194416454322304,96.21079937521277,-9.126499406900988,0.12294687588817688,-1.0,-0.8,0.33955944,134.58829,10.690247,0.8547798790524763,1.054707,0.16490945399162812
3022848015000997632,87.33667051052164,-4.89819885972502,0.2589161315608459,0.3,1.25,0.44383338,44.956356,7.0573006,0.5227842216289925,1.0193852,0.10117285683906231
3017982985286188160,91.42609614185768,-8.140978597755273,0.2740842014366702,-1.0,-0.05,0.14735651,25.346287,7.045925,0.37270642440266755,1.0033429,0.0728237102067562
3017167010220113280,83.99061000779093,-6.190193523483095,0.34461284381199153,0.25,1.2,0.39529926,37.376816,3.6987457,0.9720464296898385,1.0501615,0.08514450379258978
3019768828392138496,92.43581596855401,-6.328758743199835,0.03458537853670762,-1.0,-0.55,0.1828298,39.018417,13.896362,-0.17301907630165417,1.0012379,0.227917337441
3016952124414592000,83.92851625909279,-6.362406755031597,0.29438529990451023,-1.0,-0.8,0.4703931,258.28403,11.612701,0.6236770062487601,0.98926157,0.08409635843949974
2994797549233501440,93.37440966863623,-12.741233753111663,0.3390704942790901,0.15,1.25,0.34101155,30.69257,6.641281,0.06286840478683679,0.93440795,0.13448516381961867
2993949516529095296,92.35146399946817,-14.61957249439413,0.38011015893477396,0.55,1.35,0.59004784,64.256226,8.738777,0.5374487120541513,1.0235261,0.11183347709561593
3025920222287934592,90.45338093462077,-1.6584983863851082,0.18643673714569697,-0.8,0.1,0.20109798,35.173088,2.8766327,0.29185939031630825,0.9748886,0.3304968126167438
3011244525195662336,88.44745622327909,-10.407305211675359,-0.04643490229102909,-1.0,-0.65,0.16427317,31.499884,8.592035,0.7683343504655131,1.0243298,0.06537064668416308
3000026963976003072,97.35911620254132,-12.499833326109144,0.17747095319874262,0.3,1.45,0.41956142,40.17374,13.486958,0.7128116995525137,1.0314738,0.05218989576663709
3017025791694252672,85.47385612242985,-6.169280424543024,0.21010614712451314,0.85,1.3,0.90831137,123.8517,0.87254333,0.04427621757684062,1.0075971,0.1998289731622553
3020640023853957376,93.51937951579697,-4.449240415606001,0.3079300043277584,0.2,1.45,0.33955342,28.947828,6.7222157,0.12869957363266515,0.9956614,0.0929180651507059
3019274804072372736,90.69532439874314,-6.074885145949333,0.2983512285490395,0.4,1.15,0.5224608,56.966553,4.1299095,0.19424480029865748,1.0432024,0.2808798920670725
2998326088202708992,88.78251300288775,-12.66948341594499,0.30746960431863446,-0.1,1.2,0.27556765,26.292795,6.660349,0.49503891366402336,1.0052767,0.09179122114113017
2998971398449553920,89.96580927381905,-10.969236781296063,0.48012901045416445,-0.15,1.35,0.27325377,27.408943,13.817356,0.5432647913578273,1.0294735,0.08822814391943423
3015377589403672832,84.62368082049841,-8.481126559766434,0.22350934043010895,1.1,1.45,1.1894776,185.51965,2.4581146,-0.31550041800150874,1.0584542,0.1480307372916125
3015741386018594944,85.61225220607325,-8.154859346745607,0.04643892145880457,-1.0,-0.5,0.14789748,25.53273,5.926302,0.8627159831648291,0.96619344,0.038119351791777584
3000820948806457216,93.7090328097547,-12.268396853046369,0.26305676639267617,-0.2,0.85,0.2773585,29.977142,4.6642876,0.14947866454249872,1.013373,0.14460624276928127
3002985852841874432,98.10839533982474,-9.325800064291668,0.16694236473767887,-1.0,-0.35,0.17785648,36.924534,6.2739067,-0.2096074803250352,1.0492412,0.20148564852186698
3017678313190132864,90.60547135370479,-8.105383996181706,0.35815647114250915,0.1,1.1,0.3754752,39.173508,10.672295,0.6401144637553192,0.97472525,0.047473322987352344
3006789716398559872,96.69075674572942,-7.92763217602092,-0.09375496525258953,-1.0,-0.65,0.17147325,34.321674,6.3628845,0.7849151972835086,1.0597589,0.013287762822042968
3019622936941294720,89.68222856809629,-5.253957890309582,0.12854358842755076,0.15,1.1,0.3456569,31.534466,1.7163734,-0.15874148871028051,0.9634885,0.33166518496485253
3007861705875879808,95.52534554385568,-6.9094995147366145,0.4012087662042454,-0.15,1.3,0.2683996,26.44379,11.177715,0.6060615150376125,1.0309699,0.062497564331155664
3022103950570013696,88.5114137855164,-5.962096110103039,0.21707584298125404,-0.7,0.45,0.19064552,27.397211,6.229414,0.528288368860355,1.0004225,0.6897590220375712
3049722415650204416,106.0889749204764,-9.626621835191278,0.21854541575037523,-0.35,0.35,0.3316032,51.643673,7.2133217,0.4309579892953726,1.0370266,0.10558168252959438
3038009627516361984,120.70142829210327,-10.769381194357868,0.130297001242079,0.05,1.05,0.3035769,26.998142,1.9387741,0.45119367278690903,1.0500053,0.11962724326900658
3049856689206586624,104.36304699450604,-9.776266802535348,0.05449378045540776,0.05,0.9,0.296791,25.804644,5.4674835,0.7169293967705,1.0013984,0.08711948857165888
3051743146224540032,106.89475243506365,-7.436364782468069,0.10942999103537865,-1.0,-0.65,0.21182413,52.3753,10.591957,-0.10802973875620735,1.027673,0.1442792046485229
3029431375237433728,117.67181681266189,-14.443183392550832,0.09626772596510236,-0.6,0.3,0.22532111,33.273598,2.2104034,0.3744447031434505,1.0002241,0.12526677093060806
3040732155745926016,117.05953318112226,-9.489279840985768,0.22685421182683463,-0.05,0.95,0.32976294,35.5621,5.799507,0.306307804452951,0.99163735,0.12319170084559597
3056335187817193472,116.61688252810804,-5.45117907759674,0.09583415354375546,0.15,0.85,0.4154103,45.54593,2.636032,0.46324330926704776,1.0268503,0.10061028273604808
3055364697007891456,112.67712448696491,-5.9663356363539854,0.07748555987304684,-1.0,-0.25,0.16682206,32.484985,11.283688,0.3825364789511643,1.0369445,0.018496075518559536
3059328230268564864,109.2695181282025,-4.4808274029299,0.07480691112700111,-0.9,-0.3,0.2648108,70.571106,8.976265,0.3687888612725584,1.0033624,0.08064717131953522
3062436309118047232,112.2349699152768,-0.26742638089705456,0.3175694556547066,0.35,1.3,0.4512732,44.41033,5.8657837,0.6887371622721089,1.071908,0.0988541717231519
3051073749803994752,103.8633618723735,-7.989371844418909,-0.03789797886884916,-1.0,-0.5,0.19413877,43.994682,8.598732,-0.4947404763762284,1.0905316,0.11693943508977864
3068022412300888064,122.19469704877143,-4.1534582674249405,0.3059865912986197,-0.5,0.15,0.36918476,77.943756,10.312134,0.9538394515295188,1.0346282,0.049834879799714696
3083016761608059008,120.11558621772357,-1.474945716219557,0.10371159043750922,-1.0,-0.45,0.14737275,25.351871,6.604391,0.5742834791814093,1.0268621,0.04701612126517959
3068947376461256192,120.01243421528989,-3.790858094212539,0.1514160814875103,-1.0,-0.55,0.2909533,98.814865,5.524086,0.5250644293701341,1.0203019,0.05185595771990479
3090801750607725696,123.45349977433357,2.5827716883663077,0.20800374926165865,0.35,1.4,0.37344077,30.41224,1.8845863,0.9082982175751964,0.9283603,0.04195670496861217
3084046694765318400,120.52000803424767,0.10821387927528998,0.215332058472395,-0.7,0.15,0.24123335,43.86599,6.678238,-0.10439311483004397,0.98993194,0.041033035140762036
3086788120851610496,115.25332631197665,0.9864438533956527,0.2510785297386402,0.05,1.0,0.35572222,37.069645,9.871845,0.13386442983445354,1.0972197,0.06063095800783153
3069274859123649536,123.37316551851625,-4.401021990091585,0.25373845343542634,-0.35,0.85,0.23321442,25.544096,6.370657,0.07441388283235692,1.0878521,0.07741880753021428
3096753269609452416,123.80237828497572,6.650114984648294,0.18703925616538086,-0.75,0.25,0.20030344,32.47419,2.761135,0.81612335192375,1.0004426,0.04149572622394194
3065730652110266880,128.49481399519692,-4.220005530333417,0.31643926537840805,-0.6,0.5,0.21903697,31.443495,7.371973,0.42644707554575184,0.99036807,0.07576222773331046
3086961019054779136,114.48354463003048,0.9694255024456613,0.1863014044845066,0.25,1.35,0.35347202,29.88549,2.5847816,0.15511282736856494,1.0840651,0.06470711938314266
3089538824063911936,124.07165648475267,0.8157331519376558,0.11545580298698255,0.4,1.35,0.42019334,36.847736,2.1656342,0.3217583859571819,0.95865905,0.05047795948898037
3075556987527603072,132.83185252490958,0.8949842039053044,0.4217063542337147,0.3,1.2,0.4780361,52.152187,10.294819,0.186346897823528,0.95683724,0.04919926316125171
3079059894134922368,130.06555158045472,1.939768757729007,-0.013440126732614743,-1.0,-0.4,0.15588847,28.366364,3.051777,-0.5544629760573558,0.9424647,0.05758202875871653
3096923689615816192,125.24669933304666,7.067809970207202,0.06584089148276284,-0.95,-0.25,0.21366554,49.466568,11.659149,0.5839560654079339,1.0193694,0.0383254948561034
3077455053835405568,123.86893167943467,-0.09295235237375854,0.34529143093323533,0.4,1.2,0.5031255,52.828114,5.7283897,0.5218450370334733,1.0275606,0.05252224943708528
3113786044758895616,104.16462547418895,0.7993546517962938,0.2776368527907769,0.2,1.15,0.4120944,42.637646,7.138256,0.7307810048529687,1.0263025,0.09623112370258928
3122819872806559104,92.74895122850378,1.0049172127648833,0.33111614618179885,-0.55,0.45,0.24391295,36.404873,10.170826,0.5570685198076543,1.0833724,0.11367495563356295
3118425571507654656,95.98626126528137,-0.958211724691027,-0.042311130989693524,-0.15,0.7,0.27097172,26.953053,2.9477482,-0.12064900294146301,1.0012113,0.10506455404889699
3102630571583197184,104.49322508493356,-3.7881063318351704,0.3720797979051076,-0.2,1.05,0.26781905,27.95054,8.760717,0.26600853208635833,0.9977305,0.10885864931808915
3101202683933904640,104.55727782439719,-5.291116918206834,-0.005494464472620031,-1.0,-0.55,0.17851073,37.19669,11.638264,-0.42657122514473994,0.9955166,0.1050937328391596
3103469735178605568,98.64487055852618,-5.237750621667452,0.0548601803146882,-0.55,0.35,0.21297497,27.755363,2.9329872,0.8972799245582528,0.9296645,0.11993151565211874
3115792065062313856,105.38674174478396,2.5117177159922113,0.26545993518520383,-0.45,0.6,0.23908043,30.578592,6.226858,0.3532324433751405,1.0212771,0.08349676310926037
3124776556829559936,93.72157098730789,2.8104405132773858,0.18833273051971489,0.5,1.05,0.6530545,81.88091,4.0155106,0.6717247121695137,1.0694364,0.29028032834575773
3126054459921683584,101.2496690949735,2.2267673360798335,0.28994494767367573,0.6,1.45,0.52604043,49.167297,3.52425,0.4547709535507017,0.96902215,0.0711072071337355
3115947134862991360,106.6665179110005,2.6332572107514247,0.19948716965308044,-1.0,-0.35,0.22550264,59.357952,8.758396,0.33724380158075673,1.0625349,0.1047891655364474
3113334248559630336,103.1408863368738,-0.11078084622190013,0.32621626713343677,0.5,1.45,0.4973969,47.499603,5.841873,0.5774306112536464,0.9997872,0.1014395800827269
3113651629461607808,102.85735067195561,0.856540555388303,0.03778005423923503,-0.8,0.05,0.19564866,33.292683,1.1464806,0.4928335599262699,0.9715717,0.08068008993021264
3105071246876738432,97.7972066555632,-3.2342527716041483,0.2732304518123625,0.2,1.1,0.41790438,43.84839,5.6025887,0.9519446755323363,1.0668043,0.08201903709309752
3110550388194941440,111.66965091323138,0.14364230657869587,0.1555829432189988,-1.0,-0.25,0.1528857,27.284088,10.817734,0.5658704982046384,1.0306686,0.08258395980655249
3102437225034606976,103.98929759565105,-4.507319060679459,0.3162485169709637,-0.15,1.0,0.2843554,29.681301,7.207676,0.5948912147162051,0.93326056,0.09983821182016007
3131693412682476160,98.56486132498253,4.908112446124291,0.18689690575504692,-0.05,0.75,0.36945435,44.63806,9.621189,-0.12286774182100405,1.0679572,0.11739585228660425
3112370698415817728,102.99778123920929,-1.0405421056272584,0.2936838660535628,-0.25,0.85,0.2719997,30.643755,7.251295,0.5728351384276842,1.0437164,0.09843773395438087
3103963626349283072,99.1395166378679,-4.264146795701203,0.3654054249483316,-0.1,0.6,0.43414158,65.2594,12.163429,0.22291718104848685,0.8977329,0.07536208908542519
3119805316865876864,99.50190602204856,0.503783941735367,-0.05080471662475716,-1.0,-0.75,0.25927177,78.46683,4.997528,-0.12762294120874856,0.87256724,0.07039502195028909
3119991757102568448,97.20688579294416,-0.15902628482900968,-0.15887649239724588,-1.0,-0.75,0.50642425,299.3675,7.796997,0.09206765963776893,0.96883714,0.07905744655495336
3109144490781565568,105.45272284132193,-1.585725401477044,0.07015869493284388,0.05,1.0,0.31589985,29.234472,2.3040886,-0.05634233951368158,1.0461454,0.07389500778578337
3116549804671442944,95.71505722501465,-4.164098154015177,0.34778738580337354,-0.5,0.25,0.30317166,52.561905,10.389301,0.9266845696026487,0.9142107,0.12496456218596749
3131772989835900288,98.37551782480999,5.395811223203745,0.04238517611359249,-1.0,-0.55,0.16286151,30.960827,11.011566,-0.34328049397745014,0.99336606,0.10920196901968937
3120362223802037120,96.73259986939581,0.38416968940762075,0.1620667579084376,-0.8,-0.05,0.23283237,47.150013,4.3989525,0.653313810825621,1.0453084,0.12538397643332752
3131595487426560256,97.5581123078562,5.308740783899468,-0.021363133344612706,-1.0,-0.75,0.22569218,59.457775,7.3949165,0.40010790082437925,1.001946,0.1155458301389154
3111258366307097472,107.71114018041565,0.19920976231323917,0.43286448166838554,0.75,1.4,0.7429141,88.26129,5.9221115,0.6768234074660304,1.0361071,0.09163076312100421
3117032936952695680,95.73978234596063,-2.6676108989968323,0.2525587623239858,-0.4,0.8,0.22467233,25.288145,5.5193005,0.17745014341729617,1.0346496,0.13379414183385557
3146473975692928128,122.92459129929439,9.164706195586916,0.2255920031466241,-1.0,-0.25,0.1626351,30.874804,6.845602,0.11443009733853443,0.9778002,0.03554362273348127
3157527022491198976,103.97925453493683,8.94625477568469,0.17441193223218043,-1.0,-0.25,0.16919562,33.41596,7.7732773,0.549864524450931,0.90964216,0.04374344433484605
3160674335869235712,106.20339145235437,12.380994143910888,0.23722005595699613,-0.2,0.9,0.27332005,29.11054,4.688715,0.8196291235460733,1.0491221,0.040377455465393175
3160088678423283712,109.08413744096593,12.238065210743459,-0.027562726027420936,-0.3,0.55,0.26255786,30.38685,3.2783413,0.2166571153154503,1.0641617,0.04108178505028669
3136875239184029696,115.55273277942307,3.3025792932432654,0.23156071650806886,-1.0,-0.5,0.16286644,30.962704,12.682507,0.7674690409709193,1.0312799,0.0300117997462181
3139868968828355968,110.57872088496025,4.526191927446892,0.21146056738310826,-0.2,0.85,0.27052918,28.519083,3.9386806,0.21174539689136065,1.0303078,0.08769565321241816
3156459224899839744,108.31541422268874,10.743452401499821,0.162599965605164,0.3,1.4,0.35451654,28.682972,1.9283981,-0.08299888178315103,1.064435,0.038512030024067036
3147769406548574720,120.23443346405351,10.765330687517352,0.14667279665424715,0.3,1.3,0.34216547,26.719206,2.5792828,0.45811774408955414,1.0025314,0.04123669756686881
3136694640099488384,112.14473894257411,4.106847297475659,0.05830467781072457,-0.85,0.05,0.17654495,29.150347,3.9403515,-0.10263812119921506,0.9766483,0.07383944031961567
3140008984762706816,111.19389622659568,5.105286183384253,0.05671902918079219,-1.0,-0.45,0.18601678,40.390564,6.401264,-0.008451675038699969,1.0528808,0.06537199139984953
3155724609396792320,110.49192041658242,9.741631800721446,0.24783499522912322,-1.0,0.1,0.15255535,27.166306,4.6461697,0.1498187673381705,1.0117464,0.044994788330308816
3145986788962665856,121.52422785073645,8.344413569988983,0.28592259073770876,0.15,1.3,0.3336612,29.383698,4.0340614,0.4065436983354712,1.0165389,0.03954475487978514
3152758062603862272,107.24687432828865,6.049904844886323,0.22481094228818943,-0.45,0.25,0.31843045,54.24486,7.1359825,0.17269652694845364,1.0456547,0.048472347895777146
3148142244069762432,115.27774144426577,8.077063965312803,0.1769222674154669,-0.55,0.5,0.22597376,31.24682,4.810358,0.06494289685989078,0.9677605,0.054103750619451024
3141073685676398976,108.36030777720154,6.025929737802973,0.2640154760385567,-0.95,0.2,0.1626855,28.677444,6.475647,0.055890927433808434,1.0697103,0.05149173545002258
3152526546687530112,106.88849214876389,4.971690236107168,-0.062217730758295176,-1.0,-0.65,0.16228728,30.742882,13.037464,0.11192408175717576,1.037488,0.04847682905819709
3158099696250210176,105.05992365206113,10.225296522597883,0.2782822900203863,-1.0,0.25,0.1489608,25.901186,5.781637,0.5753785739935885,1.0244296,0.04420345659564337
3138146579565466752,114.7985323514392,5.1912096087368385,0.279560708028626,-0.55,0.15,0.29345,52.693623,10.849545,0.7603160060149672,1.0709085,0.0569613785271067
3160141592420954240,107.32163276129337,11.667365030081502,0.3616019341909933,0.9,1.45,0.9073726,119.99108,5.0798874,0.4817836918754389,0.9984742,0.03611782668750688
3162860409798438272,112.08767402006377,12.174326507407526,0.1155716535676472,0.15,0.9,0.41978687,46.510685,3.1116142,0.348573863169963,0.9931562,0.0353914913122597
3168255369757782912,109.64096863299056,16.59338737974241,0.08988620307388828,-1.0,-0.45,0.14787735,25.525776,7.2375107,-0.08689429864975222,0.9716515,0.04073361160691055
3169888556841806976,111.20602224500341,17.587399906507756,0.3637335009729181,-0.3,1.0,0.24766345,27.037062,9.313421,0.2532390986169885,1.0571558,0.03999666667013327
3169268810241561344,113.88036100074778,17.03623214130478,0.21437028873497432,-0.05,0.85,0.33166963,35.974533,3.847725,0.35773887139867017,1.0372775,0.0435276014712803
3186556225404958592,73.91661992462342,-8.145303904983974,0.003118261272217815,-1.0,-0.05,0.16010097,29.920137,0.99581146,0.13367990551405412,0.98484474,0.09802344146805178
3191164721017732480,63.86742242273214,-10.789705865940427,-0.1291447600414104,-1.0,-0.5,0.23091748,62.24282,4.381447,0.4919787174394831,1.0361613,0.10308823148980645
3202644172167851136,66.0141220599592,-5.618206853712881,0.2028085798965602,-0.1,0.65,0.34669554,41.617577,2.7399025,0.8951970723449696,0.97305745,0.03957199770590543
3195123791808587904,57.95316601214603,-8.273398573295843,0.33458734033741244,0.55,1.1,0.6805263,85.473335,3.4727554,0.933592588739528,1.0089811,0.21471015260464005
3187064612094791680,75.66948336404953,-7.053476096401703,0.01606749072264968,-1.0,-0.7,0.1536567,27.559967,13.61956,0.35151543366687665,0.9821318,0.0762188478891627
3203568242971223680,62.11026331076214,-4.658594286752691,0.012870408364250352,-1.0,-0.15,0.15238088,27.104202,3.1449604,0.2255470221591719,0.973048,0.05912676865793752
3178577103882755072,66.66728202672607,-12.347975056124108,0.23067720316269735,0.1,0.9,0.40381792,45.31074,5.1269646,0.022362662711106318,1.0760134,0.08371765265988088
3194119903332104704,60.35323733916621,-9.001718855193458,0.2735476018778149,-1.0,0.1,0.15445,27.845278,7.798998,0.23888597179403714,1.049742,0.09545764083352978
3189049264942858496,61.48578225813913,-12.698414642021207,0.33539587717803343,-0.65,0.15,0.26053536,47.68967,9.173611,0.8586711591071019,1.0787827,0.12368551483467168
3217406661965529472,85.04931959065534,-1.609524689618928,0.6586176264126431,0.95,1.25,1.511617,323.72214,5.6703186,0.3343952489014234,0.98849726,0.2641192168469438
3209547460220952832,83.76393611293432,-4.945277622773306,0.5115446590977157,-1.0,-0.85,0.31250596,113.9967,12.884804,0.6665376245561165,1.0468428,0.10696771203674767
3215575322263753472,84.3507008274045,-4.619359703471517,0.47710099487744095,1.15,1.45,1.6192919,335.86108,5.607605,0.04706095659674434,1.0204527,0.39005379245761784
3215739222511779584,85.06368971946053,-3.7714598560038546,-0.022640596751100972,0.25,0.75,0.5579538,74.46406,2.2121887,-0.08020292029709462,0.992811,0.3761637613642103
3215197609956168448,79.8624651905129,-1.19917187469625,0.322746467098872,0.25,0.55,0.89892024,193.28255,13.083023,0.8959597362772276,0.9745482,0.2029197419670774
3218159208948426880,86.76098151832733,-1.2043707039842708,0.32241143837047304,0.25,0.85,0.52679646,66.37981,2.8370972,0.03378338051830387,0.9890948,0.08615752598509673
3213834352976542080,78.06053488414283,-2.9911905609730454,0.3807234880853452,-0.6,0.75,0.19814454,25.731209,10.991493,0.2744029007417743,0.9536479,0.14784643118133023
3221876589043525120,81.57554853356372,0.8541129007089052,0.14748376254778606,-0.5,-0.2,0.6820016,265.98956,8.025177,-0.40303114703020865,1.0163246,0.07488623096724221
3217769264574364160,83.84472995184103,-0.7148630163710332,0.208725667044396,-1.0,-0.5,0.16774562,32.845665,6.1033745,0.40394103545973026,1.0667009,0.0895269656966049
3226177229991750016,72.20767838041766,-1.7210934988730267,0.22056807497155528,-0.25,0.9,0.25155324,26.209877,3.9606514,0.3438790030015014,1.0202544,0.08437655146812634
3235489749881381504,79.05169977008917,3.434251948391664,0.109899923436374,0.35,1.2,0.44251108,42.702496,2.1249046,0.5753066105243192,1.0235591,0.13988849935809797
3217810496260335104,84.10655153597641,-0.2695039378192452,0.1435170321648398,-1.0,0.1,0.1471029,25.259115,5.92424,0.5305106385377454,1.0543972,0.08031398525489541
3230661931762828672,68.82514433741187,0.5063011273286168,0.3216761645933257,-0.35,0.6,0.29606542,41.16756,8.841728,0.3280727467185345,1.0364178,0.06298010457743668
3235884852512759296,82.0189845093617,2.93817289436009,0.3871691574930205,-0.2,1.0,0.25898483,26.137012,6.2658005,0.8026579354122164,1.0435263,0.10161314312109097
3220857101245495680,83.50448068607585,-0.08541673510167593,0.42523641017314784,0.1,0.6,0.59965795,99.91649,12.085236,0.8652799364904382,1.0356383,0.2348311205485566
3233624016088820480,79.20354625758469,0.49864706387279056,0.31452561504472953,-0.55,0.8,0.20579831,25.916327,9.587393,0.050214670469153254,0.99654555,0.11139269089400046
3231318546363125376,70.18229104432962,2.0732155944883055,0.13740793888627145,-1.0,-0.55,0.15196972,26.95813,8.687687,0.6738582010138991,1.029492,0.12058753212212646
3240935562254564480,80.09426088987279,6.474181241593774,0.003786771586231197,0.35,1.35,0.34845123,26.478228,1.8245411,0.4862144215941682,1.0547702,0.10021694165613766
3238659057789728768,77.2844653285544,3.797022660742834,0.2672002304053587,-0.75,0.4,0.18993297,29.19862,6.4313316,0.4299866718003202,1.0349553,0.09920982912188235
3219459969860340224,85.24180743316346,0.5580927416804694,0.5757646402699006,0.35,1.45,0.44110566,42.43168,10.853767,0.8531496651176429,1.0382721,0.09725237541261894
3254435228581344000,66.00463459580344,-0.861260565635936,0.2418348766577605,-0.05,1.2,0.27690008,25.074366,4.241766,0.3070759341849728,1.0438371,0.06459577202959184
3246578152849114368,59.60407874063029,-4.227259181882237,0.2793248287842456,-0.05,1.0,0.3390923,37.602757,8.094677,0.16201694771485214,1.0094736,0.29452278229973095
3264263728661139712,52.77336537268974,0.500401427737114,0.2172340277759428,-0.3,0.95,0.24080501,25.560343,6.0969486,-0.1708690717374034,0.94833165,0.30791118886294155
3285199185968963328,63.566502111604734,6.191849450278528,0.07603447939072172,-1.0,0.15,0.14775914,25.484982,1.9629555,-1.2349067595757892e-05,1.0660845,0.5210374330557033
3289313352322201600,71.57519644016904,8.221944612972527,0.2625298033565855,0.45,1.4,0.47240463,44.637646,5.8492775,0.37197548174369693,0.98756814,0.3971565333376015
3279362840809942656,70.02407506172926,2.235112743880653,0.2012974769130853,0.3,1.3,0.38064256,33.06632,2.4297829,0.32669930743762726,1.091254,0.16419496924528523
3287101478524261376,67.80986742848538,7.5669024670471545,0.36278991685462536,-0.3,0.55,0.3308666,48.254906,10.448547,0.8506515761330969,0.9485273,0.39503266762225087
3290506799178248960,77.82487547341094,9.11341008751236,0.23317798980555793,-1.0,-0.4,0.18608738,40.42123,7.501442,0.5835141266997278,1.0437338,0.2818717010954154
3325590570251997696,95.93113330400577,8.579917245988504,0.2389932048549106,-0.05,0.85,0.34823158,39.65702,6.6370506,0.6905614210471293,1.0248482,0.06715219993033969
3342451473686266368,91.68943292542436,11.928627243102136,0.15560532094012913,-0.9,-0.3,0.2759434,76.629425,10.650871,0.9199919277237618,0.9706003,0.1072449383671388
3335801219341833984,88.16119780563137,9.465931514640351,0.3143968143158542,0.4,1.15,0.5077647,53.806847,4.772812,0.19438671117096235,1.0033678,0.09005034266114585
3332212035432307200,95.5028125277477,12.787380817928549,-0.011757604008713507,-1.0,-0.3,0.15065101,26.492308,6.427576,0.4209428503563178,1.0805671,0.07187900600522741
3331765010939112832,94.81501864679541,12.085652676591566,0.37327647887314797,0.05,1.15,0.34693277,35.260387,12.84132,-0.16117580417175598,1.0316811,0.07230785510631595
3342258612476784128,91.2776448932503,11.162779259038723,0.2219168713404871,-0.7,0.4,0.19289652,28.048004,7.3373184,0.5330793963354266,0.89625585,0.1037610139460773
3329900724549735168,93.29230155512147,10.25970346386293,-0.00672692474646297,-0.3,0.35,0.3415613,51.42484,3.9108582,-0.3547808132346262,0.92673403,0.04881740792898332
3343889639194176768,90.01147480970785,13.993478802275723,0.037556244992055454,-1.0,-0.45,0.16991991,33.702663,3.0598488,0.848424967215681,0.96794903,0.049525319560686204
3329197999183868672,94.7287211273666,10.3291849942666,0.15470151858697,-0.95,-0.05,0.17539285,33.332397,8.780251,0.05444424896509122,0.974226,0.05761745597688695
3344109782038260992,94.15141376138142,13.201029112284488,0.26699602077470797,-0.25,0.65,0.30516773,38.572906,4.9529037,0.37435314796593555,0.96647626,0.09688980981861706
3337641355129216640,82.0608236427622,9.05678541962747,0.33090358210865745,-0.95,-0.55,0.45897537,228.25565,2.634491,0.664172518086662,1.0745931,0.3198629888554389
3344426127850850176,92.6087790047555,13.830947724458412,0.07486505566524038,-1.0,-0.4,0.21956146,56.27142,9.777538,-0.12649564537717,1.0120608,0.09374002482371444
3337769826191256192,83.41015594865534,8.90396510977484,0.30585744214435184,-0.1,0.7,0.3637839,45.82128,5.939171,0.5176222944143661,1.027235,0.34932151680716206
3326707227387164160,100.07283241157901,9.660251347996164,-0.046479115392836334,-0.9,0.1,0.16088429,26.04851,1.4590454,0.4069368597143437,1.029431,0.0524529262593223
3347199547151211520,88.84179877980937,14.889928293519691,0.1047218025897898,-1.0,-0.65,0.16569819,32.048756,10.893856,0.626352912915199,0.9403474,0.26833722793953363
3315027527681281664,88.76405909772623,1.3341538118996144,0.671869580267682,0.95,1.35,1.2384945,217.30867,10.412598,0.034942331495729034,1.0749526,0.2312452613583001
3347779913193464064,85.8722569074453,15.047000013057662,0.21256059729113463,-0.25,0.45,0.35374746,51.831264,6.0039062,-0.11540901862427881,1.0847654,0.5283305431223759
3330959760408936832,95.50780899456618,11.67453319426432,0.02349492365804373,-0.95,-0.05,0.16318385,28.853413,3.7035027,-0.27364915483037666,1.0076545,0.07006536973865311
3346719266726606336,87.31249978016719,14.26884915034117,0.2270314050052118,-0.4,0.65,0.24279761,29.532936,4.844597,0.9045659637439932,1.0755129,0.08690871432065202
3327321098478219392,96.29785282845883,9.163291644082827,0.27680330059220104,0.05,0.75,0.42065072,51.83698,5.2774277,0.6763554938059876,1.0259682,0.06449485476702091
3349383211601689472,90.69203209631851,17.150362213076125,0.25407613606890056,0.25,1.2,0.4041306,39.065536,3.7678452,0.8930229261950351,1.0744628,0.07821698129984882
3350644351439022208,89.94195523790194,18.92391042042665,-0.07894161587852722,-1.0,-0.4,0.1493525,26.037582,1.924223,0.04612130578004278,1.0357511,0.12660379625839926
3348751301655286272,89.63637610066809,15.651549727887113,0.28712963219580434,0.25,1.35,0.370473,32.829437,4.6991615,0.5359531912585213,0.9131494,0.06050736177806804
3345911915955210880,91.92206223831981,15.331553015668929,0.15068283105906666,0.25,1.15,0.4004083,38.349213,2.327835,0.7122160677001481,1.0753609,0.11128669835136411
3345031649522112640,94.07174767613908,15.305747010301767,0.07061930636284952,-0.6,0.3,0.2092067,28.684492,6.5005856,0.28386487131080257,0.96318,0.06777408428390704
3348073727614485888,88.16253497144889,15.95179014002497,0.144797337867427,0.35,1.4,0.36443314,28.96281,2.1052856,0.5528135541590722,1.0233543,0.10929581061505604
3352300696989828352,99.60858322034528,12.531436146481921,0.3840468194478053,0.35,1.3,0.45616233,45.377834,9.14777,0.3293950131534105,1.0441272,0.050196541900028126
3351382432979698688,103.39675651297063,11.474786583093488,0.234960500260895,-0.1,0.6,0.39506695,54.04079,6.920635,0.3099373479967704,1.045792,0.04321692134672646
3355788931988536960,100.34401463218741,13.735795681926906,0.38892615022094557,-0.05,1.4,0.28485894,26.53649,9.609354,0.23149566970383037,0.92720646,0.04721748750462201
3353217792764724352,103.24322417298386,12.82203295535836,0.389505900865311,0.7,1.4,0.6743441,75.21189,6.6215744,0.7268500996317836,1.0699881,0.04012191833813089
3385618510648446848,100.27737220339543,26.394638933503778,0.3124798348550595,-0.1,0.8,0.3458541,41.41581,7.7109528,0.9393438661799698,0.97337216,0.09508578932759357
3379330708589335296,99.71138964769145,22.671091087043326,0.0031652691084875784,-1.0,-0.5,0.15438299,27.821115,11.80422,-0.2940594688211509,1.0055393,0.05445595814172079
3374496847454223616,92.06560393781898,19.36211607733513,0.2601373611235216,-0.1,0.95,0.29715055,30.572668,3.6120167,0.48169328512016796,1.075111,0.08445159884338373
3353474528728830720,104.16264909118003,14.25295714736543,0.2431668388388486,-0.65,0.4,0.20464759,29.424166,5.9563046,0.19963339670769267,0.9523555,0.041152257996088716
3377062141224179968,94.49760552983938,22.780371321894176,0.19592866394909692,-1.0,-0.8,0.28643236,95.767876,9.781166,0.31659123534735467,1.0567559,0.0881270750196768
3380990425687916416,105.68976584849528,25.21878677039102,0.29489446357047555,-0.6,0.65,0.20770046,28.272934,8.570957,0.6634255607414357,1.0941033,0.04733053231944577
3377448314621434752,94.94913897643643,23.16210652004778,0.15751121465204854,0.15,1.3,0.32213506,27.388676,2.2769775,0.13404894789387173,0.9754024,0.10861126396144624
3365062930311412736,104.90375086001707,19.330206228402886,0.13778688304951991,0.05,1.0,0.3385107,33.56922,1.9366264,0.7650656355873883,0.95643884,0.04186208970949342
3369805879877625472,96.81360766633341,17.890180718483744,0.38037592531204645,0.25,1.3,0.36924192,32.611618,4.6044044,0.3426897343824031,0.9607725,0.06693155099774689
3374979979735028608,92.29906267694771,20.167167279828547,0.053244358713738116,-0.65,0.3,0.1979819,27.538597,1.2747917,-0.15333684087809932,0.93320394,0.07031618406318293
3374903078343708928,92.63776724658294,19.70108731221704,0.2558735137082637,0.2,1.1,0.39972556,40.11655,5.446789,0.9859400122603202,1.063172,0.08032733303899198
3360861047845285504,105.83120670958328,16.339693226223066,0.33543005792452707,0.4,1.4,0.44451818,41.237427,7.403694,0.4829852558492055,0.96603334,0.04036921226377502
3375187443835230720,91.9840190674183,20.412357432798593,0.2545219759448454,-1.0,-0.35,0.15316921,27.385372,6.3675346,-0.04374783998181331,1.0086474,0.06062122454924888
3363396624736363904,108.07414102884914,19.577369531460455,0.2489124076371514,-0.2,0.55,0.35849544,50.08118,5.6075172,0.5853062006518036,1.0849316,0.046143312290227334
3360979726381380992,106.10105851622058,16.713378511797696,0.31572881506470196,-0.65,0.15,0.2666976,49.972275,6.9742165,0.3184755938578733,0.9101654,0.03758752176509276
3375203558552446592,92.43590750125335,20.527140431196592,-0.022948324913849127,-1.0,-0.7,0.25386992,75.23123,12.102783,-0.055539561973593464,0.93829304,0.1007051156533382
3377351179640758016,96.01832056643946,23.13143415435454,-0.05272620060761746,-1.0,-0.05,0.15927605,29.61261,3.9662552,-0.031010842469689683,0.989185,0.11093626860618927
3372037720979585152,99.91148969292816,20.24582301315815,0.21204850115923346,-0.2,0.9,0.2772538,29.954521,4.9770737,0.5409017881464362,1.0117719,0.06287088651099877
3385159219727929600,103.36726676373347,26.660057755646044,-0.04775633166382676,-0.7,0.15,0.20445086,31.508743,2.6628113,0.37819733509504844,1.0457741,0.05582107744894755
3374670398493068800,90.99806777369487,19.639781171944467,0.23022638437738685,-0.35,0.65,0.2502071,29.402142,4.5610657,0.24721947270490843,1.0252666,0.0661095784144591
3354143615915083264,102.46031328357772,13.994086127449266,0.13791196046705778,-0.9,0.1,0.16500418,27.399675,2.8816032,0.020555154585037278,1.0882381,0.04246382497360536
3381626832466988032,102.58891802641179,25.65553778721804,-0.04498041108417361,-1.0,-0.2,0.15491045,28.011545,3.8341274,0.0459204586964672,0.98344904,0.04358510203252265
3364601655120937600,103.13484633039344,18.61240720278298,0.05115515937592008,-1.0,-0.75,0.2352452,64.597725,7.719017,0.6968997896915633,0.9734395,0.03988074264334727
3379518317057750784,101.07227945808683,22.996830033574344,0.35452011601050515,-0.4,0.45,0.27992675,39.256046,8.487766,0.7671735650244388,1.032201,0.04129761869304303
3372379462939283840,96.26683330511361,19.22535531985688,-0.04366163263364964,-1.0,-0.55,0.16225801,30.731796,7.4556427,-0.3910400040836113,1.0268292,0.06567860485768026
3375030179314116992,93.41664125463791,20.20029220514069,0.07599558288630881,-1.0,-0.6,0.15219444,27.037916,11.284639,0.11032203616713697,1.0110521,0.06447936879400366
3378426605091030144,103.05999766556691,21.69027147548134,0.2283320664328965,-0.2,0.8,0.2954026,34.00446,6.4889374,0.7643227955003852,1.0255629,0.043087597363319026
3355740175517893760,98.53701923991551,14.385045840212351,0.04527434393134655,-1.0,-0.15,0.15403019,27.694105,2.6734238,0.7984046932389319,1.0210044,0.03773945142835627
3374989737900636928,92.40623411399233,20.340544579273043,-0.07265025459684438,-0.55,0.2,0.238171,34.711033,4.06575,-0.5070542982638127,0.9863797,0.05063616743794151
3382786512293760128,99.77076440815125,23.62260195273099,0.28866547461852576,-1.0,-0.2,0.151914,26.938368,10.10549,0.7321048248432398,1.0337732,0.02844358659575261
3375224827230266496,92.15302437935185,20.733248887523295,-0.08745678521693279,-1.0,-0.15,0.1716127,34.377514,8.074802,-0.5233539080412736,1.0088116,0.10654532307447367
3375223620343074560,92.19723894683518,20.67651818508371,-0.18051655478248563,-1.0,-0.65,0.23781854,66.018715,8.159523,-0.4683462822519049,1.053064,0.06333719043593322
3388025371663449728,78.55755414132841,12.089933799654535,-0.09625123713643546,-1.0,-0.7,0.18987213,42.08217,12.730347,0.023850122119670573,1.0132198,0.5558029231936781
3388024345167398144,78.59016766747523,12.0613841111348,0.20476043105118347,0.05,0.8,0.41253826,49.856857,3.9461365,0.747114190941284,1.012766,0.21990014722755408
3388844065446216448,78.60123082869512,13.680434459814233,0.33022315157800897,0.3,1.15,0.4009255,36.684155,1.498169,0.1592256603697611,0.9472738,0.5547834363807636
3393015505187299328,76.13336648475095,15.353738987156392,0.06264659138063955,-1.0,-0.3,0.1554515,28.207561,5.6065865,0.48677218364536945,1.0421002,0.5636881490428224
3394147181825958784,80.3766393256895,16.73732557176474,0.08369459383260036,-0.25,0.65,0.2647272,29.02701,1.717535,0.8440298619394826,0.9789548,0.21429915685006679
3396988384294707200,83.70782604825882,16.585397177227332,-0.02048704183283334,-1.0,-0.65,0.19459468,44.201557,9.247128,0.4569421858767105,1.0392282,0.2526024251977125
3398853156018150272,88.27504709783213,19.409947640815016,0.37450252448379295,-0.7,0.3,0.21725675,35.579494,12.557117,0.591393560999614,1.0323503,0.0940272738329803
3400100659334853888,86.93147061497993,21.076983937515998,0.004476791431775595,-1.0,-0.55,0.17280869,34.858353,13.62545,0.7105607295913663,1.0481981,0.1744805382233643
3400583894693612672,80.56211955872146,18.188121948688874,0.30932193019272614,0.05,1.05,0.34516656,34.90229,4.705967,0.33603852794185357,1.0504835,0.548167925259715
3394351274376159360,80.02400333575649,16.85433163330088,0.4042556424628483,0.25,1.25,0.42067903,42.330368,10.046314,0.4371423614309537,1.0670204,0.4167572526839977
3412131206327071488,74.02696221146844,21.370276203391587,0.14496562007430747,-0.2,0.95,0.27077213,28.57033,8.085279,0.6431188295918555,1.0116069,0.04735187426628162
3414330122206032640,80.58207913311462,21.215969057560553,0.061520470581319486,-1.0,-0.3,0.15505391,28.063454,4.82769,-0.12544972778861693,1.0785432,0.6142565181903822
3403589684606246528,85.89669677144228,23.15661107569705,0.2574906483886199,-0.1,1.1,0.30089945,31.348951,11.80266,0.27950089841050113,0.9529747,0.24372998913341348
3423464044474891520,91.9485586924976,21.769150788735892,-0.07777344933180785,-1.0,-0.75,0.18053234,38.043953,11.196037,-0.1429283059646406,1.006666,0.0587754001157555
3424608773517487232,91.05891913812943,23.255447298828962,0.07473731857937782,-1.0,-0.3,0.1623203,30.755396,6.913946,0.05468657044697828,1.0575866,0.1663285347499193
3422980770457438336,90.394543440138,20.98688408426802,0.1912420255287417,-0.05,0.7,0.37976632,47.16465,3.5001678,0.13918817190243082,1.0577013,0.09574786652953286
3425044347624890880,93.08575600786854,22.71004498614163,-0.004097444388539095,-1.0,-0.5,0.19324417,43.59016,6.378891,-0.008620759280434888,1.0189339,0.09348964761056705
3423235002457174528,89.64121939518431,21.250651509190448,0.34868673856242616,0.3,1.05,0.49799085,56.597057,7.490055,0.710693374259248,0.92882013,0.11535706468656363
3426109293356419712,94.11721600353152,25.72679434293986,0.02611589533922931,-0.5,0.3,0.25520194,37.244465,1.9343033,-0.32243471255047623,1.079816,0.06250445931596135
3427851710047876480,89.07831513842068,23.99267222315723,0.09024534592355238,0.1,1.2,0.3057387,25.973515,2.387535,0.37663315094251804,1.0210024,0.17301125916701607
3426271338179150720,92.30665073614284,24.410284082774737,0.02424449395536854,-0.2,0.5,0.34715515,46.962864,7.6954308,-0.28091986634097776,1.0130768,0.13747053697800338
3427727740111809920,87.47727029124397,24.104398588289104,0.23617515306771075,0.15,1.15,0.36545774,35.250828,4.973404,0.36110157108216706,0.98154414,0.2032273447155195
3427224923997684096,92.78465386591493,26.969628924229443,0.1591406819263863,0.4,1.4,0.37111983,28.743576,4.432663,0.07611348163239139,0.96410555,0.19791783332269372
3433247017901468160,92.99699080863311,27.43821268738458,-0.02303287453890679,-1.0,-0.15,0.15535557,28.172756,7.5627556,0.44899981275990025,1.0053053,0.21003318200661122
3431778791921785728,96.04831750183259,25.026455250731978,0.3655473445838151,0.25,1.4,0.36901996,32.57242,7.1806793,0.8398030829813335,1.0075334,0.07943597654418129
3424033660216251136,89.2114789615769,21.849199032945812,0.15981971410773443,0.1,1.15,0.3119176,27.03396,2.2652493,0.19971038487490228,1.0459273,0.1474010368041159
3432817692970312448,96.50249869220598,27.87720129963268,0.12010635889779131,0.15,1.1,0.34311068,31.071592,2.8475056,0.14165784196604495,0.9815436,0.12583049654596112
3431864656907233536,95.87028295839534,25.708650783337823,0.19122224156985546,0.4,1.3,0.42089024,36.970062,1.5035477,0.5038390040088077,0.9794715,0.15518400511889324
3437575069329062272,92.43218060669825,30.04556887708554,0.1191708848805213,-1.0,-0.15,0.18428667,39.642727,3.823761,0.2819253210631124,1.0427157,0.20822238874802004
3437723400321486976,91.04090154424296,30.269987102429607,0.21063635974981665,-0.85,-0.15,0.26945,67.90308,11.341751,0.4539937195556744,0.950191,0.27386040041565324
3436736283691861504,93.03136463523315,29.506258285634033,0.21571539050690802,-1.0,-0.65,0.22243473,57.753838,13.314491,0.39005812579837834,1.0225767,0.144512074019251
3431651145495854336,90.49568352099853,29.29018296917734,0.03843002276084917,-1.0,-0.65,0.18171188,38.542713,12.218693,0.7793878237997144,1.08849,0.24572399336960585
3439577146859887104,96.37886950231139,33.513292828378574,0.26836779364796826,0.1,1.0,0.38109642,40.355217,5.142601,0.531987921016172,1.0185062,0.20330741873496447
3445098786881731968,86.35098012338523,31.723885338153845,0.4718627207067687,0.4,1.2,0.56633633,66.93626,12.281303,0.9265683256771308,1.017985,0.3694901410098934
3441707824298934272,85.0547661934622,27.510706422951525,0.502843655528439,0.25,0.9,0.56018966,75.062065,12.119698,0.4024781925989276,0.9732463,0.6123839222648768
3446878419466227584,79.75379206285552,30.56630706278476,0.49687324127528143,0.05,1.4,0.30685705,27.584723,12.435755,0.8018266117227711,1.0920404,0.41519050406527547
3443431858534702592,87.15784371092799,28.8663678600401,0.27468237413002683,0.1,1.4,0.30100796,25.175951,4.1232166,0.8621632267233561,1.0472716,0.26560173206529814
3448509437588659328,85.55380790710771,33.04512319914237,0.12177749944703109,-1.0,-0.4,0.15444717,27.844254,10.060429,0.25656851996517205,1.058,0.5673029925431962
3451519213232057216,89.73070203199372,33.307122540970084,0.14193751814073607,-0.75,0.2,0.20345068,33.502705,3.3943825,0.7401833872745037,1.0296048,0.19370384445355074
3447330627982667136,80.88810321893418,31.503085323424777,0.1395438199773782,-1.0,-0.3,0.1620942,30.669777,9.938568,-0.01465148293193549,1.0098313,0.4113047826887378
3449416092303080576,84.93938037317422,34.177693764572574,0.07851290905973052,-1.0,-0.7,0.17484003,35.682674,9.78833,-0.3502071602663655,1.0323321,0.3771255662707954
3444966781061753984,87.94063700375119,31.890612459215436,0.35994801672039145,0.7,1.4,0.63662124,67.032524,3.0092316,0.2670693280672497,1.0186523,0.2462828489969414
3454656880117577088,86.68459081014709,34.444570282253295,0.34375003784806957,-0.3,0.85,0.26165715,30.178724,8.768583,0.47163450317712236,0.9863478,0.24968826713056497
3456607276305641856,89.47114221836945,36.4320653163192,0.14954980421835717,-0.3,0.6,0.26239616,30.349432,3.1337795,0.5073342456251995,1.0487372,0.4699852178124737
3488462121024568448,182.78352064426252,-25.82571239759579,0.10070906019548964,-0.65,0.15,0.24213053,41.189835,3.2834587,0.17557793497609675,1.0333401,0.12908289977933143
3459586746657214592,182.34176324874585,-38.255172479901994,0.10240464304831587,-1.0,-0.05,0.14849837,25.740622,3.3032284,-0.23951913564104407,1.0433849,0.08372187116633188
3492971733606634240,179.95010954344397,-23.072166759836822,0.3203522235996319,-0.25,0.6,0.33996433,47.870934,10.770172,0.5320463808154772,1.0206523,0.07886645948527884
3492638478504278016,179.65898645001994,-23.922964991112487,0.19356275916604204,0.1,1.25,0.3188446,28.24802,3.201025,0.2730364367298208,1.0311391,0.08614791413337225
3493564713970954880,181.89262607321257,-21.549192623008388,0.24218352285409495,-0.35,0.75,0.23473558,25.87841,7.9669113,0.298582337727266,0.9541981,0.09569943689240974
3467217116835270144,179.99800892483836,-32.496453935410266,0.2121237521959376,-1.0,-0.05,0.14850157,25.741734,7.2537117,0.36259474092656685,0.9741367,0.11843324661981884
3476697552764896128,185.80642332567623,-25.269978818836144,0.15012310769645865,-1.0,-0.35,0.1990925,46.26851,9.349396,0.9774990148140142,0.9852822,0.033475530663848084
3489037509203122176,184.2769881611458,-24.307934595209584,-0.026887594077033228,-1.0,-0.45,0.16034883,30.012852,3.5610657,-0.541185449579181,1.0168185,0.1310399660242163
3461867820967375232,183.51235633672357,-36.16931949353861,0.24415059507372927,-0.6,0.4,0.22341743,32.713734,5.4162025,0.1696202983692499,0.9793162,0.10792223691150252
3460421821443480832,178.60589094176348,-37.735651851087134,0.11921485716617397,-0.55,0.15,0.29229707,52.280376,3.946926,0.8560964616751852,1.0423042,0.15593411106450028
3458932086266169216,180.71102730839877,-40.544891512601176,0.04880697425911329,-0.8,0.15,0.18075599,28.417147,5.38278,0.2922568151082968,1.0323192,0.17789889740414028
3518472912947474048,181.7581266692713,-20.363299284365432,0.23248255363152737,0.15,1.35,0.32856786,28.493458,5.7321663,0.45657286356884075,1.0445529,0.0987458814527245
3530137528727406976,189.62639683355826,-11.788975580969128,0.0982150135078399,0.25,1.25,0.374728,33.587875,2.828144,0.13890366724825917,1.0327495,0.0954015174282508
3558530045693520128,169.99277381377902,-17.37709820569948,0.035625165903366174,0.35,1.4,0.3563601,27.693832,1.7793694,0.5133611574472458,1.0744611,0.06730890036323003
3533223170673413504,172.24590464134968,-26.327733511436765,0.27173830543944355,0.2,0.9,0.48356888,58.710594,7.3686905,0.4093826784946386,1.0427886,0.11454127806893118
3555946262086850944,162.15009921885738,-18.413480298965588,0.2174244026533092,-1.0,-0.15,0.16630368,32.28341,5.9014893,0.5907204630707251,0.9805158,0.06761285965783635
3561862596717502592,171.20223544727205,-13.939578521644002,0.226314280447931,-0.4,0.8,0.22837965,26.129591,5.403553,-0.40331383391337194,1.0202423,0.05360507669722379
3586105075763670144,172.95780054859398,-12.393373437815452,0.1678641523846931,-1.0,-0.55,0.16216902,30.698097,12.380703,-0.311974120838192,1.064939,0.05329888199896574
3568887135990031744,179.71711309238012,-15.50243823077563,0.19030965130926702,-0.25,0.9,0.24864644,25.607647,3.6831112,0.07154333978044693,1.0814444,0.10310296014998353
3601963503769275264,179.7134470664178,-2.147531587397704,-0.053771232465604335,-1.0,-0.6,0.14693777,25.20244,9.688543,-0.25589416080680255,1.0043169,0.04105722683989034
3592800208222748160,173.16691436430983,-7.860038275323526,0.40524607619891384,-0.7,0.5,0.19369163,28.279705,12.169735,0.8220556823680945,1.0740644,0.04842511974298674
3596302599434664832,183.98086210970402,-6.164650585297399,0.09331513557119209,-1.0,-0.5,0.16520272,31.857382,11.294897,0.35393727545562,0.9413988,0.04349269450877046
3635103643223278336,201.1805164102162,-4.920150993873085,0.060965763130022665,-0.55,0.3,0.23735842,34.47459,1.7899742,0.47948317385178785,0.97785515,0.04955622583074226
3635574818315582720,198.8162468168811,-5.505192488599992,-0.059653375396652386,-0.4,0.4,0.25459507,32.472656,1.5470123,0.5480257172425615,1.0681328,0.04393752814218114
3638570128507583616,202.9210629458497,-1.2373171291131229,0.37958147381275165,-0.35,0.85,0.25289592,30.037476,10.392223,0.8227092184182118,0.98674303,0.04566517453639804
3624055372430253184,200.812968658964,-9.442131996067255,0.31344865284369217,0.2,1.15,0.40335858,40.84909,6.689625,0.9950822800534794,1.0669236,0.054726117473866756
3619614754203176320,208.55347466073997,-6.9018502327072415,0.2511605465951501,0.15,1.35,0.32683873,28.194347,6.22023,0.2854370687120704,1.0326,0.059378023946292185
3659133401128603392,207.85651296876023,-0.46558165613002434,0.2899340177900278,-1.0,-0.15,0.16304463,31.030493,8.138479,0.9975953663251835,0.8169175,0.07795055792945298
3650499108114753664,221.92705271095426,-1.1710223415854528,0.2328913339608487,-0.65,0.5,0.19612734,27.025093,4.5810776,0.4337341411625218,0.99074024,0.11431582261096278
3675773272664677248,193.32958128513528,-6.844711474618765,0.1774173553724392,0.45,1.25,0.49487868,48.985832,5.212967,0.570307849839329,1.020591,0.06028036319725672
3707751571927072896,187.47780237878828,4.4642594592734355,0.030198693780628005,-0.1,0.8,0.29209036,29.540287,1.4852333,0.39575998128398293,1.0331514,0.043580971805399736
3713710237753688576,205.65615533151677,4.446876603595801,-0.03956844272712434,-0.05,0.9,0.30194956,29.816223,1.2549515,0.2298076294440989,0.9777952,0.048890058619525
3720558335473411712,209.27085631449486,6.235381636712752,0.07299556290524922,-0.1,0.95,0.28007978,27.160877,2.1667747,0.17638523415909146,0.9316688,0.04916688866443815
3723253448927026176,212.6339161891801,10.12418159041781,0.26366044862133275,-0.25,1.0,0.24834172,25.54492,6.0717945,0.3851722549323678,1.0468712,0.048434858455712
3774225124363422208,158.44728130061742,-8.20372275675262,0.237777162362387,0.05,1.25,0.31323028,28.74246,5.9615498,0.13158176430236374,1.0068076,0.11277185720218606
3760753942259866240,161.00903462909807,-10.696041077780711,0.34500313163777463,-1.0,-0.2,0.1466798,25.114027,11.290159,0.5942997168285984,1.0142965,0.07009720674775312
3752781314727398144,154.22814412789833,-14.704438726006982,-0.056122456493417516,-1.0,-0.75,0.2080622,50.531483,7.4000816,-0.03799818331766715,0.9536558,0.19288068129318464
3777283141078343680,161.7611715911686,-4.359167475324164,0.2893428596086167,-0.1,1.05,0.29593456,30.322962,7.7768116,0.6109755979167715,1.0010645,0.06317503610556117
3756008862391486208,163.16369139816973,-14.284499160498772,0.014689607616926281,-1.0,-0.5,0.14699212,25.221085,10.06488,-0.2958570745937033,1.083346,0.08743308665423373
3796689040272416640,172.3841910737633,-1.5147008599445393,0.002528558382278945,0.3,1.4,0.34006208,26.391712,2.2234917,0.27022300742964195,1.0412062,0.04517277447522747
3802287061991111040,161.88269979247767,-2.550505032549053,0.168046119726184,0.15,1.35,0.31166735,25.637619,2.8333054,0.1973532929039019,1.0678213,0.059773893783191596
3792002268879699968,168.65834191643674,-0.38320845399643744,0.3347613822838307,0.25,1.25,0.4226355,42.725018,7.0698967,0.2374855220942273,1.0482502,0.06298841479461126
3822280654445030144,149.76526221193737,-4.467316236779206,0.2815087735690849,0.2,1.15,0.38538674,37.29008,5.214279,0.27027581048426874,1.0619471,0.064766494933627
3825594513771789440,142.98424868059786,-3.379935071303222,0.2976439414380341,-0.3,0.75,0.27167794,32.53452,6.3388634,0.46804081669409825,0.9590926,0.0940117993401175
3844444128801215104,142.1166095721095,1.8100039214928676,0.1385182223138237,0.25,1.25,0.36366075,31.633202,1.8964157,0.24326226708857956,1.0118408,0.058571947030552414
3833683616522181120,150.5948897110247,1.067098106535957,0.3072155714331455,-0.8,0.45,0.16960783,25.019976,6.254999,0.8199235382608991,1.0783452,0.059132728859504435
3882845500114761216,160.02309127046396,11.894067062090436,0.03714364528771963,0.45,1.45,0.3711579,27.554369,1.8068504,0.16128803057434973,0.91183335,0.06055772032969658
3882888724665639808,159.5816102680874,12.03322280773665,0.36729490194884296,-1.0,-0.1,0.17561053,35.997868,11.807655,0.20465828208231898,1.0185452,0.06515513357864086
3926312252777033600,177.72844738708656,16.5360306015088,0.02654695693501452,0.3,1.15,0.35595006,28.915403,5.2872143,0.4739773977461564,0.9297043,0.051423640460450816
3941875702429238528,192.3400579117729,18.982657665023027,0.3895038014048646,0.05,1.4,0.3187478,29.763966,10.330006,0.3476400641453932,1.0152552,0.03438607989281454
3939535563728740224,198.61231933968992,18.53836543971402,-0.006835131908115244,-1.0,-0.45,0.16670245,32.438416,3.2455254,0.8724659606031168,0.9780186,0.04902718782410251
3943830217491325952,197.36151513393492,22.021678810415466,0.35843920138372276,-0.1,1.05,0.2839925,27.925055,5.5027905,-0.04815745226103221,1.0135388,0.05342114537177284
3991773047631016192,167.68877786929198,22.41039104303026,0.15721918816983038,0.35,1.3,0.41158348,36.942036,2.596096,0.7036215480340269,1.001674,0.03044268968841214
3971858452510511232,169.47114924555075,18.253257075873467,0.1034154611089928,0.1,1.2,0.31500596,27.571949,2.2493057,-0.16640729616602268,1.0734574,0.03409602962074145
3978004280127858304,170.9188445707976,19.50602758047466,0.3139722454077365,-0.3,0.65,0.28524703,35.86558,4.8455925,0.9885152967966447,1.0591627,0.03717428148483622
3989448576970460416,160.64439714017507,22.236254738684053,0.2402256464974748,0.25,1.4,0.3378286,27.298773,2.9517536,0.21358867896304543,0.97189736,0.040472036083267646
3999857108090784640,181.07586172248412,21.470378460035136,-0.1011567140705143,-1.0,-0.45,0.15686838,28.724104,10.860872,-0.43503548649491586,1.0526534,0.025550825221465717
4022626237259547392,172.45690671243517,30.15686969278357,-0.053782219134534515,0.05,0.85,0.31276566,28.657251,3.921629,0.7399814787626254,1.0335902,0.02990484100415523
4036634913091862272,267.96461822603624,-39.3292481687104,0.11474228133779363,-0.5,0.45,0.21639551,26.778755,13.377266,-0.3688008508062106,0.81668746,0.3206382175546742
4043001806989226752,271.82409279666075,-32.33362183146074,0.01853935445897026,-0.45,0.4,0.2322682,28.860838,6.6450634,0.2066827785378484,0.8460969,0.22266736634149836
4054828669415649024,263.20633986905085,-32.26250827760391,0.09727636916041771,-1.0,-0.8,0.25825173,77.85063,10.812286,0.011517378271218515,0.92236006,0.5447034607620674
4054842207152663424,263.146277182098,-32.1705999111782,0.03605083543257859,-1.0,-0.7,0.28784186,96.71271,8.334259,-0.6367885967992283,0.91371846,0.48188321959498254
4047449434579783040,279.1927460135462,-29.61677016619876,0.36056664328025967,-0.1,1.0,0.31658626,34.70279,12.838661,-0.0800968489475269,1.052994,0.36818712602871567
4050621967971892096,273.75228359050055,-28.622163845727023,0.06680918736389607,-0.95,-0.05,0.16515169,29.553492,12.038103,0.9217465691078044,0.8584065,0.18615488441145203
4038448248322646272,273.37264854522715,-35.3226618831721,-0.19698516183170778,-1.0,-0.55,0.19577348,44.7387,11.364006,0.0424929784993682,0.9717914,0.22413366032319362
4035391296732758528,270.4917123896956,-40.5603728797971,0.2273167560310565,-1.0,-0.35,0.15822534,29.223196,13.812365,-0.19458505499713694,0.95980114,0.156025294374108
4075255289056947584,284.1905505652094,-23.90308286322677,-0.058558861507243876,-1.0,-0.65,0.1844115,39.696445,13.848469,-0.19391835801358162,1.0439335,0.4767372901270444
4074861389001496448,282.84857180096765,-24.691800449684152,0.3533092755655165,-0.3,0.75,0.24993737,27.53582,6.8660583,0.9911260373706622,0.9505495,0.49454038432874275
4081620228722811008,285.7378454053451,-21.954201754459262,-0.033385106173601464,-0.05,0.75,0.33285838,36.232872,2.6736488,0.5594070501620148,0.92964125,0.4139171408993063
4090957693815592448,275.60212694214005,-21.9823683406468,0.029356790755940665,-1.0,-0.25,0.16223337,30.722462,4.6931953,0.1512810710277708,1.0047027,0.5793260468260772
4094882675451411328,274.1292781986169,-18.579892295645724,0.09250715281333388,-0.5,0.45,0.2198479,27.640028,8.676725,-0.09708914960494754,1.019623,0.42351913536167574
4081764711430252672,284.1987669243762,-21.932463678921547,-0.026342082769683195,-0.5,0.5,0.21582416,26.63753,3.3002071,0.09774461848866996,0.9994232,0.5930489885728137
4077583917233080448,278.39403999393204,-23.44911098279548,0.456110990341136,0.5,1.05,0.7337636,103.370384,11.066948,0.994351387020091,0.9818002,0.059900635367084745
4095936866539668736,273.03540226955755,-17.648365102592884,-0.06229352811056721,-1.0,-0.45,0.27503416,88.2976,8.67765,0.004968583313893197,0.7871408,0.47757631858004074
4123184517135423232,264.3724148678458,-18.293647369780366,-0.023692865090879422,-1.0,-0.4,0.19168228,42.88838,13.92487,0.37562469491878187,0.8565964,0.4091331362113387
4122095622584195840,261.23445328099325,-19.76639406759395,0.2055076637336004,0.35,1.25,0.3815569,31.748526,3.021593,0.25794775590080155,1.047643,0.3220253919671445
4122218252486966272,259.6631901961681,-19.66665935009523,0.18026180145513404,-0.1,0.8,0.30482885,32.173065,3.8025246,-0.025316381322726185,0.8970299,0.5761805856335297
4122872599364132480,260.97818473930727,-18.06008919676535,0.05521729510195783,0.3,1.2,0.3322973,25.200245,3.2627048,0.13778032412174754,0.96470964,0.47892998472617637
4122454063378798976,260.1789084207165,-18.648291482225527,0.38340602857699224,-0.75,-0.05,0.24280743,47.71836,9.277397,-0.17918670855225322,1.010573,0.3134072331223052
4120189786647837184,265.55578722106856,-18.67812925575324,0.3380214378101165,0.2,0.95,0.4617881,53.540844,5.413437,0.612505528728658,0.9646996,0.6792902990579368
4112097660285875840,255.29525216682916,-26.134266013842034,0.36541009356546006,-0.15,0.85,0.32135987,37.90909,9.298687,0.24868484293524978,1.0082816,0.3504155449078787
4112439951979902720,256.88765985119545,-25.316263696654605,0.1494405249808164,0.1,1.2,0.32209167,28.826303,9.429865,0.5806892798984972,1.0400031,0.02089316955259081
4121724395640517248,262.1361110591834,-19.428562552831924,0.021086095245809844,-0.8,-0.2,0.27279425,64.72403,8.897095,0.11499190947531589,1.0408374,0.06885165570663548
4112156896478375168,254.7595724839479,-26.01363737583904,0.09026215462322451,-1.0,-0.7,0.16966261,33.600674,10.75293,-0.12063007006106108,0.95065224,0.3579972404903145
4126817367859653504,251.06896391183793,-21.79900404524085,0.6296220436938462,0.45,1.25,0.49395877,48.80389,2.5726051,-0.13431414122962668,1.0255824,0.16590533807966792
4142010148952660224,259.44067260178514,-11.988821746098978,0.3284273528443453,-0.6,0.25,0.27058557,47.984974,6.8617363,0.1507027457244942,0.9961419,0.5128934036177388
4136456064748098944,259.0603870514046,-15.245625600425656,-0.019148212696098454,-0.6,-0.05,0.31341913,64.37942,2.150055,0.3888078314501955,1.0751033,0.06267861846433737
4174041598429133440,271.2169600069823,-4.770120503669233,0.14330279428393133,-1.0,-0.15,0.17231743,34.660446,9.067375,0.6482071934496223,0.88065827,0.6493382817220495
4154658003047370752,278.20258024228315,-11.31470039713616,-0.02484495433891709,0.45,1.15,0.43040502,37.053364,13.904144,0.8788517084526043,1.029418,0.4031479796784885
4166055093865584384,261.97570262052983,-10.823000637215259,0.10882893257004511,0.05,1.0,0.29227692,25.025658,2.042368,-0.11879287761409589,0.9869305,0.3556306024865328
4185403131271483648,288.455599959693,-14.178445308855942,0.20792228039426153,-1.0,-0.3,0.2171961,55.065517,5.1869354,0.15888931229084083,1.0254579,0.38058045529810275
4214909041200683392,292.00337823371,-1.6206724227516012,0.3574928474821224,0.6,1.4,0.56011397,55.74307,5.0950775,0.387938612501248,1.0509366,0.59335144630286
4183815264667865984,295.1965419945163,-12.444082375343758,0.12128732557146726,-1.0,-0.25,0.16166219,30.506516,2.6330795,0.19944363723936162,1.0439256,0.5329295044003888
4189198233078322304,298.74340724205905,-12.448244532550476,0.08533990180784468,-1.0,-0.05,0.15407486,27.710175,6.0170517,-0.2983236843327298,1.0072731,0.2939902375276815
4201339418441154944,290.03354309813835,-9.005303413446185,0.05572912632765625,0.45,1.35,0.38180262,29.157536,4.6250687,-0.2676482741457148,1.0164557,0.6520814825034084
4195747783328590080,299.4450980189103,-7.8172173567689756,0.1456572804235874,-1.0,-0.6,0.2260836,59.6642,8.299408,0.11650068103979688,0.9635974,0.3032178226447399
4205294980273712000,285.5589891520296,-7.777931240672516,0.229285269858174,0.65,1.45,0.5300043,48.120174,2.729103,0.26170153683227065,0.9749428,0.46189564355948587
4204777866184541824,287.8945172916242,-7.562990840904361,0.16330994009621236,-1.0,-0.3,0.15805009,29.158499,12.390879,-0.16769079088226277,1.0130507,0.7112680507379678
4185176318326274944,289.43176378189264,-14.284176821790913,0.2613934194632108,-0.35,0.45,0.29988238,42.235893,7.1200333,-0.3073425414984517,0.9926138,0.473146584476494
4218673077504119680,308.24176751163407,-4.033910260023699,0.146661584668216,-1.0,-0.5,0.17455634,35.566975,8.945831,0.29609268621197765,1.0043815,0.06999699089396677
4217568897248489216,303.2577988847667,-5.472492903771663,-0.12581584794000733,-1.0,-0.7,0.15742563,28.928541,12.074144,0.09317247935574172,0.9864534,0.41409441918676887
4218521383553917184,307.54836074608005,-4.770491485701136,0.07642546842122755,-1.0,-0.4,0.21765947,55.300724,9.044964,-0.4932991549608293,0.9705027,0.1021566292196697
4217622979475813248,306.5351599168012,-7.075826068734882,0.161453287546383,-0.4,0.55,0.23680134,28.092222,4.2577953,0.38437026438785954,1.024898,0.10266818093997251
4227439144408657536,314.2960852614885,0.0872293675040062,0.402459800742724,-0.6,0.55,0.22360982,32.770096,10.464706,0.027683241842323677,1.0329236,0.1171844089972999
4248790109738658688,301.90496430852005,6.078203788512011,0.17397919882053792,0.65,1.35,0.59333646,60.30738,3.592476,0.026541019326351584,1.0010159,0.1661032007221297
4245894034767766912,305.0844404720278,4.43691497918918,-0.011070162065762723,-1.0,-0.25,0.15104161,26.62986,7.0923615,0.018717974031937885,1.083204,0.14216598837091887
4232526924012733056,308.4171432676523,2.6813403944074667,0.27587396216321025,0.2,1.2,0.3693453,34.250347,6.520321,-0.8067459730966232,1.0568733,0.11781804033632985
4244285792853015168,304.8374546081691,3.7552350002355532,-0.028407677313278867,-0.65,0.25,0.19165115,25.805588,13.4342575,-0.43007699221826823,0.99668556,0.14848399260175174
4248994142171339904,299.9980462967328,6.312633869200912,-0.016917765726690348,-0.4,0.4,0.25178516,31.759819,2.5699158,0.7052588898784387,0.9963956,0.1858862679337661
4267326127787107328,287.4453630724911,0.9452927622631896,0.21316197631484357,-0.8,0.3,0.17131263,25.525475,7.035446,0.059624108534533295,0.95770484,0.5172415345242327
4266768263019574272,284.83763251881106,1.033237666431874,-0.37473561780755205,0.3,0.8,0.54598624,68.032196,9.895592,0.30013719892035307,0.9997872,0.28369867519757563
4280710207899985024,284.4351693661641,2.818788160170473,-0.09352886420304607,0.3,1.0,0.4350795,43.200462,3.746605,0.5693163518598104,0.991147,0.08133329691026496
4279984839480820992,280.0251340797939,2.782139116423473,0.11098728440585681,-1.0,-0.5,0.16256347,30.847616,11.802862,0.7168666119606552,0.9717082,0.4540766632131444
4268858121095181952,286.84868309776476,2.6537090403946006,0.020753227004226105,-1.0,-0.55,0.18964392,41.981068,13.371925,-0.26456597013694116,1.0455669,0.5561947980525815
4283373912268529280,278.4413889112842,3.999210161219769,0.14837247515703034,-0.9,-0.1,0.20808539,43.575138,9.738728,0.9190618968939092,0.9291857,0.10923731129706328
4278726826367188736,280.32742166643015,0.9831740833649205,0.12331041322113201,0.15,1.15,0.3128726,25.836285,5.91765,-0.021722817715708168,0.9435493,0.33781752556923383
4266737442347035648,284.0183072299911,1.103581992547049,-0.06483900680739296,-0.7,-0.45,0.74473333,418.07553,2.7743835,0.22995129888758759,1.0025047,0.23025767183287574
4281683722365906048,285.5433776471595,5.153876364229191,-0.025037795654750283,0.4,1.4,0.347472,25.197195,3.1835938,0.5652490184178605,0.979082,0.37746252751188475
4279049567385795456,282.9692672624815,1.9547196186756026,0.14749990591908357,-0.1,0.05,1.3569899,637.57825,6.556885,-0.11670952831967614,1.0237367,0.2732482854448592
4258693209125035008,281.57074199065113,-2.6653809140968914,0.03257520836223726,-0.75,0.15,0.21292627,36.696114,2.9612045,-0.6820918743179779,0.9572847,0.27765655401254297
4273218066948050432,276.91382188755364,0.15041917793708307,0.17828316858942195,-1.0,-0.3,0.19273378,43.360203,8.304432,0.7272125716143164,1.0299866,0.48078970646640273
4252140497846876032,283.7343639716206,-7.340040526464412,-0.012109466899851817,-1.0,-0.3,0.19492611,44.35226,12.542576,0.9824639715926144,0.9480193,0.3658966135425853
4300118134327234688,298.73152907061416,9.364215371421349,-0.014467560595115003,-1.0,-0.2,0.1543994,27.827028,1.2410393,-0.1516638575829752,1.0084658,0.2306540762776439
4299271132409745408,302.0436212283686,8.651865407385113,0.469738025644415,0.05,1.25,0.33851135,33.569347,13.625572,0.51987272571168,1.0380869,0.13520578126517477
4304944436316160512,298.4229510634757,12.749158841211326,0.22410985318837362,0.25,1.2,0.37968487,34.48235,2.3365135,0.35267197270419065,1.0873979,0.1285327387903412
4317099850949065344,294.82610547955994,13.575746867779335,0.19195790512378252,-1.0,-0.05,0.14981508,26.199121,7.0127544,-0.39185316595347297,0.9545466,0.1943838272554305
4303976522481551744,300.1188948402828,12.074909368028855,0.23414399086133297,-0.2,0.7,0.3128191,38.132374,4.1689873,0.23259832190245078,0.9978651,0.10395102476648238
4315934987053531136,290.21109463987744,11.877223606559907,-0.020639429163919587,0.35,1.0,0.48862636,52.06654,4.3782387,-0.23366087531491395,1.0367903,0.46301539814702525
4305809928060657024,285.9201998154417,6.049293135099558,-0.3062850323682742,0.25,0.8,0.45835364,50.251804,11.2319565,-0.1388892269721907,0.95373183,0.5128355344129714
4295951638133809920,292.2584405822571,7.704418179601417,0.3748353327172236,0.25,1.15,0.45284075,49.05026,10.942936,0.3694625392140311,1.0450039,0.40637105379368044
4294429604788723328,293.2428555685078,6.087830029856915,-0.023276755525841075,-1.0,-0.3,0.15893167,29.484692,9.1390915,-0.13912818301696372,0.98267704,0.5479193356456679
4309133889151746176,287.57560048852685,9.501457889011602,0.2104360569982724,-0.1,0.75,0.32236016,35.98015,11.131981,0.5375681508703796,1.0985203,0.5787890734133653
4315982781451309696,290.2582569359904,12.352954704225027,0.01004107743253968,-0.5,0.05,0.34302425,67.28892,7.602989,-0.19055448708151104,1.0266328,0.42429765214660786
4312088414377700608,283.9639449221718,11.277221423614922,-0.025058881363918317,-1.0,-0.55,0.14772794,25.47422,12.198845,-0.42872447979342637,0.90940213,0.5041775138239414
4313754037038077312,285.6315481686763,12.22723184525068,0.10230555889518023,-1.0,-0.4,0.16239795,30.78483,13.158468,-0.2588258882418999,1.0154824,0.3416566438987037
4298251232309690112,297.92984125224456,8.094457385838739,0.007171779160966452,-1.0,-0.15,0.18035649,37.969875,10.030201,-0.34603000590206423,0.97443104,0.0630642766206234
4321231025329536256,292.570379585463,14.872675567619618,0.09491949312687176,-0.95,-0.15,0.21269946,49.020256,9.307739,0.7164467820386945,1.0554001,0.21509252524741548
4295731250434860544,291.11223608772184,7.253983734370399,-0.017732905686369982,-0.5,-0.05,0.3323276,63.157753,9.839951,-0.22086443449271695,0.8445253,0.41441458782105783
4308622753705806976,290.10885495282287,9.615768595683273,0.10876111491424734,-1.0,-0.45,0.15972261,29.778887,11.165289,0.6709460149833304,1.002832,0.5070639382536751
4290119038151688960,295.1891396709565,3.7932771725925565,0.20227240130144253,-0.5,0.25,0.27800208,44.19671,9.60466,0.5446228330657356,1.0382284,0.18175937878100765
4306833401593370880,286.11498922333897,7.43969160129001,0.15538167981436501,-1.0,-0.05,0.1502303,26.344547,6.8784256,0.7508963479004415,1.0655048,0.41579324571118254
4311969804557791232,283.5430266107127,10.76259965198738,0.27751515117696357,-0.6,0.2,0.24133667,38.1718,12.286007,0.6735123365406189,1.0114586,0.06161287982675571
4297075854372754432,299.20209028625555,6.547562661081267,0.177983610690438,-0.05,1.0,0.28823808,27.169802,2.615368,0.6231907041252576,1.0713124,0.0836780288153374
4309865304902584320,289.89101745490626,11.531838377458934,-0.16639371170256023,-1.0,-0.6,0.21339492,53.154964,13.658207,0.023604864456343275,1.0802417,0.4379843273431125
4321304933129219584,292.22347186047324,15.30579062838545,0.2755607855121758,-0.25,0.65,0.3012347,37.58505,6.4271355,0.8391595887786396,1.0970635,0.23443780617903623
4319517535222587904,291.1469057727312,13.36312221424556,0.18481561048988837,0.35,1.0,0.4648068,47.113987,10.223644,0.3448716449453932,0.9830805,0.2877814111677889
4322478485676502656,291.7457293628092,16.56978921974013,0.19434137132690932,-0.4,0.05,0.47956195,115.21452,8.152023,-0.34726312875185494,1.0028176,0.6280518229054488
4323339441965912320,292.2849988305473,18.563368144764915,0.05929011888654401,-1.0,-0.6,0.17746852,36.763626,9.216949,-0.7292209064060893,1.0057566,0.360260202096408
4355743698876671488,246.8588217439468,-4.744067368636635,-0.12956948597602036,-1.0,-0.7,0.17782904,36.913143,7.443775,-0.13125867286401005,0.9409528,0.5699581702244528
4375735431611001728,264.6503240682122,1.9039262127562442,0.0022655033716905137,-1.0,-0.6,0.1951637,44.46044,5.6586533,0.036830195893619425,1.0204756,0.5504472584133688
4394725990286054272,256.72766540482087,7.116593824602788,-0.0014061728743897106,0.1,0.85,0.38092634,40.319202,3.2979202,-0.05011686114749155,1.0066704,0.2757287508682308
4375116544002758912,261.6513207789751,1.418354723326076,0.15315210133699075,-1.0,-0.15,0.14971846,26.16534,6.3765526,0.4099943188414412,1.0611719,0.5519365346688377
4377411980685704192,264.5148589821231,4.077661720704625,0.09124347824496404,-0.3,0.35,0.3370809,50.084568,1.7415237,0.28402031091528374,1.0119395,0.5247170443876586
4387803666939545088,257.9783044768694,2.202151036954993,0.20335321408038176,-1.0,-0.55,0.2154849,54.201256,8.516876,0.19561289021719866,0.99537206,0.5230696659943609
4396779122091559296,234.75760306370998,-7.256903004253357,0.4218453863133753,0.4,1.2,0.5347537,59.6788,12.122852,-0.21004143373948533,0.9841069,0.3120590434623334
4396592583074811904,237.0730012118992,-6.5401931743137505,0.2907763425327996,0.45,1.25,0.5014722,50.299854,4.201317,-0.33414111346212405,1.0368286,0.39431803813324495
4401902120426392448,234.47864543043977,-3.5823696694178317,0.5316311116140824,0.4,1.1,0.6092009,77.45217,12.4288025,0.5777785761149042,1.0685394,0.5754556511015283
4416720689606077184,233.7772421573201,0.024232853025776074,0.30257107557186025,0.5,1.35,0.52814645,53.554073,6.8029137,0.1866681818396008,0.977772,0.2191589283715457
4422546555045196416,236.5978669087442,0.2970087406319818,0.20907935037531278,0.2,1.4,0.32916814,27.204165,2.654089,0.049753357179443077,1.0648099,0.1885563236541499
4430061373426488064,238.56053271531886,7.343760479918801,0.42865439505840897,0.2,0.8,0.60152143,90.84519,12.147247,-0.8208180215247387,0.97879577,0.07159765852203119
4428899911187387264,234.01459312765957,5.800283063127727,0.32761826807068495,-0.65,0.55,0.20128502,28.465176,9.681534,0.9575821874262027,1.0529095,0.13252763034636023
4439023767580485760,249.3902843713316,6.875417884757411,0.3011978865057401,-0.35,0.8,0.24814336,28.91912,7.089283,0.13362480307094263,1.0209173,0.1974088643514305
4444611932349486976,256.0688425249233,10.549350765477337,0.3450654328732199,-0.15,1.2,0.27261153,27.280258,9.474873,0.3614051027836313,1.0246753,0.2061528626653973
4444179480683148928,255.15473810584615,9.778324156838343,0.2725388707340368,-1.0,-0.2,0.14696915,25.213207,11.812332,-0.23950335552647992,0.9948592,0.22136023709687555
4461433841785065088,251.97791075873482,13.84132017530437,0.04098543175817326,0.45,1.15,0.49255323,48.526543,2.8502426,0.26784081742977717,1.0495574,0.11991636647221002
4457737146248671232,239.55389088706073,11.608885800688068,0.35245161288501947,0.4,1.25,0.47983688,48.05071,5.524822,0.7766900753001544,1.024622,0.06516042758663682
4446279169936246272,248.56972521469993,9.153273660223098,0.054242704751629844,-0.55,0.2,0.251547,38.719353,1.7872391,0.436654962988519,1.0047301,0.14785285980729504
4464359607861328128,243.77521752955016,14.269963107236418,0.23599312156219554,-0.9,0.05,0.19731297,39.18021,4.3549423,0.43321309692429677,1.0234476,0.05891424776283155
4454606699205134592,238.85097261271113,9.212259295505323,-0.01383600801905871,-0.9,0.05,0.16483115,27.342241,5.3660107,0.5065598420126685,1.0035979,0.05858273189882969
4489911016843305216,266.11583116447474,10.999366654984584,-0.12186382970937615,0.55,1.45,0.3922453,28.39594,5.534464,0.2929959655728321,0.97083837,0.20482786625777533
4480082005679582080,276.96001364010715,9.30443711581006,0.17528515071360395,0.1,1.05,0.31990242,28.435768,1.2713013,0.04899789438880899,1.0494041,0.3961174864016403
4482894792628671232,272.58745090513753,10.40781909729043,0.04013161953466593,-1.0,-0.15,0.15168741,26.858068,6.8634396,0.5968372443786549,0.98898184,0.2667979122513562
4495003684124847616,269.1295486273324,11.136353994860592,0.032687670312366635,-1.0,-0.7,0.19185226,42.964478,8.045612,-0.2694342150197607,1.0458249,0.3580801627614283
4500041646402647808,267.470231425089,14.572837505912325,0.2589385791114278,-1.0,-0.55,0.16707605,32.58398,10.137093,0.029811310026347314,1.0018448,0.14721688704540226
4483207809849614848,272.8818249418928,11.14009228783344,0.08665835595757265,-1.0,-0.2,0.152431,27.122034,5.692438,0.9481153852399555,1.0459887,0.15241273229806887
4467896736773477888,269.8426192719349,1.1026631143915893,0.20431203670021958,-0.95,0.05,0.16601196,29.862183,10.151112,0.3031935677409207,1.0154561,0.5446876580898943
4468057162392841472,270.4102066411796,1.9032592723766872,0.011458792153445252,-1.0,-0.45,0.18426736,39.634422,5.773052,0.9433898073151248,1.0976351,0.5113075346750627
4486883447153767808,263.64792210894706,7.039775853700062,0.2355658660857607,-0.65,0.3,0.21174839,31.501497,7.913374,0.6970261175148441,0.9630368,0.3029358465840137
4470091499427196800,273.30677679635113,3.859380180074384,0.025274890555932572,-1.0,-0.55,0.15803239,29.15197,12.435371,-0.22871204548450572,0.97992206,0.36310112335168837
4475794936812052224,268.05137078080463,7.289882976855788,0.10327842006899335,0.5,1.45,0.4499042,38.861893,1.9714279,0.02225269414035263,0.96093625,0.3508645911146808
4469589812878661888,269.71425820326357,3.5440477760280165,0.02762160942122094,0.1,1.05,0.30467653,25.793364,3.0144577,0.33396114474836297,0.9722314,0.17688217005607187
4478368829119957760,275.2519964366197,7.942591617471639,0.02348918489202312,-1.0,-0.2,0.17012426,33.78377,2.7678642,-0.2408512361601997,1.0111731,0.5161743266505548
4500512718414728576,265.2623927075182,14.0838316658633,0.30997355474536903,-0.35,0.95,0.23527595,25.997694,8.734304,0.31720140414599846,0.98038703,0.21801510870910598
4473730573667017728,265.8535270904023,5.485737009051025,-0.179872996973363,-1.0,-0.2,0.16177407,30.548752,3.5842705,-0.2283365418547862,1.0584983,0.5032864042307169
4496215174138604800,268.3253287927148,12.528983188382893,0.28510468357868834,-1.0,-0.45,0.17266342,34.79977,9.808384,0.5806510907448131,1.0554037,0.22260576810721636
4477225027795065472,276.7535860267917,6.560801106024875,0.18296051529982726,-0.2,0.9,0.26332077,27.019514,2.745247,0.2685852853812162,1.0156484,0.18347280870179652
4486519062129746560,264.47127731066826,7.101194289890999,0.41487902421525913,0.55,1.3,0.6225843,71.53805,8.875015,0.8319646202059835,1.0066147,0.2372520943174767
4470262095523802496,273.00053289690896,3.998821301832994,0.010895714362323616,-1.0,-0.5,0.17489439,35.704872,9.609779,0.9350984140721184,1.0579491,0.16561302318330162
4484303060865982336,276.1515689913955,12.30739693079501,0.04995191427708079,-1.0,-0.3,0.22027184,56.636135,5.861183,-0.5309750817719691,1.0094107,0.2771839519812153
4501136759982716928,266.1415360600246,15.418525196601404,0.25043841717014637,0.35,1.35,0.41091296,36.821766,4.20187,0.22279782517880625,1.0542029,0.11374442220838756
4500575528016377600,264.71668442496303,14.276239661617936,-0.2813923098423601,-1.0,-0.5,0.21408434,53.498974,10.427532,-0.13908340516061013,1.0071812,0.12973267762290022
4490766986646810240,263.18197153717097,9.220940069570497,0.3614230847759954,0.2,1.25,0.39398846,38.973263,7.844307,0.5750571168386709,1.0013677,0.31935962077933305
4502479950875474816,268.5462016214738,15.905563507096439,0.25804526641051595,-1.0,-0.35,0.15352638,27.513233,13.369137,0.9942992661482231,1.0735228,0.10255919640822805
4511873624169851008,279.0425802527126,17.120440756007444,-0.11528777579843652,-1.0,-0.75,0.18353443,39.319756,13.342392,0.5610041783939211,1.0986917,0.4277114952523173
4516768035778617088,290.25781900486726,20.655184695659177,0.04125636809384847,-0.8,0.1,0.1902842,31.49202,4.5907516,-0.029105511232546028,1.0029535,0.49943696910662144
4529779793807596160,273.66327979487323,21.55422060876278,0.25093741472210596,-0.05,1.05,0.3068683,30.795547,5.7009125,0.18592678370890342,1.0507826,0.19330336936660145
4539315858153488768,282.0568510939358,28.85490760909044,0.029779201496152652,-1.0,-0.1,0.15310617,27.362833,4.722204,0.452638394128149,1.0129279,0.12588573307330908
4514963423640947968,289.25904434302197,17.8121577893087,-0.025787396654349592,-1.0,-0.3,0.16190666,30.598848,8.283083,-0.34843254501542253,0.99556035,0.24319175218711617
4527949313101285504,273.53353770592975,20.245782714487323,0.3899494325792823,-0.05,1.15,0.30225757,29.87708,7.1868725,-0.08940230430744944,0.98186773,0.2073295984676544
4507749905814547072,285.18641736643315,15.945268309644256,0.21726640793681895,0.4,1.4,0.40153325,33.647713,2.17099,-0.03670574613870222,0.9985313,0.4005624460687658
4537128070531224704,277.63623765265567,25.832443693631536,0.24486607752175438,-0.8,0.35,0.1758737,26.902761,4.217535,0.6481394744512516,1.0034018,0.11574441556469976
4529436368220784512,276.9447590987599,22.64587850115327,0.284558988692142,-1.0,-0.1,0.14870599,25.812647,7.8584194,0.46776456316518983,1.0586481,0.1701574131520999
4514712876770393088,286.1960902531596,18.70154363798476,0.35366543697765707,-0.25,0.9,0.25348464,26.613897,6.7033634,0.19843687823150988,1.0077736,0.5610536153517097
4527934194816103552,272.5837394122751,20.376348843162035,0.3095105463716923,-0.85,0.2,0.18730487,32.81189,10.572617,0.41396449618466963,0.99034923,0.13036015453923566
4518789762777981568,282.42103330683346,20.512342554297927,0.18239805477043625,-0.45,0.4,0.2496865,33.351818,8.320549,0.4748301504425938,0.97925746,0.3471758940583963
4558138054107824896,252.87094418319168,16.156756782220956,0.3054911330181218,0.2,1.1,0.41895533,44.069202,6.5492973,0.37401707237668197,1.0712987,0.14565493473207058
4564763573735296128,252.13813806356032,20.703710210299747,0.33793641137452557,-0.05,0.9,0.35640737,41.541023,8.812897,0.6833511498154213,0.97642845,0.12608312456336074
4568226623047761792,257.34551342624223,22.487406720950137,0.004063840359110671,-0.75,-0.05,0.23992826,46.5934,7.7236786,0.039739698198724006,0.99360484,0.0704392013994187
4548451047430930176,257.71947569393336,18.24481507174008,0.37745645739484424,0.05,1.3,0.32621112,31.174099,10.253136,0.21909743782105248,1.0079446,0.2232418650665403
4566918547809795328,259.21110090770514,21.040277394635318,0.030065209467926124,0.6,1.45,0.44541702,35.251015,4.849739,0.02704453896141673,0.9568259,0.07885031750527598
4570980109400390784,260.9613624859952,26.072532086570803,0.408921469393543,-0.15,0.75,0.35035238,45.05782,11.161072,0.028369278259476025,0.991057,0.07380488476180648
4545966529104950400,256.5546308382164,15.244740805225634,0.046056406193554444,-1.0,-0.8,0.2353824,64.67309,13.559113,-0.24531292797645343,1.0017185,0.23934417009904044
4571180289236472704,255.9163376486744,22.372998079391397,0.12182977339759127,-1.0,-0.15,0.15150398,26.793148,7.451622,0.5742102833605843,0.99816173,0.08228812326740395
4555793998402097536,263.8886325927872,21.111673798095293,0.3080838237745489,-0.05,0.75,0.3658349,43.767727,4.5946007,0.3876907066258787,1.0442477,0.09495741694334833
4550776377082135424,264.41505635888177,18.65468662186085,0.4095390376743868,0.15,1.4,0.35073188,32.46725,10.913494,0.41996483428487524,0.9991706,0.09098655142661176
4552848303667056384,267.67814542649603,21.157758421450612,0.3529895126012761,0.45,1.35,0.505591,51.129517,7.188839,0.38363910319358335,0.97469187,0.08725864671019264
4565852498267698304,251.7115662315314,22.018711420289932,0.3521490992911378,0.4,1.4,0.45457307,43.12409,7.556988,0.32099843835711983,0.9786712,0.10634845120450034
4568776103982890624,258.87487414955194,23.685625060034187,0.4680914260027853,0.25,1.35,0.41919643,42.032528,11.859985,0.4649411277363648,1.0116432,0.10800534515996381
4552829577609708928,267.8912137441109,20.94543689537617,0.12069707197011503,-1.0,-0.25,0.17774057,36.876423,3.296978,0.1712473603156977,1.0487945,0.07957556874409967
4573929583701329024,258.3726206457858,26.78985476316322,0.2726797484223722,0.05,1.15,0.31418708,28.918324,4.4495735,0.2747335431236481,0.99220973,0.042241323025508676
4579939548620611072,272.30641235482744,26.013232703069928,0.08292852976503973,-1.0,-0.4,0.21221638,52.569454,6.7975655,0.15475537563896913,1.0014993,0.2293229235359676
4584857492335626496,276.8548469863795,26.067006816546705,0.10827635890878806,-0.1,0.9,0.27546722,26.273634,1.4916286,0.7266471422796806,1.064247,0.13660150539718563
4585300488140641024,276.80512352632934,26.411951922651223,0.3151437137840176,-0.1,0.75,0.35368064,43.311462,7.692547,0.40523070361237756,0.9772773,0.1435035718861188
4580299844839809536,267.17679676596595,23.21891684059357,0.262923879255224,-0.9,0.2,0.17026927,29.176155,9.369698,0.6187834318197153,1.0569493,0.0829684522404272
4591515516275795712,275.0587070380484,30.75651866318909,0.37975409530543125,-0.2,1.1,0.26836482,28.064575,10.219162,0.26282425644038526,0.99236286,0.09583664382540044
4590734175823879424,271.24922055712045,30.234797604956004,0.2287394041030959,0.4,1.4,0.422346,37.226246,3.443615,0.6585938847987224,1.0818639,0.11639355519077535
4597164807017772160,265.91640417911157,29.5506691532087,0.17145701931131363,-0.45,0.55,0.23401085,29.295532,3.7701569,0.0075981992991733084,1.0688692,0.057069749643060524
4602928137732910592,270.8127372312214,31.556627198894187,0.22506897284655913,-0.75,0.3,0.18808399,28.632893,5.128006,0.09900420602898527,1.0667374,0.0744147230888585
4580899181754049408,269.3094604427052,24.55821900266821,0.18738319013175264,-0.2,0.95,0.2619727,26.743567,3.6788044,0.08782815156234561,1.0635141,0.12208041733740049
4588532231993074816,277.27440143996665,30.901260743135577,0.006503043484675786,-1.0,-0.6,0.2066195,49.833145,12.596001,-0.1873542767146076,1.0517981,0.12882517083136055
4587683718255523968,280.9951863507876,30.10789372628036,0.3899738221726956,0.45,1.3,0.5230074,54.71276,8.163055,0.42386418741638393,0.99371254,0.14776214179589858
4595923733267929856,267.18410397750597,27.32480164519607,0.1000539393086175,0.3,1.4,0.35065946,28.062235,1.774004,0.5339408271233683,1.0248053,0.08756218461342359
4577780623182078848,270.2447146604377,23.656191028223784,0.029770392605415807,-1.0,-0.5,0.15376034,27.597158,11.633856,-0.1824676200890492,1.0409509,0.18566408708190266
4603319014116620928,271.02794566774094,31.949969806900757,0.2674007998686072,-0.4,0.3,0.32279456,52.19996,8.00317,0.26591774800468265,0.9844712,0.067539836788507
4608891678346258560,267.13125375248165,36.03239221620405,-0.016281460896294675,-1.0,-0.5,0.14706722,25.246862,8.537233,0.102084716765026,1.0375957,0.060540263076454916
4589203621279262848,273.1659989116111,27.663235569161685,0.48518203453719444,0.5,1.35,0.59236985,67.3705,13.250946,0.936640205768395,0.965182,0.14914077784608723
4606842227329009280,273.46878323549487,37.159699750806574,0.13135916455121333,-0.65,0.1,0.26238337,48.368603,6.577915,0.9474346774081193,0.9970037,0.03194701881775125
4604164091881260672,267.55864756092603,32.724096871871566,0.05921445308543127,-1.0,-0.2,0.1531956,27.394812,11.741526,0.5704884950323468,1.0322392,0.046778007428225854
4610733261539785216,269.1608090881759,38.52555102228922,-0.0010331227565654189,-0.45,0.4,0.23509187,29.566822,1.962017,0.028554213851116814,1.0057389,0.04023659810387741
4619129716444249600,52.41469824060986,-81.67514831902984,0.3977675980529103,0.7,1.45,0.6335546,66.38827,6.5752945,0.12949300195938976,1.0487176,0.138579522406881
4621049291947378432,75.24290986883584,-82.82059276580158,0.22734070419144636,-0.5,0.4,0.2270864,29.490088,3.6917858,0.6507881849538393,1.0418397,0.21852889251487917
4622814970182792704,70.74468822504002,-79.4151537544099,0.32881064106309665,0.45,1.45,0.46849698,43.90223,6.6968765,0.7853953069907402,1.0437837,0.018868514013493435
4627288436319527040,52.765049604962684,-76.39210739306577,0.3054663124513315,-0.25,0.75,0.27494532,31.311064,7.278902,0.86724225770321,1.0813209,0.019896534402672333
4682544599331368960,63.2630332438542,-56.43391879826949,0.4456367956312235,-0.45,1.0,0.21964602,25.809294,12.926161,0.5616478747022641,0.9660389,0.03644540154841638
4672745270669108352,56.80854241598629,-64.60190841697596,0.264734370620868,0.65,1.45,0.5579276,53.32417,3.2957802,0.06676409103709612,1.0389589,0.13086323090061733
4649545197373102720,81.37637826221578,-74.49365495363836,0.26367723023017753,0.05,1.3,0.30549568,27.34051,7.141653,-0.12689491411193418,1.0570621,0.30121194041772975
4682863526422842880,59.664610888815766,-57.08960992757632,0.14254870999440072,-1.0,-0.55,0.14971928,26.165625,10.663645,0.5295543616679289,1.0882877,0.04353290539196223
4695355112385912960,36.733242587592386,-68.23674474334726,-0.045327469056744896,-0.3,0.5,0.27138594,32.464615,1.2041702,0.3298905676798447,0.9773463,0.06548539441860898
4700200935007283584,37.07959478245947,-63.67463859276789,0.3955895772181819,-0.4,1.0,0.22900796,26.273561,13.7613125,0.5634086108124685,1.0808424,0.05898777851518944
4727308947514100864,47.54194165190394,-57.51558162395067,-0.01936599478158829,0.45,1.4,0.37970468,28.837986,1.5204048,-0.07447839597977865,0.99862444,0.039905266135372035
4726139273300184704,41.88117120416925,-59.020064902026775,0.08904816709518215,-0.25,0.6,0.2798438,32.43669,1.477272,-0.47800987081198293,1.0293323,0.045258932952840586
4748566424288924928,44.67670033526747,-50.55752688155738,0.4000194986843155,0.2,1.45,0.34966436,30.697464,6.795986,0.9051920946742937,1.0321498,0.046159521351353164
4730803401625826816,52.212491520991904,-55.98339059128306,0.07949028923309687,0.05,0.9,0.357516,37.444447,1.7376366,-0.20428512089039455,0.99654955,0.056110773127685795
4735825352265631744,51.599746135357066,-53.36063653305492,0.36950676616396017,-0.1,1.4,0.27548945,26.27787,10.342979,0.4522780974729767,0.97139806,0.05479692994667528
4777067754250246912,72.8786723937253,-53.90610036831022,0.31603668480630454,0.3,1.25,0.41480282,39.267616,4.1266327,0.04558353279554006,1.0407813,0.030288466194754376
4756402471869596288,89.8478082237668,-64.37595583879907,0.02776415831550949,-1.0,-0.45,0.14642945,25.02837,8.505436,-0.4303663492387475,1.0655166,0.05033028018327554
4783705991279674112,74.17529877793606,-51.46341275131478,0.19262759934224682,-1.0,-0.4,0.17210902,34.576653,7.005844,-0.7391793282020214,1.067551,0.031249867154481154
4785941195339439872,74.77371894209713,-48.59024711149068,0.12195746877744007,-1.0,-0.15,0.15042277,26.41209,8.901588,0.44278677128216826,0.9932618,0.027318453734145924
4790556910793188480,69.58516942039152,-44.45814176834906,0.25591768330278075,0.3,1.3,0.4034363,37.14506,4.730297,0.7233777206315786,0.9656844,0.03275803899577401
4757816993572635008,82.60768794234683,-62.028410356934906,0.27465900755701167,0.1,1.0,0.40560725,45.713173,7.5959473,0.569106843114753,1.0254234,0.11249576900647895
4791581140233957632,67.51432125562107,-43.56158579700009,-0.10741545179577461,-1.0,-0.35,0.17766498,36.845066,7.673809,-0.7661672245293899,1.0303897,0.03478085183281529
4822853965347715968,81.93191184420007,-34.91441538181357,0.3372082624287218,0.25,1.0,0.50947195,62.085606,7.654232,0.4631789690176652,1.0418234,0.03785322569308653
4825654971219589120,79.38558426278681,-34.91278712719715,-0.07277982129454497,-1.0,-0.65,0.19516438,44.46075,8.803043,-0.3117645396745199,1.0577439,0.02605797680919066
4793671999033083520,86.46523216877611,-50.08997661700662,0.05129353567633377,0.3,1.2,0.37216073,31.609108,1.3532867,0.5984159933838323,1.048951,0.052834041982165854
4799546483502321152,81.7789151936978,-44.66456523056416,0.16937668999518074,0.2,1.05,0.3889067,37.974373,1.9252472,-0.16640306049775896,0.99006736,0.03681789152852974
4809077084651427712,81.94275030380824,-38.837586581915964,0.3562176696041828,-0.1,1.25,0.28118852,27.376347,9.063412,0.04124350071993581,0.97773606,0.03785317790239361
4797043239122829056,83.12520735992518,-48.7109117655117,0.15311436699289782,-1.0,-0.05,0.14921755,25.99055,4.5086956,0.25512710332937455,1.0089176,0.033435159620372364
4804658147419294848,85.66947480441108,-41.41763704753577,0.45299740159714563,-0.1,1.05,0.3240491,36.358162,12.979462,0.5741164021700536,1.068375,0.048227850316798555
4802075394605464320,86.00545483915467,-45.55655353507218,0.3537781342285218,-1.0,-0.25,0.18489729,39.90587,11.326267,0.15570354308734882,1.0042921,0.06426818912276022
4862517988325943936,57.37357271768954,-33.01302379396356,0.1754486416199983,-1.0,-0.6,0.23838419,66.333145,7.7600174,0.3564345438192451,1.0591781,0.028064823546378515
4831193761044044800,61.91599810661005,-47.2801466236422,0.1438277340853844,-1.0,-0.15,0.18748038,41.028656,3.0180054,0.407653413601686,1.0059282,0.037070828735165734
4831180498185171712,62.02151516320955,-47.38917242798365,0.22533044393274793,0.15,1.35,0.32908297,28.582869,4.8767643,0.46569134806620666,1.0356878,0.0371034432641358
4849175792679591808,55.28784419055183,-40.771910419165444,0.012060711416470582,-1.0,-0.7,0.23017798,61.844807,8.697781,0.9386958675617033,1.0333098,0.021497130647703654
4857765177515809792,60.82946858331372,-36.09836506723396,0.2929912833529471,-0.05,1.05,0.3165341,32.766098,8.586975,-0.39499124176935085,1.0740443,0.025999264908334464
4833895810868901504,52.149731494018354,-47.77019854478075,0.3277055849828585,-0.1,1.4,0.27524897,26.232018,9.865818,0.8307922794243859,1.0375012,0.0403870435953992
4837416962497329664,62.828736936979794,-45.40979253490521,0.3815374687782791,-1.0,0.05,0.14651856,25.058836,11.728876,0.5326792902350086,1.0323362,0.03421305324484985
4835588577739753344,57.450259157561696,-44.54988683763482,0.21442754891108162,0.25,1.4,0.35874933,30.784527,3.6814842,0.24047494910029912,1.0796642,0.0318061692748177
4893365165000419456,71.38065909375732,-25.81778896364019,0.2638172890846828,0.05,1.1,0.33085844,32.068665,4.8517,0.20010478974928747,0.97642255,0.05862403123826962
4882903895977643392,63.437124360501606,-32.348245508036435,0.387492075060794,-0.3,0.65,0.29599425,38.619102,10.7818985,0.6197426929117856,1.050974,0.04986307892475224
4866261791058609792,70.40738561285725,-37.446695228622275,0.019706332028636808,-1.0,-0.7,0.17784846,36.921207,11.727177,0.7347397173562973,1.0732415,0.03158736802953615
4879649513358392704,70.257696556991,-27.353127565251548,0.22249970647739925,0.25,1.3,0.38257793,35.009842,4.1782722,0.21351155213840714,1.0615449,0.07213851865434762
4886561215248919040,59.86813249686459,-31.70950747650731,0.3130508023398306,-1.0,-0.05,0.16277316,30.927248,6.3118,0.36149327081858895,0.9787361,0.03135658213974182
4878876281805950208,67.86823852364628,-30.317243776845004,0.09848060920379886,-1.0,0.1,0.15364149,27.554508,5.821911,0.9534933771115925,1.0874811,0.018093019250616037
4897971912562287616,66.62771661798735,-23.550907544130933,0.3169101640571794,0.25,1.25,0.40527976,39.288017,5.5055313,0.9495066076437372,1.0291559,0.1015887910447497
4868003073879628160,70.97005980324154,-34.35359773710601,-0.013196890307271225,0.45,1.45,0.36871588,27.192972,1.9638958,0.3807918160259194,0.9927108,0.039653189643024105
4876774771488417280,74.36476845969499,-29.401067797393544,0.17993075300789396,0.1,1.2,0.31885168,28.249277,2.9042873,0.24420671447810463,1.0804468,0.03332800573615747
4870395130145121664,64.0183133404036,-34.33786977993846,0.2505135386138173,0.5,1.45,0.47792298,43.85303,4.19804,0.246818377352741,0.98881286,0.0459731298292442
4932081993071499648,16.67746921017205,-49.04774400520526,-0.023676884341440996,-1.0,-0.4,0.15999368,29.880047,4.6396904,0.25314044169801736,1.0593355,0.0369125506724056
4902511521194310016,11.261996927459633,-61.907735784058936,0.13318937015339571,-0.75,0.25,0.18953075,29.07508,2.0498314,0.030329069660454618,1.0080229,0.041319886664551435
4901860472872001536,8.895004820469842,-61.7187623200124,0.2209385113354898,-0.65,0.45,0.19565032,26.893793,4.6340637,0.6612858370347768,1.0850339,0.0362037122976649
4910079459728791680,17.651076696947243,-58.36034931969025,0.37696499244260284,-0.2,0.55,0.37689453,55.35375,10.890423,-0.0007264120039282181,1.0381192,0.053779437647442
4908628963373977216,14.591718307602514,-55.5608214516264,0.223087385440226,0.2,1.4,0.32775843,26.971651,3.3075047,0.40692780188229616,0.94720405,0.05324425667524554
4904765004635467648,1.962401424702435,-61.804662068114794,0.22398008103522127,-0.2,0.9,0.25940567,26.222023,2.1448383,0.4238530577067054,1.0611064,0.028898769990244638
4943871025463563136,31.857300451993602,-45.915366527143654,0.34246988228426734,0.25,1.3,0.3987899,38.039837,7.8321724,0.14778892730823837,1.0552497,0.0416339727239864
4939299668432043136,37.522806038797654,-46.95087256316851,0.45728409167017237,-0.65,0.7,0.19680746,27.21285,12.424013,0.40612130195736074,1.0078996,0.0411143662290598
4952076543302855808,38.4519394554848,-40.11671698096248,0.3082102415828256,0.2,1.25,0.3736133,35.04648,5.7895737,0.49390325561734033,1.0116111,0.05491433881758174
4942358234902533888,30.106954956544964,-46.67867235216269,-0.04839445877701909,-1.0,-0.7,0.18760353,41.08258,7.948044,-0.3299919485661801,0.99222493,0.03890704014684202
4994896164652080512,1.3898802635236114,-42.87142159758294,0.004970353217931489,-0.95,-0.3,0.23426156,59.462727,13.1381645,0.6149874488044368,1.0705465,0.023831004019040838
5004806161737193344,8.05930432537672,-35.86595133300915,0.1630889827476274,0.15,0.95,0.39804313,41.81723,2.161808,0.6329018359249075,1.0213468,0.03725829070138168
4991701288804613376,3.1218316448824397,-44.54044646608781,0.09997127714326481,-0.9,-0.25,0.26392365,70.09905,5.4267273,0.04788695044162057,1.0983113,0.03544944465264518
5007165301373521920,9.109652638338082,-33.28897470228268,0.28635667738949433,-0.05,1.0,0.318549,33.184578,7.814331,0.12258159607507432,0.97953093,0.038920219226178145
5025833123322953600,27.113058701923602,-25.862829529187046,0.24862840622226212,-0.05,1.15,0.29306388,28.087196,4.809967,0.5912379045907034,0.9480129,0.04414126598708719
5038740805717866752,23.28037944727853,-24.678793682820427,0.30991508622123654,-0.25,1.0,0.25470594,26.870966,6.923132,0.658575482669702,0.99662936,0.05515187474449538
5038079518192736000,27.225857724699217,-24.47208517845451,0.20093851837760113,-0.15,0.85,0.27271324,27.30062,3.764944,-0.036089570678917764,1.0074204,0.040565350034235025
5018807553259772288,28.254591143957843,-31.90701490180357,0.26121501625601784,0.25,1.4,0.3642686,31.739038,5.3425274,0.17608067739078256,1.0031796,0.04309684497148683
5065568099161759616,41.50592051906575,-30.51625677795294,0.11310945248585647,0.6,1.35,0.53672874,51.185593,3.242073,0.32800765696364315,1.0045412,0.0615505725313816
5055495163902424960,54.56410025320086,-31.281158690053168,-0.08788658709551633,-1.0,-0.5,0.15403701,27.696564,12.964745,0.7108964318543641,1.0179409,0.022066095472518855
5054761446049205248,50.64652929235881,-32.17855836690238,0.34311665398957114,0.2,1.45,0.34778672,30.368668,7.1491776,0.35118660673687757,1.0543131,0.03996649387084601
5092145356789901696,66.95214989173995,-19.073561354337315,0.21140862432286056,-1.0,0.1,0.14931726,26.0253,5.009281,-0.7689153552773608,1.0143634,0.06341260221073314
5083009686473422592,60.5575260951481,-24.820723404112062,0.305364981760742,0.15,1.15,0.3790017,37.91206,6.5154457,0.8036186013492403,1.0902128,0.06900302750459023
5109670403905918464,58.65711799501046,-15.74710601044481,0.31264010649113594,-0.4,0.55,0.281097,39.58496,9.688629,0.9374318746747929,0.9925773,0.0531416607169554
5097898929339535104,61.16754827266363,-15.693513086352985,0.1428771972567322,-1.0,-0.1,0.17918941,37.480064,9.300236,0.18411035491814812,0.9868503,0.010358010105024353
5097975276678068352,62.14066855708089,-15.241071731014978,0.18124310655466935,-0.35,0.6,0.2522559,29.885628,6.648098,-0.39722113089021616,1.0281096,0.06252678642186249
5114638925153174144,57.96756285767076,-11.973132694767923,0.1373014694228365,-1.0,-0.7,0.22294079,58.01693,11.529869,0.3528088730326987,1.0136311,0.06476789802469296
5128173226094752384,44.47093564156172,-19.107726727719278,0.27759837015245736,0.2,1.15,0.40559015,41.30233,5.3570824,0.5689625478390395,0.9756278,0.06273887653245966
5129470855973868800,42.48241821544842,-17.923113446924713,0.38610044106103736,-0.35,1.05,0.23702672,26.386047,10.651817,0.5224609810394318,1.0095906,0.06956001081741103
5143526664730576512,33.10351151526907,-17.787944514589537,0.3263731648534076,-1.0,-0.2,0.15418789,27.750841,10.848013,0.5016665763332188,1.0144763,0.07456429768967349
5157294787988529536,43.490445531108435,-14.982874765797288,0.2549962803239625,0.25,1.45,0.35382816,29.945742,4.2793026,0.17176970357643412,1.093155,0.06929822199247007
5154170182101042048,44.21427833487662,-15.72653458029888,0.1068323083908016,-1.0,-0.45,0.15338874,27.463926,4.765665,-0.5721590573679864,1.0363717,0.09229335683680621
5156672601846369664,42.73040792224425,-16.272470569533862,0.047342395104312374,0.3,1.4,0.33232865,25.205,1.5243263,0.23192597564795994,1.0721778,0.0559244452787482
5171601220972610688,37.455655868911194,-11.895041842912248,0.26426229527417533,-0.15,1.05,0.2649922,25.776634,6.1321316,0.7956736282951595,0.9539977,0.03839516998124073
5176167046085968512,34.327767162039635,-9.393420755819783,0.4887153443283143,0.35,1.3,0.5020393,54.964256,12.786034,0.7287734930397833,1.0825398,0.033656060902488814
5184884042990431360,40.99646829601663,-5.172736664308868,0.3503893160503653,-1.0,-0.35,0.17053583,33.947433,12.544788,0.46938802379949784,1.0407033,0.06907895470114916
5175340655722935296,38.73476997528015,-10.106998399929733,-0.08693345445640688,-1.0,-0.9,0.425559,211.39526,11.283829,0.45774272694776313,0.9377363,0.06925511861525513
5217143679793272320,132.7815722595498,-74.44436843758614,0.1953908751763045,0.3,1.05,0.46328163,48.982544,3.1734543,0.05942451602004723,0.981074,0.2230942577318489
5219740004702507648,127.34587735444582,-74.36563849906443,0.013624750060815316,0.1,0.85,0.36905575,37.845467,3.2261887,0.17594328142719232,1.0092728,0.03446879464895327
5222035888061128064,134.78303110527966,-71.37313918716816,0.2255878176307604,-0.85,-0.1,0.23896413,53.407047,10.09399,0.06063194638766499,1.0401429,0.1861036291426199
5191146070950924800,177.29807699905322,-84.19181258758289,-0.020082543944136333,-1.0,-0.65,0.15210398,27.005785,13.743795,-0.19581946718688512,1.0558827,0.4240092589195177
5194278270339700736,103.44009521893643,-83.53516772143661,0.09192043856460863,0.3,1.25,0.35766566,29.194809,2.6459332,0.5224136909256882,0.9962657,0.1197930722144765
5198070211067517312,167.5207944367229,-81.49433493054907,0.17861629863812745,-0.05,1.0,0.29833186,29.106033,3.7847366,0.015008158284929867,1.0233014,0.3508507782532458
5210009910911666560,120.77286865087414,-77.58282098676158,0.23645324658826272,-0.45,0.65,0.23262464,28.949484,6.2101536,0.3097455396971704,1.0594448,0.16600789521635165
5222652675427994624,139.54968377048036,-69.68701475801493,0.2661055413077147,0.35,1.45,0.37511173,30.685009,3.8885765,-0.7306965839198899,1.0396495,0.12194245907402691
5209040347814924800,131.09609129489232,-78.85117059273911,0.03082888566471098,-1.0,-0.65,0.17128569,34.246624,9.441387,-0.47429955677344054,1.0430692,0.30519576038429563
5218304764072731008,145.3486117639276,-72.59451065136497,0.017550643887713768,-0.7,0.2,0.19486673,28.623884,2.5489407,0.9372073945081713,0.968578,0.2860676727290138
5210178307989524480,122.56853592426171,-77.71308294450148,0.01520271230756709,-0.3,0.65,0.24054395,25.504953,2.2738056,0.10263335741391914,1.0291811,0.2266858901879162
5198568736511603712,155.1056285721359,-81.66019386003622,0.2736841206271716,-0.2,0.65,0.3195057,39.77998,6.7660027,-0.07177115046609138,1.0147051,0.32756243577853833
5258297747205603456,151.50249653314862,-58.74988331140222,-0.17420036684233686,-1.0,-0.55,0.16032004,30.002075,11.57066,-0.09085994152438154,1.0140334,0.13855376870746006
5242101185035532672,163.37634225810444,-61.11374256614628,-0.029520652253603785,-1.0,-0.55,0.22602583,59.633705,13.042641,-0.0950105863144802,1.0012715,0.4695737573576525
5258472363391332352,151.21362875898689,-58.08510178185929,-0.008326017235379624,-1.0,-0.4,0.1940738,43.96524,11.141663,-0.2645500384403453,0.98043436,0.16970514430561984
5249375244693894528,145.54149216784214,-64.63676143371883,0.07124234238615745,-1.0,-0.35,0.20662172,49.834217,8.365032,-0.11398431154525254,1.0415266,0.44276067533373636
5258601384214230400,153.5551677613791,-58.12533051500052,0.19398705899362234,-0.6,0.3,0.22709344,33.799103,11.727165,0.49553213287257347,1.0103904,0.1564397614151756
5239418720243815424,163.01102268068558,-65.76817035544673,-0.20715127884971096,-0.6,0.15,0.21867627,31.340023,11.430565,0.7761561403809764,0.97491753,0.6988207080254257
5233668583654364672,175.4639792897856,-70.00529109286241,0.06204845809197934,-0.75,0.05,0.20733526,34.794285,9.541794,0.13599508988485345,0.9299317,0.05837141123272672
5230420901178069248,157.2572858047101,-71.79856120541784,-0.3193611666680498,-1.0,-0.6,0.16297963,31.00576,10.212715,-0.5502384248021182,0.9802714,0.21690983218784948
5254557036869914752,158.99676574729398,-59.153877665385956,0.10859383580146886,-0.8,0.15,0.17903925,27.879925,11.062191,0.6747911651871923,1.0699785,0.17231717069461486
5258537784335121152,153.67026188458058,-58.60389703864702,0.024902180025978993,-0.9,-0.05,0.17133808,29.543596,5.4752216,0.7894813157797426,0.9958967,0.1354702685407486
5227302136446815104,174.9228319178142,-72.52716802975877,0.32982587879174474,-0.05,0.95,0.32940817,35.48563,11.8559,-0.2340687003972699,0.9489705,0.6876996432179112
5252613267774138240,151.46374722928326,-63.85098165711594,-0.01789182734708028,-1.0,-0.65,0.17165343,34.393845,9.1089325,-0.1813268535681717,1.0078707,0.3443417224737422
5255226428953913856,156.25690772572275,-59.77884037338785,0.09655888396770607,-1.0,-0.55,0.17988904,37.77331,10.839455,-0.4683473827033895,0.85508573,0.16393369290379914
5254975813363363328,154.15597065057526,-60.05997123855723,0.3633327911394426,0.3,1.4,0.39755884,36.070652,7.9081306,0.4040305712451522,1.0909972,0.1576319913682914
5252732191149819008,150.59760542491875,-63.12520161539894,0.31706557374712485,0.2,1.0,0.4649153,54.268456,7.7773514,0.22750323070148817,0.9976545,0.3110148669646336
5254283017967201024,160.2691046310981,-59.97953520081389,-0.09764848781427204,-1.0,-0.6,0.18093382,38.213352,12.803402,0.7915831747110537,0.9539173,0.17069894113501746
5259923890534962688,150.02433436797858,-56.51735871524452,0.28319036268868736,0.15,1.3,0.33078232,28.87883,9.164173,0.5035182038227203,1.0152298,0.1961196799701245
5259271227301425152,150.95187949494292,-57.31195700734755,0.12217779255724359,-1.0,-0.65,0.18907705,41.73047,10.032509,0.37407398728570934,0.95020086,0.19870759602210206
5255553641070916736,155.17045340688693,-58.40008732378918,0.1807246674076275,-1.0,-0.7,0.22838557,60.88538,13.448429,0.21070567911433874,1.0081259,0.17236411764307671
5258702161317651200,155.19100839718652,-57.45398344961655,-0.037123910321144926,-1.0,-0.6,0.22352381,58.320766,2.3748627,-0.24185479357502518,0.9906218,0.16698271442002313
5254379912441885952,158.36388341882068,-60.335433136246465,0.12172098639040563,-1.0,-0.1,0.15240222,27.111797,7.1677666,-0.7122467526281616,0.9887868,0.15891154444033045
5249442963434446336,144.60791645315325,-64.40886459072966,0.05594514730921318,-1.0,-0.3,0.18783283,41.183067,3.6758575,0.6455076857601407,1.0288044,0.46134555019767176
5246052864152598784,149.150921722556,-65.60300297420399,0.42716265658795294,-0.25,0.65,0.29963106,37.185944,10.291542,0.4106052622193699,1.0359459,0.3233312504353121
5245371166947574784,152.64111156468581,-66.44240822870043,0.09375607575608225,-1.0,-0.05,0.15881868,29.44278,2.4533672,0.3935071438573545,0.97863626,0.34735154964298365
5226389163837809536,164.5918650842418,-72.94983288933051,0.11973014860844344,-1.0,-0.6,0.16496252,31.764805,12.16721,-0.11694208779321068,0.9961194,0.48156171742635967
5249885280656384896,145.32387379007227,-63.3406586343206,0.0474092013516243,-1.0,-0.65,0.17597595,36.147835,13.589233,0.04069221957911281,0.96483856,0.2802796501958382
5232058383231661952,159.00765834602203,-70.80152983155861,0.04744602669562248,-0.05,0.95,0.30500156,30.422012,2.1247864,-0.5756442545671269,0.9573886,0.0962052317042041
5239679819895781888,159.98023724698598,-65.34330569743749,0.2465553618739058,-1.0,-0.2,0.23267744,63.195225,11.252819,0.6714187511978235,0.9824953,0.07187991179353485
5258919104395462528,152.3271984267537,-56.949544642660946,0.15100865295873867,-1.0,-0.65,0.18888932,41.647648,7.428013,0.3532887418690667,1.0053093,0.15480227793166682
5249495435060849536,144.65957495222264,-63.86240722407697,0.25082800178470777,0.05,1.3,0.29531023,25.547794,4.845707,0.10023957867046686,1.022098,0.27334339019847537
5259533907502894592,149.09041719512172,-56.77215754143782,0.4849829205971803,0.8,1.25,1.0177037,160.3649,8.764755,0.6527651309665021,1.0796713,0.18891293050598246
5243199906351784448,150.4680754270627,-68.97786166113816,0.21868338619088767,-0.65,0.2,0.22482745,35.513184,5.0271606,-0.15958043153810958,1.007562,0.22755001242823328
5242084348762050688,162.7125154719311,-61.215611421788616,0.04758072867407659,-0.9,-0.1,0.20199841,41.063076,4.9405174,-0.2389489036924291,0.98449534,0.597845657025664
5288698762656925824,112.18921145345277,-63.257894780663264,0.26023898706196036,0.55,1.35,0.52782965,51.41955,7.2616806,-0.12772492098871474,1.0138735,0.21032871296417874
5294723914579600768,122.18495335960596,-57.583142058043755,0.3027351618916274,0.2,1.2,0.3861331,37.434654,7.564102,0.3568703732218388,1.0780209,0.35400223688937416
5269960949919546368,128.12695813964106,-69.49230968433399,0.1466651181481442,0.1,1.0,0.35501084,35.01976,2.31324,0.32129823729151474,1.0730829,0.15386271158744835
5260472576887944576,98.33083038896099,-76.38143952145207,0.41612093502403713,-0.25,0.8,0.29726642,36.60133,9.949619,0.15583693425679268,0.9828559,0.14526187277266198
5294931790996206976,119.70948711651711,-57.333466522250426,0.21911487750429615,-1.0,-0.6,0.17464949,35.604946,9.2249565,0.5042462153690528,1.0285722,0.20666262527823775
5289743126905211904,121.71001355333378,-61.647204213438876,0.02442668273059123,-1.0,-0.25,0.18707718,40.85237,4.783272,-0.10276734705791277,0.9945682,0.31470469669389506
5294742193960272896,122.12047997342454,-57.315235006050166,0.004029013951669214,-1.0,-0.75,0.2526996,74.53921,8.415161,0.7133368039440209,1.0234789,0.028812191317478836
5263708924940795904,107.85979701212655,-72.74638147405109,0.015740785068738994,0.05,0.9,0.3211516,30.214588,1.3736992,0.09588071733676608,0.9721462,0.22114707391426358
5279819553436307200,96.12753599282632,-68.52138933862183,0.2564833602215071,-1.0,-0.2,0.16374402,31.297276,8.444157,0.03611782528127456,1.033998,0.07213861098145204
5329230059805587968,129.9376812531661,-47.98105450872231,-0.030491700358863838,-1.0,-0.3,0.16586255,32.11237,6.6583977,-0.6829663374605557,1.0269531,0.0712991403940721
5325945028287334016,138.5308478205038,-49.21375510074993,0.13394807939122444,-0.35,0.6,0.25427347,30.365597,1.8040924,0.9553864183179568,1.0474997,0.08420876644379206
5314158607236955520,142.09938457942317,-48.83198752110792,0.04553033156920616,0.4,1.3,0.39278302,32.197186,1.92379,-0.36442195053610044,0.98247826,0.11512128729231322
5330962615241713024,135.81929281170446,-44.85961577438323,-0.13986693494583147,-0.6,0.15,0.24206567,38.402756,3.6023636,-0.12727167899838304,0.9082823,0.0821007707376769
5315026740391196800,129.330632558262,-57.58388810095279,0.33973384603939216,-0.1,1.0,0.3025947,31.703184,7.3014126,0.6777930202562996,1.0280584,0.06280462807343441
5319825726387164032,124.99179817981891,-53.66930738484275,0.20267980611794734,0.2,1.15,0.3725097,34.83974,2.9007454,0.3404634035167163,1.0437874,0.4729904261569876
5309655110697682432,146.17128977391673,-51.931325726404395,-0.11156735139172191,0.3,0.95,0.40626845,37.668415,9.660454,0.3679027607533728,0.99507093,0.09712946237428459
5317451747652324352,132.336023224097,-54.1976849487454,0.37123698376087155,-0.25,1.0,0.26090923,28.195774,12.450367,0.8318800293316688,0.9927785,0.03311114919548262
5326002099812450944,138.04131748376284,-49.11250916325613,0.17756843569133274,-0.65,0.45,0.19645065,27.114267,5.8970165,0.3675138788947011,1.0243889,0.08980041340589749
5330287755619215616,135.6745747348685,-45.99252427243075,0.42462097364162243,0.6,1.4,0.5856444,60.94051,7.7765465,0.15787174610452767,0.9560234,0.08062520142011373
5297242998793478784,137.13553514002982,-63.01250923472388,0.31139170127730864,0.2,1.1,0.41064045,42.337307,5.0230064,0.09534724355636115,1.0149741,0.3463329661124296
5299706282810093056,136.49751934129765,-61.09537955725313,0.03598205926900988,-1.0,-0.65,0.15451117,27.867334,13.832716,0.8593307737620929,0.99322814,0.29018650677447905
5306404610736839936,142.0253301005001,-58.34115111266505,0.3024449309124613,-0.6,0.2,0.28033936,51.506744,7.704357,0.20760838760422587,0.9878313,0.278135469449911
5324809645100967808,133.31877059811015,-51.006011572295485,0.07416963960959322,-1.0,-0.15,0.15424043,27.769758,8.310801,0.13507088037534942,0.96393865,0.06535129256281212
5310837188796265088,140.58110391718523,-53.42976794043783,0.31817459800921455,-0.5,0.05,0.39515603,89.295815,12.656166,0.9834183583875048,0.97998995,0.12665924216267996
5296249242145692928,135.4586001121651,-65.99136499131254,-0.158550246560333,-1.0,-0.55,0.15382966,27.62205,11.018126,-0.15983298140704602,0.95677453,0.17870900172041734
5319493162778912640,127.13604101786842,-54.52039428443446,0.15370212648736548,0.3,1.1,0.431515,42.4955,2.265644,0.5029807310204485,0.95212245,0.10554866417133346
5325842464468467072,137.71503715119775,-49.788424998951164,0.1619746696813955,0.05,0.5,0.6285771,115.74802,5.440872,0.5106001590649196,1.0079829,0.09504627708672778
5326173176948772864,139.46021113009192,-48.67299003848087,0.2976656617694964,0.7,1.25,0.78874266,102.89492,10.196434,0.49675611528612895,1.0777482,0.1031681270247467
5302202861393019776,127.21321764403353,-60.41658268286723,0.27936401725153015,-0.45,0.7,0.21836141,25.50828,5.667839,0.35241334655108675,1.056948,0.3057907855922309
5328106977392623232,131.08969592525037,-49.52779788862999,0.08377982218390123,0.05,1.05,0.29805067,26.024157,6.8419933,-0.11919308054287721,1.0303876,0.09960788041575012
5314648989421591168,125.54509754297443,-58.55349647624954,0.0295867448609064,-1.0,-0.4,0.16597222,32.154846,13.192963,-0.3935878782698569,0.9090288,0.18518392301917835
5329650897883250048,132.9920874423757,-46.4839389530609,0.2940856329567936,0.15,0.95,0.42005703,46.570568,5.4216385,0.41376973750864177,1.0045468,0.09565042024863447
5309341612445395200,146.71966649225197,-53.26128575760223,0.3003020581630018,0.45,1.2,0.52526265,55.18564,4.663254,0.3178741649190608,1.010933,0.1050093317761189
5326758563810688896,136.58480239927468,-48.526713922230655,0.06603637094549519,0.2,1.1,0.36612934,33.656494,5.7762794,0.21741999488365454,1.0018078,0.026422192877457853
5307130322768156672,144.10563271347482,-55.75175407400398,0.010797868511658315,-1.0,-0.55,0.17063972,33.988808,10.442963,-0.2772558000583567,0.91196847,0.11425021859717592
5325330847972813696,134.17510133988512,-49.660655896251455,0.35836379457741874,0.15,0.8,0.52385193,72.42894,11.31974,0.3523909695390691,1.0118109,0.06245081780211774
5312853555660807296,143.01847281367654,-51.68534666731305,-0.005896827139011407,-1.0,-0.45,0.22498798,59.087326,8.886688,0.07451323574756322,0.98574555,0.1638500797218698
5307136988557241088,144.16747566914168,-55.6397311064081,0.03308605359504124,-1.0,-0.1,0.17090577,34.094875,3.6005669,0.27799894005477244,1.0274264,0.11099156286285393
5322289628861842176,127.04307353989228,-51.68234810671732,0.29484743914106915,-0.05,0.9,0.35568407,41.37258,11.964951,0.2622832670253172,1.0163765,0.08457544543333045
5326924688847301888,135.99316703278348,-48.582154436991004,0.13656253065497204,-1.0,-0.6,0.23823753,66.25155,8.347183,-0.39772038365335566,0.97173166,0.05796146394325511
5328447963437984000,133.2313639153559,-48.53304799971642,0.42243717994661445,0.2,1.05,0.37037382,34.44136,1.7492371,0.7723189051361659,1.0689728,0.13516957037523966
5328331174685167744,133.6062461608312,-49.37863560096712,0.34728592499653477,-0.45,0.2,0.3502113,65.61297,8.207161,0.6336354347213428,1.0532997,0.08239017134107916
5337469593824599680,170.65342476252704,-61.14699264282532,0.45025909831689415,0.5,1.2,0.62517124,75.0381,11.208839,0.15963165299193482,0.98683846,0.38431473627476775
5337622009275230464,168.49014523528058,-60.794326873865835,0.2936657805309393,-1.0,-0.25,0.16032824,30.005144,11.52606,-0.1482506136323319,1.0488607,0.32420150570315276
5350573951327249024,160.25982368164844,-59.21333738929588,0.19494567214401393,-1.0,-0.6,0.34729835,140.79303,8.318253,0.5447319856878922,1.0801485,0.16750889362241284
5342684440016966144,173.34939791840432,-57.877919553813804,0.39517255547470054,0.05,0.8,0.41648027,50.814228,11.076,0.5525787471642084,1.0856849,0.03409521343470873
5342387296993949568,176.4514678735347,-56.1388590154882,0.1576174368008001,0.35,1.45,0.36007357,28.274012,2.1487026,0.8224493119593197,1.0548002,0.11349467662205726
5351156074026041728,161.34245506984288,-57.737030211210254,0.4098210240943345,-1.0,0.1,0.16333748,31.142063,12.016766,0.54809188648888,0.96317136,0.15852774589718488
5350831408854503552,159.76106678247527,-57.68003901193173,0.4281928156571224,-0.45,0.1,0.40927145,89.609146,13.650436,0.7354791346643854,1.0111723,0.1599992101688189
5351476134972798720,157.72574533745333,-58.35235675375379,0.289978284669532,-1.0,-0.05,0.16026367,29.98098,7.655098,0.543415988434562,1.0672767,0.16282039423933242
5348912722381747328,170.95131700584733,-51.30690468270053,-0.08511611522532547,-1.0,-0.15,0.18451387,39.74053,1.9969254,-0.5855809306504979,0.9293895,0.04043245827247819
5346395154304122624,171.59564796554994,-55.088283356094955,0.06380676715182876,-1.0,-0.35,0.14984094,26.208166,6.235811,0.003972775338736495,1.0045255,0.14437293551557334
5358325370861288960,155.11977288083517,-51.567522892647794,0.4815961760597638,0.05,1.0,0.38053077,42.42052,13.724682,0.43204809553907925,1.0188504,0.08568428594817656
5359340632409900800,164.67795417337214,-53.494121633588826,0.20832403590838044,-1.0,-0.1,0.14673834,25.134071,7.4392776,0.1791724588802239,1.0128082,0.07167618153546879
5333338797350704512,175.4950167341167,-62.6878872551272,-0.018098447656727856,-0.75,0.2,0.18584861,27.956333,4.331375,0.09670057379990725,0.9848737,0.46503909340571054
5359032249448408832,154.28756758715664,-49.882811481305104,-0.09793051481936388,-1.0,-0.45,0.17144448,34.31015,4.81118,0.012548573876042215,1.0058094,0.08073955139648607
5334097941392591872,174.5826613176723,-62.45660813452602,-0.23780402119075372,-0.5,0.3,0.24733365,34.983257,0.9070244,0.19793118991253802,0.95535594,0.4414867392402022
5356223482597342464,151.59141980235844,-54.6175594205736,0.41965891916942866,-0.2,0.8,0.30436453,36.09902,12.6740265,0.5405870656581265,0.9887015,0.19338064384593198
5352315371589195776,157.81317226784913,-55.60457128189219,0.15823192438160305,-1.0,-0.45,0.16758046,32.781013,8.753021,0.8601400710926397,0.9699112,0.10419898976287507
5360748797561065472,160.2995864052196,-51.265101763983495,0.1923813202974971,-0.3,0.6,0.27303603,32.860607,3.547882,0.4129211832992757,0.9719549,0.09029771960793431
5352355091450220288,157.55662237426716,-55.689379469312996,0.17556075899751633,-1.0,-0.3,0.16642603,32.33093,6.29282,0.2744883318894087,1.0414277,0.11086909863586918
5363115217155308544,161.8987161934839,-47.54373781502413,0.3277172883362649,-0.2,0.85,0.2709213,28.601812,8.072592,0.6437488954406679,1.020958,0.0792970613602771
5338456989620553472,166.45726915030528,-60.28175829870737,0.19276568344844947,0.35,1.0,0.5195714,58.8702,3.901928,0.9983010793724846,1.0411453,0.2584875556225864
5350385449487652864,161.27510604267192,-59.47088149453976,-0.07491997762517055,-0.7,0.15,0.20578036,31.919865,6.3463173,-0.9931529230802206,0.93175924,0.15388756281704455
5344706407523774976,175.43489512913095,-55.05320936784341,-0.07338621529219669,-1.0,-0.6,0.1669502,32.53491,7.638912,-0.08323763946949254,0.99992293,0.1377975267417388
5347616436838156288,168.77272679293858,-53.19554173126469,0.4206385134385364,0.15,1.1,0.41831142,46.18431,10.548088,0.28171972023826003,0.9727144,0.0882315500962633
5337902148561133056,165.74981843749808,-61.59960954834528,0.16442740729854677,-1.0,0.05,0.16867234,33.20958,2.6331482,-0.24453065498110166,1.0041701,0.41407876430164514
5338571270119932032,165.79067947541887,-59.34783747276949,0.2615244971875512,-0.4,0.55,0.24548388,30.19004,5.7821503,0.9750218464745879,1.0154439,0.14747413564737513
5354862424628103808,154.84669400886034,-56.67492292680752,0.20776795387219416,-0.15,0.95,0.272696,27.297161,4.6452503,0.9804133699000949,1.0665759,0.1257758044728212
5339062683099615232,170.9930788621566,-59.75742550136844,0.04507030213652374,-1.0,-0.5,0.1893826,41.86545,13.847164,-0.24565060943675157,0.9402968,0.2493235780220409
5338975168821556480,163.68572529631382,-58.023861833803196,0.11460995168970278,0.55,1.05,0.725035,97.01944,2.6398697,-0.23629924036189606,1.0206233,0.12177403797353173
5399136871645795968,169.98442941433896,-35.263700976024005,0.059615567571670525,-1.0,-0.4,0.17599517,36.15573,3.6307526,0.510195062054043,1.0699706,0.12079330921223727
5394557474436060544,160.42704088619922,-38.74964641820012,0.4428880406439033,-0.8,0.45,0.18457331,29.630081,11.705498,0.1801108445624316,1.0215527,0.07210944175425285
5372472718243113728,175.57573720957654,-46.335268696976506,0.26966095373518595,-0.5,0.2,0.32419458,60.10427,11.0149765,0.35494374074940926,1.0208125,0.11864654696802117
5406376365460685952,147.35164485076587,-49.61135458717114,0.1534565031245556,-0.85,-0.15,0.24566527,56.444374,9.927322,0.06743518807238459,1.045403,0.11374870887421236
5436450791601545472,145.15479920921248,-36.5153742300879,0.020542419611069285,-0.55,0.3,0.22329062,30.509197,5.184208,-0.17002309469770333,1.0206311,0.14092095747246144
5411645328247935104,148.903518319069,-46.28372115240727,0.20076569739092154,-1.0,-0.65,0.17573106,36.047302,13.62392,-0.1670504628724857,0.9639604,0.13378188595744697
5410453251488299392,142.84144680955646,-47.386050854066376,0.2170783831246359,-1.0,0.15,0.15148446,26.786245,6.6501637,0.09562719426535443,1.0231318,0.1064801567151314
5425429699363655296,145.5297288039278,-41.09354149702363,0.08887650487669063,-0.45,0.5,0.23846388,30.421078,2.415554,-0.062388469459980916,1.0032489,0.09606822056793661
5431569402352128512,146.77727917169966,-40.09757699550393,0.02454027523944724,-1.0,-0.55,0.15818658,29.208883,7.778681,-0.04430142530203954,0.99777526,0.15599478138411907
5436952306343781120,144.94412674500757,-34.50482028121843,0.1333733342306962,-0.75,0.1,0.21034522,35.81186,3.576542,0.815373895623381,0.98025244,0.14242375101574903
5425461928797242368,144.12180616880735,-41.9988329325141,0.2559875009188266,-1.0,-0.5,0.158334,29.26335,13.267855,0.12989941956272535,0.99957764,0.11155255434511346
5411267405486797824,148.70526390623007,-46.493420843584474,0.39033761166031233,0.15,1.1,0.36152935,34.497063,5.312439,0.6691376178726226,1.0397154,0.11289406030737971
5407679832181143936,152.10789128352397,-47.1053851360942,0.25488577051303274,0.05,1.0,0.3260955,31.152008,8.0736885,0.14059340670628392,1.0968207,0.06940222398141764
5412381451283783808,146.56162301855016,-45.25301354933158,0.12509224861742219,-0.25,0.9,0.24619412,25.105019,3.2662258,-0.3866463673721138,0.99160445,0.06667459751125998
5457767195324797184,161.78986462297107,-26.47185242737917,0.4563161875483601,0.25,1.35,0.41468132,41.131943,11.620102,0.9055913169116605,1.060945,0.16203900457668358
5446686214062403072,155.28446609474284,-34.82654670559093,-0.08315001466276328,-1.0,-0.7,0.19600438,44.8443,10.360241,0.4129701819830843,0.99941343,0.17309342409578743
5448204536540763648,159.07785804699142,-31.829428906836316,-0.0417594810222397,-1.0,-0.6,0.18443266,39.70556,10.52877,0.10810744849777067,1.0225143,0.07843221481574598
5457586085144333056,161.3021481390573,-27.082137339694853,-0.003769803771756841,-1.0,-0.5,0.16112228,30.303085,4.423416,0.7155299771078807,0.88531923,0.14669218302326267
5473724785536204032,155.31501232646536,-23.60470328168451,0.25261393014175404,-0.05,1.1,0.3086713,31.158482,5.876251,0.00014536597350455364,0.94079894,0.07178030089803639
5475305024262943360,156.32624581673554,-22.72887107363651,0.22989611559255074,-0.45,0.65,0.2345242,29.424208,5.0945377,0.37351773520693504,0.9781223,0.06521027681799016
5454887677451794176,162.0076440896556,-29.37679178932272,0.0315442301184552,-1.0,-0.4,0.16271254,30.904219,8.566618,-0.1550776768074484,0.9837099,0.10223710874509805
5471523975573696128,160.74177628651938,-23.539129455340348,0.407577410739961,0.15,1.1,0.3984321,41.899,7.2146034,0.7394177221064083,0.9866399,0.11085045081704445
5458701054357343744,151.4467230548059,-34.1736945194992,-0.03532538057044032,-1.0,-0.45,0.156569,28.61457,10.636139,-0.15149446718116316,0.9492523,0.15497527074714695
5482325612165203584,91.46767281394416,-60.68119890333276,0.02318049198858141,-0.15,0.6,0.32119504,37.87021,2.9794807,0.4001378430843612,0.9702374,0.01594818317992701
5511269602934121856,112.93792200631758,-43.74878472992874,0.27424848040692673,0.35,1.05,0.5499076,65.94539,12.600349,0.1090669400783493,1.063548,0.11792553664853779
5501058816401500672,96.95378602596,-51.87437295588475,0.3261035003570756,-1.0,0.05,0.17595021,36.137268,9.529163,0.16758002644429892,1.0701745,0.05235776471696814
5495062595379608576,95.4821884291702,-58.019660956381784,0.2266765044229393,0.2,1.4,0.33722907,28.552874,4.82596,0.45460630205618907,0.99891865,0.027642396870911412
5503057625459589888,102.21358203408131,-49.76306505161099,0.11279376221961357,-1.0,-0.35,0.20045517,46.904034,10.033344,0.5984605560056575,1.0296782,0.021348549946038946
5490116266226920704,108.50011902824401,-55.726879574300064,0.3642062408770581,0.45,1.2,0.58770543,69.08638,12.270416,0.26718734551420464,1.0135393,0.08606570748981823
5492002791960087680,109.97347463755344,-52.5855183157422,0.18745782237629172,0.4,1.45,0.43376955,39.26726,6.670147,0.5442137788843755,0.9952101,0.030956839064296596
5482037505759148928,90.61508151468531,-61.448073587268965,0.20471238447038598,-0.85,0.1,0.19451532,35.386753,5.548855,0.32637840844347843,1.0355688,0.04432817422424507
5510587871364684544,110.67268843618302,-46.19387792917928,-0.024251234460618498,-1.0,-0.55,0.15792146,29.11106,8.558893,0.6829670747780646,1.0224426,0.06194738914551899
5501411274301834880,99.93427035341075,-52.53355783940326,0.2527236027878246,-1.0,-0.35,0.1476616,25.451351,12.343998,0.26205782378540704,1.0227687,0.0763712199379376
5487322342758645504,112.79172772166353,-55.703804650446855,0.35420081677420345,0.65,1.35,0.6553902,73.58144,5.8230515,0.9986817967935864,1.0532902,0.2559100014638295
5477079395513722880,97.45605633113016,-63.54496041838274,0.11938461208512408,-1.0,-0.2,0.15220071,27.040144,13.178591,-0.4219655873251017,1.043316,0.019615377476269822
5545990324722050048,119.71379313042965,-34.322749124193685,-0.007522306161993342,-1.0,-0.7,0.2352312,64.59004,11.320618,-0.4905166172576931,1.0458267,0.076331229070244
5514362838386042368,122.51706938954764,-49.26605562944208,0.21919375205672154,-1.0,0.1,0.15774861,29.047367,3.6546326,-0.09512445762965198,1.068476,0.09032945651657781
5515302474151887232,126.6991594678164,-48.95800475300141,0.11403367690461952,-1.0,-0.25,0.16523327,31.86916,5.477482,0.3769710320717461,1.0914211,0.27327996367583524
5526572223514049664,127.2604023732349,-42.66471536399451,-0.05168690790371855,-0.3,0.1,0.5284498,123.09575,12.116623,0.487003962288828,0.9814113,0.06613897646406826
5529603169056210560,127.29835617838208,-38.968124141689145,-0.26097994421522497,-1.0,-0.5,0.1613463,30.38741,8.31921,0.6836877208169462,0.96322703,0.05482518855580917
5529472842568043776,129.0888845411899,-38.93305547143329,0.16028051808634736,-0.4,0.7,0.225501,25.47503,3.0581036,0.44041799918839475,1.0404489,0.057405400591290776
5536993983137872128,114.40749029510863,-40.034496415399026,0.25040930910857906,-0.8,0.2,0.1863908,30.21649,5.6047077,-0.1097474964725052,1.037885,0.5746119678614499
5525053321216881024,131.7222329174692,-41.30363513839488,0.35918480369889494,-0.15,0.8,0.3114785,35.61362,9.383564,0.24059078533535236,1.011191,0.0625924039753071
5543219005664255488,124.42205751698432,-35.27833408901549,-0.03906391883314164,-0.6,0.25,0.21489438,30.265379,3.2978191,-0.13034935392774102,0.92880386,0.07153951307635958
5538457433118031360,117.52038714571674,-39.015881214557126,-0.009814393575625857,-1.0,-0.55,0.21265095,52.784977,11.761089,-0.35750314792797033,1.0014204,0.31913936138943677
5515743240882987392,126.75957870117139,-47.17209529268585,0.2927892286654785,-0.3,0.3,0.37213588,61.043404,5.7106857,0.18341662103104328,1.016173,0.14510703210734488
5521319414097693824,124.21609720081668,-42.62619893847961,0.19766605269725446,-1.0,-0.2,0.16637692,32.31185,12.849121,0.34865749331964035,1.0518855,0.08043957594632382
5530700172421511168,117.46223247599525,-45.91638844177131,0.10837557326424996,-0.4,0.55,0.22457744,25.266788,8.073589,-0.027527099397499845,1.0442401,0.22018559561962164
5527109854643767424,125.28907256993621,-42.42436474263529,0.4474661696764617,-0.2,1.25,0.25862625,26.064686,10.647808,0.45080861402037253,0.99704915,0.08070636994754748
5543474848279384448,126.52363719133082,-34.900285872195795,0.061727733849370914,-1.0,-0.5,0.18007292,37.85057,11.857216,-0.47406038873856854,0.95343244,0.06656339817234781
5518878154684750080,120.45619290984499,-45.90201236996779,0.4026109140527838,-0.1,1.3,0.27332994,25.867516,9.975876,0.24253739871723887,1.0640855,0.05345051285515207
5536026069311530624,116.98297443493281,-40.64889658487331,0.3835961640621921,0.7,1.35,0.680958,76.69444,6.8218765,0.1036423263124602,1.0243751,0.15177483136866382
5543465979158411520,126.24198608802578,-34.842475989179896,0.4588031380103885,0.45,1.1,0.6015347,72.375984,11.155045,0.6107253550272852,1.017076,0.06777607571806736
5537455193912107392,118.86178538324951,-39.58628920232776,0.09598650839128453,-1.0,-0.7,0.2335594,63.675205,7.160343,-0.16750012346733356,1.0242343,0.10596138161573299
5526659192313410816,129.02115553118483,-42.0201269361053,0.07604340722136982,-1.0,-0.35,0.17500244,35.748997,1.6607628,0.01850285801526802,1.0070608,0.05782858699234944
5543659600591134464,126.00862409444728,-34.7040233103302,0.10795616425019627,-0.75,0.25,0.1866919,28.210611,2.2409267,0.46938450479414373,1.0519147,0.06971517552556199
5537423033197318400,118.88750986681976,-40.10803742661642,0.272082402801507,-0.05,0.85,0.3438859,38.673416,5.884556,0.8522614455933176,1.0173385,0.09981494852762397
5520275148626117632,124.42798301790755,-43.83364499874001,-0.006042212212909348,-0.1,0.65,0.3103638,33.35204,4.8667145,0.3026848936589855,1.0181047,0.09738101497163645
5536181512763160192,113.6044472712173,-42.0689184750779,0.3217650864305579,-1.0,-0.05,0.146508,25.055223,7.0756435,0.9079549084689206,0.95452195,0.07314094469540298
5520261958791156352,124.86921558121985,-43.93776005802557,0.24429560478669288,0.75,1.35,0.7413856,87.89848,3.9445572,0.6917966951623545,0.9878304,0.1197722153149694
5535065027426935552,115.0610235083137,-44.160057224528714,0.26632895288370584,-1.0,-0.35,0.16561638,32.017117,10.543217,0.2822548582183884,1.0480069,0.30729166110643596
5532009686471235584,116.02283219719705,-44.38925364952379,0.021571541121211624,-0.25,0.65,0.25654876,27.261202,4.124609,0.4437934548109604,0.9621684,0.39112276523449685
5520234848956841728,124.0731134320803,-44.339213623702776,0.026883222584446642,-0.6,0.1,0.24928708,40.728233,1.7894058,0.43101915847765127,1.011727,0.08843680000341256
5543111150443206272,124.30653325978116,-35.99803364692516,0.10590268832462435,-0.7,0.15,0.20969032,33.144386,2.375763,0.4793995959105054,1.0069724,0.03717467151465982
5536012669012638848,116.37710289805727,-40.75695054169832,0.13179498199051132,0.2,1.05,0.36391017,33.249733,1.766655,0.5645786484606318,0.92925435,0.15449592756790148
5540505273528657536,124.54797760766407,-37.96973535204486,0.11659193846768012,-0.35,0.6,0.24006686,27.06725,3.4133377,0.6929492426994931,0.9335434,0.07134420655958462
5519147569393809536,119.73462008054786,-45.354614859774436,0.3827675894717224,0.05,0.8,0.42586657,53.13046,7.6135445,0.33534366734491383,0.9856737,0.07447862593948508
5540886941497593984,122.09069778745223,-38.5927783555692,-0.011405083921244064,-1.0,-0.5,0.18427406,39.637306,9.675995,0.07725807614443163,1.0670066,0.06356870392350421
5528666144628854272,128.97094331938922,-39.66846967604377,0.22674504734765577,0.5,1.3,0.5048191,48.92776,2.7279434,0.6798580516648983,0.9834352,0.053628672289007716
5538762959910903808,117.14112683278942,-38.09224294140511,-0.04532831540330129,-0.45,0.25,0.28587258,43.719425,4.6115456,-0.0009214175395257047,0.9581135,0.3025924631957828
5528685111204436224,128.73060350874024,-39.41028079902137,0.21872131221742563,-0.15,0.85,0.29369244,31.662525,6.3596535,0.14327817229621792,1.0187838,0.05190653410630434
5523933636124251904,132.573159802581,-43.044955635779914,0.0029802726929073486,-1.0,-0.55,0.15222435,27.048544,5.208666,0.0470536068218558,1.019953,0.05902966110871868
5519417258982433408,123.65627747821111,-46.293229820038306,0.2831302770898958,-1.0,-0.2,0.16969575,33.6138,11.995842,0.4589593065586943,0.9623744,0.1328497388290834
5551453763629722496,102.54781369296194,-47.990249586206296,0.3456867507630257,0.05,1.1,0.34482563,34.833374,9.314453,0.27978366619267475,0.9329668,0.09315837058413665
5579085555988298624,103.294175984856,-35.51002666133488,0.3501047559393342,0.05,0.7,0.41881058,51.384453,5.645508,0.7368898310859988,1.0023321,0.01729013313074134
5580950843105113088,99.7311797569256,-35.487475782086065,0.2893377947933642,-0.1,1.15,0.28055292,27.252722,6.475771,0.5050553818307312,0.9483233,0.10351213655422085
5581337974276601856,97.56922632454854,-35.50508096260042,0.13849434327555166,0.45,1.4,0.42081288,35.420204,1.9653397,0.8031420701971579,1.0316525,0.11897557767089367
5560572047921169664,110.35895241904299,-41.90708925271545,0.3892559003034375,-0.25,1.15,0.25528663,26.993631,11.277784,0.7625447091561123,1.0853406,0.13378386296551015
5552218508326051968,97.20020527901453,-47.84311448503541,0.3677637523454642,0.25,1.45,0.35681134,30.452826,6.459326,0.46081130166515444,0.9871968,0.016742338748793217
5569747197574576128,100.01783724253832,-40.88929961854139,0.1682124147081243,-0.9,0.1,0.17901774,32.25134,5.0734634,0.17680859655758827,1.0459478,0.0799829406587248
5584431141005870464,101.39066122446431,-30.531648865106572,-0.0250011634912628,-0.55,0.05,0.28656855,50.251255,12.8189125,0.8287420591192037,1.0158165,0.015640362181893488
5584427979909726976,100.93216783995463,-30.386519027254398,-0.03263940090914019,-0.85,0.1,0.1645978,25.338514,6.103258,-0.18087212205283754,1.032554,0.09142506793087209
5583837817043097600,99.54735331758044,-32.14523311904009,0.03529319017442134,-0.75,0.1,0.20249185,33.187664,1.9769821,0.09884320004449222,1.0119554,0.020445403285217965
5552958170413967744,90.25748108981942,-50.939419283283584,0.2981581241646847,-1.0,-0.05,0.1612947,30.367977,6.1854324,0.26981276050996517,1.0283648,0.05411309717112105
5549635686792717696,90.00328217149382,-52.288722344712134,0.31934761780022214,-1.0,-0.05,0.1631666,31.076935,9.840317,0.33111047494855506,1.0853198,0.05148098865601301
5590960728248493568,108.70998323385555,-34.58441578183455,0.3392250494582427,0.05,0.85,0.38853604,44.224102,6.6014214,0.6891236251426983,1.0337234,0.038506385128592106
5618906774779139200,113.45663275599645,-22.447161727712743,0.15309170250587378,0.35,1.2,0.43340233,40.96259,2.5910454,0.09399455371071301,1.0375502,0.09939776100650398
5592389062573489792,111.64385422859966,-33.63412196474905,0.12910328417463557,0.5,1.45,0.4100758,32.285843,1.7870026,0.4179237098109833,0.95082563,0.08552595766110077
5612931272680278528,110.7615247474981,-27.46499835997092,-0.024481245812086883,-1.0,-0.35,0.1839707,39.506905,6.3301926,-0.19021347538102015,0.8747576,0.06088359721368475
5592605696424233344,111.81468126772731,-32.4556120803634,0.37002610053164986,-0.2,1.1,0.26768163,27.921864,10.641178,0.18530407184284092,0.982683,0.06804606496979808
5592748912115260544,110.56105949914485,-32.34016311396409,0.0580787233125859,-1.0,-0.8,0.2649493,81.94098,7.7982483,0.1752123292334211,0.98015314,0.06602952205027401
5613380010864177920,113.59418331640818,-25.771350807321472,-0.010140124590471089,-1.0,-0.45,0.15157326,26.817654,9.384674,-0.5520802603136236,0.9340292,0.0563469450691839
5594438071215748352,118.99394304017574,-32.320240919702,0.23249641803089816,-1.0,-0.1,0.15760224,28.993483,6.295725,0.15413801425301157,1.0068313,0.06912223927650692
5596658466234564736,121.18172223058968,-29.981535450188833,0.09499062339555309,-0.2,0.45,0.34702936,46.92883,7.8016167,0.5139702529316331,1.0140105,0.022278360300948364
5599511595827295360,113.05411945070499,-29.624506498023344,0.07935101238405995,-1.0,-0.65,0.18438488,39.68499,7.2289352,-0.09957989177800312,1.0637934,0.029218776615688648
5611465383161250048,107.06881201970938,-24.93602605651611,-0.05961692119313078,-0.75,0.05,0.20506743,34.037285,6.159359,-0.05974716312352854,1.0035948,0.05760728325737207
5592617520476466304,111.79544909172306,-32.42771092720923,0.2697895834164239,-1.0,-0.15,0.18206975,38.69468,5.61718,0.4679461922994689,1.0370741,0.06930181269636311
5619575861961820800,112.15179935570752,-21.798709527664794,0.11594125580504766,-1.0,-0.05,0.16586147,32.11195,11.814312,0.45735497014917403,1.0492264,0.0695154005456991
5599831480686512768,115.96117393542758,-28.911203684777636,0.04665210593613267,-0.15,0.8,0.2667333,26.116468,1.2387218,0.5176159907232937,0.98623353,0.046842485791218275
5607312901395040000,103.75364004042592,-31.381207368374675,0.21363404035753852,-0.15,0.8,0.28415388,29.639252,2.895111,-0.31149347192290605,1.0693326,0.19455404125950918
5609450390662147968,107.11037214411007,-28.783139117821257,-0.04889810269519668,-0.65,0.1,0.22496973,35.558144,3.5140228,-0.19287974700331195,0.92835075,0.08294802825146581
5617544273713688704,108.29995441142258,-24.391178551096765,0.13194279575883527,-0.45,0.65,0.22387466,26.812622,5.6372147,0.03749226844168119,0.97336906,0.03653016983700397
5613199072479878144,112.33535462245305,-26.865895936910363,-0.02472734463339954,-1.0,-0.7,0.18453836,39.751087,8.720516,-0.27309123414689623,0.94628346,0.06418304096799572
5600939754043856256,120.37620495967354,-27.72159963587172,0.03484999453830184,-0.3,0.55,0.25704804,29.124886,10.957729,-0.2661868041714924,0.9608664,0.08192565535804527
5587431295924952576,117.68061295175985,-36.05851008073107,0.10636918001719486,-0.6,0.25,0.23095512,34.95837,12.044765,0.48449828147692325,1.0735492,0.021938629340617518
5584958597350431488,112.20978360934184,-39.7015148976417,0.024566887269013016,-0.7,0.2,0.19749027,29.399815,3.8876343,0.3943301841291368,1.0556613,0.4926059047990021
5587201016958893696,115.68562012681367,-36.26936372935379,-0.12409221384627056,-1.0,-0.55,0.17683907,36.503296,3.3717842,-0.27723756360546803,1.0264342,0.1482722190018708
5592828008233842176,111.21078466103222,-31.98195771812905,0.38487863438547176,0.15,1.3,0.3704165,36.213932,9.902634,0.8032427033238452,1.0249484,0.06407529401098394
5613059434503556992,110.88061444872352,-26.818310090516682,0.2972299383293908,0.5,1.25,0.5553383,59.210556,5.7247696,0.06449286373285568,1.0449675,0.0663605435712082
5592473072135280640,110.89912382504355,-33.16840337021625,-0.08938978453983193,-1.0,-0.6,0.26275465,80.58914,2.9080124,-0.5452344781729778,1.0997277,0.0339235489423368
5629926320824626176,140.56992326518193,-34.090958398308196,0.32242883328037664,-0.4,0.8,0.22833405,26.119158,8.821985,0.34093474336536156,1.0714335,0.1262757535786305
5622944628148395520,138.66896362819622,-37.121159521451425,0.033517163388326665,-1.0,-0.5,0.15508883,28.076094,10.642511,0.014447993657760639,1.0979773,0.06420784795379471
5647251531704044160,128.4334669392098,-26.353343587411437,0.20507654841193101,-1.0,0.05,0.15207975,26.997179,6.8263226,0.5163096725814774,1.0567565,0.07124637954722277
5626670254583269504,130.72768669617975,-34.59082714039743,0.0754236174107934,-0.05,1.0,0.28604436,26.757809,1.7129002,0.07033498782773141,1.0431956,0.09505464666363589
5671718860870326016,147.63781328152248,-18.342643948723975,0.04220800084760512,-0.25,0.3,0.39099395,63.320633,1.9789352,-0.08853095954661153,0.9735285,0.069135891992755
5660602626515361792,149.76886113120398,-23.942513771778415,0.38505967674761266,-0.1,1.25,0.2746553,26.118982,9.077391,-0.06981213889662323,0.987848,0.054213388089118894
5679447053224437632,136.97561792508554,-20.447073854752187,-0.007367457356306062,-1.0,0.05,0.14985724,26.21387,0.69579124,0.013762956213715696,1.0647343,0.3558401174181476
5660644167439089920,150.02885635199476,-23.42306527999822,0.054482624025691706,-1.0,-0.45,0.16270535,30.901482,4.193638,0.8147060885096227,1.0584838,0.028090701292855666
5668952691477532672,153.87879287634846,-20.12746509257238,0.20941328209565402,-0.05,0.95,0.31974313,33.433838,4.258087,0.08407524377615172,1.0708746,0.055613198909034094
5671542973369821696,146.59032455043481,-19.27532137181281,0.4189637661017862,-0.4,0.6,0.27722648,38.502346,12.788006,0.3279823601991305,1.0793589,0.07738869890936426
5686962352638970496,148.0293440852106,-15.21610388261358,0.1780842566976064,-1.0,-0.45,0.17209323,34.570305,7.193207,-0.26874043409194687,0.98991394,0.0973887128491505
5694784725045684736,123.62273858348001,-25.0568727041825,0.3763176916757036,0.1,1.25,0.35076275,34.186676,9.282043,0.46823634009893805,0.97237915,0.15276391036189613
5698504441604844800,119.17184200093419,-24.67388289572397,0.39076033185788717,-0.7,0.5,0.20507705,31.702047,12.477182,0.698664128593847,1.0408627,0.10635916974032836
5692600098523244288,124.20347044796489,-29.28114142150016,0.30902108904774117,0.3,1.3,0.39637697,35.856503,5.944618,0.21023811240577758,0.98700005,0.09762623476150882
5692949124748007808,123.25809431737346,-28.31121221893593,0.2941074138883746,0.1,1.0,0.38371685,40.912094,9.840492,0.6888875757302974,1.0062776,0.10981632697003135
5693732320621744768,122.55696817656703,-27.94595684020459,0.15085297562658084,-1.0,-0.4,0.16690451,32.5171,6.9844437,0.4762101030626555,0.98716176,0.11345366456004136
5707560088083889152,124.05075756288076,-19.43067252089882,0.1589747615538215,-0.1,1.05,0.27402413,25.999073,3.215458,0.41048387839185524,0.9856606,0.09512384368255582
5716579961783141120,112.81773913915869,-19.23709822138448,0.3306512091661462,-0.8,0.4,0.17189102,25.698122,8.057615,0.337307215394059,1.0227479,0.2135889983831099
5700859251908268928,122.20592084541717,-21.867957251560373,0.027773962298462962,-0.95,-0.05,0.15281479,25.30309,5.8301125,0.11817325040989439,0.9440916,0.12563101368445234
5704525466050089216,134.57672750585166,-19.74732067418126,0.2719084846450688,-0.85,-0.3,0.3549907,117.860176,7.3037186,0.5792350037965875,1.0299923,0.5222111167774353
5722722559584370688,127.42041125649887,-14.512575262265235,0.1153850722732006,-1.0,-0.65,0.20797032,50.486866,12.35313,0.3314475783667271,0.9661012,0.0748930412866941
5714065314273704960,119.38318348219707,-19.91769862558825,0.20048982456505904,-1.0,-0.45,0.16509639,31.816383,9.065464,-0.6507229767520897,0.98994523,0.10469636557476479
5706934878280490496,127.3198492925551,-19.65552011412082,0.22971489113017807,0.05,1.2,0.306377,27.498482,4.948372,-0.009279136091407953,1.0409825,0.11733919380557899
5759800393774165632,138.7597068025997,-3.2288632038515233,0.30531915551445543,-0.35,0.7,0.2509432,29.575401,4.8439484,0.2601898054776598,0.97848254,0.06535580732000863
5758028358987121024,138.8627432228598,-6.243700961935839,0.12657420783067685,-0.3,0.65,0.24219596,25.856482,1.2931385,0.9049072375857737,1.0402069,0.07164498347739878
5745314087559817472,141.12972503418354,-6.872360151805995,0.11252705807110175,0.35,1.4,0.3639517,28.88634,2.2342205,0.3519276697931262,1.0287762,0.0766809058373749
5748770333643030656,129.67258175802763,-10.093521694020602,0.348220144561151,0.45,1.4,0.4815396,46.380676,7.2718735,0.3217687564402836,1.0328014,0.0720034724328051
5737887436270216960,139.85933741936606,-13.580041815163803,-0.08215486534029637,-1.0,-0.25,0.14967765,26.151077,4.294529,0.6380678339267445,1.0135307,0.05245782601051741
5789557228578886656,208.9523809580591,-76.97283148601633,0.2760818578148374,0.1,1.15,0.35348126,34.718643,5.404316,0.9225569003524718,1.0224086,0.3297962382477976
5782119655190477312,242.45977570700074,-74.51145963701482,0.4789544304643334,0.6,1.4,0.6089991,65.89785,11.472969,0.63533035063679,0.98078924,0.1556164227477807
5796246833422111488,216.58636101706213,-74.28350790755604,0.013659670649829536,-0.45,0.35,0.23281911,28.997906,7.1684265,0.4780233071750829,1.0774425,0.2575374342663273
5777705493958748416,259.56800025403777,-77.29656155127978,0.25311704920266465,0.25,1.4,0.34704983,28.809385,3.4967518,-0.38891886924435914,1.0321996,0.6287264953117029
5777992225976784256,254.2555630988525,-76.44476369869948,0.1897574803920925,0.2,1.2,0.3727639,34.88731,3.0264435,0.08887073416438698,0.98377967,0.1492596984815009
5770131714268769152,217.25384798391255,-83.72540453391272,0.10298864937347574,-1.0,-0.4,0.18391258,39.48194,8.646557,0.9164157962574284,1.0442839,0.29941570462450934
5776633848078292992,268.0875171430762,-78.13684407956185,0.04134273683924761,-1.0,-0.65,0.18823555,41.359848,6.993843,-0.3000886335871258,1.0154386,0.40123917581407165
5787915696375677184,199.5058282512545,-78.19051752546089,0.26101422444752664,-0.2,0.85,0.30389062,35.986687,8.909653,0.032627441566847964,1.048678,0.47387048211403515
5799455311448544512,227.50571605851604,-68.61495680897517,-0.060514194366056984,-1.0,-0.55,0.14984931,26.211094,12.842171,0.5898586479185453,1.025968,0.20992377523342645
5771935222575850496,235.05891332959123,-82.44377228854967,0.015311339558745196,-1.0,-0.15,0.16597106,32.154404,3.2509117,-0.1749734600392259,0.91816765,0.37853050050944964
5771513521210922752,231.21740766316674,-83.10987281454284,-0.03422747240650992,-1.0,-0.45,0.19505265,44.40986,6.7518425,0.619578695182278,1.0295026,0.2561531263145208
5809830058328777984,269.7514142492716,-70.95458517152514,0.4535440812072382,0.05,1.1,0.36480057,38.985893,12.801361,0.5367869033980418,1.0377607,0.15561941965752007
5811690505027078400,258.80038074448953,-68.06191646019495,0.31680711989151256,-1.0,-0.85,0.48657903,276.36462,10.917206,0.5981560415437862,0.9765245,0.014682386546611359
5820704713680439424,234.9721364935699,-67.99464615425731,0.2273191091275626,-0.1,0.6,0.3807187,50.186707,7.7952385,-0.0019876587090047375,1.0166544,0.2228217243348514
5809472961878832256,247.20261734524308,-67.73144581037636,0.41854693403788534,-0.2,1.05,0.27858207,30.24222,11.9466305,0.5979705663544834,1.0177666,0.14946259723561517
5816196303689506432,249.54424091642508,-64.9833334964071,0.4519369675956124,-0.6,0.5,0.21556275,30.453934,13.445805,0.6166055322552624,1.040852,0.1950666919033747
5817365703016094464,255.92344084777952,-62.98198409325123,0.015150067821886992,-1.0,-0.5,0.21923316,56.10326,11.295902,0.27665089616808486,1.0134177,0.25631144701075226
5825365234260575232,229.62976615425976,-64.01006308605857,0.04787346936372927,-0.7,0.15,0.2187459,36.068913,9.115246,0.10527558969217138,0.9823505,0.34322427567810626
5815463891499179392,252.54769551906637,-66.40670624183512,0.07520175793643702,-1.0,-0.75,0.205545,49.316185,13.605648,0.09144592139443791,1.0310371,0.21321438340722923
5822612705638554240,241.37859228078204,-66.0457096889992,0.135548143122306,0.15,0.9,0.4229206,47.207687,2.522171,0.5359825761328577,1.0152104,0.14762018818326744
5826389223176953088,236.04945802882546,-62.84639181421577,0.41373195190342216,0.05,0.8,0.44719204,58.58475,12.033184,0.8724351371021516,0.96887326,0.3463924867454446
5812407214809105920,264.6711146228396,-67.2623834156113,0.20593278656405367,-1.0,0.1,0.14664416,25.10182,7.6348133,0.489409251963971,1.0373168,0.17348848177337378
5821476570836748544,246.2622389215341,-67.62633171931662,0.04909509825376368,-0.85,0.05,0.1859255,32.3304,1.1208801,-0.4771232002192515,0.9846553,0.15027067633910535
5828374563198799616,249.49642442454316,-63.77476911433451,0.39271572648998276,-0.05,1.3,0.30562285,30.546072,11.5098095,0.8222497552349141,1.032081,0.18718405335717533
5817810180599140736,251.96858416825557,-63.995746206467786,0.3943204517860899,-0.6,0.4,0.23208418,35.301006,13.797993,-0.21754188820929624,1.0360627,0.21552691612581468
5827232273725760000,234.4681638975866,-62.123273313593955,0.029947475361005615,-0.75,0.1,0.19897802,32.04585,6.481308,0.8655495944426636,1.0128771,0.4337606081781442
5820339607095630208,237.87597923247475,-69.39348788834525,0.3356417489977943,0.1,1.35,0.32193378,28.798044,6.2361774,0.2799858794116925,0.99967146,0.14287116100105446
5826832463804956800,230.92875510716638,-63.937462012126964,-0.11506185936848112,-1.0,-0.4,0.14769125,25.46157,1.8748989,-0.1545312312367082,0.9743547,0.35457768913615106
5818460610442547456,251.42123871286591,-61.95674946203043,0.3296980446837381,-0.65,-0.05,0.3242371,73.8612,10.032303,0.900326345384942,1.0060347,0.2688195118005719
5825617297284327296,236.39402846617674,-65.30739175693849,0.061281377049102304,-0.8,0.1,0.1757627,26.868813,11.683277,0.3745442763220535,1.0107801,0.21898249408306697
5803472617675250176,268.6852578194453,-73.47136548097987,-0.27533106473271296,-1.0,-0.65,0.16216768,30.697588,13.459105,0.22529619080515864,1.0152415,0.17904454857676558
5802798617049735680,257.7100923274875,-73.04581877661246,0.3171641624526389,-0.35,0.6,0.28344178,37.731792,9.090206,0.3957017854807102,1.034421,0.08780762587682062
5823737132392308992,233.67191968194163,-67.62538291999137,0.317557832158764,0.25,1.45,0.35943496,30.902311,5.709284,0.36075972960600844,0.99359626,0.2314483225012881
5868932111192921472,206.5759965278111,-60.622075278824305,-0.010110541073019341,-0.35,0.55,0.23607801,26.175247,9.104866,-0.09250726270493112,0.9760211,0.4214118285465022
5839721729346236288,207.66893461185688,-72.11728576945607,7.552379229736061e-05,0.05,0.85,0.3199128,29.981932,3.5830402,-0.18866647829956834,1.007908,0.5151668759173638
5857835427552106112,198.65593442050397,-66.40220228785995,0.23790787384216294,-0.85,0.15,0.1880013,33.056347,5.1504936,0.45842662517283034,0.9802436,0.2501092721396086
5868955372737336064,206.18263620073094,-60.294374414186265,-0.09428396096543068,-1.0,-0.6,0.16745715,32.73279,7.8322296,-0.011368560339747055,1.0298603,0.47626924117243
5858470739127428480,193.19332077156903,-66.0334735314134,0.08932288324899673,-1.0,-0.6,0.18730375,40.95139,13.593365,0.7684154834938507,1.0115006,0.2950836566829059
5852244239159468288,207.14026381205153,-64.87240549822153,-0.05463224700107272,-1.0,-0.3,0.20865327,50.818993,8.501484,-0.4115451163687516,0.92913425,0.3494587446707475
5843557066428942464,196.76363587347103,-71.14200088142827,0.26183534879461945,0.3,1.25,0.38544425,33.905823,2.6418304,0.3615950646881446,0.98234737,0.2952422861703549
5843376677806852992,190.93186487403378,-70.13702627168128,0.18811055175536673,-1.0,-0.05,0.14884631,25.861387,12.130781,0.5957128840718936,1.016668,0.15773985300019686
5844927126648874624,194.02254960788596,-69.2953484927897,0.26388094885584046,0.05,1.25,0.32812464,31.540901,7.2912636,0.11218913781644613,1.0274253,0.3607198563731683
5843465188485999488,197.58131041597727,-71.74627802032245,-0.03146050970197223,-0.3,0.4,0.29445457,38.218372,2.1415405,0.9405227322600209,1.0659956,0.5336684837246232
5870447444383444480,207.01511761621663,-60.231711009144476,0.018594561693245026,0.25,1.05,0.3800706,34.55245,10.644733,0.04921844521936698,1.026169,0.5248444055359927
5856893695837272704,189.58017474442747,-66.9532524943064,0.18952862818057703,-0.6,0.3,0.22296865,32.58244,3.4678116,-0.031236480082796562,1.0151957,0.6209792437905355
5864754443706286720,207.73161057207926,-62.71550158317282,-0.10121096326406409,-1.0,-0.65,0.2422931,68.52638,11.667572,-0.3163996998957017,0.880331,0.3305285170220677
5855601700927435008,187.2143288835411,-69.50574053766495,0.03429515000012984,0.1,0.95,0.35248563,34.52334,2.3236656,0.457697158941134,0.99071187,0.3060506692125239
5863942866689669120,205.79704363470526,-64.63240036843007,-0.032219746826770645,-1.0,-0.5,0.17675251,36.467575,8.658051,-0.3002618986685158,0.834013,0.1863206759628436
5855332114412079104,186.95678714195103,-70.2364235310215,0.20164852192125515,-1.0,-0.55,0.17196107,34.51723,13.3442,0.42379364583216317,1.0290793,0.5873896908996478
5867656196661109120,211.89451740404874,-59.89993293027587,0.041955315280530314,-1.0,-0.15,0.16657616,32.389282,1.9228821,-0.11665674001401692,0.9613455,0.5519591375858547
5851914832329815424,209.52153398016912,-65.66695772049547,-0.029303937283428283,-1.0,-0.65,0.20713212,50.080715,11.242424,0.006733872261381975,1.0697443,0.3086406566628227
5858163459963664640,193.318356372314,-67.10008695878984,0.011730643540819763,-1.0,-0.65,0.21075901,51.849907,5.93927,-0.6500033864471508,0.987206,0.3050075936054796
5847036642783808512,209.85485078058036,-69.32418304545233,0.18212331391162717,0.15,1.35,0.3135566,25.949377,3.158598,0.4358533170491358,1.0310858,0.2223710453286141
5847972636412612736,219.80790539631664,-68.73516351906959,0.05480373723494303,-1.0,-0.3,0.14689894,25.18912,7.2205486,0.7881705834815382,0.98166823,0.3348639419797239
5851050650531946880,209.56859614297764,-66.61506251045977,0.11231803109917315,-1.0,-0.45,0.14988051,26.22201,12.579004,-0.19537134129780873,0.9930954,0.33416705970393956
5848569843036987904,221.79093145417312,-67.19137605123741,0.21104970283425573,-1.0,-0.55,0.19941543,46.418724,10.525894,0.8314122749482924,1.024115,0.30853441613580873
5868797661543892608,204.99908137791752,-61.322013898629855,-0.058486526438723985,-1.0,-0.3,0.16936347,33.48229,13.985279,0.029217240515368732,1.0172706,0.3321360760707569
5846516436339786240,217.2836746651954,-68.71903584846898,0.2279926755333257,-0.65,0.55,0.18891454,25.073887,8.751232,-0.11211899051899192,0.99552417,0.5019444048064557
5863869822257829120,205.8316058185377,-65.06338841710627,-0.01191065724853324,-1.0,-0.6,0.1644977,31.586054,10.611937,0.5462011568692113,0.9821535,0.2821902009286005
5859225759968800512,182.20749037387046,-68.77791796887487,0.42365332637132624,0.25,1.3,0.4174381,41.68065,11.603458,0.6579022420417183,1.0573771,0.5035251045530462
5850279961576985344,205.98664435610146,-68.40381910101502,-0.051891639706404646,-1.0,-0.65,0.15687898,28.727985,10.411808,0.4830215943501573,1.0275829,0.34040075362459793
5854511878745041408,214.4604854427592,-61.640221110835114,-0.10733944447475086,-1.0,-0.4,0.16017917,29.949373,4.2379055,-0.08953242387045451,0.9616643,0.4812934146744983
5854322041194295168,217.56823911393735,-61.744209122775736,-0.0664373234818516,-1.0,-0.25,0.19745328,45.50974,12.836418,-0.29689495889026657,0.92046815,0.30567073357452573
5906309527912523776,221.2345120940777,-46.16275091370984,0.2366406829240848,-0.15,0.65,0.34917703,44.756012,5.5680504,0.48076841436462436,1.010511,0.1474933012018049
5902859191721172736,229.70824252498838,-48.14407684077079,-0.07525270861279765,-1.0,-0.8,0.21417828,53.545933,13.9035225,0.12169963734930771,0.99710387,0.23062999090473274
5907028814680076672,225.05942297734836,-45.159933704803194,-0.08439100271021083,-1.0,-0.4,0.16216445,30.696367,5.0698414,-0.052564365181972106,0.9649956,0.15375064494928473
5876240530645539840,228.43648606240131,-60.67714877306274,0.1676885432853874,-0.2,0.65,0.27978003,30.502872,7.304344,-0.4108230721312176,0.93455327,0.427738278440111
5875739496960878592,232.02727290322522,-60.46437295369609,0.11819028493597283,-1.0,-0.3,0.22001778,56.505566,8.453281,0.8732136749158336,1.0391333,0.5084867424527961
5895674050714115712,213.74858771556498,-55.356024810663904,0.13620776602909146,-0.2,0.6,0.3054875,36.36589,2.7982635,-0.3949161569534092,1.0297623,0.5279575817811029
5888830694692472704,230.46695894844018,-52.852987380857584,0.20547066151751991,-1.0,-0.15,0.15371832,27.582075,7.512949,0.6757887719326529,0.9908732,0.28418003984050133
5893869996980955392,222.80522101315188,-54.121157352075386,0.10364339108618914,-1.0,-0.15,0.14699493,25.222048,9.013502,0.7747922077517335,1.0564555,0.3887291845896194
5898187091929177344,220.42828063109445,-51.664518496559914,-0.004331662247751389,-1.0,-0.65,0.21182601,52.376232,7.149288,-0.22383932219281938,0.93207145,0.3060625441186869
5893124974790537600,221.64789590788808,-56.186336922904474,0.3965138390601961,-0.5,0.75,0.21982859,27.635174,13.007351,0.5444463601609275,1.0959007,0.22360986899453592
5873264736761334400,227.59902850968464,-64.6627428618737,0.31907737721563567,-1.0,0.05,0.18440513,39.693714,11.48822,0.2409150454623671,0.9782678,0.38468348069494085
5884968934933739008,237.8244496318491,-53.84301256524774,1.4243663414958974e-05,-0.9,0.1,0.16154622,26.263292,1.4783268,-0.17649239483720344,0.9743782,0.42399006658403016
5889524894493257344,233.3945382650622,-50.429697098937844,0.3632798755947384,-0.05,0.75,0.39857903,51.95324,10.880119,-0.6386941181538851,1.034026,0.2276310880175556
5893586288634399360,223.5663747967185,-55.009836024882844,0.2672920952769573,0.55,1.0,0.8527318,134.20409,4.6591034,-0.23908316867023832,1.037985,0.578750839981641
5884896538962513152,236.8186345640752,-54.19206210062095,-0.08720447905004125,-1.0,-0.1,0.1699051,33.69679,4.2651253,-0.41946642824618485,0.94318753,0.4273357687073151
5886886173997760640,231.0059820380463,-54.67464287875597,0.13112553248078918,-1.0,-0.35,0.1481316,25.613626,12.397814,0.07666146272578551,1.0520837,0.3372413420490981
5889349389308079744,233.32382036300783,-51.3250763924096,0.17961652869366418,-0.4,0.65,0.2234307,25.009409,4.2206593,0.04234369911100516,0.95575887,0.24002081448386822
5886261445212295296,229.37162836032383,-56.59634479639728,-0.028153189144298096,-0.45,-0.05,0.44885,107.778435,6.3396835,0.1881607246073375,1.044023,0.44665709837101697
5898993721143116800,215.82215550656167,-50.750001201146816,0.05340705342231278,-1.0,0.15,0.14795843,25.553778,3.176527,-0.30201941714355535,0.9994697,0.3975687720902083
5879034939403440640,221.6938624888471,-59.401660657839095,-0.030247655881232127,-0.7,-0.15,0.31391123,74.279144,7.8683167,-0.21991493643614202,1.0192798,0.5507073581905672
5898458430779960192,220.11876488843268,-50.96293258287453,0.2587335490530931,0.55,1.45,0.52384746,50.64662,4.192787,0.2693759189467117,1.0379727,0.3000440727020779
5904229389358455424,221.70068727264976,-50.944019417703714,0.20860542875615629,0.25,1.0,0.4046745,39.170753,1.6811562,-0.3921764557089605,0.927684,0.29146598687851244
5873725260315627520,228.51485313106284,-62.78176326708122,0.017121989769718127,-0.05,0.8,0.30269504,29.96363,2.225212,-0.03693684594528667,1.0225132,0.2804449919610705
5897660288423539456,219.07810124501145,-52.81026674313222,0.3433565684305657,-0.8,0.35,0.18836199,30.858982,13.304405,0.47735623992291343,0.9876714,0.38397599871408755
5885516319939793920,234.38356132588288,-53.888744324104316,0.022063734018552772,-0.65,0.15,0.20972706,30.902943,3.2101364,-0.1439834929001626,0.91509074,0.28016448638650454
5880014982217489792,227.26501779379254,-58.73736896688861,0.06873372815000334,-1.0,-0.65,0.20915256,51.0625,4.432728,-0.3604073328345721,0.9716192,0.5059422819730653
5905749154941508352,219.62260343820265,-47.62848110689169,0.3449412960426663,-1.0,-0.55,0.18381216,39.43884,13.126808,0.027074844642644733,0.9666698,0.20904092149303335
5874642665380360064,226.3166926123118,-61.613507163773,-0.024835812241191135,-0.9,-0.05,0.16665456,27.950523,7.9356613,0.2898674040107194,0.97911704,0.33378719586113215
5881851613362577536,235.11956830072376,-59.38576655914227,0.25099891296793686,-0.25,0.5,0.31022865,39.86291,5.21323,0.9671312665576096,1.026154,0.5102883566847606
5888288154415230080,227.73543783519332,-52.49262621308827,0.042404576366736,-1.0,-0.1,0.14653075,25.063007,7.1767273,-0.21405718699227305,0.87989545,0.3167734621361942
5880399398974443520,226.0174158467986,-57.357452640774504,-0.010620544505677287,-1.0,-0.1,0.1755611,35.977604,10.418419,-0.2339398999080836,0.9806677,0.5637682655292965
5882301897755447040,236.19827762154262,-58.36970721312883,0.03565129590191152,-1.0,-0.15,0.16481489,31.70798,6.3415623,-0.3122500148236133,0.9513565,0.49098754475893064
5892947987760542720,217.13205169157317,-54.679057721600806,0.2525588580491487,-0.45,0.75,0.22484891,27.046494,9.3222275,0.2852001979583324,1.0162472,0.5008456081684134
5890405126614654976,232.5209243403285,-49.38240224673166,0.2565420489371828,-1.0,-0.6,0.1486769,25.802555,12.047546,0.6945344750238004,1.0996083,0.2629602807903476
5897962855961476480,217.37102937861977,-52.132317109146065,0.2602133866753853,-0.5,0.2,0.31359917,56.23978,8.985493,0.23401337528086513,1.0782528,0.42079924130390106
5907546341055835136,226.01710032340588,-44.25931650435002,0.17669816701823926,-0.2,0.5,0.36292526,51.326508,7.4486694,0.9393036616275626,0.9347875,0.17147234527258157
5892796701829988224,216.60150237593953,-55.48134368443788,0.28662051382470555,-0.05,0.95,0.31753445,32.973534,4.9945908,0.4076027506279779,1.0930899,0.23866436091748702
5907015483101451520,225.13946912541206,-45.28928448689277,-0.13827363522976022,-1.0,-0.65,0.17976648,37.72186,9.691502,0.40700522887266644,0.9915846,0.15024093220685672
5912187413994278656,263.809219215543,-61.10516015892313,0.30560336673896416,-0.05,1.1,0.29251856,27.982763,4.7077885,0.010292611002134437,0.9864443,0.19293066544050275
5911460671167790720,267.1268363927984,-61.05581725092906,0.0988324361589843,0.25,1.05,0.41255847,40.711895,1.6703339,0.09489883205563653,1.0992713,0.16987494184580446
5914416330226358528,255.51743217536475,-61.048210036144745,-0.04898215326629618,-0.95,-0.05,0.15768684,26.94224,4.310398,0.7110648625015481,0.9598588,0.23729205429296935
5943061528765768960,249.07693650709857,-45.0574934606392,-0.012392362205281948,-0.55,0.25,0.223284,30.507391,8.0032215,0.004760233908540676,0.89028996,0.5395575005415737
5942659446741379200,250.63359471023705,-47.06713323640291,-0.30404474285239935,-0.15,0.25,0.5787048,122.934616,6.1344147,0.17297713179962507,1.0443347,0.3223559385217321
5933437194221084544,242.32046807609257,-51.98413312960869,-0.11353843747083836,-0.4,0.05,0.47137237,111.31303,1.3608932,0.4009195387583111,1.0188446,0.5864748805728257
5910986197536680064,269.9805184670305,-63.08847754789428,0.1332627054528146,-0.75,0.1,0.19710368,31.444958,4.3915634,0.6014119230197259,1.0186148,0.13542886923553227
5916276154152834688,259.79617448505047,-57.35211486334209,0.019434651119657254,-1.0,-0.3,0.15607657,28.434856,2.175541,0.37122030548382484,1.012633,0.3018020395510884
5934324397066336256,247.8834829411571,-50.87517318854453,-0.15064842230053177,-0.6,0.05,0.2848616,53.18189,6.986027,0.44707766175173436,0.96702015,0.28636770910290654
5924012352331946752,257.38463368408173,-53.61762127604392,0.4768700104138235,-1.0,-0.5,0.21000929,51.481678,12.859753,0.9883117894791215,1.0803806,0.25459664170106544
5920157773780369152,269.9737576737668,-56.21982122691389,0.1454877661120726,-0.95,0.05,0.17514363,33.237736,1.7455482,-0.5754350565107466,1.0715116,0.28362812816410354
5927202757120946944,250.69088392070526,-58.24131038970449,-0.07716914389983032,-1.0,-0.35,0.15651122,28.593454,8.816797,0.1433460386024729,1.0069277,0.3619405005603155
5926023633999609728,256.3936703228397,-50.783705420698375,0.23216765910625625,-0.55,0.25,0.25221515,38.925312,13.917828,-0.5331698127606751,0.9530376,0.4846975909832217
5928765163173796608,247.7174540106193,-55.90991934185844,0.12040323232523864,-1.0,-0.65,0.3718505,161.40327,3.0141602,0.029806133736793486,1.0038313,0.5112137492844188
5937778272284802048,251.14319091480834,-49.54100143227133,-0.0034665676254750366,-0.4,0.35,0.2769836,38.43491,8.705528,0.20840774544216195,0.98408,0.4830535277604861
5930395807648220032,249.83685094193223,-53.64892587014239,0.2203125785594544,0.4,1.15,0.49914142,51.994778,4.198597,0.061380654954380165,0.99851805,0.5367732824568304
5936809293313120384,253.78522099954165,-50.59493625776574,0.20267404312373216,-0.5,0.45,0.22726162,29.535614,8.379684,0.8431137769843698,1.0052493,0.1470166115495387
5929628657739305088,253.19622686589253,-55.236532436955656,-0.057208832856643355,-0.05,0.75,0.3129559,32.029484,7.5713844,0.13202855250966103,1.0306611,0.191747703882221
5941381887272619392,246.4290605503851,-49.3967265419973,-0.07691302732893135,-1.0,-0.7,0.3414656,136.10359,7.0800323,-0.29569267616929723,0.8509688,0.3041636628305006
5909510103178337280,268.40894996897265,-63.50209553928561,-0.07794987849178092,-1.0,-0.35,0.15810694,29.179482,9.952866,-0.42199987609569345,0.96120054,0.0658004034646431
5941551620057328384,247.24939410494179,-48.37107661069677,0.04689378023173063,-1.0,-0.45,0.19691302,45.26104,13.12912,-0.7153534109148848,0.9916549,0.3570189018345302
5911581480009029888,269.96425108725964,-61.35054943530283,0.18643695939925742,-1.0,-0.1,0.16691367,32.52067,5.882511,-0.10007499343708534,0.96970105,0.25819058745725476
5949517856675996544,262.3009676775842,-49.18469473531881,0.02805548403449354,-1.0,-0.35,0.17556785,35.98037,6.6418495,-0.016517090382027477,0.9596732,0.20877629640933398
5959667551593842816,260.8469671729507,-41.198483949021025,0.19641299184131267,-0.45,0.2,0.3298895,58.219223,10.481987,0.309688778261795,1.0559038,0.5506610712319242
5969180251320603392,250.80879315884104,-40.273905054336225,0.3870493026716506,0.6,1.45,0.61428946,67.04774,13.765938,0.23871358329763456,1.0323354,0.18250060289311526
5959321789550196224,262.69814627627414,-41.17462405061445,0.36009828429197466,0.1,0.65,0.5718185,90.85448,10.643257,0.46279235957339426,1.0392424,0.44673873644568884
5965082822473004288,257.7545655201168,-43.99371823877969,0.1189483450218356,-0.35,0.45,0.2589134,31.483921,8.465168,-0.24862304703051524,1.0582317,0.565620051710551
5950060053364478208,262.16217486655387,-48.00673026898193,0.15098813422997814,-0.55,0.55,0.20419627,25.514404,6.662018,0.21975126697099318,0.9611392,0.24015900499383894
5961080084803033984,265.8885845197735,-40.05134168707109,0.15883308886335534,-1.0,-0.65,0.19074248,42.46885,9.955685,0.7674773574600692,1.0199519,0.625327270830046
5956115721045001344,268.5999103904067,-43.85958152072285,0.32653059741982826,0.45,1.05,0.6571128,86.368,6.111107,0.3840675322038136,1.052137,0.6382855044129215
5964857418272736896,253.24357656586443,-42.938198102184856,-0.14259071827041492,0.3,0.8,0.5669087,73.34617,5.6170425,0.20056578761447097,0.90081227,0.5802630039405676
5980241063419682688,258.47853944796566,-32.42272343728251,0.06484661247317725,0.45,1.45,0.36878464,27.203117,6.6912994,0.5539015634166512,1.0445449,0.012603365976922385
5950498487954066304,259.38099571808107,-48.52571443570361,0.07615736952683605,-0.65,-0.05,0.28285664,56.211304,7.7313843,0.3277242845854142,0.97914743,0.4696377163743378
5945266251370423424,266.66299375401604,-52.07310701887879,0.3537669250515716,-0.15,0.8,0.31983665,37.550568,11.015888,-0.11661684007765447,1.0816224,0.39085365096479735
5950095173335800960,262.2506276666845,-47.633842063128284,0.10917576808617735,0.25,1.2,0.3722068,33.13744,1.938961,0.28197483864088385,1.0796037,0.2163635161291347
5961292084380013184,266.20172044650786,-38.84728454225539,0.2804698501337448,0.1,1.3,0.3091489,26.556168,11.825035,0.5569184690139491,1.060136,0.2333368463482375
5944906990249265664,269.5882578920728,-53.16888912497093,0.2918810449689664,0.05,1.2,0.3191804,29.844814,6.0326195,0.6748718207294536,1.0937369,0.37388849725724693
5970598621323373696,254.05350866779156,-37.87111764094185,0.01077846064775656,-1.0,-0.55,0.19888152,46.170494,7.2538757,-0.11913507220561156,1.0307539,0.4525396009889813
5955493534909901312,266.8841188685377,-44.25178213039941,-0.04081557050463758,-1.0,-0.25,0.14642078,25.025402,6.527706,-0.03592627120954117,0.9385982,0.3902785233563561
5969545770219768064,252.92633724301692,-41.380976256957766,0.19937332408938335,-0.2,0.65,0.2942941,33.749737,10.626022,0.9642735896268346,0.9879858,0.5658530662578477
5989432160315954432,237.57552276195378,-43.21095563475343,0.0951182062849778,0.1,1.2,0.30484214,25.82141,1.4482555,0.21623537384634295,1.0114715,0.24263160399516562
6006119173389140992,231.93637750402104,-40.00103884447462,0.26279299923683475,-1.0,-0.3,0.16178608,30.55329,10.607698,0.629051471747183,1.0004772,0.16585077731211975
6007600318628271232,229.82409078954885,-37.25351991981885,0.1750533683381672,-0.1,0.55,0.4013006,55.759636,3.0375519,0.7418875263971392,0.945366,0.16379602865342668
5989204389607236608,235.36433892711543,-43.75587869244573,0.21561218172366736,-0.05,0.8,0.3762714,46.300556,4.045429,0.4611865926302401,1.045288,0.2177811024558317
6005637415501134208,230.41982040659175,-40.88771660159019,0.18641018100515794,0.25,1.2,0.39296797,36.937252,3.2368011,0.07700806463445382,1.0440392,0.20255565995776686
6016670258765902464,236.26965032487104,-31.25317088765982,0.04918057088651295,-1.0,-0.55,0.17016909,33.80158,7.3550835,0.08481312052938254,0.9219876,0.19905518025383553
5982757914250431744,237.7313945227942,-50.192971823472284,0.0626735018741087,-0.8,0.1,0.18958566,31.261227,4.8629303,0.6389570533788737,0.947772,0.3537222065805328
5982154595920377856,237.9380027783634,-51.0849525417368,0.13953962068806014,-0.4,0.5,0.2562948,32.907684,8.714165,0.953727995650055,0.9544454,0.232671973538156
6004239042867114496,227.9911254590401,-41.663937537723534,0.266779013156043,-0.85,0.05,0.20388086,38.8764,7.06699,0.7315084625647045,1.0062937,0.11404614302317981
5987614976845000064,237.4848369642432,-47.51888196979576,0.01907725279925465,-1.0,-0.2,0.18016125,37.88772,4.6907578,-0.017657337835619655,1.0261189,0.3211433268281315
5999025090025797760,231.42889561801195,-46.64381443230879,0.35774406114448176,-0.55,0.5,0.24090159,35.51151,13.382011,0.545635445406163,0.974131,0.1910473003749957
5988794993331620608,235.48490792839033,-45.28519551958203,0.27941350845156343,0.2,1.15,0.38160944,36.562675,5.6686745,0.32402741493526716,1.0192742,0.17217724153866298
6001714186225508736,234.51999759225248,-42.31962339848964,0.342676597186923,-0.05,0.7,0.39864874,51.971413,11.421829,-0.3381966768707538,1.0366699,0.14600758491084087
5987167235085597568,235.33943829870375,-46.66004779094177,0.012681526991085157,-1.0,-0.5,0.17795508,36.96549,4.364094,0.4809961688459741,0.99437934,0.19243326275010317
6021201999039235456,250.33214988882972,-33.69149100738667,0.45846274242724316,0.25,1.1,0.4963227,58.922146,13.054775,0.8436698302192206,1.0430607,0.614176538341946
6036630071319010176,242.0881094451022,-31.76551356265669,0.0863546815808558,-1.0,-0.2,0.16210537,30.674002,4.856165,-0.03933951809409404,0.98963374,0.33920151665234993
6042877870029442048,241.0497032322822,-27.425574751203282,0.13278729038029535,0.4,1.4,0.4022465,33.767357,3.3692932,0.08696664118406618,0.9534222,0.6326352346752123
6032486733541666048,250.63956916692155,-27.949254731610196,0.09536586357540422,-0.6,0.45,0.19638316,25.275778,2.9589748,0.37536575344264067,1.0207448,0.5851414707973641
6050762747086196096,248.6295071687416,-23.566325995032894,0.6479056863004811,0.95,1.45,0.8992079,114.553696,4.2913284,0.11092210581414454,0.9759108,0.14931712108814568
6035134323181843456,241.31129131481245,-34.40453475029827,-0.04202064030187991,-1.0,-0.7,0.1885913,41.516335,12.72583,0.22997155531333027,1.0056332,0.02258405316223472
6027031742811529856,251.1339738411036,-33.57474531343325,0.029792127282750158,-1.0,-0.05,0.16247775,30.815088,5.685564,0.895201319885242,1.0224402,0.6247035560641191
6088307147869150336,201.14709797449697,-44.80185851491939,0.23636836955674845,-1.0,-0.4,0.1774078,36.738472,6.478241,0.3551299459825827,1.0585474,0.07941659870489888
6067161718198178304,201.73694793884331,-54.12761191483881,-0.022410157878305803,-0.65,0.3,0.19253996,26.045498,1.4043579,0.45162305724010376,0.9891545,0.35871503627106155
6080027863971153408,196.84426236128135,-53.109429252860224,-0.008811769561560823,-1.0,-0.5,0.1591174,29.553644,4.7104435,0.06298642049951099,0.96944416,0.21166240050052731
6069904832213446016,203.76373993391206,-51.494496094001825,0.18822917983923926,-0.55,-0.05,0.40740547,101.56487,5.747841,0.418529915740449,1.0027014,0.2523701003576477
6080641357101343616,199.3466426151817,-51.37151424784869,0.23704899381957034,0.65,1.4,0.6340376,68.86498,12.601189,0.9064523088289226,1.0567461,0.048191969435148765
6081266120223652224,196.82540960694973,-50.58220408412108,0.25884128572254994,-0.45,0.6,0.24117297,31.11621,6.2489014,-0.007791589340603112,0.96201354,0.20868390589776414
6080562501502847360,198.9222157270058,-51.339135427745454,0.0010138269252877308,-1.0,-0.75,0.22042583,56.715355,11.436424,0.9247462609441943,1.0262889,0.18380637272779415
6063913215410921856,200.1747356073199,-55.75713001555018,0.3493918385995416,-0.65,0.4,0.21849152,33.539772,10.101799,0.15087394262831996,1.0249754,0.2808881086183623
6059359828539549312,186.40507249221352,-58.86763882377274,-0.2224445661390435,-0.85,0.05,0.16772991,26.312017,4.714426,0.33174454625077426,0.98456,0.48794712693583275
6066637908310703360,196.165764333203,-56.37746910608417,0.1803617458092912,-1.0,-0.45,0.1774782,36.767635,5.9710503,0.06597486055287008,1.0097643,0.2589084371858836
6068130456662591744,198.52827950477428,-53.608361922440295,-0.004181535511536438,-1.0,-0.5,0.17776999,36.888634,8.3013,-0.4334121004550574,0.9997373,0.26884253954095083
6054681784505707776,187.82018673597508,-62.3636413021224,0.3304098232515784,0.35,0.75,0.8068896,141.98196,9.431747,0.3871068674227178,1.0175197,0.6163616269709852
6064670607126639360,207.79008425642633,-55.54230819799319,0.17762343922984059,-1.0,-0.05,0.15186027,26.919315,4.280224,0.6352945932378843,1.0367342,0.3643405214284349
6070633426165979904,204.67301962096076,-49.58218374521515,0.40477993740255336,-0.1,0.85,0.33029762,37.773846,7.738426,0.3794434877066518,1.0617537,0.18616113288257502
6075767118993204736,181.21804733715996,-55.48561371320455,0.030097954028549978,-0.95,-0.2,0.20496607,45.520466,6.9412727,-0.6042463145696156,1.0455827,0.1436033486634769
6073183094868382848,188.44445750176203,-56.66835709852997,0.12231875455624763,-1.0,0.05,0.15230362,27.076727,3.9132595,-0.6554263506112645,1.006294,0.04159969165760133
6070712767100044160,204.98705976672923,-49.617537463542895,-0.08789419971198065,-1.0,-0.55,0.15131786,26.727358,10.248198,0.3493992266238298,1.0582509,0.1923887262770419
6064978573453293568,207.5481432292461,-54.56753996652648,0.35882800077759924,-0.1,1.1,0.27704868,26.57617,5.688387,-0.594199505114485,0.9940891,0.5157377864077388
6091448078934187648,214.88391245435383,-49.664287853707336,0.19462273590165502,-0.5,0.4,0.23615582,31.892689,5.4357033,0.48026382600219647,1.0323979,0.2663008487087601
6118278018074554752,216.41990819064256,-37.34137777334158,0.17340745733622942,-0.45,0.55,0.23992813,30.795818,3.562973,0.1149839347959659,1.0126942,0.09232352003629647
6089101652404956544,210.740855580767,-52.75157660185764,-0.01691014080530806,-1.0,-0.55,0.17307596,34.966255,9.9384,0.5670624758263079,0.9973492,0.03381018249809867
6120544352053453440,211.9855667142982,-37.55134469464103,0.01878701621859946,-1.0,-0.45,0.17921862,37.492287,2.9397392,0.4634754909092373,0.9862084,0.06946290424796964
6122517837985435904,211.03782492185226,-33.85530687361744,0.3711668860443682,0.25,1.25,0.4093115,40.07359,7.2924843,0.3879981753241366,1.0411531,0.09305236341864641
6107826880874763136,207.33986881323654,-44.84329356397324,-0.03583872463437743,-1.0,-0.2,0.17294875,34.91488,3.5049515,0.2881991467596234,1.0189995,0.09243579401639591
6095218647899060352,209.84233527014945,-47.08938123689097,0.22810782456959267,0.55,1.35,0.52211505,50.31219,3.5833359,0.7959511639820303,1.0476873,0.17040751625943468
6099345389918482560,217.206438247546,-44.84671365092834,0.15168470470890583,0.15,1.05,0.36047092,34.295376,4.206642,-0.006601183246457819,1.0487666,0.22037018365053734
6114925813275434880,207.22836064869375,-39.07699409054724,0.14348953840959489,-0.15,0.8,0.29010305,30.893324,1.6088428,0.6201483690071331,1.0763271,0.07378490986293337
6092874244289555712,215.89328499228478,-47.142952801920096,0.20095578728741437,-0.6,0.3,0.22863556,34.259697,4.583393,0.1337564491300668,0.96665585,0.16147670256819088
6119312967759054848,215.84327168762647,-36.41562382137099,0.3646093111699278,-0.15,1.05,0.28413618,29.635557,8.87145,0.4089530254486665,1.081996,0.09012735346671098
6101374847862238208,220.5538690597776,-42.36976553180249,-0.047364170506110526,-1.0,-0.35,0.18469854,39.820126,7.6319695,0.2433910477947974,0.91996026,0.08499763808510302
6101432602283400576,221.80716502075052,-42.025099031850424,0.29996572366314656,0.45,1.45,0.43132553,37.21203,3.395008,-0.06807115223421635,1.0299426,0.09880302436382787
6099742038735094656,220.28934916229878,-43.63098926904828,0.36653854900309213,-0.45,0.7,0.24081142,31.022985,12.605669,0.8876530520595027,1.0610082,0.04591259847512682
6095144877542362240,208.94025128595922,-47.27436088339244,0.0386627811867859,-1.0,-0.5,0.15406229,27.70565,12.530628,0.008253932465236223,1.0556729,0.16917192914658896
6114598193170908800,209.15923371154634,-38.302252441090126,0.15860607527227444,-0.3,0.4,0.32688287,47.099903,9.968296,0.6294390223122924,1.0199091,0.08999795197769657
6119125019987274880,217.25839041142692,-34.998803644707934,0.28075533099303573,0.3,1.3,0.40834537,38.054535,3.8621216,0.5455048365926798,1.0763342,0.117437979334865
6101583377116119424,220.49800126574019,-41.78113542288762,0.06961783740979222,-1.0,-0.1,0.16774274,32.84454,4.189934,0.4202272022873481,1.0209059,0.08425469110779091
6106343399169433600,219.2481750555852,-38.17264276231058,0.28305518457408674,-0.45,0.65,0.2288496,28.017523,6.422037,-0.18026286673016043,1.0287092,0.13424585849404672
6105032407651725312,218.90670636696132,-39.75404317782652,0.20321496325753952,-0.2,0.95,0.26690817,27.760738,5.2565536,0.3766693270792357,1.0484668,0.15283304052834987
6095929615308111232,211.55390556776763,-46.81120861612957,0.33306663425103267,-0.05,0.75,0.3771883,46.52648,7.2390976,0.6293576712995187,0.9419121,0.15002910456621504
6108122821303191552,205.41307385762093,-45.47876970449532,-0.17784625536458698,-1.0,-0.45,0.20090716,47.115788,3.855507,0.24415170848724013,0.9751671,0.10764654772749897
6104539929521401984,217.16267083553834,-39.346276715266946,0.052932789350302656,-1.0,-0.55,0.17848058,37.184128,7.963928,0.2964830512143236,1.0687032,0.18135723076987473
6092922317869385472,215.81135293348578,-47.083560071230465,0.2822438441388524,0.6,1.35,0.56289726,56.298428,3.311077,-0.4604584162648053,1.0071042,0.1550377873210989
6110968052456883968,211.49021934399428,-40.84166353943438,0.18401804706819647,-1.0,-0.15,0.14928494,26.014032,5.8590965,0.5933708049613274,1.0641718,0.08915904773050162
6096460649362590080,215.5410263717567,-44.40820949882787,0.11706439267589808,0.45,1.4,0.39804876,31.6917,7.5377426,0.18766144348383304,0.88450676,0.20674188229670892
6103362936683930112,217.9400813714482,-41.76791040934244,0.22536059778437867,-0.5,0.65,0.21176113,25.644035,4.043068,0.3198488144036534,1.0797659,0.12135931161461569
6114327026121485184,209.27955128950418,-39.12800969640583,-0.11988250316324578,-1.0,-0.35,0.16340141,31.166443,3.4357567,-0.39647839501570875,0.96296453,0.08033016476177719
6111488361974468480,204.06556462775194,-43.96166958983041,0.21786793963928908,-0.4,0.4,0.3002991,45.17788,4.924713,0.03883771445748066,1.047309,0.09697127122616762
6100223556112270848,221.63241838767996,-44.14354668819462,0.3290351018646671,0.05,1.25,0.32310483,30.583233,6.739826,-0.012861585777203791,0.9812868,0.22551258006938807
6133254839612285056,188.4343149215388,-44.198188882088054,-0.15712476254816643,-1.0,-0.6,0.18516816,40.022873,12.017471,0.2314450999035857,0.96884453,0.17263412113167556
6140891772501111168,197.01207560460364,-40.25491175358435,0.3905809156531532,0.1,1.25,0.35489273,34.99646,9.52103,0.9709006858405418,1.0907227,0.10157245632461573
6148432605499157120,184.26808874741243,-41.10378219518726,0.15720308737967592,-0.55,0.4,0.23845175,34.79292,4.741432,0.5143051929866069,1.0124649,0.1425527402253994
6151688633089191936,185.1203409548765,-37.30559768126124,0.08569671219895447,0.15,0.95,0.38083485,38.279686,2.0901947,0.24758322650329584,0.99324125,0.11949747331971838
6127104828704776448,185.36690861549363,-48.81930385634102,-0.05324059055104424,-1.0,-0.15,0.16977763,33.646244,6.391865,-0.3928123294293454,1.0028431,0.15367149085361
6130113264315262464,185.4236612162485,-48.606840014865185,0.4081464189145496,-0.05,1.15,0.32485813,34.51209,12.945576,0.16971456941605015,1.033467,0.1554646656688795
6145175955138482816,186.4948809385206,-44.56064449302792,0.33518131123857486,-0.65,0.35,0.22992146,37.140686,9.290871,0.9294217903133752,1.0449291,0.11485841106463879
6150102798020336640,185.72735921963192,-39.758500613758244,0.013901650535679266,-1.0,-0.55,0.20327681,48.23379,4.5800056,0.1777705719361288,0.98925185,0.07658969320075233
6126748586936452736,185.10823402167253,-50.08601554112574,0.4609386227235728,0.45,1.35,0.5410945,58.562454,13.009453,0.8571638364468461,1.0072008,0.04515697503587304
6179557232763734528,198.57999139625568,-33.52811401855891,0.12277391180552044,-1.0,-0.5,0.1737323,35.231956,9.850685,0.293941923367218,1.027663,0.10987134595223567
6173506109175326208,210.4572790214794,-30.008932129417957,0.3032705201289918,-1.0,0.2,0.15494159,28.022808,10.528095,-0.5731566961147945,1.0764747,0.08398233018902866
6176275843388925696,206.31831870939791,-29.011521899294248,0.323410413999631,-1.0,-0.05,0.15662485,28.634987,10.541702,0.34206185763719726,1.0271993,0.10492039072440111
6161658424710073472,204.70614284464045,-38.8237221491993,0.15968737682471357,-1.0,-0.4,0.22304958,58.073563,13.473434,-0.6176066514000059,1.0377638,0.08046775852792162
6180767833720986752,196.87588836728642,-31.452138114970598,0.18789433372076303,-1.0,-0.55,0.14961545,26.129345,8.762245,0.5067845803962621,0.93713385,0.13488381220311715
6194472799483884800,199.17429970209255,-23.445195002731104,0.3837532871157885,-0.45,0.65,0.22022434,25.945381,10.711891,0.5844673286861664,1.020109,0.41217825021112253
6197476940134637440,224.55242242218642,-39.28061432392097,0.42623652676348467,-0.7,0.25,0.22324707,37.568577,8.941166,0.9173622484179761,1.0846575,0.1480545549053722
6205054361953978880,224.11552336341043,-32.948332860417516,0.4485393277737133,0.4,1.05,0.64355475,86.433784,10.143181,0.7930861700077799,1.0159594,0.22721012567020857
6215089260985641600,219.58264767198037,-34.51053054401967,0.293663802156062,0.1,1.45,0.30844814,26.435905,6.8115387,0.5869064413012739,0.9982912,0.12092780958271489
6216726055838900736,219.6890508953265,-31.809588458592977,0.27077052313995864,0.3,1.35,0.39761662,36.08114,5.614769,0.0598036798867738,1.0578183,0.15851417279405192
6218321309780297728,223.84566183391365,-29.0205833488904,0.09168550849009804,-1.0,-0.05,0.16781376,32.872356,7.615635,0.16043049604057755,0.98344773,0.09496877937997922
6229400676126802944,222.59311242013024,-24.691181511660957,-0.22897128852717152,0.8,1.45,0.6253335,60.546646,6.441429,0.4914143646641125,1.0514295,0.2693132380037873
6210219764502793984,233.0833795128652,-28.804577663604544,-0.20158633454109598,-1.0,-0.5,0.16060992,30.110668,7.125458,0.9645845850103125,0.94963706,0.6106528532558305
6218905116085714944,220.62639705724789,-28.804084641482554,0.34899040305849294,-1.0,-0.15,0.16117735,30.323807,9.3448715,0.5221838684215034,0.9915898,0.24673801740931636
6226347641579029632,227.98841098599974,-26.235095878084525,0.18596416015250128,-0.1,1.0,0.29272634,29.669065,3.943327,-0.006432691055317729,1.0060015,0.302514962286701
6205947474633293952,224.7163592834924,-30.37405511067576,0.16599345455266779,-1.0,-0.35,0.17250615,34.736404,5.818016,-0.1702429313280391,1.0127662,0.31936000357684513
6218809905250486272,221.20085371318376,-29.40026077564725,0.22159550781526072,-0.6,0.2,0.23955698,37.610897,1.4567375,0.39900475268956626,1.0468152,0.2586982547412755
6229702835665946496,220.45037702094652,-25.14313375938645,0.295153687758682,0.05,1.15,0.34084615,34.034016,6.385021,0.41549622838787975,1.0706353,0.21527092602058967
6203038544823651584,220.8391845277939,-35.05125672064003,0.031181008402382915,-0.2,0.65,0.2682285,28.036068,1.847517,-0.036947747406813614,0.9807105,0.1619453623435841
6256500373576029312,229.30137314566207,-19.09997235190785,0.060067365793342375,-1.0,-0.55,0.16407835,31.425217,9.959183,0.9235970208778421,0.9698031,0.24813340842576664
6247765509611505152,238.28845925799553,-19.914239668848364,0.20825966036739274,-0.25,0.7,0.2583632,27.648176,4.843992,0.37799336178768905,1.0549439,0.4773216653023208
6243770743348599936,241.2754004414739,-21.4030568611757,0.16470724398891257,-0.6,0.5,0.20921008,28.68542,4.0718365,0.2670606452966497,0.9972897,0.5504379475277399
6235984757923348992,241.74109863508,-24.637692566268367,0.41767159288351774,0.15,0.8,0.51589304,70.24483,5.4377136,0.9273745188680529,1.0251843,0.29264620716410633
6248806197366607616,242.25454424023116,-18.808721913723225,0.005498978545228184,0.6,1.4,0.42555657,32.17752,2.7192268,0.18966899485758512,1.0009351,0.6696933413804486
6251602186717938944,232.33371552502646,-22.77084471053414,0.2831326947005959,-1.0,-0.4,0.16513434,31.831015,5.772135,0.4949893081650438,0.95136833,0.33601609760924256
6245564081171885568,244.19998428808526,-19.453914463835225,0.7126006578157966,0.8,1.3,0.87896675,119.62215,2.5730743,-0.6762797470053138,1.0192757,0.30744381979186947
6249919212373206912,240.91750891414753,-17.59628417248796,0.14373348757187543,0.3,1.3,0.3752626,32.138206,2.3449478,-0.6461222912383581,1.0012907,0.6399601858427126
6261353308667150976,235.4907338172592,-16.921605562461256,0.3151257999255721,-0.4,0.25,0.3591789,64.63078,12.7213745,0.7312443553401659,1.0996209,0.24171110087573563
6250945022359202432,241.30523298900448,-15.161446826981818,0.2969688506648609,0.25,1.3,0.3753582,33.700947,6.4384384,-0.019275182781572787,1.047394,0.6498512324265208
6289338903246666112,211.30210855425733,-21.320708043175895,0.10043993762957726,0.3,1.2,0.38300818,33.4786,1.7888451,0.3519592061501319,0.95228815,0.13860117084621304
6284603169226946432,215.70982447228664,-18.05513076762707,0.17374644390929106,-1.0,-0.65,0.17555502,35.975113,11.51593,-0.3337753771576363,1.0532922,0.16807912407837455
6282779388674333696,217.5698014565719,-20.444865894817216,0.21797990104343867,-0.4,0.6,0.24776371,30.753405,3.974722,-0.058660594177766964,1.0349451,0.2191590460438492
6276468260650290688,215.2225432312913,-22.12396749814044,0.22645952551969106,0.3,1.3,0.40688324,37.7825,4.2183914,-0.2669191553410868,1.0345153,0.2706119280165898
6285559435105690368,221.35053217240932,-16.98673721375268,-0.004889471061977346,-1.0,-0.1,0.17137553,34.282562,2.2268143,-0.31511540130982757,0.9667256,0.24398479218736052
6272215796351106944,217.32058994123187,-24.483680990212218,0.33997364190918766,-0.2,1.15,0.2544582,25.23133,7.125679,0.9835070063964452,0.9900783,0.1947372931382308
6318505613837772288,232.8655011786047,-7.701825286494081,0.16124578703864323,-1.0,-0.55,0.14907111,25.939562,9.987387,-0.11267962230404374,1.0194353,0.2967541740361564
6340630502207000704,224.80220479869593,-1.5231886173085245,0.36102333158237165,-0.35,0.85,0.2487323,29.056555,10.040468,0.6478902249341693,1.0626676,0.16904765951703313
6332688626640832512,226.8596959854904,-7.642219489500915,0.2811055968166798,0.15,1.35,0.33711213,29.994652,6.321167,0.7219886013648915,0.9130298,0.15424033204243454
6320041116184873600,225.62557932523686,-9.54075060273113,0.20602484940989374,-1.0,-0.55,0.1802167,37.911045,9.815517,-0.07962935148824829,0.9757069,0.19694179094298592
6305569103621157376,225.00387841470993,-17.4674939988741,-0.16046841801723932,-1.0,-0.65,0.16705462,32.575615,13.150291,0.7104064852957647,1.0326687,0.22999041905616885
6314849153559794944,232.36382143759468,-11.90621015082413,0.39072194383568526,0.15,1.25,0.37090543,36.309593,7.8460846,0.8303883271235658,1.0032188,0.42972423358327644
6326150483825134976,222.8624923172529,-10.148662425620985,0.2939597351917511,-0.2,1.1,0.25478122,25.295435,5.937132,0.45748114140111157,1.0404221,0.20219454867419367
6341991147847369216,319.63790579862086,-87.16175543265192,0.1737646053819013,0.15,1.25,0.32155856,27.290731,2.832285,0.29743023507286737,0.96445686,0.38209933892180437
6372832380287305984,307.7072377485085,-73.77250242547703,0.13247368629703793,0.15,1.05,0.3561185,33.472187,1.2963982,0.16836520711173336,1.0234767,0.1159011616265271
6346768354071826432,270.58459493915365,-85.20014424993576,0.05298777886017625,0.35,1.4,0.3653525,29.109123,4.9836273,0.05461176404181045,1.0003026,0.37023942944975624
6370902943539100544,322.5632285877694,-72.48896916984626,0.12114467561215214,-1.0,-0.4,0.16328461,31.121908,8.017,-0.33472028669882586,1.072762,0.10955934284449834
6352296320578575616,338.741720511609,-78.77048598027892,0.13306828848347063,-1.0,-0.6,0.17776462,36.886406,6.3429527,-0.21639834267225203,0.99758637,0.48248925939744086
6400979843598607872,318.3673289324771,-66.357087821474,-0.1034306696917735,-1.0,-0.55,0.15226169,27.061817,5.2886124,0.3540828063986848,1.0889456,0.012893248213870674
6385885400078029312,338.21853830762285,-67.8216406274454,0.41671623944983516,-0.25,0.5,0.35965082,53.57563,7.8824234,0.7940793721097081,1.0465707,0.07437584036363273
6381951901526400512,337.9353346139374,-73.55760908726242,0.22775962576430953,0.3,1.25,0.40127638,36.748394,2.5308914,-0.2996321056725211,1.0399904,0.07900945222053786
6389794266995214720,350.3896518374272,-66.7017764932325,-0.1190596290411996,-0.75,0.1,0.21392587,37.041466,5.732708,0.6660845725490934,0.98318046,0.01900737082660123
6399591297849756800,330.68987011023586,-63.85869412510666,-0.009456701572656101,-1.0,-0.7,0.19774662,45.645065,6.145958,-0.1348851621560313,1.022506,0.05957491388733611
6406694486563875328,338.2702198770458,-62.04903559455184,0.5343864816614508,0.7,1.4,0.67429185,75.20022,8.617455,0.47415337726116746,1.074289,0.05227669742959209
6397353138853851520,326.08789175250433,-66.72993542124271,0.2724307909927832,0.15,1.05,0.38625205,39.376453,4.984047,0.529071767106777,1.0022079,0.0577694281207421
6436068592537651200,273.41368010515635,-67.80230594849928,0.0806549156094647,-1.0,-0.65,0.2304063,61.96756,9.931435,0.0956268523605979,0.96822727,0.21685411335647575
6439467801453380096,282.5158312222278,-63.01072217215195,0.3727063272703255,0.15,1.1,0.392221,40.602867,8.68111,0.35494929059241237,0.98077804,0.3145681381026332
6441872497804644736,296.0615869839874,-62.95516430314834,-0.048854982927389656,-1.0,-0.25,0.15034242,26.383886,1.5870819,0.34576591260181666,0.9964344,0.035994898808172034
6424902845798121600,308.0476313409671,-67.10919797728243,0.25251140339599765,-0.45,0.75,0.22302967,26.610603,6.212734,0.3703199004254341,1.0163995,0.07590814839181179
6420052414674114816,289.1480779645636,-71.05099099756247,-0.02181723796983981,-0.95,-0.2,0.19641064,41.799667,7.889801,0.3494107880137283,1.0080831,0.02238317413051486
6439488309919147776,284.24060843663904,-62.82389087415556,0.0005304624291557758,-1.0,-0.15,0.18641606,40.56414,3.7939148,0.2566003143767735,1.0147299,0.02466848983512861
6435130846557586176,288.5595121490493,-65.67062478114777,0.18193533166055254,-0.8,0.55,0.17048542,25.279562,13.711496,0.37076028244948195,0.9847649,0.0216516094324944
6448118346623001600,295.2746774372643,-58.2262527882348,0.0953885044116678,-1.0,-0.65,0.24910991,72.43653,9.7140045,-0.2657317659437364,0.99796057,0.17494367701812188
6445700447537507200,296.0325665270442,-59.51293978481155,0.09149822240568284,-0.25,0.35,0.4191899,72.78248,7.3200607,-0.652331817526787,0.99456996,0.031134671022908008
6414520913411646080,276.96827697100923,-74.97125614011715,0.47539208219720486,-0.55,0.05,0.3586771,78.722176,8.5855255,-0.060533013942463215,1.023315,0.3473122842095408
6481869019973061248,310.5256927341332,-48.802046199616676,0.0257110415367805,0.4,1.35,0.36311397,27.51683,2.349636,-0.6593863733527148,0.98678476,0.0654767688114329
6484441744039568000,312.261506254879,-44.767064910518066,-0.00870468646850231,-0.65,0.3,0.19801338,27.54736,2.603428,0.1374885659002609,1.0151658,0.05498673497436026
6453228052034681984,319.43215211130683,-59.193152224252174,0.3700450741344925,0.55,1.3,0.5783047,61.724026,6.988415,0.5034347826582055,1.0624199,0.05217016050071991
6453324293661506176,319.54991512403205,-59.078742425946224,0.15773426873517948,-1.0,-0.05,0.15082906,26.554962,3.278225,0.1652558872472779,0.9748258,0.05444346818878509
6464332294841090432,317.1591108306649,-53.10832430243688,0.3445322620845399,-0.15,1.05,0.28798446,30.443747,8.95225,0.3649801523561488,0.9744229,0.09020490573048905
6456106367317814144,316.55989887361653,-58.95274825897147,0.26377980589432415,-1.0,-0.25,0.14801756,25.574203,9.141205,0.49848434082343707,1.0264018,0.06677289281298697
6473759267019873152,303.59436690406216,-52.47795002893367,0.10871525900017431,-1.0,-0.4,0.16399096,31.391747,7.363678,0.3766890031940665,0.9977658,0.10461996353822624
6466057909621973120,320.4061396172869,-52.3854265428157,0.14574639938574663,0.1,1.2,0.31262437,27.156612,2.6840477,0.45961022198918,0.9594163,0.04274502404269319
6474084275784920064,308.3184380608248,-53.26692819648286,0.42877731959688337,-0.35,0.6,0.2843584,37.97624,13.321239,0.49231270796873605,0.9515926,0.07209059142913359
6451632725086144128,320.4352424384403,-61.89713779112189,0.37691822172205747,-1.0,-0.05,0.16556504,31.997272,12.500591,0.3403003916917527,0.97727203,0.052001628470034006
6479880420050234496,316.4713020149522,-48.21890483369368,0.07175415167467847,-0.55,0.25,0.23617774,34.132473,7.729183,0.2089798368250588,0.934217,0.06033490645371488
6484675287180344320,315.1407781688413,-44.24870309865372,0.382198728857297,-0.35,0.25,0.41311583,80.15366,9.97171,0.6128445102852119,1.0187907,0.06802854409714586
6492593763763995264,349.9115571337122,-58.117366848313374,0.0736726932669356,-0.3,0.35,0.30810517,41.84404,6.7230606,0.7518026219941624,1.010649,0.030681514245151878
6517059203152633600,337.76143083451456,-49.4119554292684,0.25519229883965266,-0.15,1.1,0.26695818,26.160528,6.881548,0.9202059521428401,1.0919745,0.030363201287730356
6520295203312602240,338.3806836805122,-44.718061053576044,0.16787574077739897,0.1,1.2,0.327106,29.730825,3.5604877,0.18443405337072058,0.9658645,0.042722135287692434
6518589311021683072,338.03391826297326,-46.503825893957874,0.31851545930628244,0.1,1.4,0.32093117,28.61895,6.588768,0.3620463930004633,1.0115649,0.04103115261496724
6521592901911810048,356.8120097336107,-52.65078612557857,0.18306005099763478,-0.2,0.7,0.3112095,37.740967,4.4934464,0.3097770563359273,1.0788554,0.04351472539512981
6527592524546639744,350.60120158355795,-46.575126568989866,0.09235832355208196,0.25,1.35,0.3257714,25.384945,1.4330292,0.2701384912661792,0.9980686,0.040569900170113346
6589666346845784576,324.46865651006595,-35.700415004422915,0.3679938131802638,-0.2,0.75,0.3245988,41.05831,11.131283,0.33892930930157944,1.0098263,0.04740895632886593
6598562289266690432,336.48577366615615,-35.66275900910031,-0.09565154697018485,-0.95,0.05,0.15297924,25.35758,2.3845234,-0.33632633269545387,0.91473556,0.03063305842013037
6626730261046834944,335.37514919381135,-23.296706910393965,0.5162391682703635,0.15,1.2,0.3992673,42.07484,10.751492,0.20419367155880536,1.070193,0.0519148444488334
6625683805150071424,335.8944851088271,-24.74771043601442,0.02848836876136307,-0.85,0.05,0.176104,29.00491,5.298416,0.46932925800290604,1.0454059,0.04247628475319885
6605212960225292032,347.53254700961526,-30.295219365174916,0.16169938492894076,-1.0,-0.15,0.15611567,28.449106,6.08663,0.35398031491514304,0.8738946,0.04539334353823291
6613234825262856448,332.76432770826324,-31.021943798327936,0.15582240672944092,-0.05,0.9,0.31511363,32.47268,3.945652,-0.051121312453632155,1.0881305,0.029339909922258125
6598124821078000000,334.32213980813214,-36.86102974075996,0.3681702195711214,-0.05,1.1,0.30416864,30.256079,5.2847576,0.8080584416988434,1.0920315,0.03472583758305289
6632343439707166720,285.9061299931813,-60.51810354042936,0.3381050144265254,-0.05,1.3,0.2907925,27.653503,7.3935814,0.8376965941631394,1.0358797,0.1633700615945566
6664236496754279808,289.0191308813572,-45.83434604931613,0.009210869603652583,-0.65,0.25,0.20041989,28.221012,3.54636,0.31423892097860323,1.0873522,0.08180653338267614
6660232419003297920,291.44068620978214,-47.12115447899245,0.26739794796482563,-0.3,0.9,0.24042085,25.478855,7.298439,0.7321640131403427,1.0281379,0.08384109277731323
6635309204825742336,270.98310821019754,-60.26832569723439,0.315163572859829,0.15,1.1,0.3580216,33.830887,4.010441,0.23264877487266009,1.0096457,0.1833597628722817
6638358940841104256,288.78484617994985,-59.81912197974606,-0.05164000748709974,-1.0,-0.6,0.20347607,48.328392,10.846104,-0.40227260667004033,1.0021855,0.14851931268867638
6647634111693916928,271.0942353973688,-59.19639060538826,0.027372033916964078,-1.0,-0.65,0.1683529,33.08391,11.97028,-0.4612071522404494,1.0818319,0.21729729957216148
6640106133534004096,290.9190640633206,-56.431370704946175,0.2525848396607291,-0.7,0.4,0.19841969,29.677187,7.391348,0.4657522579301305,1.0049834,0.061452476306097716
6647233270984121856,295.5703048854833,-48.79880563595215,0.21193110338746024,0.2,1.3,0.3487628,30.539371,3.9253273,0.062188793894540455,1.0528541,0.09247898187900752
6648696136847274880,273.79118691174415,-57.03951501897006,-0.02911437890509827,-1.0,-0.7,0.19787477,45.704243,10.939648,-0.28894984037410926,0.9883689,0.28048619924905027
6645726282922032256,295.16209647156603,-51.8290447619193,-0.010569174964828676,-1.0,-0.4,0.14872715,25.819996,7.085865,-0.49790818105298834,1.006199,0.1024467310949305
6629397165160911360,270.9076773095658,-65.56798844722907,0.41850346741920497,0.15,1.2,0.38575545,39.27527,11.796295,0.5354463819779147,1.0054306,0.11788803437158434
6651969275589120128,272.86152605796036,-56.2495309088865,0.3399610280585996,-1.0,-0.45,0.20462716,48.87673,11.859619,0.6379404980544893,1.0405577,0.26880259426107705
6649398273805736576,275.474433201281,-55.62094155752555,0.13049980151389562,-0.6,0.4,0.20388407,27.243479,3.8822765,0.3662976866245964,0.99649584,0.27956740245722406
6661045572274984832,285.6220322866,-49.7541077184226,0.132923492693088,0.2,1.25,0.33691075,28.498991,1.7892208,0.3041488694582312,1.0360029,0.13023723534667714
6662746138804621696,287.1064889957674,-46.611440500461114,-0.018049488410504466,-0.95,-0.05,0.17093085,31.658016,1.5785179,-0.06785710363233678,0.96300435,0.16084183775960537
6644224075161295360,285.6135768131971,-54.827549170030785,0.3720587271084632,-0.2,1.35,0.25581607,25.501339,12.490856,0.6908888722322689,1.0319802,0.2295786678121454
6634972410669202560,271.7753874026764,-61.335785793249045,0.00012749382579890778,-1.0,-0.45,0.1815146,38.459072,4.6887283,0.5637540584073305,1.0113254,0.2773581184386636
6661487374087337472,286.9688318571413,-48.6929121155845,0.20302477726407098,-1.0,-0.35,0.15102239,26.623083,7.965006,0.701687178395914,0.9984823,0.09362793724672187
6693823594446168576,301.867337889538,-38.50529677734959,0.17196853408833057,-1.0,-0.55,0.1847773,39.85409,13.610428,-0.41914565487188477,1.0339776,0.21034078902205752
6683613671205885952,297.13020264907664,-46.063540449193106,0.38343179498934177,0.5,1.3,0.5642569,61.127636,8.406948,0.3405311509570013,1.0374701,0.05721314908534959
6681151349274117504,309.5289293353592,-40.883131033605494,0.031298186679549644,-1.0,-0.35,0.14819138,25.634302,10.0754795,0.3415022827256245,0.99950904,0.039285052148181704
6665523578191725440,301.82515305343026,-52.83721641274765,0.00646417013867584,0.5,1.3,0.4157029,33.177986,11.044674,0.6364722486679049,1.0233039,0.05732114653562409
6665476672852215296,301.38046821218626,-53.21688395619561,0.2529364937961702,0.15,1.45,0.310242,25.403654,3.5653706,-0.12012308604056031,0.9813469,0.05796814290333914
6688708528915513216,295.70248147955823,-42.275585166477185,-0.02662250355496454,-1.0,-0.6,0.16676307,32.46201,10.867722,-0.37710773588851576,0.9908665,0.05775430132243366
6684609004106894336,295.96985626118334,-45.7036294555022,0.34108063783280507,-0.7,0.6,0.18790494,26.61519,10.899504,0.379970279972744,1.066557,0.06743636893901511
6677563299236244224,312.8816566746,-41.3390098697875,-0.2895053741032161,-1.0,-0.1,0.151575,26.818275,5.2561684,-0.11044276259009728,1.0441735,0.0767196328502098
6683317868217677312,309.6506238147571,-36.10849222901012,-0.04283539144432069,-1.0,-0.5,0.14754502,25.411179,9.384747,0.6706578806342428,1.0310112,0.07870439290165558
6680455938233780736,305.4545963914428,-40.722384982044446,-0.042966601919046,-1.0,-0.6,0.21406272,53.488174,8.650742,0.007066287430400671,1.0270524,0.08437806495465659
6681365685322146560,310.22080715642176,-39.6449919724988,0.39759196083440074,-0.05,1.45,0.27872676,25.406282,10.462908,0.33997182283755667,1.0547143,0.054884536763370614
6736421221847014144,280.42457064447507,-33.127510323389245,0.07061280500036737,-1.0,-0.5,0.18553787,40.182858,2.2980347,-0.6334168020943532,0.8955385,0.19095681650688098
6718293019568242432,286.09818854138985,-39.38559577117086,0.25435721595582095,-1.0,-0.55,0.17290945,34.899014,11.79388,0.21080260138001658,0.9480847,0.26099109878203053
6704217453959965312,281.2900025560455,-48.984107333731004,0.349050721552878,0.1,1.1,0.36046118,36.103302,6.5709953,0.8712482875548864,0.9750406,0.10275390975137985
6710830535364373760,285.0152404913157,-45.87406631376722,0.23748254341934238,0.4,1.3,0.47519234,47.125,4.520813,0.1041019768276975,0.9966995,0.11419086656320553
6719127759344662528,286.56751029866655,-37.35880850696551,0.32589446308359804,0.95,1.45,0.878437,109.32264,4.430519,0.6531414369464994,0.95294523,0.15068182064025248
6716164438072538880,283.3846598648359,-41.91753565094635,0.052419846360992395,-0.85,0.1,0.1829048,31.288397,1.8263035,0.4271841774686769,1.0993131,0.20754362756604103
6716363552757303680,281.2952003471045,-41.92707183440072,0.01724272339970412,-0.15,0.7,0.29818246,32.638054,4.980488,0.8158276636346128,1.0531226,0.22400521830091838
6737081444225053056,282.220412209805,-30.986634749435847,0.4189447835059461,-0.4,0.95,0.23085552,26.699205,12.741777,0.29269181176522496,1.0102869,0.32776425572517986
6724961149595690112,273.8311445237508,-40.83405502143173,0.5012158818070986,0.1,0.95,0.4151037,47.87879,12.375637,0.699796503087944,1.0078104,0.17353699530885114
6705487183734067712,282.0391711564166,-46.59923438025773,0.1684171701817263,0.15,1.1,0.35411623,33.09685,3.972496,-0.07899612136853601,1.089323,0.11428271652612812
6735304461622738304,282.06705402099345,-34.359361948339384,0.20001846180884897,-0.1,1.0,0.27175206,25.569721,3.1873703,-0.209224912699059,1.0135598,0.21621460558750288
6708069592958108032,275.04008228583984,-45.64938291517231,0.2868235164165265,-0.05,1.25,0.29048872,27.595758,5.8223553,0.27236508785791147,0.9338805,0.14286241061689273
6708661022829507200,278.6780607453987,-45.34167886294539,0.2649172100905819,-0.1,0.85,0.3293851,37.565414,8.788376,0.35498673861479535,0.9759627,0.0956786348826289
6715335402003192960,284.0930925901519,-42.624137943940916,0.11834066514763997,0.35,1.3,0.38312653,32.01027,1.6997643,0.21298407592160187,1.0835551,0.1645485437890869
6707640852142739584,273.46771715847996,-47.302887196277254,0.20726509983528096,0.45,1.3,0.47247118,44.650227,2.3309975,0.12837730264266556,0.99556494,0.18129845956718552
6722300743751098752,279.7532826623187,-42.28241218265491,0.2933144420735756,0.05,1.05,0.33307818,32.500404,5.386654,0.7468637709692287,1.0329345,0.19507211150595008
6720050696291154560,274.45511671439334,-45.4299460574751,0.2036495088130641,-0.2,0.35,0.47557297,88.13364,7.2511673,0.36340865916387455,1.0155216,0.1586590230067912
6722386604433444608,280.67573937312306,-41.75312210069786,-0.03737007834629669,0.6,1.4,0.43821377,34.120083,3.0028076,0.26396038597216237,0.9610702,0.22861922398265053
6733452536134664704,279.81127472935384,-36.85743360202653,0.02662367792789766,-1.0,-0.05,0.15469997,27.935478,4.6411285,0.7584238943360698,1.0624994,0.3021398676302908
6727208620076035840,276.71993219289084,-37.836892420349756,0.18770986771834952,-0.05,0.9,0.29335892,28.143776,2.46706,0.12347559688731069,1.0909268,0.2295689403368745
6726546056924608384,274.91878152883936,-39.62600904124244,0.24330066491861402,-0.45,0.2,0.31388518,52.707333,10.775604,0.1610163008553533,1.0126696,0.18130707505081187
6707007460421741440,270.33426863407175,-49.27304052667901,0.14923124546889532,0.05,1.15,0.3018551,26.692757,3.2679634,0.08091671827282075,0.9861612,0.2552408285151521
6712096996662775552,286.0600881933051,-44.303876227933785,0.2119485112559154,-0.5,0.3,0.26291108,39.52862,5.158367,0.32171642412978735,0.9678201,0.10442925526431818
6727308636958539520,274.475290310858,-39.43215101945619,0.39334954009838974,-0.05,1.35,0.2852873,26.616356,11.136482,0.5951948138434969,1.0265216,0.14010183476245378
6731263855156482304,285.1357257058849,-36.70152132007039,0.5045476521341108,0.65,1.1,0.8950825,137.24437,8.607864,0.11720655222966295,1.0614742,0.07841131629389678
6738011905909151616,294.3683687541014,-39.314716031262236,0.09622183853330135,-0.95,0.15,0.16719674,30.289936,12.415333,0.13265924176838348,1.0181814,0.21210764075183816
6747726503460763008,297.6817438477026,-32.61580700377368,0.21139869590496652,-1.0,-0.45,0.15394951,27.665106,12.866621,0.07879744917242427,0.99935365,0.3831006479534252
6742305597600208640,289.054866808002,-36.599562665161194,0.5740930024539441,1.1,1.4,1.4524603,276.6215,9.130035,0.43481624275475966,1.0129782,0.5330315477136166
6758582806398283776,290.1455428063341,-29.925608872294916,0.2906051062199353,-0.25,0.95,0.24611174,25.088217,5.935774,0.320446929386718,1.0385329,0.2774829116008153
6771035359698727424,289.80082418652006,-22.994667928232857,0.06568330934216604,-1.0,-0.45,0.15994927,29.863466,6.7782497,-0.058973744554564285,0.99942726,0.25983938171120957
6749836225755942400,299.77884382948633,-30.564711738931734,0.35506843599829985,0.35,1.35,0.44936967,44.036465,7.7695045,0.16764445627210028,0.9305116,0.281129624537596
6745149797961048576,293.7253970684834,-32.437303945151115,0.24663304167915623,-0.05,1.1,0.296161,28.683989,4.064554,0.11072142075841769,0.9902558,0.22666857325106501
6764017486217120896,287.5680617324978,-26.09346679318551,0.03209535271517705,-1.0,-0.6,0.1528628,27.275915,9.061678,-0.15932704725236244,1.0028988,0.35675775996036796
6771463065423658496,291.6022094061973,-23.681606486218534,0.031715303773891534,-0.1,0.65,0.33871594,39.723866,4.5839157,-0.0945948122570086,1.0224466,0.18983940351771594
6760791549165192448,285.28954222296016,-30.14369418573476,0.2966419220524017,0.25,1.35,0.35522228,30.182184,3.7290707,0.8125749399075974,1.056348,0.2997641551303973
6761814717760908160,284.7480690251069,-28.633810483426892,0.23762081342751795,0.15,1.35,0.32831404,28.449451,5.41016,-0.23505257893528195,1.0018953,0.4393377422398527
6760886175885979520,284.80459939635165,-29.445832067830278,0.2957208092474568,0.1,1.2,0.3398133,32.085636,5.3179016,-0.015076720288495035,1.0021397,0.32977441118518525
6767633917396592512,295.8070795747978,-24.21921187192687,0.06385542031568292,-0.45,0.5,0.23957391,30.704954,3.7806416,0.2569593631043718,0.92321295,0.23301098691994784
6771469628134143488,291.6011454927246,-23.525808198200313,0.16357146832432612,-0.25,0.65,0.28224146,32.9949,2.78685,0.43655465326552784,1.0071104,0.2093387462814669
6740639326385732096,296.8654798730185,-35.19610385838858,0.22240557910150116,0.1,0.95,0.35057944,34.15095,2.6902466,0.7772006446392671,0.9461928,0.4576372540275023
6756061213919569152,287.9380465228968,-33.36522706794946,0.3212512020760512,0.45,1.35,0.49088645,48.198677,6.2004013,0.17796533190257435,1.0720816,0.18473513551572357
6738727825419816832,291.2937372914503,-38.879307948554384,-0.04339422837962292,-1.0,-0.35,0.15324484,27.41242,6.821718,-0.5164802284303963,1.0957229,0.38006989412190445
6781752574407059456,313.95782758835566,-32.42976204605894,0.44356296385117666,0.05,1.3,0.3360291,33.07884,11.763424,0.7390655077431096,1.084604,0.08533378181979646
6797785893481884032,307.06556573313776,-28.941369268573816,0.3692896503387919,0.05,1.15,0.34595284,35.061478,10.369766,0.6166359480993676,1.0519339,0.07543413960289339
6784645664377184384,320.5760534457969,-30.435094110163785,0.10648768053971835,0.3,1.45,0.34927303,27.840773,3.1434765,0.32638000460943073,0.96041507,0.04187953918882666
6802144593795120896,314.9105048013255,-26.951474271052927,-0.06198164992882038,-1.0,-0.15,0.18350141,39.305603,2.914894,0.04769494422214698,0.9262037,0.062414115713409664
6796028392864499968,306.002882853681,-31.950841326821067,0.33189380782736766,0.1,1.45,0.31726277,27.968431,7.251627,0.5391792538668793,1.0151258,0.08572965253265773
6796505237313128064,308.1499272692775,-31.1208056913359,0.0772927566614694,0.1,1.2,0.30674624,26.14499,1.7060127,0.2647291771972376,1.0644071,0.09309276912539947
6809359490313887232,315.0900088816453,-20.134381037099295,0.1924822824280774,-0.45,0.7,0.22702758,27.57317,4.4194965,0.7895653059160943,1.0571593,0.14345888740289606
6773856912688718080,314.96325235716574,-39.79839965377704,0.171063413934041,0.15,1.15,0.33237934,29.158358,2.2946358,0.3583492800550262,1.0617553,0.04318646940670731
6792046472847935360,311.03906611485286,-33.55257148841147,-0.002905158304297828,0.1,1.0,0.32261494,28.920038,3.4834347,0.21821138639704718,1.0282981,0.13588891397942585
6812564291829916032,329.56871543236673,-24.88358610471937,0.1783747106446878,-0.05,0.75,0.3610255,42.624527,3.473343,0.13899150368616164,1.0584882,0.08563642338101038
6814363294716381056,322.74425250538513,-25.438744681348673,0.3010499684959127,-1.0,-0.05,0.15016004,26.319912,9.922344,0.27244374729855214,0.9840461,0.04536355106439599
6811701518799663616,329.04458215167,-27.047521175309342,0.1683794951082218,-0.55,0.25,0.28123707,48.39884,9.282696,0.1858989454542978,1.0774225,0.04772176429956866
6817373757552843648,325.20215109905206,-22.671527512073812,0.007992001352441491,0.4,1.4,0.35813302,26.767096,1.9672508,0.12213984291205252,0.98640174,0.04348399852663046
6840304489162678528,327.9745945216479,-14.00707574353265,0.22799986921962656,-1.0,-0.05,0.14724103,25.306572,6.3468666,0.5247092439492298,1.0103344,0.11766745879960003
6836404487059369344,320.485492876707,-15.13798724592449,-0.04062882075148444,-1.0,-0.25,0.15205482,26.988329,2.8362865,0.0783464984964794,0.9132609,0.04693990117374826
6869241294451643008,293.8422089374471,-19.806650311048678,0.29970341126817246,-0.4,0.55,0.27162668,36.96261,10.660561,0.48351458765935,0.99315983,0.21880084681139256
6867012691756005632,300.2733810669046,-19.827378151514747,0.3133845232325587,0.05,1.3,0.3204951,30.09118,7.6482105,0.13438951867376756,1.0024791,0.6294076271181649
6868683361017900800,296.51844863863226,-19.71470952636585,0.35349453872224856,-0.4,0.3,0.33663052,56.770767,10.8020935,0.29728279890263637,1.0163208,0.21820523755830912
6861097319200023168,306.6769838144319,-18.011308972410852,0.1860290465119192,0.35,1.45,0.36713055,29.39314,2.4948769,-0.04029727498997334,1.0270462,0.21588470176283675
6850112579562515968,300.80962982451985,-26.1147312598233,0.27392320545351545,-0.05,1.1,0.2958197,28.617916,6.0463753,0.9232329884062909,0.971448,0.258921425787019
6861831002690167424,310.81149736672904,-17.645921279662403,0.3919135580827904,-0.15,1.4,0.26629585,26.030882,13.27416,0.7490671529279643,1.0179464,0.09105642404497319
6851164846550553216,300.0013776220125,-25.16764804604825,0.35316167139368204,0.45,1.3,0.52410084,54.941788,9.115982,0.6753906732894231,0.9767606,0.3008062418356264
6846182925002911104,305.81937184613713,-27.713344886317063,0.10610704277267402,-1.0,-0.3,0.1630852,31.04594,9.593414,0.7093200520103632,1.0091302,0.11329070900298698
6871384418708544000,296.91672197937976,-17.76591523271278,0.15849022949647207,-1.0,-0.5,0.14725333,25.310804,11.839903,0.7353437491360187,1.0006742,0.34133329559584813
6872964485637178752,304.2166821194223,-17.579791057020515,0.19980214869389634,-1.0,-0.15,0.15265995,27.203571,7.503483,0.2139844000278993,1.0243484,0.2837353375518809
6879985004817568384,305.7839170120913,-12.112742884712839,0.11129746862684442,0.15,1.05,0.3470783,31.794346,1.8343086,0.40209799201760843,1.0231618,0.1799908179295289
6881115062255145856,304.8179298349527,-10.994708540203117,0.03173029617980916,-1.0,-0.45,0.16175243,30.540583,3.5212307,-0.0804295042027381,1.0684637,0.22091874227774544
6907062196637163776,310.94956806945424,-7.264180893635464,0.25863941587073125,-0.1,0.85,0.31802812,35.01961,5.7172165,0.38372330219576245,1.0121163,0.05462374818221215
6914484312441584000,310.63349163296505,-4.6984812187277205,0.1725882765570148,-0.85,0.2,0.17091937,27.322205,3.7686882,0.2711633781993438,1.054572,0.0650759258904123
6913047349527059200,312.08822756924127,-6.822930190604225,0.44455067539514737,-0.2,1.25,0.25674105,25.68608,11.312782,0.4783298066280212,1.0264292,0.07281498029675411
6902045056360505088,312.7652556081063,-10.33011582405337,0.4834604203347981,0.05,0.95,0.4083585,48.8517,13.921486,0.7349522328177907,0.99763674,0.06829744150772867
6907541927304885376,308.61203277445196,-7.627987599281656,0.2555162754517726,-0.95,0.05,0.17908388,34.750076,6.747841,0.36909644159535726,1.0197837,0.11409874589817406
